  0
SECTION
  2
HEADER
  9
$ANGBASE
  50
0.0
  9
$ANGDIR
  70
1
  9
$MEASUREMENT
  70
0
  0
ENDSEC
  0
SECTION
  2
TABLES
  0
TABLE
  2
LTYPE
  70
4
  0
LTYPE
  5
40F
  2
CONTINUOUS
  70
0
  3
Solid line
  72
65
  73
0
  40
0.0
  0
LTYPE
  5
410
  2
DASHDOT
 70
0
  3
Dash Dot ____ _ ____ _
 72
65
 73
4
 40
2.0
 49
1.25
 49
-0.25
 49
0.25
 49
-0.25
  0
LTYPE
  5
411
  2
DASHED
 70
0
  3
Dashed __ __ __ __ __
 72
65
 73
2
 40
0.75
 49
0.5
 49
-0.25
  0
LTYPE
  5
43B
  2
DOTTED
 70
0
  3
Dotted .  .  .  .
 72
65
 73
2
 40
0.2
 49
0.0
 49
-0.2
  0
ENDTAB
  0
TABLE
  2
STYLE
  70
4
  0
STYLE
  2
KICAD
  70
0
  40
0
  41
1
  42
1
  50
0
  71
0
  3
isocp.shx
  0
STYLE
  2
KICADB
  70
0
  40
0
  41
1
  42
1
  50
0
  71
0
  3
isocp.shx
  0
STYLE
  2
KICADI
  70
0
  40
0
  41
1
  42
1
  50
15
  71
0
  3
isocp.shx
  0
STYLE
  2
KICADBI
  70
0
  40
0
  41
1
  42
1
  50
15
  71
0
  3
isocp.shx
  0
ENDTAB
  0
TABLE
  2
LAYER
  70
1
  0
LAYER
  2
BLACK
  70
0
  62
7
  6
CONTINUOUS
  0
ENDTAB
  0
ENDSEC
  0
SECTION
  2
ENTITIES
0
LINE
8
BLACK
6
CONTINUOUS
10
4.4441940157480317
20
-6.6948811023622046
11
4.4457412598425199
21
-6.6961794094488187
0
LINE
8
BLACK
6
CONTINUOUS
10
4.4457412598425199
20
-6.6961794094488187
11
4.4460920078740154
21
-6.6981685433070863
0
LINE
8
BLACK
6
CONTINUOUS
10
4.4460920078740154
20
-6.6981685433070863
11
4.4450820866141729
21
-6.6999177165354329
0
LINE
8
BLACK
6
CONTINUOUS
10
4.4450820866141729
20
-6.6999177165354329
11
4.4431840944881893
21
-6.7006085433070863
0
LINE
8
BLACK
6
CONTINUOUS
10
4.4431840944881893
20
-6.7006085433070863
11
4.4131878346456688
21
-6.7006085433070863
0
LINE
8
BLACK
6
CONTINUOUS
10
4.4131878346456688
20
-6.7006085433070863
11
4.4121779133858263
21
-6.7004304724409449
0
LINE
8
BLACK
6
CONTINUOUS
10
4.4121779133858263
20
-6.7004304724409449
11
4.4106306692913382
21
-6.6991321653543308
0
LINE
8
BLACK
6
CONTINUOUS
10
4.4106306692913382
20
-6.6991321653543308
11
4.4102799212598427
21
-6.6971430314960632
0
LINE
8
BLACK
6
CONTINUOUS
10
4.4102799212598427
20
-6.6971430314960632
11
4.4112898425196851
21
-6.6953938582677166
0
LINE
8
BLACK
6
CONTINUOUS
10
4.4112898425196851
20
-6.6953938582677166
11
4.4131878346456688
21
-6.6947030314960632
0
LINE
8
BLACK
6
CONTINUOUS
10
4.4131878346456688
20
-6.6947030314960632
11
4.4431840944881893
21
-6.6947030314960632
0
LINE
8
BLACK
6
CONTINUOUS
10
4.4431840944881893
20
-6.6947030314960632
11
4.4441940157480317
21
-6.6948811023622046
0
LINE
8
BLACK
6
CONTINUOUS
10
4.2451187007874012
20
-6.6517131496062989
11
4.2452881102362205
21
-6.651702244094488
0
LINE
8
BLACK
6
CONTINUOUS
10
4.2452881102362205
20
-6.651702244094488
11
4.2459787007874015
21
-6.6522096850393702
0
LINE
8
BLACK
6
CONTINUOUS
10
4.2459787007874015
20
-6.6522096850393702
11
4.2467208267716536
21
-6.6526381889763782
0
LINE
8
BLACK
6
CONTINUOUS
10
4.2467208267716536
20
-6.6526381889763782
11
4.2467788582677164
21
-6.6527976771653545
0
LINE
8
BLACK
6
CONTINUOUS
10
4.2467788582677164
20
-6.6527976771653545
11
4.2469157480314959
21
-6.6528982677165356
0
LINE
8
BLACK
6
CONTINUOUS
10
4.2469157480314959
20
-6.6528982677165356
11
4.2505030708661415
21
-6.6582792913385829
0
LINE
8
BLACK
6
CONTINUOUS
10
4.2505030708661415
20
-6.6582792913385829
11
4.2537070472440943
21
-6.6614832677165357
0
LINE
8
BLACK
6
CONTINUOUS
10
4.2537070472440943
20
-6.6614832677165357
11
4.2570279921259839
21
-6.66314374015748
0
LINE
8
BLACK
6
CONTINUOUS
10
4.2570279921259839
20
-6.66314374015748
11
4.2578516535433071
21
-6.6637546456692913
0
LINE
8
BLACK
6
CONTINUOUS
10
4.2578516535433071
20
-6.6637546456692913
11
4.2586549212598426
21
-6.6656078346456695
0
LINE
8
BLACK
6
CONTINUOUS
10
4.2586549212598426
20
-6.6656078346456695
11
4.2580790551181105
21
-6.6675438582677167
0
LINE
8
BLACK
6
CONTINUOUS
10
4.2580790551181105
20
-6.6675438582677167
11
4.2563935039370078
21
-6.6686566929133857
0
LINE
8
BLACK
6
CONTINUOUS
10
4.2563935039370078
20
-6.6686566929133857
11
4.2543869685039368
21
-6.6684257874015742
0
LINE
8
BLACK
6
CONTINUOUS
10
4.2543869685039368
20
-6.6684257874015742
11
4.2506374409448817
21
-6.6665510236220467
0
LINE
8
BLACK
6
CONTINUOUS
10
4.2506374409448817
20
-6.6665510236220467
11
4.2499283464566924
21
-6.6660250787401569
0
LINE
8
BLACK
6
CONTINUOUS
10
4.2499283464566924
20
-6.6660250787401569
11
4.2498700393700783
21
-6.6659979133858265
0
LINE
8
BLACK
6
CONTINUOUS
10
4.2498700393700783
20
-6.6659979133858265
11
4.2474116535433071
21
-6.6635395275590552
0
LINE
8
BLACK
6
CONTINUOUS
10
4.2474116535433071
20
-6.6635395275590552
11
4.2474116535433071
21
-6.6909535039370081
0
LINE
8
BLACK
6
CONTINUOUS
10
4.2474116535433071
20
-6.6909535039370081
11
4.2557074803149604
21
-6.6909535039370081
0
LINE
8
BLACK
6
CONTINUOUS
10
4.2557074803149604
20
-6.6909535039370081
11
4.2567174015748028
21
-6.6911315748031495
0
LINE
8
BLACK
6
CONTINUOUS
10
4.2567174015748028
20
-6.6911315748031495
11
4.258264645669291
21
-6.6924298818897636
0
LINE
8
BLACK
6
CONTINUOUS
10
4.258264645669291
20
-6.6924298818897636
11
4.2586153937007873
21
-6.6944190157480312
0
LINE
8
BLACK
6
CONTINUOUS
10
4.2586153937007873
20
-6.6944190157480312
11
4.2576054724409449
21
-6.6961681889763778
0
LINE
8
BLACK
6
CONTINUOUS
10
4.2576054724409449
20
-6.6961681889763778
11
4.2557074803149604
21
-6.6968590157480312
0
LINE
8
BLACK
6
CONTINUOUS
10
4.2557074803149604
20
-6.6968590157480312
11
4.2332103149606297
21
-6.6968590157480312
0
LINE
8
BLACK
6
CONTINUOUS
10
4.2332103149606297
20
-6.6968590157480312
11
4.2322003937007873
21
-6.6966809448818898
0
LINE
8
BLACK
6
CONTINUOUS
10
4.2322003937007873
20
-6.6966809448818898
11
4.2306531496062991
21
-6.6953826377952756
0
LINE
8
BLACK
6
CONTINUOUS
10
4.2306531496062991
20
-6.6953826377952756
11
4.2303024015748028
21
-6.693393503937008
0
LINE
8
BLACK
6
CONTINUOUS
10
4.2303024015748028
20
-6.693393503937008
11
4.2313123228346452
21
-6.6916443307086615
0
LINE
8
BLACK
6
CONTINUOUS
10
4.2313123228346452
20
-6.6916443307086615
11
4.2332103149606297
21
-6.6909535039370081
0
LINE
8
BLACK
6
CONTINUOUS
10
4.2332103149606297
20
-6.6909535039370081
11
4.241506141732283
21
-6.6909535039370081
0
LINE
8
BLACK
6
CONTINUOUS
10
4.241506141732283
20
-6.6909535039370081
11
4.241506141732283
21
-6.6545361811023618
0
LINE
8
BLACK
6
CONTINUOUS
10
4.241506141732283
20
-6.6545361811023618
11
4.2416842125984253
21
-6.6535262598425193
0
LINE
8
BLACK
6
CONTINUOUS
10
4.2416842125984253
20
-6.6535262598425193
11
4.2417933070866143
21
-6.6533961811023623
0
LINE
8
BLACK
6
CONTINUOUS
10
4.2417933070866143
20
-6.6533961811023623
11
4.2418120078740156
21
-6.6532274409448817
0
LINE
8
BLACK
6
CONTINUOUS
10
4.2418120078740156
20
-6.6532274409448817
11
4.2424316141732286
21
-6.6526355118110239
0
LINE
8
BLACK
6
CONTINUOUS
10
4.2424316141732286
20
-6.6526355118110239
11
4.2429825196850395
21
-6.6519790157480312
0
LINE
8
BLACK
6
CONTINUOUS
10
4.2429825196850395
20
-6.6519790157480312
11
4.2431497244094487
21
-6.6519495275590552
0
LINE
8
BLACK
6
CONTINUOUS
10
4.2431497244094487
20
-6.6519495275590552
11
4.2432725196850392
21
-6.6518322440944884
0
LINE
8
BLACK
6
CONTINUOUS
10
4.2432725196850392
20
-6.6518322440944884
11
4.2441276377952759
21
-6.6517770866141728
0
LINE
8
BLACK
6
CONTINUOUS
10
4.2441276377952759
20
-6.6517770866141728
11
4.2449716535433071
21
-6.6516282677165357
0
LINE
8
BLACK
6
CONTINUOUS
10
4.2449716535433071
20
-6.6516282677165357
11
4.2451187007874012
21
-6.6517131496062989
0
LINE
8
BLACK
6
CONTINUOUS
10
4.2848388976377949
20
-6.6517614960629921
11
4.2849741338582676
21
-6.6518749606299208
0
LINE
8
BLACK
6
CONTINUOUS
10
4.2849741338582676
20
-6.6518749606299208
11
4.285149488188976
21
-6.6518951574803147
0
LINE
8
BLACK
6
CONTINUOUS
10
4.285149488188976
20
-6.6518951574803147
11
4.2888990157480311
21
-6.6537699212598422
0
LINE
8
BLACK
6
CONTINUOUS
10
4.2888990157480311
20
-6.6537699212598422
11
4.2896080708661417
21
-6.6542958267716532
0
LINE
8
BLACK
6
CONTINUOUS
10
4.2896080708661417
20
-6.6542958267716532
11
4.2896664173228345
21
-6.6543230314960624
0
LINE
8
BLACK
6
CONTINUOUS
10
4.2896664173228345
20
-6.6543230314960624
11
4.291541181102362
21
-6.65619779527559
0
LINE
8
BLACK
6
CONTINUOUS
10
4.291541181102362
20
-6.65619779527559
11
4.2920474409448817
21
-6.6569208661417321
0
LINE
8
BLACK
6
CONTINUOUS
10
4.2920474409448817
20
-6.6569208661417321
11
4.2920942913385822
21
-6.6569651968503933
0
LINE
8
BLACK
6
CONTINUOUS
10
4.2920942913385822
20
-6.6569651968503933
11
4.2939690551181098
21
-6.6607147244094485
0
LINE
8
BLACK
6
CONTINUOUS
10
4.2939690551181098
20
-6.6607147244094485
11
4.2941143307086609
21
-6.6612031496062993
0
LINE
8
BLACK
6
CONTINUOUS
10
4.2941143307086609
20
-6.6612031496062993
11
4.2941926377952759
21
-6.6613190944881886
0
LINE
8
BLACK
6
CONTINUOUS
10
4.2941926377952759
20
-6.6613190944881886
11
4.2960674015748035
21
-6.6688181496062988
0
LINE
8
BLACK
6
CONTINUOUS
10
4.2960674015748035
20
-6.6688181496062988
11
4.2961088582677167
21
-6.6694060236220469
0
LINE
8
BLACK
6
CONTINUOUS
10
4.2961088582677167
20
-6.6694060236220469
11
4.2961555511811023
21
-6.6695342913385822
0
LINE
8
BLACK
6
CONTINUOUS
10
4.2961555511811023
20
-6.6695342913385822
11
4.2961555511811023
21
-6.67890811023622
0
LINE
8
BLACK
6
CONTINUOUS
10
4.2961555511811023
20
-6.67890811023622
11
4.2960531889763782
21
-6.679488464566929
0
LINE
8
BLACK
6
CONTINUOUS
10
4.2960531889763782
20
-6.679488464566929
11
4.2960674015748035
21
-6.6796242519685034
0
LINE
8
BLACK
6
CONTINUOUS
10
4.2960674015748035
20
-6.6796242519685034
11
4.2941926377952759
21
-6.6871233070866136
0
LINE
8
BLACK
6
CONTINUOUS
10
4.2941926377952759
20
-6.6871233070866136
11
4.2939850393700789
21
-6.6875887401574801
0
LINE
8
BLACK
6
CONTINUOUS
10
4.2939850393700789
20
-6.6875887401574801
11
4.2939690551181098
21
-6.6877276771653538
0
LINE
8
BLACK
6
CONTINUOUS
10
4.2939690551181098
20
-6.6877276771653538
11
4.2920942913385822
21
-6.6914772047244089
0
LINE
8
BLACK
6
CONTINUOUS
10
4.2920942913385822
20
-6.6914772047244089
11
4.2915683464566925
21
-6.6921862598425195
0
LINE
8
BLACK
6
CONTINUOUS
10
4.2915683464566925
20
-6.6921862598425195
11
4.291541181102362
21
-6.6922446062992123
0
LINE
8
BLACK
6
CONTINUOUS
10
4.291541181102362
20
-6.6922446062992123
11
4.2896664566929132
21
-6.6941193700787398
0
LINE
8
BLACK
6
CONTINUOUS
10
4.2896664566929132
20
-6.6941193700787398
11
4.2889432677165358
21
-6.6946257480314957
0
LINE
8
BLACK
6
CONTINUOUS
10
4.2889432677165358
20
-6.6946257480314957
11
4.2888990157480311
21
-6.6946725196850396
0
LINE
8
BLACK
6
CONTINUOUS
10
4.2888990157480311
20
-6.6946725196850396
11
4.285149488188976
21
-6.6965472834645672
0
LINE
8
BLACK
6
CONTINUOUS
10
4.285149488188976
20
-6.6965472834645672
11
4.2841665354330711
21
-6.6968396456692911
0
LINE
8
BLACK
6
CONTINUOUS
10
4.2841665354330711
20
-6.6968396456692911
11
4.283994842519685
21
-6.6967986220472442
0
LINE
8
BLACK
6
CONTINUOUS
10
4.283994842519685
20
-6.6967986220472442
11
4.2838289763779525
21
-6.6968590157480312
0
LINE
8
BLACK
6
CONTINUOUS
10
4.2838289763779525
20
-6.6968590157480312
11
4.2800794488188973
21
-6.6968590157480312
0
LINE
8
BLACK
6
CONTINUOUS
10
4.2800794488188973
20
-6.6968590157480312
11
4.2790695275590549
21
-6.6966809448818898
0
LINE
8
BLACK
6
CONTINUOUS
10
4.2790695275590549
20
-6.6966809448818898
11
4.2789342519685034
21
-6.6965674409448814
0
LINE
8
BLACK
6
CONTINUOUS
10
4.2789342519685034
20
-6.6965674409448814
11
4.2787589370078738
21
-6.6965472834645672
0
LINE
8
BLACK
6
CONTINUOUS
10
4.2787589370078738
20
-6.6965472834645672
11
4.2750094094488187
21
-6.6946725196850396
0
LINE
8
BLACK
6
CONTINUOUS
10
4.2750094094488187
20
-6.6946725196850396
11
4.2743002755905515
21
-6.6941465354330711
0
LINE
8
BLACK
6
CONTINUOUS
10
4.2743002755905515
20
-6.6941465354330711
11
4.2742419685039366
21
-6.6941193700787398
0
LINE
8
BLACK
6
CONTINUOUS
10
4.2742419685039366
20
-6.6941193700787398
11
4.272367204724409
21
-6.6922445669291335
0
LINE
8
BLACK
6
CONTINUOUS
10
4.272367204724409
20
-6.6922445669291335
11
4.2718609055118106
21
-6.6915214960629923
0
LINE
8
BLACK
6
CONTINUOUS
10
4.2718609055118106
20
-6.6915214960629923
11
4.2718141338582676
21
-6.6914772047244089
0
LINE
8
BLACK
6
CONTINUOUS
10
4.2718141338582676
20
-6.6914772047244089
11
4.26993937007874
21
-6.6877276771653538
0
LINE
8
BLACK
6
CONTINUOUS
10
4.26993937007874
20
-6.6877276771653538
11
4.2697940551181102
21
-6.687239212598425
0
LINE
8
BLACK
6
CONTINUOUS
10
4.2697940551181102
20
-6.687239212598425
11
4.2697157874015748
21
-6.6871233070866136
0
LINE
8
BLACK
6
CONTINUOUS
10
4.2697157874015748
20
-6.6871233070866136
11
4.2678410236220472
21
-6.6796242519685034
0
LINE
8
BLACK
6
CONTINUOUS
10
4.2678410236220472
20
-6.6796242519685034
11
4.2677995275590552
21
-6.6790363385826774
0
LINE
8
BLACK
6
CONTINUOUS
10
4.2677995275590552
20
-6.6790363385826774
11
4.2677528740157475
21
-6.67890811023622
0
LINE
8
BLACK
6
CONTINUOUS
10
4.2677528740157475
20
-6.67890811023622
11
4.2677528740157475
21
-6.6695342913385822
0
LINE
8
BLACK
6
CONTINUOUS
10
4.2677528740157475
20
-6.6695342913385822
11
4.2678551968503937
21
-6.6689538976377953
0
LINE
8
BLACK
6
CONTINUOUS
10
4.2678551968503937
20
-6.6689538976377953
11
4.2678410236220472
21
-6.6688181496062988
0
LINE
8
BLACK
6
CONTINUOUS
10
4.2678410236220472
20
-6.6688181496062988
11
4.2697157874015748
21
-6.6613190944881886
0
LINE
8
BLACK
6
CONTINUOUS
10
4.2697157874015748
20
-6.6613190944881886
11
4.269923346456693
21
-6.6608536220472443
0
LINE
8
BLACK
6
CONTINUOUS
10
4.269923346456693
20
-6.6608536220472443
11
4.26993937007874
21
-6.6607147244094485
0
LINE
8
BLACK
6
CONTINUOUS
10
4.26993937007874
20
-6.6607147244094485
11
4.2718141338582676
21
-6.6569651968503933
0
LINE
8
BLACK
6
CONTINUOUS
10
4.2718141338582676
20
-6.6569651968503933
11
4.2723400393700786
21
-6.6562561023622049
0
LINE
8
BLACK
6
CONTINUOUS
10
4.2723400393700786
20
-6.6562561023622049
11
4.2723672440944878
21
-6.65619779527559
0
LINE
8
BLACK
6
CONTINUOUS
10
4.2723672440944878
20
-6.65619779527559
11
4.2742420078740153
21
-6.6543230314960624
0
LINE
8
BLACK
6
CONTINUOUS
10
4.2742420078740153
20
-6.6543230314960624
11
4.2749650787401574
21
-6.653816732283464
0
LINE
8
BLACK
6
CONTINUOUS
10
4.2749650787401574
20
-6.653816732283464
11
4.2750094094488187
21
-6.6537699212598422
0
LINE
8
BLACK
6
CONTINUOUS
10
4.2750094094488187
20
-6.6537699212598422
11
4.2787589370078738
21
-6.6518951574803147
0
LINE
8
BLACK
6
CONTINUOUS
10
4.2787589370078738
20
-6.6518951574803147
11
4.2797418503937008
21
-6.6516027952755907
0
LINE
8
BLACK
6
CONTINUOUS
10
4.2797418503937008
20
-6.6516027952755907
11
4.279913543307087
21
-6.6516437795275589
0
LINE
8
BLACK
6
CONTINUOUS
10
4.279913543307087
20
-6.6516437795275589
11
4.2800794488188973
21
-6.6515834251968506
0
LINE
8
BLACK
6
CONTINUOUS
10
4.2800794488188973
20
-6.6515834251968506
11
4.2838289763779525
21
-6.6515834251968506
0
LINE
8
BLACK
6
CONTINUOUS
10
4.2838289763779525
20
-6.6515834251968506
11
4.2848388976377949
21
-6.6517614960629921
0
LINE
8
BLACK
6
CONTINUOUS
10
4.2780790157480313
20
-6.6588376771653541
11
4.2768818897637795
21
-6.6600348031496059
0
LINE
8
BLACK
6
CONTINUOUS
10
4.2768818897637795
20
-6.6600348031496059
11
4.2753663779527562
21
-6.6630657874015746
0
LINE
8
BLACK
6
CONTINUOUS
10
4.2753663779527562
20
-6.6630657874015746
11
4.2736583858267716
21
-6.6698978346456688
0
LINE
8
BLACK
6
CONTINUOUS
10
4.2736583858267716
20
-6.6698978346456688
11
4.2736583858267716
21
-6.6785445669291335
0
LINE
8
BLACK
6
CONTINUOUS
10
4.2736583858267716
20
-6.6785445669291335
11
4.2753663779527562
21
-6.6853766141732285
0
LINE
8
BLACK
6
CONTINUOUS
10
4.2753663779527562
20
-6.6853766141732285
11
4.2768818897637795
21
-6.6884075984251963
0
LINE
8
BLACK
6
CONTINUOUS
10
4.2768818897637795
20
-6.6884075984251963
11
4.2780790157480313
21
-6.6896047637795277
0
LINE
8
BLACK
6
CONTINUOUS
10
4.2780790157480313
20
-6.6896047637795277
11
4.2807764960629919
21
-6.6909535039370081
0
LINE
8
BLACK
6
CONTINUOUS
10
4.2807764960629919
20
-6.6909535039370081
11
4.2831319291338579
21
-6.6909535039370081
0
LINE
8
BLACK
6
CONTINUOUS
10
4.2831319291338579
20
-6.6909535039370081
11
4.2858293700787398
21
-6.6896047637795277
0
LINE
8
BLACK
6
CONTINUOUS
10
4.2858293700787398
20
-6.6896047637795277
11
4.2870264960629925
21
-6.6884075984251963
0
LINE
8
BLACK
6
CONTINUOUS
10
4.2870264960629925
20
-6.6884075984251963
11
4.2885420078740157
21
-6.6853766141732285
0
LINE
8
BLACK
6
CONTINUOUS
10
4.2885420078740157
20
-6.6853766141732285
11
4.2902500393700782
21
-6.6785445669291335
0
LINE
8
BLACK
6
CONTINUOUS
10
4.2902500393700782
20
-6.6785445669291335
11
4.2902500393700782
21
-6.6698978346456688
0
LINE
8
BLACK
6
CONTINUOUS
10
4.2902500393700782
20
-6.6698978346456688
11
4.2885420078740157
21
-6.6630657874015746
0
LINE
8
BLACK
6
CONTINUOUS
10
4.2885420078740157
20
-6.6630657874015746
11
4.2870265354330703
21
-6.6600348031496059
0
LINE
8
BLACK
6
CONTINUOUS
10
4.2870265354330703
20
-6.6600348031496059
11
4.2858294094488185
21
-6.6588376771653541
0
LINE
8
BLACK
6
CONTINUOUS
10
4.2858294094488185
20
-6.6588376771653541
11
4.2831319291338579
21
-6.6574889370078738
0
LINE
8
BLACK
6
CONTINUOUS
10
4.2831319291338579
20
-6.6574889370078738
11
4.2807764960629919
21
-6.6574889370078738
0
LINE
8
BLACK
6
CONTINUOUS
10
4.2807764960629919
20
-6.6574889370078738
11
4.2780790157480313
21
-6.6588376771653541
0
LINE
8
BLACK
6
CONTINUOUS
10
4.3576046456692916
20
-6.6517131496062989
11
4.3577740551181101
21
-6.651702244094488
0
LINE
8
BLACK
6
CONTINUOUS
10
4.3577740551181101
20
-6.651702244094488
11
4.358464645669291
21
-6.6522096850393702
0
LINE
8
BLACK
6
CONTINUOUS
10
4.358464645669291
20
-6.6522096850393702
11
4.3592067716535432
21
-6.6526381889763782
0
LINE
8
BLACK
6
CONTINUOUS
10
4.3592067716535432
20
-6.6526381889763782
11
4.359264803149606
21
-6.6527976771653545
0
LINE
8
BLACK
6
CONTINUOUS
10
4.359264803149606
20
-6.6527976771653545
11
4.3594016929133854
21
-6.6528982677165356
0
LINE
8
BLACK
6
CONTINUOUS
10
4.3594016929133854
20
-6.6528982677165356
11
4.3629890157480311
21
-6.6582792913385829
0
LINE
8
BLACK
6
CONTINUOUS
10
4.3629890157480311
20
-6.6582792913385829
11
4.3661929921259839
21
-6.6614832677165357
0
LINE
8
BLACK
6
CONTINUOUS
10
4.3661929921259839
20
-6.6614832677165357
11
4.3695139370078735
21
-6.66314374015748
0
LINE
8
BLACK
6
CONTINUOUS
10
4.3695139370078735
20
-6.66314374015748
11
4.3703375984251966
21
-6.6637546456692913
0
LINE
8
BLACK
6
CONTINUOUS
10
4.3703375984251966
20
-6.6637546456692913
11
4.3711408661417321
21
-6.6656078346456695
0
LINE
8
BLACK
6
CONTINUOUS
10
4.3711408661417321
20
-6.6656078346456695
11
4.370565
21
-6.6675438582677167
0
LINE
8
BLACK
6
CONTINUOUS
10
4.370565
20
-6.6675438582677167
11
4.3688794488188973
21
-6.6686566929133857
0
LINE
8
BLACK
6
CONTINUOUS
10
4.3688794488188973
20
-6.6686566929133857
11
4.3668729133858264
21
-6.6684257874015742
0
LINE
8
BLACK
6
CONTINUOUS
10
4.3668729133858264
20
-6.6684257874015742
11
4.3631233858267713
21
-6.6665510236220467
0
LINE
8
BLACK
6
CONTINUOUS
10
4.3631233858267713
20
-6.6665510236220467
11
4.3624142913385828
21
-6.6660250787401569
0
LINE
8
BLACK
6
CONTINUOUS
10
4.3624142913385828
20
-6.6660250787401569
11
4.3623559842519688
21
-6.6659979133858265
0
LINE
8
BLACK
6
CONTINUOUS
10
4.3623559842519688
20
-6.6659979133858265
11
4.3598975984251966
21
-6.6635395275590552
0
LINE
8
BLACK
6
CONTINUOUS
10
4.3598975984251966
20
-6.6635395275590552
11
4.3598975984251966
21
-6.6909535039370081
0
LINE
8
BLACK
6
CONTINUOUS
10
4.3598975984251966
20
-6.6909535039370081
11
4.3681934251968499
21
-6.6909535039370081
0
LINE
8
BLACK
6
CONTINUOUS
10
4.3681934251968499
20
-6.6909535039370081
11
4.3692033464566924
21
-6.6911315748031495
0
LINE
8
BLACK
6
CONTINUOUS
10
4.3692033464566924
20
-6.6911315748031495
11
4.3707505905511814
21
-6.6924298818897636
0
LINE
8
BLACK
6
CONTINUOUS
10
4.3707505905511814
20
-6.6924298818897636
11
4.3711013385826769
21
-6.6944190157480312
0
LINE
8
BLACK
6
CONTINUOUS
10
4.3711013385826769
20
-6.6944190157480312
11
4.3700914173228345
21
-6.6961681889763778
0
LINE
8
BLACK
6
CONTINUOUS
10
4.3700914173228345
20
-6.6961681889763778
11
4.3681934251968499
21
-6.6968590157480312
0
LINE
8
BLACK
6
CONTINUOUS
10
4.3681934251968499
20
-6.6968590157480312
11
4.3456962598425193
21
-6.6968590157480312
0
LINE
8
BLACK
6
CONTINUOUS
10
4.3456962598425193
20
-6.6968590157480312
11
4.3446863385826768
21
-6.6966809448818898
0
LINE
8
BLACK
6
CONTINUOUS
10
4.3446863385826768
20
-6.6966809448818898
11
4.3431390944881887
21
-6.6953826377952756
0
LINE
8
BLACK
6
CONTINUOUS
10
4.3431390944881887
20
-6.6953826377952756
11
4.3427883464566932
21
-6.693393503937008
0
LINE
8
BLACK
6
CONTINUOUS
10
4.3427883464566932
20
-6.693393503937008
11
4.3437982677165357
21
-6.6916443307086615
0
LINE
8
BLACK
6
CONTINUOUS
10
4.3437982677165357
20
-6.6916443307086615
11
4.3456962598425193
21
-6.6909535039370081
0
LINE
8
BLACK
6
CONTINUOUS
10
4.3456962598425193
20
-6.6909535039370081
11
4.3539920866141735
21
-6.6909535039370081
0
LINE
8
BLACK
6
CONTINUOUS
10
4.3539920866141735
20
-6.6909535039370081
11
4.3539920866141735
21
-6.6545361811023618
0
LINE
8
BLACK
6
CONTINUOUS
10
4.3539920866141735
20
-6.6545361811023618
11
4.3541701574803149
21
-6.6535262598425193
0
LINE
8
BLACK
6
CONTINUOUS
10
4.3541701574803149
20
-6.6535262598425193
11
4.3542792519685038
21
-6.6533961811023623
0
LINE
8
BLACK
6
CONTINUOUS
10
4.3542792519685038
20
-6.6533961811023623
11
4.3542979527559051
21
-6.6532274409448817
0
LINE
8
BLACK
6
CONTINUOUS
10
4.3542979527559051
20
-6.6532274409448817
11
4.3549175590551181
21
-6.6526355118110239
0
LINE
8
BLACK
6
CONTINUOUS
10
4.3549175590551181
20
-6.6526355118110239
11
4.355468464566929
21
-6.6519790157480312
0
LINE
8
BLACK
6
CONTINUOUS
10
4.355468464566929
20
-6.6519790157480312
11
4.3556356692913383
21
-6.6519495275590552
0
LINE
8
BLACK
6
CONTINUOUS
10
4.3556356692913383
20
-6.6519495275590552
11
4.3557584645669287
21
-6.6518322440944884
0
LINE
8
BLACK
6
CONTINUOUS
10
4.3557584645669287
20
-6.6518322440944884
11
4.3566135826771655
21
-6.6517770866141728
0
LINE
8
BLACK
6
CONTINUOUS
10
4.3566135826771655
20
-6.6517770866141728
11
4.3574575984251966
21
-6.6516282677165357
0
LINE
8
BLACK
6
CONTINUOUS
10
4.3574575984251966
20
-6.6516282677165357
11
4.3576046456692916
21
-6.6517131496062989
0
LINE
8
BLACK
6
CONTINUOUS
10
4.3973248425196854
20
-6.6517614960629921
11
4.3974600787401572
21
-6.6518749606299208
0
LINE
8
BLACK
6
CONTINUOUS
10
4.3974600787401572
20
-6.6518749606299208
11
4.3976354330708665
21
-6.6518951574803147
0
LINE
8
BLACK
6
CONTINUOUS
10
4.3976354330708665
20
-6.6518951574803147
11
4.4013849606299216
21
-6.6537699212598422
0
LINE
8
BLACK
6
CONTINUOUS
10
4.4013849606299216
20
-6.6537699212598422
11
4.4020940157480313
21
-6.6542958267716532
0
LINE
8
BLACK
6
CONTINUOUS
10
4.4020940157480313
20
-6.6542958267716532
11
4.4021523622047241
21
-6.6543230314960624
0
LINE
8
BLACK
6
CONTINUOUS
10
4.4021523622047241
20
-6.6543230314960624
11
4.4040271259842516
21
-6.65619779527559
0
LINE
8
BLACK
6
CONTINUOUS
10
4.4040271259842516
20
-6.65619779527559
11
4.4045333858267712
21
-6.6569208661417321
0
LINE
8
BLACK
6
CONTINUOUS
10
4.4045333858267712
20
-6.6569208661417321
11
4.4045802362204727
21
-6.6569651968503933
0
LINE
8
BLACK
6
CONTINUOUS
10
4.4045802362204727
20
-6.6569651968503933
11
4.4064550000000002
21
-6.6607147244094485
0
LINE
8
BLACK
6
CONTINUOUS
10
4.4064550000000002
20
-6.6607147244094485
11
4.4066002755905513
21
-6.6612031496062993
0
LINE
8
BLACK
6
CONTINUOUS
10
4.4066002755905513
20
-6.6612031496062993
11
4.4066785826771655
21
-6.6613190944881886
0
LINE
8
BLACK
6
CONTINUOUS
10
4.4066785826771655
20
-6.6613190944881886
11
4.4085533464566931
21
-6.6688181496062988
0
LINE
8
BLACK
6
CONTINUOUS
10
4.4085533464566931
20
-6.6688181496062988
11
4.4085948031496063
21
-6.6694060236220469
0
LINE
8
BLACK
6
CONTINUOUS
10
4.4085948031496063
20
-6.6694060236220469
11
4.4086414960629918
21
-6.6695342913385822
0
LINE
8
BLACK
6
CONTINUOUS
10
4.4086414960629918
20
-6.6695342913385822
11
4.4086414960629918
21
-6.67890811023622
0
LINE
8
BLACK
6
CONTINUOUS
10
4.4086414960629918
20
-6.67890811023622
11
4.4085391338582678
21
-6.679488464566929
0
LINE
8
BLACK
6
CONTINUOUS
10
4.4085391338582678
20
-6.679488464566929
11
4.4085533464566931
21
-6.6796242519685034
0
LINE
8
BLACK
6
CONTINUOUS
10
4.4085533464566931
20
-6.6796242519685034
11
4.4066785826771655
21
-6.6871233070866136
0
LINE
8
BLACK
6
CONTINUOUS
10
4.4066785826771655
20
-6.6871233070866136
11
4.4064709842519685
21
-6.6875887401574801
0
LINE
8
BLACK
6
CONTINUOUS
10
4.4064709842519685
20
-6.6875887401574801
11
4.4064550000000002
21
-6.6877276771653538
0
LINE
8
BLACK
6
CONTINUOUS
10
4.4064550000000002
20
-6.6877276771653538
11
4.4045802362204727
21
-6.6914772047244089
0
LINE
8
BLACK
6
CONTINUOUS
10
4.4045802362204727
20
-6.6914772047244089
11
4.4040542913385829
21
-6.6921862598425195
0
LINE
8
BLACK
6
CONTINUOUS
10
4.4040542913385829
20
-6.6921862598425195
11
4.4040271259842516
21
-6.6922446062992123
0
LINE
8
BLACK
6
CONTINUOUS
10
4.4040271259842516
20
-6.6922446062992123
11
4.4021524015748028
21
-6.6941193700787398
0
LINE
8
BLACK
6
CONTINUOUS
10
4.4021524015748028
20
-6.6941193700787398
11
4.4014292125984253
21
-6.6946257480314957
0
LINE
8
BLACK
6
CONTINUOUS
10
4.4014292125984253
20
-6.6946257480314957
11
4.4013849606299216
21
-6.6946725196850396
0
LINE
8
BLACK
6
CONTINUOUS
10
4.4013849606299216
20
-6.6946725196850396
11
4.3976354330708665
21
-6.6965472834645672
0
LINE
8
BLACK
6
CONTINUOUS
10
4.3976354330708665
20
-6.6965472834645672
11
4.3966524803149607
21
-6.6968396456692911
0
LINE
8
BLACK
6
CONTINUOUS
10
4.3966524803149607
20
-6.6968396456692911
11
4.3964807874015746
21
-6.6967986220472442
0
LINE
8
BLACK
6
CONTINUOUS
10
4.3964807874015746
20
-6.6967986220472442
11
4.396314921259842
21
-6.6968590157480312
0
LINE
8
BLACK
6
CONTINUOUS
10
4.396314921259842
20
-6.6968590157480312
11
4.3925653937007869
21
-6.6968590157480312
0
LINE
8
BLACK
6
CONTINUOUS
10
4.3925653937007869
20
-6.6968590157480312
11
4.3915554724409445
21
-6.6966809448818898
0
LINE
8
BLACK
6
CONTINUOUS
10
4.3915554724409445
20
-6.6966809448818898
11
4.3914201968503939
21
-6.6965674409448814
0
LINE
8
BLACK
6
CONTINUOUS
10
4.3914201968503939
20
-6.6965674409448814
11
4.3912448818897634
21
-6.6965472834645672
0
LINE
8
BLACK
6
CONTINUOUS
10
4.3912448818897634
20
-6.6965472834645672
11
4.3874953543307083
21
-6.6946725196850396
0
LINE
8
BLACK
6
CONTINUOUS
10
4.3874953543307083
20
-6.6946725196850396
11
4.386786220472441
21
-6.6941465354330711
0
LINE
8
BLACK
6
CONTINUOUS
10
4.386786220472441
20
-6.6941465354330711
11
4.386727913385827
21
-6.6941193700787398
0
LINE
8
BLACK
6
CONTINUOUS
10
4.386727913385827
20
-6.6941193700787398
11
4.3848531496062995
21
-6.6922445669291335
0
LINE
8
BLACK
6
CONTINUOUS
10
4.3848531496062995
20
-6.6922445669291335
11
4.3843468503937011
21
-6.6915214960629923
0
LINE
8
BLACK
6
CONTINUOUS
10
4.3843468503937011
20
-6.6915214960629923
11
4.3843000787401571
21
-6.6914772047244089
0
LINE
8
BLACK
6
CONTINUOUS
10
4.3843000787401571
20
-6.6914772047244089
11
4.3824253149606296
21
-6.6877276771653538
0
LINE
8
BLACK
6
CONTINUOUS
10
4.3824253149606296
20
-6.6877276771653538
11
4.3822799999999997
21
-6.687239212598425
0
LINE
8
BLACK
6
CONTINUOUS
10
4.3822799999999997
20
-6.687239212598425
11
4.3822017322834643
21
-6.6871233070866136
0
LINE
8
BLACK
6
CONTINUOUS
10
4.3822017322834643
20
-6.6871233070866136
11
4.3803269685039368
21
-6.6796242519685034
0
LINE
8
BLACK
6
CONTINUOUS
10
4.3803269685039368
20
-6.6796242519685034
11
4.3802854724409448
21
-6.6790363385826774
0
LINE
8
BLACK
6
CONTINUOUS
10
4.3802854724409448
20
-6.6790363385826774
11
4.380238818897638
21
-6.67890811023622
0
LINE
8
BLACK
6
CONTINUOUS
10
4.380238818897638
20
-6.67890811023622
11
4.380238818897638
21
-6.6695342913385822
0
LINE
8
BLACK
6
CONTINUOUS
10
4.380238818897638
20
-6.6695342913385822
11
4.3803411417322833
21
-6.6689538976377953
0
LINE
8
BLACK
6
CONTINUOUS
10
4.3803411417322833
20
-6.6689538976377953
11
4.3803269685039368
21
-6.6688181496062988
0
LINE
8
BLACK
6
CONTINUOUS
10
4.3803269685039368
20
-6.6688181496062988
11
4.3822017322834643
21
-6.6613190944881886
0
LINE
8
BLACK
6
CONTINUOUS
10
4.3822017322834643
20
-6.6613190944881886
11
4.3824092913385826
21
-6.6608536220472443
0
LINE
8
BLACK
6
CONTINUOUS
10
4.3824092913385826
20
-6.6608536220472443
11
4.3824253149606296
21
-6.6607147244094485
0
LINE
8
BLACK
6
CONTINUOUS
10
4.3824253149606296
20
-6.6607147244094485
11
4.3843000787401571
21
-6.6569651968503933
0
LINE
8
BLACK
6
CONTINUOUS
10
4.3843000787401571
20
-6.6569651968503933
11
4.3848259842519681
21
-6.6562561023622049
0
LINE
8
BLACK
6
CONTINUOUS
10
4.3848259842519681
20
-6.6562561023622049
11
4.3848531889763782
21
-6.65619779527559
0
LINE
8
BLACK
6
CONTINUOUS
10
4.3848531889763782
20
-6.65619779527559
11
4.3867279527559058
21
-6.6543230314960624
0
LINE
8
BLACK
6
CONTINUOUS
10
4.3867279527559058
20
-6.6543230314960624
11
4.387451023622047
21
-6.653816732283464
0
LINE
8
BLACK
6
CONTINUOUS
10
4.387451023622047
20
-6.653816732283464
11
4.3874953543307083
21
-6.6537699212598422
0
LINE
8
BLACK
6
CONTINUOUS
10
4.3874953543307083
20
-6.6537699212598422
11
4.3912448818897634
21
-6.6518951574803147
0
LINE
8
BLACK
6
CONTINUOUS
10
4.3912448818897634
20
-6.6518951574803147
11
4.3922277952755904
21
-6.6516027952755907
0
LINE
8
BLACK
6
CONTINUOUS
10
4.3922277952755904
20
-6.6516027952755907
11
4.3923994881889765
21
-6.6516437795275589
0
LINE
8
BLACK
6
CONTINUOUS
10
4.3923994881889765
20
-6.6516437795275589
11
4.3925653937007869
21
-6.6515834251968506
0
LINE
8
BLACK
6
CONTINUOUS
10
4.3925653937007869
20
-6.6515834251968506
11
4.396314921259842
21
-6.6515834251968506
0
LINE
8
BLACK
6
CONTINUOUS
10
4.396314921259842
20
-6.6515834251968506
11
4.3973248425196854
21
-6.6517614960629921
0
LINE
8
BLACK
6
CONTINUOUS
10
4.3905649606299209
20
-6.6588376771653541
11
4.389367834645669
21
-6.6600348031496059
0
LINE
8
BLACK
6
CONTINUOUS
10
4.389367834645669
20
-6.6600348031496059
11
4.3878523228346458
21
-6.6630657874015746
0
LINE
8
BLACK
6
CONTINUOUS
10
4.3878523228346458
20
-6.6630657874015746
11
4.3861443307086612
21
-6.6698978346456688
0
LINE
8
BLACK
6
CONTINUOUS
10
4.3861443307086612
20
-6.6698978346456688
11
4.3861443307086612
21
-6.6785445669291335
0
LINE
8
BLACK
6
CONTINUOUS
10
4.3861443307086612
20
-6.6785445669291335
11
4.3878523228346458
21
-6.6853766141732285
0
LINE
8
BLACK
6
CONTINUOUS
10
4.3878523228346458
20
-6.6853766141732285
11
4.389367834645669
21
-6.6884075984251963
0
LINE
8
BLACK
6
CONTINUOUS
10
4.389367834645669
20
-6.6884075984251963
11
4.3905649606299209
21
-6.6896047637795277
0
LINE
8
BLACK
6
CONTINUOUS
10
4.3905649606299209
20
-6.6896047637795277
11
4.3932624409448815
21
-6.6909535039370081
0
LINE
8
BLACK
6
CONTINUOUS
10
4.3932624409448815
20
-6.6909535039370081
11
4.3956178740157483
21
-6.6909535039370081
0
LINE
8
BLACK
6
CONTINUOUS
10
4.3956178740157483
20
-6.6909535039370081
11
4.3983153149606302
21
-6.6896047637795277
0
LINE
8
BLACK
6
CONTINUOUS
10
4.3983153149606302
20
-6.6896047637795277
11
4.399512440944882
21
-6.6884075984251963
0
LINE
8
BLACK
6
CONTINUOUS
10
4.399512440944882
20
-6.6884075984251963
11
4.4010279527559053
21
-6.6853766141732285
0
LINE
8
BLACK
6
CONTINUOUS
10
4.4010279527559053
20
-6.6853766141732285
11
4.4027359842519687
21
-6.6785445669291335
0
LINE
8
BLACK
6
CONTINUOUS
10
4.4027359842519687
20
-6.6785445669291335
11
4.4027359842519687
21
-6.6698978346456688
0
LINE
8
BLACK
6
CONTINUOUS
10
4.4027359842519687
20
-6.6698978346456688
11
4.4010279527559053
21
-6.6630657874015746
0
LINE
8
BLACK
6
CONTINUOUS
10
4.4010279527559053
20
-6.6630657874015746
11
4.3995124803149608
21
-6.6600348031496059
0
LINE
8
BLACK
6
CONTINUOUS
10
4.3995124803149608
20
-6.6600348031496059
11
4.398315354330709
21
-6.6588376771653541
0
LINE
8
BLACK
6
CONTINUOUS
10
4.398315354330709
20
-6.6588376771653541
11
4.3956178740157483
21
-6.6574889370078738
0
LINE
8
BLACK
6
CONTINUOUS
10
4.3956178740157483
20
-6.6574889370078738
11
4.3932624409448815
21
-6.6574889370078738
0
LINE
8
BLACK
6
CONTINUOUS
10
4.3932624409448815
20
-6.6574889370078738
11
4.3905649606299209
21
-6.6588376771653541
0
LINE
8
BLACK
6
CONTINUOUS
10
4.5510556299212599
20
-6.6517614960629921
11
4.5511908661417317
21
-6.6518749606299208
0
LINE
8
BLACK
6
CONTINUOUS
10
4.5511908661417317
20
-6.6518749606299208
11
4.551366220472441
21
-6.6518951574803147
0
LINE
8
BLACK
6
CONTINUOUS
10
4.551366220472441
20
-6.6518951574803147
11
4.5551157480314961
21
-6.6537699212598422
0
LINE
8
BLACK
6
CONTINUOUS
10
4.5551157480314961
20
-6.6537699212598422
11
4.5558248031496058
21
-6.6542958267716532
0
LINE
8
BLACK
6
CONTINUOUS
10
4.5558248031496058
20
-6.6542958267716532
11
4.5558831496062995
21
-6.6543230314960624
0
LINE
8
BLACK
6
CONTINUOUS
10
4.5558831496062995
20
-6.6543230314960624
11
4.5596326771653546
21
-6.6580725590551175
0
LINE
8
BLACK
6
CONTINUOUS
10
4.5596326771653546
20
-6.6580725590551175
11
4.5602209055118106
21
-6.6589125984251964
0
LINE
8
BLACK
6
CONTINUOUS
10
4.5602209055118106
20
-6.6589125984251964
11
4.5602462992125981
21
-6.6592028740157483
0
LINE
8
BLACK
6
CONTINUOUS
10
4.5602462992125981
20
-6.6592028740157483
11
4.56040937007874
21
-6.659444330708661
0
LINE
8
BLACK
6
CONTINUOUS
10
4.56040937007874
20
-6.659444330708661
11
4.5622841338582676
21
-6.6669433858267713
0
LINE
8
BLACK
6
CONTINUOUS
10
4.5622841338582676
20
-6.6669433858267713
11
4.5623255905511808
21
-6.6675312598425194
0
LINE
8
BLACK
6
CONTINUOUS
10
4.5623255905511808
20
-6.6675312598425194
11
4.5623722834645672
21
-6.6676595275590547
0
LINE
8
BLACK
6
CONTINUOUS
10
4.5623722834645672
20
-6.6676595275590547
11
4.5623722834645672
21
-6.6807828740157476
0
LINE
8
BLACK
6
CONTINUOUS
10
4.5623722834645672
20
-6.6807828740157476
11
4.5622699212598423
21
-6.6813632283464566
0
LINE
8
BLACK
6
CONTINUOUS
10
4.5622699212598423
20
-6.6813632283464566
11
4.5622841338582676
21
-6.681499015748031
0
LINE
8
BLACK
6
CONTINUOUS
10
4.5622841338582676
20
-6.681499015748031
11
4.56040937007874
21
-6.6889980708661412
0
LINE
8
BLACK
6
CONTINUOUS
10
4.56040937007874
20
-6.6889980708661412
11
4.5599916535433067
21
-6.6899346456692914
0
LINE
8
BLACK
6
CONTINUOUS
10
4.5599916535433067
20
-6.6899346456692914
11
4.5597558267716538
21
-6.6901057086614175
0
LINE
8
BLACK
6
CONTINUOUS
10
4.5597558267716538
20
-6.6901057086614175
11
4.5596327165354333
21
-6.6903698031496059
0
LINE
8
BLACK
6
CONTINUOUS
10
4.5596327165354333
20
-6.6903698031496059
11
4.5558831496062995
21
-6.6941194094488186
0
LINE
8
BLACK
6
CONTINUOUS
10
4.5558831496062995
20
-6.6941194094488186
11
4.5551600393700786
21
-6.6946256692913382
0
LINE
8
BLACK
6
CONTINUOUS
10
4.5551600393700786
20
-6.6946256692913382
11
4.5551157480314961
21
-6.6946725196850396
0
LINE
8
BLACK
6
CONTINUOUS
10
4.5551157480314961
20
-6.6946725196850396
11
4.551366220472441
21
-6.6965472834645672
0
LINE
8
BLACK
6
CONTINUOUS
10
4.551366220472441
20
-6.6965472834645672
11
4.5503832677165352
21
-6.6968396456692911
0
LINE
8
BLACK
6
CONTINUOUS
10
4.5503832677165352
20
-6.6968396456692911
11
4.5502115748031491
21
-6.6967986220472442
0
LINE
8
BLACK
6
CONTINUOUS
10
4.5502115748031491
20
-6.6967986220472442
11
4.5500457086614174
21
-6.6968590157480312
0
LINE
8
BLACK
6
CONTINUOUS
10
4.5500457086614174
20
-6.6968590157480312
11
4.5425466535433072
21
-6.6968590157480312
0
LINE
8
BLACK
6
CONTINUOUS
10
4.5425466535433072
20
-6.6968590157480312
11
4.5415367322834648
21
-6.6966809448818898
0
LINE
8
BLACK
6
CONTINUOUS
10
4.5415367322834648
20
-6.6966809448818898
11
4.5414014566929133
21
-6.6965674409448814
0
LINE
8
BLACK
6
CONTINUOUS
10
4.5414014566929133
20
-6.6965674409448814
11
4.5412261417322837
21
-6.6965472834645672
0
LINE
8
BLACK
6
CONTINUOUS
10
4.5412261417322837
20
-6.6965472834645672
11
4.5374766141732286
21
-6.6946725196850396
0
LINE
8
BLACK
6
CONTINUOUS
10
4.5374766141732286
20
-6.6946725196850396
11
4.536767559055118
21
-6.6941466141732278
0
LINE
8
BLACK
6
CONTINUOUS
10
4.536767559055118
20
-6.6941466141732278
11
4.5367092125984252
21
-6.6941194094488186
0
LINE
8
BLACK
6
CONTINUOUS
10
4.5367092125984252
20
-6.6941194094488186
11
4.5329596850393701
21
-6.6903698425196847
0
LINE
8
BLACK
6
CONTINUOUS
10
4.5329596850393701
20
-6.6903698425196847
11
4.5323714566929132
21
-6.6895298031496058
0
LINE
8
BLACK
6
CONTINUOUS
10
4.5323714566929132
20
-6.6895298031496058
11
4.5323460629921257
21
-6.6892394881889761
0
LINE
8
BLACK
6
CONTINUOUS
10
4.5323460629921257
20
-6.6892394881889761
11
4.5321829921259837
21
-6.6889980708661412
0
LINE
8
BLACK
6
CONTINUOUS
10
4.5321829921259837
20
-6.6889980708661412
11
4.5303082283464562
21
-6.681499015748031
0
LINE
8
BLACK
6
CONTINUOUS
10
4.5303082283464562
20
-6.681499015748031
11
4.5302667322834642
21
-6.680911102362205
0
LINE
8
BLACK
6
CONTINUOUS
10
4.5302667322834642
20
-6.680911102362205
11
4.5302200787401574
21
-6.6807828740157476
0
LINE
8
BLACK
6
CONTINUOUS
10
4.5302200787401574
20
-6.6807828740157476
11
4.5302200787401574
21
-6.6676595275590547
0
LINE
8
BLACK
6
CONTINUOUS
10
4.5302200787401574
20
-6.6676595275590547
11
4.5303224015748027
21
-6.6670791338582678
0
LINE
8
BLACK
6
CONTINUOUS
10
4.5303224015748027
20
-6.6670791338582678
11
4.5303082283464562
21
-6.6669433858267713
0
LINE
8
BLACK
6
CONTINUOUS
10
4.5303082283464562
20
-6.6669433858267713
11
4.5321829921259837
21
-6.659444330708661
0
LINE
8
BLACK
6
CONTINUOUS
10
4.5321829921259837
20
-6.659444330708661
11
4.5326007086614171
21
-6.6585077559055117
0
LINE
8
BLACK
6
CONTINUOUS
10
4.5326007086614171
20
-6.6585077559055117
11
4.5328365354330709
21
-6.6583366141732281
0
LINE
8
BLACK
6
CONTINUOUS
10
4.5328365354330709
20
-6.6583366141732281
11
4.5329596850393701
21
-6.6580725590551175
0
LINE
8
BLACK
6
CONTINUOUS
10
4.5329596850393701
20
-6.6580725590551175
11
4.5367092125984252
21
-6.6543230314960624
0
LINE
8
BLACK
6
CONTINUOUS
10
4.5367092125984252
20
-6.6543230314960624
11
4.5374323622047239
21
-6.6538166141732278
0
LINE
8
BLACK
6
CONTINUOUS
10
4.5374323622047239
20
-6.6538166141732278
11
4.5374766141732286
21
-6.6537699212598422
0
LINE
8
BLACK
6
CONTINUOUS
10
4.5374766141732286
20
-6.6537699212598422
11
4.5412261417322837
21
-6.6518951574803147
0
LINE
8
BLACK
6
CONTINUOUS
10
4.5412261417322837
20
-6.6518951574803147
11
4.5422090551181098
21
-6.6516027952755907
0
LINE
8
BLACK
6
CONTINUOUS
10
4.5422090551181098
20
-6.6516027952755907
11
4.5423807480314959
21
-6.6516437795275589
0
LINE
8
BLACK
6
CONTINUOUS
10
4.5423807480314959
20
-6.6516437795275589
11
4.5425466535433072
21
-6.6515834251968506
0
LINE
8
BLACK
6
CONTINUOUS
10
4.5425466535433072
20
-6.6515834251968506
11
4.5500457086614174
21
-6.6515834251968506
0
LINE
8
BLACK
6
CONTINUOUS
10
4.5500457086614174
20
-6.6515834251968506
11
4.5510556299212599
21
-6.6517614960629921
0
LINE
8
BLACK
6
CONTINUOUS
10
4.5405462204724412
20
-6.6588376771653541
11
4.5377138188976378
21
-6.6616700393700787
0
LINE
8
BLACK
6
CONTINUOUS
10
4.5377138188976378
20
-6.6616700393700787
11
4.5361255905511806
21
-6.6680230708661412
0
LINE
8
BLACK
6
CONTINUOUS
10
4.5361255905511806
20
-6.6680230708661412
11
4.5361255905511806
21
-6.680419330708661
0
LINE
8
BLACK
6
CONTINUOUS
10
4.5361255905511806
20
-6.680419330708661
11
4.5377138188976378
21
-6.6867723228346456
0
LINE
8
BLACK
6
CONTINUOUS
10
4.5377138188976378
20
-6.6867723228346456
11
4.5405462204724412
21
-6.6896047637795277
0
LINE
8
BLACK
6
CONTINUOUS
10
4.5405462204724412
20
-6.6896047637795277
11
4.5432437007874018
21
-6.6909535039370081
0
LINE
8
BLACK
6
CONTINUOUS
10
4.5432437007874018
20
-6.6909535039370081
11
4.5493486614173229
21
-6.6909535039370081
0
LINE
8
BLACK
6
CONTINUOUS
10
4.5493486614173229
20
-6.6909535039370081
11
4.5520461023622047
21
-6.6896047637795277
0
LINE
8
BLACK
6
CONTINUOUS
10
4.5520461023622047
20
-6.6896047637795277
11
4.5548785039370081
21
-6.6867723228346456
0
LINE
8
BLACK
6
CONTINUOUS
10
4.5548785039370081
20
-6.6867723228346456
11
4.5564667716535432
21
-6.680419330708661
0
LINE
8
BLACK
6
CONTINUOUS
10
4.5564667716535432
20
-6.680419330708661
11
4.5564667716535432
21
-6.6680230708661412
0
LINE
8
BLACK
6
CONTINUOUS
10
4.5564667716535432
20
-6.6680230708661412
11
4.5548785039370081
21
-6.6616700393700787
0
LINE
8
BLACK
6
CONTINUOUS
10
4.5548785039370081
20
-6.6616700393700787
11
4.5520461417322835
21
-6.6588376771653541
0
LINE
8
BLACK
6
CONTINUOUS
10
4.5520461417322835
20
-6.6588376771653541
11
4.5493486614173229
21
-6.6574889370078738
0
LINE
8
BLACK
6
CONTINUOUS
10
4.5493486614173229
20
-6.6574889370078738
11
4.5432437007874018
21
-6.6574889370078738
0
LINE
8
BLACK
6
CONTINUOUS
10
4.5432437007874018
20
-6.6574889370078738
11
4.5405462204724412
21
-6.6588376771653541
0
LINE
8
BLACK
6
CONTINUOUS
10
4.5865356299212596
20
-6.6517366929133859
11
4.5865999999999998
21
-6.6517349606299208
0
LINE
8
BLACK
6
CONTINUOUS
10
4.5865999999999998
20
-6.6517349606299208
11
4.5922242913385825
21
-6.6536097244094483
0
LINE
8
BLACK
6
CONTINUOUS
10
4.5922242913385825
20
-6.6536097244094483
11
4.593126062992126
21
-6.6540979921259842
0
LINE
8
BLACK
6
CONTINUOUS
10
4.593126062992126
20
-6.6540979921259842
11
4.5932184645669292
21
-6.6542484251968501
0
LINE
8
BLACK
6
CONTINUOUS
10
4.5932184645669292
20
-6.6542484251968501
11
4.5933784645669293
21
-6.6543230314960624
0
LINE
8
BLACK
6
CONTINUOUS
10
4.5933784645669293
20
-6.6543230314960624
11
4.5971279921259844
21
-6.6580725590551175
0
LINE
8
BLACK
6
CONTINUOUS
10
4.5971279921259844
20
-6.6580725590551175
11
4.5976343700787403
21
-6.6587957086614171
0
LINE
8
BLACK
6
CONTINUOUS
10
4.5976343700787403
20
-6.6587957086614171
11
4.5976811023622046
21
-6.6588399606299209
0
LINE
8
BLACK
6
CONTINUOUS
10
4.5976811023622046
20
-6.6588399606299209
11
4.5995558661417322
21
-6.662589488188976
0
LINE
8
BLACK
6
CONTINUOUS
10
4.5995558661417322
20
-6.662589488188976
11
4.5997011417322833
21
-6.6630779133858269
0
LINE
8
BLACK
6
CONTINUOUS
10
4.5997011417322833
20
-6.6630779133858269
11
4.5997794488188974
21
-6.6631938582677162
0
LINE
8
BLACK
6
CONTINUOUS
10
4.5997794488188974
20
-6.6631938582677162
11
4.601654212598425
21
-6.6706929133858264
0
LINE
8
BLACK
6
CONTINUOUS
10
4.601654212598425
20
-6.6706929133858264
11
4.6016956692913382
21
-6.6712807874015745
0
LINE
8
BLACK
6
CONTINUOUS
10
4.6016956692913382
20
-6.6712807874015745
11
4.6017423622047247
21
-6.6714090551181098
0
LINE
8
BLACK
6
CONTINUOUS
10
4.6017423622047247
20
-6.6714090551181098
11
4.6017423622047247
21
-6.6770333464566924
0
LINE
8
BLACK
6
CONTINUOUS
10
4.6017423622047247
20
-6.6770333464566924
11
4.6016399999999997
21
-6.6776137007874015
0
LINE
8
BLACK
6
CONTINUOUS
10
4.6016399999999997
20
-6.6776137007874015
11
4.601654212598425
21
-6.6777494881889758
0
LINE
8
BLACK
6
CONTINUOUS
10
4.601654212598425
20
-6.6777494881889758
11
4.5997794488188974
21
-6.6852485433070861
0
LINE
8
BLACK
6
CONTINUOUS
10
4.5997794488188974
20
-6.6852485433070861
11
4.5995718503937004
21
-6.6857139763779525
0
LINE
8
BLACK
6
CONTINUOUS
10
4.5995718503937004
20
-6.6857139763779525
11
4.5995558661417322
21
-6.6858529133858262
0
LINE
8
BLACK
6
CONTINUOUS
10
4.5995558661417322
20
-6.6858529133858262
11
4.5976811023622046
21
-6.6896024409448813
0
LINE
8
BLACK
6
CONTINUOUS
10
4.5976811023622046
20
-6.6896024409448813
11
4.5971552362204724
21
-6.6903114173228344
0
LINE
8
BLACK
6
CONTINUOUS
10
4.5971552362204724
20
-6.6903114173228344
11
4.5971280314960632
21
-6.6903698031496059
0
LINE
8
BLACK
6
CONTINUOUS
10
4.5971280314960632
20
-6.6903698031496059
11
4.5933784645669293
21
-6.6941194094488186
0
LINE
8
BLACK
6
CONTINUOUS
10
4.5933784645669293
20
-6.6941194094488186
11
4.5925384251968504
21
-6.6947075984251967
0
LINE
8
BLACK
6
CONTINUOUS
10
4.5925384251968504
20
-6.6947075984251967
11
4.5923625590551183
21
-6.6947229527559058
0
LINE
8
BLACK
6
CONTINUOUS
10
4.5923625590551183
20
-6.6947229527559058
11
4.5922242913385825
21
-6.6948327165354327
0
LINE
8
BLACK
6
CONTINUOUS
10
4.5922242913385825
20
-6.6948327165354327
11
4.5865999999999998
21
-6.6967074803149602
0
LINE
8
BLACK
6
CONTINUOUS
10
4.5865999999999998
20
-6.6967074803149602
11
4.5857268110236218
21
-6.6968369291338581
0
LINE
8
BLACK
6
CONTINUOUS
10
4.5857268110236218
20
-6.6968369291338581
11
4.5856662598425197
21
-6.6968590157480312
0
LINE
8
BLACK
6
CONTINUOUS
10
4.5856662598425197
20
-6.6968590157480312
11
4.5819167322834646
21
-6.6968590157480312
0
LINE
8
BLACK
6
CONTINUOUS
10
4.5819167322834646
20
-6.6968590157480312
11
4.581047322834646
21
-6.6967057086614172
0
LINE
8
BLACK
6
CONTINUOUS
10
4.581047322834646
20
-6.6967057086614172
11
4.5809829527559058
21
-6.6967074803149602
0
LINE
8
BLACK
6
CONTINUOUS
10
4.5809829527559058
20
-6.6967074803149602
11
4.575358700787401
21
-6.6948327165354327
0
LINE
8
BLACK
6
CONTINUOUS
10
4.575358700787401
20
-6.6948327165354327
11
4.5744569291338584
21
-6.6943444094488189
0
LINE
8
BLACK
6
CONTINUOUS
10
4.5744569291338584
20
-6.6943444094488189
11
4.5743644881889765
21
-6.694193976377953
0
LINE
8
BLACK
6
CONTINUOUS
10
4.5743644881889765
20
-6.694193976377953
11
4.5742044881889763
21
-6.6941193700787398
0
LINE
8
BLACK
6
CONTINUOUS
10
4.5742044881889763
20
-6.6941193700787398
11
4.5723297244094487
21
-6.6922445669291335
0
LINE
8
BLACK
6
CONTINUOUS
10
4.5723297244094487
20
-6.6922445669291335
11
4.5717415354330706
21
-6.6914045275590546
0
LINE
8
BLACK
6
CONTINUOUS
10
4.5717415354330706
20
-6.6914045275590546
11
4.5715655511811022
21
-6.6893924409448822
0
LINE
8
BLACK
6
CONTINUOUS
10
4.5715655511811022
20
-6.6893924409448822
11
4.5727240551181101
21
-6.6877379133858268
0
LINE
8
BLACK
6
CONTINUOUS
10
4.5727240551181101
20
-6.6877379133858268
11
4.5746750393700788
21
-6.6872151968503939
0
LINE
8
BLACK
6
CONTINUOUS
10
4.5746750393700788
20
-6.6872151968503939
11
4.5765056299212601
21
-6.688068818897638
0
LINE
8
BLACK
6
CONTINUOUS
10
4.5765056299212601
20
-6.688068818897638
11
4.5778874803149607
21
-6.6894507086614174
0
LINE
8
BLACK
6
CONTINUOUS
10
4.5778874803149607
20
-6.6894507086614174
11
4.5823958661417326
21
-6.6909535039370081
0
LINE
8
BLACK
6
CONTINUOUS
10
4.5823958661417326
20
-6.6909535039370081
11
4.5851871259842518
21
-6.6909535039370081
0
LINE
8
BLACK
6
CONTINUOUS
10
4.5851871259842518
20
-6.6909535039370081
11
4.5896955118110236
21
-6.6894506692913387
0
LINE
8
BLACK
6
CONTINUOUS
10
4.5896955118110236
20
-6.6894506692913387
11
4.592613307086614
21
-6.6865328346456687
0
LINE
8
BLACK
6
CONTINUOUS
10
4.592613307086614
20
-6.6865328346456687
11
4.5941288188976381
21
-6.6835018503937009
0
LINE
8
BLACK
6
CONTINUOUS
10
4.5941288188976381
20
-6.6835018503937009
11
4.5958368503937006
21
-6.6766698031496059
0
LINE
8
BLACK
6
CONTINUOUS
10
4.5958368503937006
20
-6.6766698031496059
11
4.5958368503937006
21
-6.6717725984251963
0
LINE
8
BLACK
6
CONTINUOUS
10
4.5958368503937006
20
-6.6717725984251963
11
4.5941288188976381
21
-6.6649405511811022
0
LINE
8
BLACK
6
CONTINUOUS
10
4.5941288188976381
20
-6.6649405511811022
11
4.5926133464566927
21
-6.6619095669291335
0
LINE
8
BLACK
6
CONTINUOUS
10
4.5926133464566927
20
-6.6619095669291335
11
4.5896955118110236
21
-6.6589917322834644
0
LINE
8
BLACK
6
CONTINUOUS
10
4.5896955118110236
20
-6.6589917322834644
11
4.5851871259842518
21
-6.6574889370078738
0
LINE
8
BLACK
6
CONTINUOUS
10
4.5851871259842518
20
-6.6574889370078738
11
4.5823958661417326
21
-6.6574889370078738
0
LINE
8
BLACK
6
CONTINUOUS
10
4.5823958661417326
20
-6.6574889370078738
11
4.5778874803149607
21
-6.6589917322834644
0
LINE
8
BLACK
6
CONTINUOUS
10
4.5778874803149607
20
-6.6589917322834644
11
4.5765055905511813
21
-6.6603736220472438
0
LINE
8
BLACK
6
CONTINUOUS
10
4.5765055905511813
20
-6.6603736220472438
11
4.5756655511811024
21
-6.6609618110236219
0
LINE
8
BLACK
6
CONTINUOUS
10
4.5756655511811024
20
-6.6609618110236219
11
4.5736534645669291
21
-6.6611378740157479
0
LINE
8
BLACK
6
CONTINUOUS
10
4.5736534645669291
20
-6.6611378740157479
11
4.571998897637795
21
-6.6599793307086612
0
LINE
8
BLACK
6
CONTINUOUS
10
4.571998897637795
20
-6.6599793307086612
11
4.5714761811023621
21
-6.6580283858267713
0
LINE
8
BLACK
6
CONTINUOUS
10
4.5714761811023621
20
-6.6580283858267713
11
4.5723297637795275
21
-6.65619779527559
0
LINE
8
BLACK
6
CONTINUOUS
10
4.5723297637795275
20
-6.65619779527559
11
4.574204527559055
21
-6.6543230314960624
0
LINE
8
BLACK
6
CONTINUOUS
10
4.574204527559055
20
-6.6543230314960624
11
4.575044566929134
21
-6.6537348425196852
0
LINE
8
BLACK
6
CONTINUOUS
10
4.575044566929134
20
-6.6537348425196852
11
4.5752203937007874
21
-6.6537194488188973
0
LINE
8
BLACK
6
CONTINUOUS
10
4.5752203937007874
20
-6.6537194488188973
11
4.575358700787401
21
-6.6536097244094483
0
LINE
8
BLACK
6
CONTINUOUS
10
4.575358700787401
20
-6.6536097244094483
11
4.5809829527559058
21
-6.6517349606299208
0
LINE
8
BLACK
6
CONTINUOUS
10
4.5809829527559058
20
-6.6517349606299208
11
4.5818561811023617
21
-6.6516054330708663
0
LINE
8
BLACK
6
CONTINUOUS
10
4.5818561811023617
20
-6.6516054330708663
11
4.5819167322834646
21
-6.6515834251968506
0
LINE
8
BLACK
6
CONTINUOUS
10
4.5819167322834646
20
-6.6515834251968506
11
4.5856662598425197
21
-6.6515834251968506
0
LINE
8
BLACK
6
CONTINUOUS
10
4.5856662598425197
20
-6.6515834251968506
11
4.5865356299212596
21
-6.6517366929133859
0
LINE
8
BLACK
6
CONTINUOUS
10
4.475298858267716
20
-6.6516756692913388
11
4.4755678346456689
21
-6.6516282677165357
0
LINE
8
BLACK
6
CONTINUOUS
10
4.4755678346456689
20
-6.6516282677165357
11
4.4762267716535433
21
-6.6520087007874018
0
LINE
8
BLACK
6
CONTINUOUS
10
4.4762267716535433
20
-6.6520087007874018
11
4.4769429921259842
21
-6.6522657874015749
0
LINE
8
BLACK
6
CONTINUOUS
10
4.4769429921259842
20
-6.6522657874015749
11
4.4770805905511812
21
-6.6525016535433066
0
LINE
8
BLACK
6
CONTINUOUS
10
4.4770805905511812
20
-6.6525016535433066
11
4.4773170078740154
21
-6.6526381889763782
0
LINE
8
BLACK
6
CONTINUOUS
10
4.4773170078740154
20
-6.6526381889763782
11
4.4775772047244091
21
-6.6533530708661415
0
LINE
8
BLACK
6
CONTINUOUS
10
4.4775772047244091
20
-6.6533530708661415
11
4.4779606692913383
21
-6.6540104724409446
0
LINE
8
BLACK
6
CONTINUOUS
10
4.4779606692913383
20
-6.6540104724409446
11
4.477914409448819
21
-6.6542795669291337
0
LINE
8
BLACK
6
CONTINUOUS
10
4.477914409448819
20
-6.6542795669291337
11
4.4780078346456689
21
-6.6545361811023618
0
LINE
8
BLACK
6
CONTINUOUS
10
4.4780078346456689
20
-6.6545361811023618
11
4.4780078346456689
21
-6.6939062598425192
0
LINE
8
BLACK
6
CONTINUOUS
10
4.4780078346456689
20
-6.6939062598425192
11
4.4778297637795275
21
-6.6949161811023616
0
LINE
8
BLACK
6
CONTINUOUS
10
4.4778297637795275
20
-6.6949161811023616
11
4.4765314566929133
21
-6.6964634251968507
0
LINE
8
BLACK
6
CONTINUOUS
10
4.4765314566929133
20
-6.6964634251968507
11
4.4745423228346457
21
-6.6968141732283462
0
LINE
8
BLACK
6
CONTINUOUS
10
4.4745423228346457
20
-6.6968141732283462
11
4.4727931496062991
21
-6.6958042519685037
0
LINE
8
BLACK
6
CONTINUOUS
10
4.4727931496062991
20
-6.6958042519685037
11
4.4721023228346457
21
-6.6939062598425192
0
LINE
8
BLACK
6
CONTINUOUS
10
4.4721023228346457
20
-6.6939062598425192
11
4.4721023228346457
21
-6.6656549212598426
0
LINE
8
BLACK
6
CONTINUOUS
10
4.4721023228346457
20
-6.6656549212598426
11
4.4551216141732279
21
-6.6953712204724409
0
LINE
8
BLACK
6
CONTINUOUS
10
4.4551216141732279
20
-6.6953712204724409
11
4.45446594488189
21
-6.6961597637795274
0
LINE
8
BLACK
6
CONTINUOUS
10
4.45446594488189
20
-6.6961597637795274
11
4.4542097637795273
21
-6.6962542519685035
0
LINE
8
BLACK
6
CONTINUOUS
10
4.4542097637795273
20
-6.6962542519685035
11
4.4540342913385826
21
-6.6964634251968507
0
LINE
8
BLACK
6
CONTINUOUS
10
4.4540342913385826
20
-6.6964634251968507
11
4.4532848818897639
21
-6.6965955511811019
0
LINE
8
BLACK
6
CONTINUOUS
10
4.4532848818897639
20
-6.6965955511811019
11
4.452571062992126
21
-6.6968589763779525
0
LINE
8
BLACK
6
CONTINUOUS
10
4.452571062992126
20
-6.6968589763779525
11
4.4523140944881892
21
-6.6967667322834643
0
LINE
8
BLACK
6
CONTINUOUS
10
4.4523140944881892
20
-6.6967667322834643
11
4.452045157480315
21
-6.6968141732283462
0
LINE
8
BLACK
6
CONTINUOUS
10
4.452045157480315
20
-6.6968141732283462
11
4.4513861811023618
21
-6.6964337007874013
0
LINE
8
BLACK
6
CONTINUOUS
10
4.4513861811023618
20
-6.6964337007874013
11
4.4506699999999997
21
-6.6961766535433069
0
LINE
8
BLACK
6
CONTINUOUS
10
4.4506699999999997
20
-6.6961766535433069
11
4.4505324015748027
21
-6.6959407480314956
0
LINE
8
BLACK
6
CONTINUOUS
10
4.4505324015748027
20
-6.6959407480314956
11
4.4502959842519685
21
-6.6958042519685037
0
LINE
8
BLACK
6
CONTINUOUS
10
4.4502959842519685
20
-6.6958042519685037
11
4.450035748031496
21
-6.6950892913385829
0
LINE
8
BLACK
6
CONTINUOUS
10
4.450035748031496
20
-6.6950892913385829
11
4.4496523228346456
21
-6.6944319291338585
0
LINE
8
BLACK
6
CONTINUOUS
10
4.4496523228346456
20
-6.6944319291338585
11
4.4496985039370074
21
-6.6941627952755907
0
LINE
8
BLACK
6
CONTINUOUS
10
4.4496985039370074
20
-6.6941627952755907
11
4.449605157480315
21
-6.6939062598425192
0
LINE
8
BLACK
6
CONTINUOUS
10
4.449605157480315
20
-6.6939062598425192
11
4.449605157480315
21
-6.6545361811023618
0
LINE
8
BLACK
6
CONTINUOUS
10
4.449605157480315
20
-6.6545361811023618
11
4.4497832283464565
21
-6.6535262598425193
0
LINE
8
BLACK
6
CONTINUOUS
10
4.4497832283464565
20
-6.6535262598425193
11
4.4510815354330706
21
-6.6519790157480312
0
LINE
8
BLACK
6
CONTINUOUS
10
4.4510815354330706
20
-6.6519790157480312
11
4.4530706692913382
21
-6.6516282677165357
0
LINE
8
BLACK
6
CONTINUOUS
10
4.4530706692913382
20
-6.6516282677165357
11
4.4548198425196848
21
-6.6526381889763782
0
LINE
8
BLACK
6
CONTINUOUS
10
4.4548198425196848
20
-6.6526381889763782
11
4.4555106692913382
21
-6.6545361811023618
0
LINE
8
BLACK
6
CONTINUOUS
10
4.4555106692913382
20
-6.6545361811023618
11
4.4555106692913382
21
-6.6827874803149605
0
LINE
8
BLACK
6
CONTINUOUS
10
4.4555106692913382
20
-6.6827874803149605
11
4.472491377952756
21
-6.6530711811023622
0
LINE
8
BLACK
6
CONTINUOUS
10
4.472491377952756
20
-6.6530711811023622
11
4.473147047244094
21
-6.6522826771653545
0
LINE
8
BLACK
6
CONTINUOUS
10
4.473147047244094
20
-6.6522826771653545
11
4.4734031889763779
21
-6.6521881496062987
0
LINE
8
BLACK
6
CONTINUOUS
10
4.4734031889763779
20
-6.6521881496062987
11
4.4735787007874013
21
-6.6519790157480312
0
LINE
8
BLACK
6
CONTINUOUS
10
4.4735787007874013
20
-6.6519790157480312
11
4.4743280708661413
21
-6.6518468503937003
0
LINE
8
BLACK
6
CONTINUOUS
10
4.4743280708661413
20
-6.6518468503937003
11
4.4750419291338579
21
-6.6515834645669294
0
LINE
8
BLACK
6
CONTINUOUS
10
4.4750419291338579
20
-6.6515834645669294
11
4.475298858267716
21
-6.6516756692913388
0
LINE
8
BLACK
6
CONTINUOUS
10
4.5165437007874019
20
-6.6516756692913388
11
4.5168126771653538
21
-6.6516282677165357
0
LINE
8
BLACK
6
CONTINUOUS
10
4.5168126771653538
20
-6.6516282677165357
11
4.5174716141732283
21
-6.6520087007874018
0
LINE
8
BLACK
6
CONTINUOUS
10
4.5174716141732283
20
-6.6520087007874018
11
4.5181878346456692
21
-6.6522657874015749
0
LINE
8
BLACK
6
CONTINUOUS
10
4.5181878346456692
20
-6.6522657874015749
11
4.5183254330708662
21
-6.6525016535433066
0
LINE
8
BLACK
6
CONTINUOUS
10
4.5183254330708662
20
-6.6525016535433066
11
4.5185618503937004
21
-6.6526381889763782
0
LINE
8
BLACK
6
CONTINUOUS
10
4.5185618503937004
20
-6.6526381889763782
11
4.5188220472440941
21
-6.6533530708661415
0
LINE
8
BLACK
6
CONTINUOUS
10
4.5188220472440941
20
-6.6533530708661415
11
4.5192055118110233
21
-6.6540104724409446
0
LINE
8
BLACK
6
CONTINUOUS
10
4.5192055118110233
20
-6.6540104724409446
11
4.519159251968504
21
-6.6542795669291337
0
LINE
8
BLACK
6
CONTINUOUS
10
4.519159251968504
20
-6.6542795669291337
11
4.5192526771653538
21
-6.6545361811023618
0
LINE
8
BLACK
6
CONTINUOUS
10
4.5192526771653538
20
-6.6545361811023618
11
4.5192526771653538
21
-6.6939062598425192
0
LINE
8
BLACK
6
CONTINUOUS
10
4.5192526771653538
20
-6.6939062598425192
11
4.5190746062992124
21
-6.6949161811023616
0
LINE
8
BLACK
6
CONTINUOUS
10
4.5190746062992124
20
-6.6949161811023616
11
4.5177762992125983
21
-6.6964634251968507
0
LINE
8
BLACK
6
CONTINUOUS
10
4.5177762992125983
20
-6.6964634251968507
11
4.5157871653543307
21
-6.6968141732283462
0
LINE
8
BLACK
6
CONTINUOUS
10
4.5157871653543307
20
-6.6968141732283462
11
4.5140379921259841
21
-6.6958042519685037
0
LINE
8
BLACK
6
CONTINUOUS
10
4.5140379921259841
20
-6.6958042519685037
11
4.5133471653543307
21
-6.6939062598425192
0
LINE
8
BLACK
6
CONTINUOUS
10
4.5133471653543307
20
-6.6939062598425192
11
4.5133471653543307
21
-6.6656549212598426
0
LINE
8
BLACK
6
CONTINUOUS
10
4.5133471653543307
20
-6.6656549212598426
11
4.4963664566929129
21
-6.6953712204724409
0
LINE
8
BLACK
6
CONTINUOUS
10
4.4963664566929129
20
-6.6953712204724409
11
4.4957107874015749
21
-6.6961597637795274
0
LINE
8
BLACK
6
CONTINUOUS
10
4.4957107874015749
20
-6.6961597637795274
11
4.4954546062992122
21
-6.6962542519685035
0
LINE
8
BLACK
6
CONTINUOUS
10
4.4954546062992122
20
-6.6962542519685035
11
4.4952791338582676
21
-6.6964634251968507
0
LINE
8
BLACK
6
CONTINUOUS
10
4.4952791338582676
20
-6.6964634251968507
11
4.4945297244094489
21
-6.6965955511811019
0
LINE
8
BLACK
6
CONTINUOUS
10
4.4945297244094489
20
-6.6965955511811019
11
4.493815905511811
21
-6.6968589763779525
0
LINE
8
BLACK
6
CONTINUOUS
10
4.493815905511811
20
-6.6968589763779525
11
4.4935589370078741
21
-6.6967667322834643
0
LINE
8
BLACK
6
CONTINUOUS
10
4.4935589370078741
20
-6.6967667322834643
11
4.49329
21
-6.6968141732283462
0
LINE
8
BLACK
6
CONTINUOUS
10
4.49329
20
-6.6968141732283462
11
4.4926310236220468
21
-6.6964337007874013
0
LINE
8
BLACK
6
CONTINUOUS
10
4.4926310236220468
20
-6.6964337007874013
11
4.4919148425196846
21
-6.6961766535433069
0
LINE
8
BLACK
6
CONTINUOUS
10
4.4919148425196846
20
-6.6961766535433069
11
4.4917772440944885
21
-6.6959407480314956
0
LINE
8
BLACK
6
CONTINUOUS
10
4.4917772440944885
20
-6.6959407480314956
11
4.4915408267716534
21
-6.6958042519685037
0
LINE
8
BLACK
6
CONTINUOUS
10
4.4915408267716534
20
-6.6958042519685037
11
4.491280590551181
21
-6.6950892913385829
0
LINE
8
BLACK
6
CONTINUOUS
10
4.491280590551181
20
-6.6950892913385829
11
4.4908971653543306
21
-6.6944319291338585
0
LINE
8
BLACK
6
CONTINUOUS
10
4.4908971653543306
20
-6.6944319291338585
11
4.4909433464566932
21
-6.6941627952755907
0
LINE
8
BLACK
6
CONTINUOUS
10
4.4909433464566932
20
-6.6941627952755907
11
4.49085
21
-6.6939062598425192
0
LINE
8
BLACK
6
CONTINUOUS
10
4.49085
20
-6.6939062598425192
11
4.49085
21
-6.6545361811023618
0
LINE
8
BLACK
6
CONTINUOUS
10
4.49085
20
-6.6545361811023618
11
4.4910280708661414
21
-6.6535262598425193
0
LINE
8
BLACK
6
CONTINUOUS
10
4.4910280708661414
20
-6.6535262598425193
11
4.4923263779527556
21
-6.6519790157480312
0
LINE
8
BLACK
6
CONTINUOUS
10
4.4923263779527556
20
-6.6519790157480312
11
4.4943155118110232
21
-6.6516282677165357
0
LINE
8
BLACK
6
CONTINUOUS
10
4.4943155118110232
20
-6.6516282677165357
11
4.4960646850393697
21
-6.6526381889763782
0
LINE
8
BLACK
6
CONTINUOUS
10
4.4960646850393697
20
-6.6526381889763782
11
4.4967555118110232
21
-6.6545361811023618
0
LINE
8
BLACK
6
CONTINUOUS
10
4.4967555118110232
20
-6.6545361811023618
11
4.4967555118110232
21
-6.6827874803149605
0
LINE
8
BLACK
6
CONTINUOUS
10
4.4967555118110232
20
-6.6827874803149605
11
4.5137362204724409
21
-6.6530711811023622
0
LINE
8
BLACK
6
CONTINUOUS
10
4.5137362204724409
20
-6.6530711811023622
11
4.5143918897637798
21
-6.6522826771653545
0
LINE
8
BLACK
6
CONTINUOUS
10
4.5143918897637798
20
-6.6522826771653545
11
4.5146480314960629
21
-6.6521881496062987
0
LINE
8
BLACK
6
CONTINUOUS
10
4.5146480314960629
20
-6.6521881496062987
11
4.5148235433070862
21
-6.6519790157480312
0
LINE
8
BLACK
6
CONTINUOUS
10
4.5148235433070862
20
-6.6519790157480312
11
4.5155729133858262
21
-6.6518468503937003
0
LINE
8
BLACK
6
CONTINUOUS
10
4.5155729133858262
20
-6.6518468503937003
11
4.5162867716535429
21
-6.6515834645669294
0
LINE
8
BLACK
6
CONTINUOUS
10
4.5162867716535429
20
-6.6515834645669294
11
4.5165437007874019
21
-6.6516756692913388
0
LINE
8
BLACK
6
CONTINUOUS
10
4.3346125196850389
20
-6.6524010629921255
11
4.3355077165354325
21
-6.6542116535433067
0
LINE
8
BLACK
6
CONTINUOUS
10
4.3355077165354325
20
-6.6542116535433067
11
4.3350297244094484
21
-6.6561740944881889
0
LINE
8
BLACK
6
CONTINUOUS
10
4.3350297244094484
20
-6.6561740944881889
11
4.322998307086614
21
-6.6742212204724405
0
LINE
8
BLACK
6
CONTINUOUS
10
4.322998307086614
20
-6.6742212204724405
11
4.3350297244094484
21
-6.692268346456693
0
LINE
8
BLACK
6
CONTINUOUS
10
4.3350297244094484
20
-6.692268346456693
11
4.3354417716535432
21
-6.6932074409448816
0
LINE
8
BLACK
6
CONTINUOUS
10
4.3354417716535432
20
-6.6932074409448816
11
4.3352197637795271
21
-6.6952150000000001
0
LINE
8
BLACK
6
CONTINUOUS
10
4.3352197637795271
20
-6.6952150000000001
11
4.3337592519685035
21
-6.6966101968503935
0
LINE
8
BLACK
6
CONTINUOUS
10
4.3337592519685035
20
-6.6966101968503935
11
4.331743661417323
21
-6.6967401574803151
0
LINE
8
BLACK
6
CONTINUOUS
10
4.331743661417323
20
-6.6967401574803151
11
4.3301160236220468
21
-6.6955441338582675
0
LINE
8
BLACK
6
CONTINUOUS
10
4.3301160236220468
20
-6.6955441338582675
11
4.3194495275590548
21
-6.67954437007874
0
LINE
8
BLACK
6
CONTINUOUS
10
4.3194495275590548
20
-6.67954437007874
11
4.3087830314960627
21
-6.6955441338582675
0
LINE
8
BLACK
6
CONTINUOUS
10
4.3087830314960627
20
-6.6955441338582675
11
4.3080746456692909
21
-6.6962856692913384
0
LINE
8
BLACK
6
CONTINUOUS
10
4.3080746456692909
20
-6.6962856692913384
11
4.3061361417322832
21
-6.6968529133858263
0
LINE
8
BLACK
6
CONTINUOUS
10
4.3061361417322832
20
-6.6968529133858263
11
4.3042865354330706
21
-6.6960413779527554
0
LINE
8
BLACK
6
CONTINUOUS
10
4.3042865354330706
20
-6.6960413779527554
11
4.303391338582677
21
-6.6942307874015743
0
LINE
8
BLACK
6
CONTINUOUS
10
4.303391338582677
20
-6.6942307874015743
11
4.3038693307086611
21
-6.6922683858267717
0
LINE
8
BLACK
6
CONTINUOUS
10
4.3038693307086611
20
-6.6922683858267717
11
4.3159007480314964
21
-6.6742212204724405
0
LINE
8
BLACK
6
CONTINUOUS
10
4.3159007480314964
20
-6.6742212204724405
11
4.3038693307086611
21
-6.6561740551181101
0
LINE
8
BLACK
6
CONTINUOUS
10
4.3038693307086611
20
-6.6561740551181101
11
4.3034572834645672
21
-6.6552350000000002
0
LINE
8
BLACK
6
CONTINUOUS
10
4.3034572834645672
20
-6.6552350000000002
11
4.3036792913385824
21
-6.6532274409448817
0
LINE
8
BLACK
6
CONTINUOUS
10
4.3036792913385824
20
-6.6532274409448817
11
4.305139803149606
21
-6.6518322440944884
0
LINE
8
BLACK
6
CONTINUOUS
10
4.305139803149606
20
-6.6518322440944884
11
4.3071553937007874
21
-6.6517022834645667
0
LINE
8
BLACK
6
CONTINUOUS
10
4.3071553937007874
20
-6.6517022834645667
11
4.3087830314960627
21
-6.6528983070866143
0
LINE
8
BLACK
6
CONTINUOUS
10
4.3087830314960627
20
-6.6528983070866143
11
4.3194495275590548
21
-6.6688980314960631
0
LINE
8
BLACK
6
CONTINUOUS
10
4.3194495275590548
20
-6.6688980314960631
11
4.3301160236220468
21
-6.6528983070866143
0
LINE
8
BLACK
6
CONTINUOUS
10
4.3301160236220468
20
-6.6528983070866143
11
4.3308244094488186
21
-6.6521567716535435
0
LINE
8
BLACK
6
CONTINUOUS
10
4.3308244094488186
20
-6.6521567716535435
11
4.3327629133858263
21
-6.6515895275590546
0
LINE
8
BLACK
6
CONTINUOUS
10
4.3327629133858263
20
-6.6515895275590546
11
4.3346125196850389
21
-6.6524010629921255
0
LINE
8
BLACK
6
CONTINUOUS
10
6.0281940157480314
20
-6.6614007874015746
11
6.0297412598425195
21
-6.6626990944881888
0
LINE
8
BLACK
6
CONTINUOUS
10
6.0297412598425195
20
-6.6626990944881888
11
6.0300920078740159
21
-6.6646882283464564
0
LINE
8
BLACK
6
CONTINUOUS
10
6.0300920078740159
20
-6.6646882283464564
11
6.0290820866141734
21
-6.6664374015748029
0
LINE
8
BLACK
6
CONTINUOUS
10
6.0290820866141734
20
-6.6664374015748029
11
6.0271840944881889
21
-6.6671282283464564
0
LINE
8
BLACK
6
CONTINUOUS
10
6.0271840944881889
20
-6.6671282283464564
11
5.9971878346456693
21
-6.6671282283464564
0
LINE
8
BLACK
6
CONTINUOUS
10
5.9971878346456693
20
-6.6671282283464564
11
5.9961779133858268
21
-6.6669501574803149
0
LINE
8
BLACK
6
CONTINUOUS
10
5.9961779133858268
20
-6.6669501574803149
11
5.9946306692913387
21
-6.6656518503937008
0
LINE
8
BLACK
6
CONTINUOUS
10
5.9946306692913387
20
-6.6656518503937008
11
5.9942799212598423
21
-6.6636627165354332
0
LINE
8
BLACK
6
CONTINUOUS
10
5.9942799212598423
20
-6.6636627165354332
11
5.9952898425196848
21
-6.6619135433070866
0
LINE
8
BLACK
6
CONTINUOUS
10
5.9952898425196848
20
-6.6619135433070866
11
5.9971878346456693
21
-6.6612227165354332
0
LINE
8
BLACK
6
CONTINUOUS
10
5.9971878346456693
20
-6.6612227165354332
11
6.0271840944881889
21
-6.6612227165354332
0
LINE
8
BLACK
6
CONTINUOUS
10
6.0271840944881889
20
-6.6612227165354332
11
6.0281940157480314
21
-6.6614007874015746
0
LINE
8
BLACK
6
CONTINUOUS
10
5.8291187007874017
20
-6.6182328346456689
11
5.8292881102362202
21
-6.618221929133858
0
LINE
8
BLACK
6
CONTINUOUS
10
5.8292881102362202
20
-6.618221929133858
11
5.8299787007874011
21
-6.6187293700787402
0
LINE
8
BLACK
6
CONTINUOUS
10
5.8299787007874011
20
-6.6187293700787402
11
5.8307208267716533
21
-6.6191578740157482
0
LINE
8
BLACK
6
CONTINUOUS
10
5.8307208267716533
20
-6.6191578740157482
11
5.830778858267716
21
-6.6193173622047246
0
LINE
8
BLACK
6
CONTINUOUS
10
5.830778858267716
20
-6.6193173622047246
11
5.8309157480314964
21
-6.6194179527559056
0
LINE
8
BLACK
6
CONTINUOUS
10
5.8309157480314964
20
-6.6194179527559056
11
5.8345030708661412
21
-6.6247989763779529
0
LINE
8
BLACK
6
CONTINUOUS
10
5.8345030708661412
20
-6.6247989763779529
11
5.8377070472440939
21
-6.6280029527559057
0
LINE
8
BLACK
6
CONTINUOUS
10
5.8377070472440939
20
-6.6280029527559057
11
5.8410279921259844
21
-6.62966342519685
0
LINE
8
BLACK
6
CONTINUOUS
10
5.8410279921259844
20
-6.62966342519685
11
5.8418516535433067
21
-6.6302743307086613
0
LINE
8
BLACK
6
CONTINUOUS
10
5.8418516535433067
20
-6.6302743307086613
11
5.8426549212598422
21
-6.6321275196850396
0
LINE
8
BLACK
6
CONTINUOUS
10
5.8426549212598422
20
-6.6321275196850396
11
5.8420790551181101
21
-6.6340635433070867
0
LINE
8
BLACK
6
CONTINUOUS
10
5.8420790551181101
20
-6.6340635433070867
11
5.8403935039370074
21
-6.6351763779527557
0
LINE
8
BLACK
6
CONTINUOUS
10
5.8403935039370074
20
-6.6351763779527557
11
5.8383869685039365
21
-6.6349454724409451
0
LINE
8
BLACK
6
CONTINUOUS
10
5.8383869685039365
20
-6.6349454724409451
11
5.8346374409448813
21
-6.6330707086614176
0
LINE
8
BLACK
6
CONTINUOUS
10
5.8346374409448813
20
-6.6330707086614176
11
5.8339283464566929
21
-6.6325447637795278
0
LINE
8
BLACK
6
CONTINUOUS
10
5.8339283464566929
20
-6.6325447637795278
11
5.8338700393700789
21
-6.6325175984251965
0
LINE
8
BLACK
6
CONTINUOUS
10
5.8338700393700789
20
-6.6325175984251965
11
5.8314116535433067
21
-6.6300592125984252
0
LINE
8
BLACK
6
CONTINUOUS
10
5.8314116535433067
20
-6.6300592125984252
11
5.8314116535433067
21
-6.6574731889763781
0
LINE
8
BLACK
6
CONTINUOUS
10
5.8314116535433067
20
-6.6574731889763781
11
5.8397074803149609
21
-6.6574731889763781
0
LINE
8
BLACK
6
CONTINUOUS
10
5.8397074803149609
20
-6.6574731889763781
11
5.8407174015748033
21
-6.6576512598425195
0
LINE
8
BLACK
6
CONTINUOUS
10
5.8407174015748033
20
-6.6576512598425195
11
5.8422646456692915
21
-6.6589495669291336
0
LINE
8
BLACK
6
CONTINUOUS
10
5.8422646456692915
20
-6.6589495669291336
11
5.842615393700787
21
-6.6609387007874012
0
LINE
8
BLACK
6
CONTINUOUS
10
5.842615393700787
20
-6.6609387007874012
11
5.8416054724409445
21
-6.6626878740157478
0
LINE
8
BLACK
6
CONTINUOUS
10
5.8416054724409445
20
-6.6626878740157478
11
5.8397074803149609
21
-6.6633787007874012
0
LINE
8
BLACK
6
CONTINUOUS
10
5.8397074803149609
20
-6.6633787007874012
11
5.8172103149606293
21
-6.6633787007874012
0
LINE
8
BLACK
6
CONTINUOUS
10
5.8172103149606293
20
-6.6633787007874012
11
5.8162003937007869
21
-6.6632006299212598
0
LINE
8
BLACK
6
CONTINUOUS
10
5.8162003937007869
20
-6.6632006299212598
11
5.8146531496062988
21
-6.6619023228346457
0
LINE
8
BLACK
6
CONTINUOUS
10
5.8146531496062988
20
-6.6619023228346457
11
5.8143024015748033
21
-6.6599131889763781
0
LINE
8
BLACK
6
CONTINUOUS
10
5.8143024015748033
20
-6.6599131889763781
11
5.8153123228346457
21
-6.6581640157480315
0
LINE
8
BLACK
6
CONTINUOUS
10
5.8153123228346457
20
-6.6581640157480315
11
5.8172103149606293
21
-6.6574731889763781
0
LINE
8
BLACK
6
CONTINUOUS
10
5.8172103149606293
20
-6.6574731889763781
11
5.8255061417322835
21
-6.6574731889763781
0
LINE
8
BLACK
6
CONTINUOUS
10
5.8255061417322835
20
-6.6574731889763781
11
5.8255061417322835
21
-6.6210558661417318
0
LINE
8
BLACK
6
CONTINUOUS
10
5.8255061417322835
20
-6.6210558661417318
11
5.8256842125984249
21
-6.6200459448818894
0
LINE
8
BLACK
6
CONTINUOUS
10
5.8256842125984249
20
-6.6200459448818894
11
5.8257933070866139
21
-6.6199158661417323
0
LINE
8
BLACK
6
CONTINUOUS
10
5.8257933070866139
20
-6.6199158661417323
11
5.8258120078740152
21
-6.6197471259842517
0
LINE
8
BLACK
6
CONTINUOUS
10
5.8258120078740152
20
-6.6197471259842517
11
5.8264316141732282
21
-6.6191551968503939
0
LINE
8
BLACK
6
CONTINUOUS
10
5.8264316141732282
20
-6.6191551968503939
11
5.8269825196850391
21
-6.6184987007874012
0
LINE
8
BLACK
6
CONTINUOUS
10
5.8269825196850391
20
-6.6184987007874012
11
5.8271497244094483
21
-6.6184692125984252
0
LINE
8
BLACK
6
CONTINUOUS
10
5.8271497244094483
20
-6.6184692125984252
11
5.8272725196850397
21
-6.6183519291338584
0
LINE
8
BLACK
6
CONTINUOUS
10
5.8272725196850397
20
-6.6183519291338584
11
5.8281276377952755
21
-6.6182967716535428
0
LINE
8
BLACK
6
CONTINUOUS
10
5.8281276377952755
20
-6.6182967716535428
11
5.8289716535433067
21
-6.6181479527559057
0
LINE
8
BLACK
6
CONTINUOUS
10
5.8289716535433067
20
-6.6181479527559057
11
5.8291187007874017
21
-6.6182328346456689
0
LINE
8
BLACK
6
CONTINUOUS
10
5.8688388976377954
20
-6.6182811811023621
11
5.8689741338582673
21
-6.6183946456692908
0
LINE
8
BLACK
6
CONTINUOUS
10
5.8689741338582673
20
-6.6183946456692908
11
5.8691494881889765
21
-6.6184148425196847
0
LINE
8
BLACK
6
CONTINUOUS
10
5.8691494881889765
20
-6.6184148425196847
11
5.8728990157480316
21
-6.6202896062992123
0
LINE
8
BLACK
6
CONTINUOUS
10
5.8728990157480316
20
-6.6202896062992123
11
5.8736080708661413
21
-6.6208155118110232
0
LINE
8
BLACK
6
CONTINUOUS
10
5.8736080708661413
20
-6.6208155118110232
11
5.8736664173228341
21
-6.6208427165354333
0
LINE
8
BLACK
6
CONTINUOUS
10
5.8736664173228341
20
-6.6208427165354333
11
5.8755411811023617
21
-6.6227174803149609
0
LINE
8
BLACK
6
CONTINUOUS
10
5.8755411811023617
20
-6.6227174803149609
11
5.8760474409448822
21
-6.6234405511811021
0
LINE
8
BLACK
6
CONTINUOUS
10
5.8760474409448822
20
-6.6234405511811021
11
5.8760942913385827
21
-6.6234848818897634
0
LINE
8
BLACK
6
CONTINUOUS
10
5.8760942913385827
20
-6.6234848818897634
11
5.8779690551181103
21
-6.6272344094488185
0
LINE
8
BLACK
6
CONTINUOUS
10
5.8779690551181103
20
-6.6272344094488185
11
5.8781143307086614
21
-6.6277228346456694
0
LINE
8
BLACK
6
CONTINUOUS
10
5.8781143307086614
20
-6.6277228346456694
11
5.8781926377952756
21
-6.6278387795275586
0
LINE
8
BLACK
6
CONTINUOUS
10
5.8781926377952756
20
-6.6278387795275586
11
5.8800674015748031
21
-6.6353378346456688
0
LINE
8
BLACK
6
CONTINUOUS
10
5.8800674015748031
20
-6.6353378346456688
11
5.8801088582677163
21
-6.635925708661417
0
LINE
8
BLACK
6
CONTINUOUS
10
5.8801088582677163
20
-6.635925708661417
11
5.8801555511811019
21
-6.6360539763779522
0
LINE
8
BLACK
6
CONTINUOUS
10
5.8801555511811019
20
-6.6360539763779522
11
5.8801555511811019
21
-6.64542779527559
0
LINE
8
BLACK
6
CONTINUOUS
10
5.8801555511811019
20
-6.64542779527559
11
5.8800531889763779
21
-6.646008149606299
0
LINE
8
BLACK
6
CONTINUOUS
10
5.8800531889763779
20
-6.646008149606299
11
5.8800674015748031
21
-6.6461439370078734
0
LINE
8
BLACK
6
CONTINUOUS
10
5.8800674015748031
20
-6.6461439370078734
11
5.8781926377952756
21
-6.6536429921259845
0
LINE
8
BLACK
6
CONTINUOUS
10
5.8781926377952756
20
-6.6536429921259845
11
5.8779850393700785
21
-6.6541084251968501
0
LINE
8
BLACK
6
CONTINUOUS
10
5.8779850393700785
20
-6.6541084251968501
11
5.8779690551181103
21
-6.6542473622047247
0
LINE
8
BLACK
6
CONTINUOUS
10
5.8779690551181103
20
-6.6542473622047247
11
5.8760942913385827
21
-6.6579968897637798
0
LINE
8
BLACK
6
CONTINUOUS
10
5.8760942913385827
20
-6.6579968897637798
11
5.875568346456693
21
-6.6587059448818895
0
LINE
8
BLACK
6
CONTINUOUS
10
5.875568346456693
20
-6.6587059448818895
11
5.8755411811023617
21
-6.6587642913385823
0
LINE
8
BLACK
6
CONTINUOUS
10
5.8755411811023617
20
-6.6587642913385823
11
5.8736664566929129
21
-6.6606390551181098
0
LINE
8
BLACK
6
CONTINUOUS
10
5.8736664566929129
20
-6.6606390551181098
11
5.8729432677165354
21
-6.6611454330708657
0
LINE
8
BLACK
6
CONTINUOUS
10
5.8729432677165354
20
-6.6611454330708657
11
5.8728990157480316
21
-6.6611922047244096
0
LINE
8
BLACK
6
CONTINUOUS
10
5.8728990157480316
20
-6.6611922047244096
11
5.8691494881889765
21
-6.6630669685039372
0
LINE
8
BLACK
6
CONTINUOUS
10
5.8691494881889765
20
-6.6630669685039372
11
5.8681665354330708
21
-6.6633593307086612
0
LINE
8
BLACK
6
CONTINUOUS
10
5.8681665354330708
20
-6.6633593307086612
11
5.8679948425196846
21
-6.6633183070866142
0
LINE
8
BLACK
6
CONTINUOUS
10
5.8679948425196846
20
-6.6633183070866142
11
5.867828976377953
21
-6.6633787007874012
0
LINE
8
BLACK
6
CONTINUOUS
10
5.867828976377953
20
-6.6633787007874012
11
5.8640794488188979
21
-6.6633787007874012
0
LINE
8
BLACK
6
CONTINUOUS
10
5.8640794488188979
20
-6.6633787007874012
11
5.8630695275590554
21
-6.6632006299212598
0
LINE
8
BLACK
6
CONTINUOUS
10
5.8630695275590554
20
-6.6632006299212598
11
5.8629342519685039
21
-6.6630871259842515
0
LINE
8
BLACK
6
CONTINUOUS
10
5.8629342519685039
20
-6.6630871259842515
11
5.8627589370078743
21
-6.6630669685039372
0
LINE
8
BLACK
6
CONTINUOUS
10
5.8627589370078743
20
-6.6630669685039372
11
5.8590094094488192
21
-6.6611922047244096
0
LINE
8
BLACK
6
CONTINUOUS
10
5.8590094094488192
20
-6.6611922047244096
11
5.8583002755905511
21
-6.6606662204724412
0
LINE
8
BLACK
6
CONTINUOUS
10
5.8583002755905511
20
-6.6606662204724412
11
5.8582419685039371
21
-6.6606390551181098
0
LINE
8
BLACK
6
CONTINUOUS
10
5.8582419685039371
20
-6.6606390551181098
11
5.8563672047244095
21
-6.6587642519685035
0
LINE
8
BLACK
6
CONTINUOUS
10
5.8563672047244095
20
-6.6587642519685035
11
5.8558609055118112
21
-6.6580411811023623
0
LINE
8
BLACK
6
CONTINUOUS
10
5.8558609055118112
20
-6.6580411811023623
11
5.8558141338582672
21
-6.6579968897637798
0
LINE
8
BLACK
6
CONTINUOUS
10
5.8558141338582672
20
-6.6579968897637798
11
5.8539393700787397
21
-6.6542473622047247
0
LINE
8
BLACK
6
CONTINUOUS
10
5.8539393700787397
20
-6.6542473622047247
11
5.8537940551181098
21
-6.653758897637795
0
LINE
8
BLACK
6
CONTINUOUS
10
5.8537940551181098
20
-6.653758897637795
11
5.8537157874015744
21
-6.6536429921259845
0
LINE
8
BLACK
6
CONTINUOUS
10
5.8537157874015744
20
-6.6536429921259845
11
5.8518410236220468
21
-6.6461439370078734
0
LINE
8
BLACK
6
CONTINUOUS
10
5.8518410236220468
20
-6.6461439370078734
11
5.8517995275590549
21
-6.6455560236220474
0
LINE
8
BLACK
6
CONTINUOUS
10
5.8517995275590549
20
-6.6455560236220474
11
5.8517528740157481
21
-6.64542779527559
0
LINE
8
BLACK
6
CONTINUOUS
10
5.8517528740157481
20
-6.64542779527559
11
5.8517528740157481
21
-6.6360539763779522
0
LINE
8
BLACK
6
CONTINUOUS
10
5.8517528740157481
20
-6.6360539763779522
11
5.8518551968503933
21
-6.6354735826771654
0
LINE
8
BLACK
6
CONTINUOUS
10
5.8518551968503933
20
-6.6354735826771654
11
5.8518410236220468
21
-6.6353378346456688
0
LINE
8
BLACK
6
CONTINUOUS
10
5.8518410236220468
20
-6.6353378346456688
11
5.8537157874015744
21
-6.6278387795275586
0
LINE
8
BLACK
6
CONTINUOUS
10
5.8537157874015744
20
-6.6278387795275586
11
5.8539233464566927
21
-6.6273733070866143
0
LINE
8
BLACK
6
CONTINUOUS
10
5.8539233464566927
20
-6.6273733070866143
11
5.8539393700787397
21
-6.6272344094488185
0
LINE
8
BLACK
6
CONTINUOUS
10
5.8539393700787397
20
-6.6272344094488185
11
5.8558141338582672
21
-6.6234848818897634
0
LINE
8
BLACK
6
CONTINUOUS
10
5.8558141338582672
20
-6.6234848818897634
11
5.8563400393700782
21
-6.6227757874015749
0
LINE
8
BLACK
6
CONTINUOUS
10
5.8563400393700782
20
-6.6227757874015749
11
5.8563672440944883
21
-6.6227174803149609
0
LINE
8
BLACK
6
CONTINUOUS
10
5.8563672440944883
20
-6.6227174803149609
11
5.8582420078740158
21
-6.6208427165354333
0
LINE
8
BLACK
6
CONTINUOUS
10
5.8582420078740158
20
-6.6208427165354333
11
5.858965078740157
21
-6.6203364173228341
0
LINE
8
BLACK
6
CONTINUOUS
10
5.858965078740157
20
-6.6203364173228341
11
5.8590094094488192
21
-6.6202896062992123
0
LINE
8
BLACK
6
CONTINUOUS
10
5.8590094094488192
20
-6.6202896062992123
11
5.8627589370078743
21
-6.6184148425196847
0
LINE
8
BLACK
6
CONTINUOUS
10
5.8627589370078743
20
-6.6184148425196847
11
5.8637418503937004
21
-6.6181224803149608
0
LINE
8
BLACK
6
CONTINUOUS
10
5.8637418503937004
20
-6.6181224803149608
11
5.8639135433070866
21
-6.6181634645669289
0
LINE
8
BLACK
6
CONTINUOUS
10
5.8639135433070866
20
-6.6181634645669289
11
5.8640794488188979
21
-6.6181031102362207
0
LINE
8
BLACK
6
CONTINUOUS
10
5.8640794488188979
20
-6.6181031102362207
11
5.867828976377953
21
-6.6181031102362207
0
LINE
8
BLACK
6
CONTINUOUS
10
5.867828976377953
20
-6.6181031102362207
11
5.8688388976377954
21
-6.6182811811023621
0
LINE
8
BLACK
6
CONTINUOUS
10
5.8620790157480309
20
-6.6253573622047242
11
5.8608818897637791
21
-6.626554488188976
0
LINE
8
BLACK
6
CONTINUOUS
10
5.8608818897637791
20
-6.626554488188976
11
5.8593663779527558
21
-6.6295854724409446
0
LINE
8
BLACK
6
CONTINUOUS
10
5.8593663779527558
20
-6.6295854724409446
11
5.8576583858267712
21
-6.6364175196850388
0
LINE
8
BLACK
6
CONTINUOUS
10
5.8576583858267712
20
-6.6364175196850388
11
5.8576583858267712
21
-6.6450642519685035
0
LINE
8
BLACK
6
CONTINUOUS
10
5.8576583858267712
20
-6.6450642519685035
11
5.8593663779527558
21
-6.6518962992125985
0
LINE
8
BLACK
6
CONTINUOUS
10
5.8593663779527558
20
-6.6518962992125985
11
5.8608818897637791
21
-6.6549272834645672
0
LINE
8
BLACK
6
CONTINUOUS
10
5.8608818897637791
20
-6.6549272834645672
11
5.8620790157480309
21
-6.6561244488188978
0
LINE
8
BLACK
6
CONTINUOUS
10
5.8620790157480309
20
-6.6561244488188978
11
5.8647764960629916
21
-6.6574731889763781
0
LINE
8
BLACK
6
CONTINUOUS
10
5.8647764960629916
20
-6.6574731889763781
11
5.8671319291338584
21
-6.6574731889763781
0
LINE
8
BLACK
6
CONTINUOUS
10
5.8671319291338584
20
-6.6574731889763781
11
5.8698293700787403
21
-6.6561244488188978
0
LINE
8
BLACK
6
CONTINUOUS
10
5.8698293700787403
20
-6.6561244488188978
11
5.8710264960629921
21
-6.6549272834645672
0
LINE
8
BLACK
6
CONTINUOUS
10
5.8710264960629921
20
-6.6549272834645672
11
5.8725420078740154
21
-6.6518962992125985
0
LINE
8
BLACK
6
CONTINUOUS
10
5.8725420078740154
20
-6.6518962992125985
11
5.8742500393700787
21
-6.6450642519685035
0
LINE
8
BLACK
6
CONTINUOUS
10
5.8742500393700787
20
-6.6450642519685035
11
5.8742500393700787
21
-6.6364175196850388
0
LINE
8
BLACK
6
CONTINUOUS
10
5.8742500393700787
20
-6.6364175196850388
11
5.8725420078740154
21
-6.6295854724409446
0
LINE
8
BLACK
6
CONTINUOUS
10
5.8725420078740154
20
-6.6295854724409446
11
5.8710265354330708
21
-6.626554488188976
0
LINE
8
BLACK
6
CONTINUOUS
10
5.8710265354330708
20
-6.626554488188976
11
5.869829409448819
21
-6.6253573622047242
0
LINE
8
BLACK
6
CONTINUOUS
10
5.869829409448819
20
-6.6253573622047242
11
5.8671319291338584
21
-6.6240086220472438
0
LINE
8
BLACK
6
CONTINUOUS
10
5.8671319291338584
20
-6.6240086220472438
11
5.8647764960629916
21
-6.6240086220472438
0
LINE
8
BLACK
6
CONTINUOUS
10
5.8647764960629916
20
-6.6240086220472438
11
5.8620790157480309
21
-6.6253573622047242
0
LINE
8
BLACK
6
CONTINUOUS
10
5.9416046456692913
20
-6.6182328346456689
11
5.9417740551181097
21
-6.618221929133858
0
LINE
8
BLACK
6
CONTINUOUS
10
5.9417740551181097
20
-6.618221929133858
11
5.9424646456692916
21
-6.6187293700787402
0
LINE
8
BLACK
6
CONTINUOUS
10
5.9424646456692916
20
-6.6187293700787402
11
5.9432067716535428
21
-6.6191578740157482
0
LINE
8
BLACK
6
CONTINUOUS
10
5.9432067716535428
20
-6.6191578740157482
11
5.9432648031496065
21
-6.6193173622047246
0
LINE
8
BLACK
6
CONTINUOUS
10
5.9432648031496065
20
-6.6193173622047246
11
5.9434016929133859
21
-6.6194179527559056
0
LINE
8
BLACK
6
CONTINUOUS
10
5.9434016929133859
20
-6.6194179527559056
11
5.9469890157480316
21
-6.6247989763779529
0
LINE
8
BLACK
6
CONTINUOUS
10
5.9469890157480316
20
-6.6247989763779529
11
5.9501929921259844
21
-6.6280029527559057
0
LINE
8
BLACK
6
CONTINUOUS
10
5.9501929921259844
20
-6.6280029527559057
11
5.953513937007874
21
-6.62966342519685
0
LINE
8
BLACK
6
CONTINUOUS
10
5.953513937007874
20
-6.62966342519685
11
5.9543375984251963
21
-6.6302743307086613
0
LINE
8
BLACK
6
CONTINUOUS
10
5.9543375984251963
20
-6.6302743307086613
11
5.9551408661417318
21
-6.6321275196850396
0
LINE
8
BLACK
6
CONTINUOUS
10
5.9551408661417318
20
-6.6321275196850396
11
5.9545649999999997
21
-6.6340635433070867
0
LINE
8
BLACK
6
CONTINUOUS
10
5.9545649999999997
20
-6.6340635433070867
11
5.9528794488188979
21
-6.6351763779527557
0
LINE
8
BLACK
6
CONTINUOUS
10
5.9528794488188979
20
-6.6351763779527557
11
5.9508729133858269
21
-6.6349454724409451
0
LINE
8
BLACK
6
CONTINUOUS
10
5.9508729133858269
20
-6.6349454724409451
11
5.9471233858267718
21
-6.6330707086614176
0
LINE
8
BLACK
6
CONTINUOUS
10
5.9471233858267718
20
-6.6330707086614176
11
5.9464142913385825
21
-6.6325447637795278
0
LINE
8
BLACK
6
CONTINUOUS
10
5.9464142913385825
20
-6.6325447637795278
11
5.9463559842519684
21
-6.6325175984251965
0
LINE
8
BLACK
6
CONTINUOUS
10
5.9463559842519684
20
-6.6325175984251965
11
5.9438975984251963
21
-6.6300592125984252
0
LINE
8
BLACK
6
CONTINUOUS
10
5.9438975984251963
20
-6.6300592125984252
11
5.9438975984251963
21
-6.6574731889763781
0
LINE
8
BLACK
6
CONTINUOUS
10
5.9438975984251963
20
-6.6574731889763781
11
5.9521934251968505
21
-6.6574731889763781
0
LINE
8
BLACK
6
CONTINUOUS
10
5.9521934251968505
20
-6.6574731889763781
11
5.9532033464566929
21
-6.6576512598425195
0
LINE
8
BLACK
6
CONTINUOUS
10
5.9532033464566929
20
-6.6576512598425195
11
5.9547505905511811
21
-6.6589495669291336
0
LINE
8
BLACK
6
CONTINUOUS
10
5.9547505905511811
20
-6.6589495669291336
11
5.9551013385826774
21
-6.6609387007874012
0
LINE
8
BLACK
6
CONTINUOUS
10
5.9551013385826774
20
-6.6609387007874012
11
5.9540914173228341
21
-6.6626878740157478
0
LINE
8
BLACK
6
CONTINUOUS
10
5.9540914173228341
20
-6.6626878740157478
11
5.9521934251968505
21
-6.6633787007874012
0
LINE
8
BLACK
6
CONTINUOUS
10
5.9521934251968505
20
-6.6633787007874012
11
5.9296962598425198
21
-6.6633787007874012
0
LINE
8
BLACK
6
CONTINUOUS
10
5.9296962598425198
20
-6.6633787007874012
11
5.9286863385826774
21
-6.6632006299212598
0
LINE
8
BLACK
6
CONTINUOUS
10
5.9286863385826774
20
-6.6632006299212598
11
5.9271390944881892
21
-6.6619023228346457
0
LINE
8
BLACK
6
CONTINUOUS
10
5.9271390944881892
20
-6.6619023228346457
11
5.9267883464566928
21
-6.6599131889763781
0
LINE
8
BLACK
6
CONTINUOUS
10
5.9267883464566928
20
-6.6599131889763781
11
5.9277982677165353
21
-6.6581640157480315
0
LINE
8
BLACK
6
CONTINUOUS
10
5.9277982677165353
20
-6.6581640157480315
11
5.9296962598425198
21
-6.6574731889763781
0
LINE
8
BLACK
6
CONTINUOUS
10
5.9296962598425198
20
-6.6574731889763781
11
5.9379920866141731
21
-6.6574731889763781
0
LINE
8
BLACK
6
CONTINUOUS
10
5.9379920866141731
20
-6.6574731889763781
11
5.9379920866141731
21
-6.6210558661417318
0
LINE
8
BLACK
6
CONTINUOUS
10
5.9379920866141731
20
-6.6210558661417318
11
5.9381701574803145
21
-6.6200459448818894
0
LINE
8
BLACK
6
CONTINUOUS
10
5.9381701574803145
20
-6.6200459448818894
11
5.9382792519685035
21
-6.6199158661417323
0
LINE
8
BLACK
6
CONTINUOUS
10
5.9382792519685035
20
-6.6199158661417323
11
5.9382979527559057
21
-6.6197471259842517
0
LINE
8
BLACK
6
CONTINUOUS
10
5.9382979527559057
20
-6.6197471259842517
11
5.9389175590551178
21
-6.6191551968503939
0
LINE
8
BLACK
6
CONTINUOUS
10
5.9389175590551178
20
-6.6191551968503939
11
5.9394684645669287
21
-6.6184987007874012
0
LINE
8
BLACK
6
CONTINUOUS
10
5.9394684645669287
20
-6.6184987007874012
11
5.9396356692913388
21
-6.6184692125984252
0
LINE
8
BLACK
6
CONTINUOUS
10
5.9396356692913388
20
-6.6184692125984252
11
5.9397584645669292
21
-6.6183519291338584
0
LINE
8
BLACK
6
CONTINUOUS
10
5.9397584645669292
20
-6.6183519291338584
11
5.9406135826771651
21
-6.6182967716535428
0
LINE
8
BLACK
6
CONTINUOUS
10
5.9406135826771651
20
-6.6182967716535428
11
5.9414575984251963
21
-6.6181479527559057
0
LINE
8
BLACK
6
CONTINUOUS
10
5.9414575984251963
20
-6.6181479527559057
11
5.9416046456692913
21
-6.6182328346456689
0
LINE
8
BLACK
6
CONTINUOUS
10
5.981324842519685
20
-6.6182811811023621
11
5.9814600787401577
21
-6.6183946456692908
0
LINE
8
BLACK
6
CONTINUOUS
10
5.9814600787401577
20
-6.6183946456692908
11
5.9816354330708661
21
-6.6184148425196847
0
LINE
8
BLACK
6
CONTINUOUS
10
5.9816354330708661
20
-6.6184148425196847
11
5.9853849606299212
21
-6.6202896062992123
0
LINE
8
BLACK
6
CONTINUOUS
10
5.9853849606299212
20
-6.6202896062992123
11
5.9860940157480318
21
-6.6208155118110232
0
LINE
8
BLACK
6
CONTINUOUS
10
5.9860940157480318
20
-6.6208155118110232
11
5.9861523622047246
21
-6.6208427165354333
0
LINE
8
BLACK
6
CONTINUOUS
10
5.9861523622047246
20
-6.6208427165354333
11
5.9880271259842521
21
-6.6227174803149609
0
LINE
8
BLACK
6
CONTINUOUS
10
5.9880271259842521
20
-6.6227174803149609
11
5.9885333858267717
21
-6.6234405511811021
0
LINE
8
BLACK
6
CONTINUOUS
10
5.9885333858267717
20
-6.6234405511811021
11
5.9885802362204723
21
-6.6234848818897634
0
LINE
8
BLACK
6
CONTINUOUS
10
5.9885802362204723
20
-6.6234848818897634
11
5.9904549999999999
21
-6.6272344094488185
0
LINE
8
BLACK
6
CONTINUOUS
10
5.9904549999999999
20
-6.6272344094488185
11
5.990600275590551
21
-6.6277228346456694
0
LINE
8
BLACK
6
CONTINUOUS
10
5.990600275590551
20
-6.6277228346456694
11
5.9906785826771651
21
-6.6278387795275586
0
LINE
8
BLACK
6
CONTINUOUS
10
5.9906785826771651
20
-6.6278387795275586
11
5.9925533464566927
21
-6.6353378346456688
0
LINE
8
BLACK
6
CONTINUOUS
10
5.9925533464566927
20
-6.6353378346456688
11
5.9925948031496059
21
-6.635925708661417
0
LINE
8
BLACK
6
CONTINUOUS
10
5.9925948031496059
20
-6.635925708661417
11
5.9926414960629923
21
-6.6360539763779522
0
LINE
8
BLACK
6
CONTINUOUS
10
5.9926414960629923
20
-6.6360539763779522
11
5.9926414960629923
21
-6.64542779527559
0
LINE
8
BLACK
6
CONTINUOUS
10
5.9926414960629923
20
-6.64542779527559
11
5.9925391338582674
21
-6.646008149606299
0
LINE
8
BLACK
6
CONTINUOUS
10
5.9925391338582674
20
-6.646008149606299
11
5.9925533464566927
21
-6.6461439370078734
0
LINE
8
BLACK
6
CONTINUOUS
10
5.9925533464566927
20
-6.6461439370078734
11
5.9906785826771651
21
-6.6536429921259845
0
LINE
8
BLACK
6
CONTINUOUS
10
5.9906785826771651
20
-6.6536429921259845
11
5.9904709842519681
21
-6.6541084251968501
0
LINE
8
BLACK
6
CONTINUOUS
10
5.9904709842519681
20
-6.6541084251968501
11
5.9904549999999999
21
-6.6542473622047247
0
LINE
8
BLACK
6
CONTINUOUS
10
5.9904549999999999
20
-6.6542473622047247
11
5.9885802362204723
21
-6.6579968897637798
0
LINE
8
BLACK
6
CONTINUOUS
10
5.9885802362204723
20
-6.6579968897637798
11
5.9880542913385826
21
-6.6587059448818895
0
LINE
8
BLACK
6
CONTINUOUS
10
5.9880542913385826
20
-6.6587059448818895
11
5.9880271259842521
21
-6.6587642913385823
0
LINE
8
BLACK
6
CONTINUOUS
10
5.9880271259842521
20
-6.6587642913385823
11
5.9861524015748033
21
-6.6606390551181098
0
LINE
8
BLACK
6
CONTINUOUS
10
5.9861524015748033
20
-6.6606390551181098
11
5.985429212598425
21
-6.6611454330708657
0
LINE
8
BLACK
6
CONTINUOUS
10
5.985429212598425
20
-6.6611454330708657
11
5.9853849606299212
21
-6.6611922047244096
0
LINE
8
BLACK
6
CONTINUOUS
10
5.9853849606299212
20
-6.6611922047244096
11
5.9816354330708661
21
-6.6630669685039372
0
LINE
8
BLACK
6
CONTINUOUS
10
5.9816354330708661
20
-6.6630669685039372
11
5.9806524803149603
21
-6.6633593307086612
0
LINE
8
BLACK
6
CONTINUOUS
10
5.9806524803149603
20
-6.6633593307086612
11
5.9804807874015751
21
-6.6633183070866142
0
LINE
8
BLACK
6
CONTINUOUS
10
5.9804807874015751
20
-6.6633183070866142
11
5.9803149212598425
21
-6.6633787007874012
0
LINE
8
BLACK
6
CONTINUOUS
10
5.9803149212598425
20
-6.6633787007874012
11
5.9765653937007874
21
-6.6633787007874012
0
LINE
8
BLACK
6
CONTINUOUS
10
5.9765653937007874
20
-6.6633787007874012
11
5.975555472440945
21
-6.6632006299212598
0
LINE
8
BLACK
6
CONTINUOUS
10
5.975555472440945
20
-6.6632006299212598
11
5.9754201968503935
21
-6.6630871259842515
0
LINE
8
BLACK
6
CONTINUOUS
10
5.9754201968503935
20
-6.6630871259842515
11
5.9752448818897639
21
-6.6630669685039372
0
LINE
8
BLACK
6
CONTINUOUS
10
5.9752448818897639
20
-6.6630669685039372
11
5.9714953543307088
21
-6.6611922047244096
0
LINE
8
BLACK
6
CONTINUOUS
10
5.9714953543307088
20
-6.6611922047244096
11
5.9707862204724407
21
-6.6606662204724412
0
LINE
8
BLACK
6
CONTINUOUS
10
5.9707862204724407
20
-6.6606662204724412
11
5.9707279133858266
21
-6.6606390551181098
0
LINE
8
BLACK
6
CONTINUOUS
10
5.9707279133858266
20
-6.6606390551181098
11
5.9688531496062991
21
-6.6587642519685035
0
LINE
8
BLACK
6
CONTINUOUS
10
5.9688531496062991
20
-6.6587642519685035
11
5.9683468503937007
21
-6.6580411811023623
0
LINE
8
BLACK
6
CONTINUOUS
10
5.9683468503937007
20
-6.6580411811023623
11
5.9683000787401577
21
-6.6579968897637798
0
LINE
8
BLACK
6
CONTINUOUS
10
5.9683000787401577
20
-6.6579968897637798
11
5.9664253149606301
21
-6.6542473622047247
0
LINE
8
BLACK
6
CONTINUOUS
10
5.9664253149606301
20
-6.6542473622047247
11
5.9662800000000002
21
-6.653758897637795
0
LINE
8
BLACK
6
CONTINUOUS
10
5.9662800000000002
20
-6.653758897637795
11
5.9662017322834648
21
-6.6536429921259845
0
LINE
8
BLACK
6
CONTINUOUS
10
5.9662017322834648
20
-6.6536429921259845
11
5.9643269685039373
21
-6.6461439370078734
0
LINE
8
BLACK
6
CONTINUOUS
10
5.9643269685039373
20
-6.6461439370078734
11
5.9642854724409444
21
-6.6455560236220474
0
LINE
8
BLACK
6
CONTINUOUS
10
5.9642854724409444
20
-6.6455560236220474
11
5.9642388188976376
21
-6.64542779527559
0
LINE
8
BLACK
6
CONTINUOUS
10
5.9642388188976376
20
-6.64542779527559
11
5.9642388188976376
21
-6.6360539763779522
0
LINE
8
BLACK
6
CONTINUOUS
10
5.9642388188976376
20
-6.6360539763779522
11
5.9643411417322829
21
-6.6354735826771654
0
LINE
8
BLACK
6
CONTINUOUS
10
5.9643411417322829
20
-6.6354735826771654
11
5.9643269685039373
21
-6.6353378346456688
0
LINE
8
BLACK
6
CONTINUOUS
10
5.9643269685039373
20
-6.6353378346456688
11
5.9662017322834648
21
-6.6278387795275586
0
LINE
8
BLACK
6
CONTINUOUS
10
5.9662017322834648
20
-6.6278387795275586
11
5.9664092913385822
21
-6.6273733070866143
0
LINE
8
BLACK
6
CONTINUOUS
10
5.9664092913385822
20
-6.6273733070866143
11
5.9664253149606301
21
-6.6272344094488185
0
LINE
8
BLACK
6
CONTINUOUS
10
5.9664253149606301
20
-6.6272344094488185
11
5.9683000787401577
21
-6.6234848818897634
0
LINE
8
BLACK
6
CONTINUOUS
10
5.9683000787401577
20
-6.6234848818897634
11
5.9688259842519686
21
-6.6227757874015749
0
LINE
8
BLACK
6
CONTINUOUS
10
5.9688259842519686
20
-6.6227757874015749
11
5.9688531889763778
21
-6.6227174803149609
0
LINE
8
BLACK
6
CONTINUOUS
10
5.9688531889763778
20
-6.6227174803149609
11
5.9707279527559054
21
-6.6208427165354333
0
LINE
8
BLACK
6
CONTINUOUS
10
5.9707279527559054
20
-6.6208427165354333
11
5.9714510236220475
21
-6.6203364173228341
0
LINE
8
BLACK
6
CONTINUOUS
10
5.9714510236220475
20
-6.6203364173228341
11
5.9714953543307088
21
-6.6202896062992123
0
LINE
8
BLACK
6
CONTINUOUS
10
5.9714953543307088
20
-6.6202896062992123
11
5.9752448818897639
21
-6.6184148425196847
0
LINE
8
BLACK
6
CONTINUOUS
10
5.9752448818897639
20
-6.6184148425196847
11
5.97622779527559
21
-6.6181224803149608
0
LINE
8
BLACK
6
CONTINUOUS
10
5.97622779527559
20
-6.6181224803149608
11
5.9763994881889762
21
-6.6181634645669289
0
LINE
8
BLACK
6
CONTINUOUS
10
5.9763994881889762
20
-6.6181634645669289
11
5.9765653937007874
21
-6.6181031102362207
0
LINE
8
BLACK
6
CONTINUOUS
10
5.9765653937007874
20
-6.6181031102362207
11
5.9803149212598425
21
-6.6181031102362207
0
LINE
8
BLACK
6
CONTINUOUS
10
5.9803149212598425
20
-6.6181031102362207
11
5.981324842519685
21
-6.6182811811023621
0
LINE
8
BLACK
6
CONTINUOUS
10
5.9745649606299214
20
-6.6253573622047242
11
5.9733678346456696
21
-6.626554488188976
0
LINE
8
BLACK
6
CONTINUOUS
10
5.9733678346456696
20
-6.626554488188976
11
5.9718523228346454
21
-6.6295854724409446
0
LINE
8
BLACK
6
CONTINUOUS
10
5.9718523228346454
20
-6.6295854724409446
11
5.9701443307086617
21
-6.6364175196850388
0
LINE
8
BLACK
6
CONTINUOUS
10
5.9701443307086617
20
-6.6364175196850388
11
5.9701443307086617
21
-6.6450642519685035
0
LINE
8
BLACK
6
CONTINUOUS
10
5.9701443307086617
20
-6.6450642519685035
11
5.9718523228346454
21
-6.6518962992125985
0
LINE
8
BLACK
6
CONTINUOUS
10
5.9718523228346454
20
-6.6518962992125985
11
5.9733678346456696
21
-6.6549272834645672
0
LINE
8
BLACK
6
CONTINUOUS
10
5.9733678346456696
20
-6.6549272834645672
11
5.9745649606299214
21
-6.6561244488188978
0
LINE
8
BLACK
6
CONTINUOUS
10
5.9745649606299214
20
-6.6561244488188978
11
5.977262440944882
21
-6.6574731889763781
0
LINE
8
BLACK
6
CONTINUOUS
10
5.977262440944882
20
-6.6574731889763781
11
5.979617874015748
21
-6.6574731889763781
0
LINE
8
BLACK
6
CONTINUOUS
10
5.979617874015748
20
-6.6574731889763781
11
5.9823153149606298
21
-6.6561244488188978
0
LINE
8
BLACK
6
CONTINUOUS
10
5.9823153149606298
20
-6.6561244488188978
11
5.9835124409448817
21
-6.6549272834645672
0
LINE
8
BLACK
6
CONTINUOUS
10
5.9835124409448817
20
-6.6549272834645672
11
5.9850279527559049
21
-6.6518962992125985
0
LINE
8
BLACK
6
CONTINUOUS
10
5.9850279527559049
20
-6.6518962992125985
11
5.9867359842519683
21
-6.6450642519685035
0
LINE
8
BLACK
6
CONTINUOUS
10
5.9867359842519683
20
-6.6450642519685035
11
5.9867359842519683
21
-6.6364175196850388
0
LINE
8
BLACK
6
CONTINUOUS
10
5.9867359842519683
20
-6.6364175196850388
11
5.9850279527559049
21
-6.6295854724409446
0
LINE
8
BLACK
6
CONTINUOUS
10
5.9850279527559049
20
-6.6295854724409446
11
5.9835124803149604
21
-6.626554488188976
0
LINE
8
BLACK
6
CONTINUOUS
10
5.9835124803149604
20
-6.626554488188976
11
5.9823153543307086
21
-6.6253573622047242
0
LINE
8
BLACK
6
CONTINUOUS
10
5.9823153543307086
20
-6.6253573622047242
11
5.979617874015748
21
-6.6240086220472438
0
LINE
8
BLACK
6
CONTINUOUS
10
5.979617874015748
20
-6.6240086220472438
11
5.977262440944882
21
-6.6240086220472438
0
LINE
8
BLACK
6
CONTINUOUS
10
5.977262440944882
20
-6.6240086220472438
11
5.9745649606299214
21
-6.6253573622047242
0
LINE
8
BLACK
6
CONTINUOUS
10
6.1350556299212595
20
-6.6182811811023621
11
6.1351908661417323
21
-6.6183946456692908
0
LINE
8
BLACK
6
CONTINUOUS
10
6.1351908661417323
20
-6.6183946456692908
11
6.1353662204724406
21
-6.6184148425196847
0
LINE
8
BLACK
6
CONTINUOUS
10
6.1353662204724406
20
-6.6184148425196847
11
6.1391157480314957
21
-6.6202896062992123
0
LINE
8
BLACK
6
CONTINUOUS
10
6.1391157480314957
20
-6.6202896062992123
11
6.1398248031496063
21
-6.6208155118110232
0
LINE
8
BLACK
6
CONTINUOUS
10
6.1398248031496063
20
-6.6208155118110232
11
6.1398831496062991
21
-6.6208427165354333
0
LINE
8
BLACK
6
CONTINUOUS
10
6.1398831496062991
20
-6.6208427165354333
11
6.1436326771653542
21
-6.6245922440944884
0
LINE
8
BLACK
6
CONTINUOUS
10
6.1436326771653542
20
-6.6245922440944884
11
6.1442209055118111
21
-6.6254322834645665
0
LINE
8
BLACK
6
CONTINUOUS
10
6.1442209055118111
20
-6.6254322834645665
11
6.1442462992125986
21
-6.6257225590551183
0
LINE
8
BLACK
6
CONTINUOUS
10
6.1442462992125986
20
-6.6257225590551183
11
6.1444093700787397
21
-6.6259640157480311
0
LINE
8
BLACK
6
CONTINUOUS
10
6.1444093700787397
20
-6.6259640157480311
11
6.1462841338582672
21
-6.6334630708661413
0
LINE
8
BLACK
6
CONTINUOUS
10
6.1462841338582672
20
-6.6334630708661413
11
6.1463255905511813
21
-6.6340509448818894
0
LINE
8
BLACK
6
CONTINUOUS
10
6.1463255905511813
20
-6.6340509448818894
11
6.1463722834645669
21
-6.6341792125984247
0
LINE
8
BLACK
6
CONTINUOUS
10
6.1463722834645669
20
-6.6341792125984247
11
6.1463722834645669
21
-6.6473025590551176
0
LINE
8
BLACK
6
CONTINUOUS
10
6.1463722834645669
20
-6.6473025590551176
11
6.146269921259842
21
-6.6478829133858266
0
LINE
8
BLACK
6
CONTINUOUS
10
6.146269921259842
20
-6.6478829133858266
11
6.1462841338582672
21
-6.648018700787401
0
LINE
8
BLACK
6
CONTINUOUS
10
6.1462841338582672
20
-6.648018700787401
11
6.1444093700787397
21
-6.6555177559055121
0
LINE
8
BLACK
6
CONTINUOUS
10
6.1444093700787397
20
-6.6555177559055121
11
6.1439916535433072
21
-6.6564543307086614
0
LINE
8
BLACK
6
CONTINUOUS
10
6.1439916535433072
20
-6.6564543307086614
11
6.1437558267716534
21
-6.6566253937007875
0
LINE
8
BLACK
6
CONTINUOUS
10
6.1437558267716534
20
-6.6566253937007875
11
6.143632716535433
21
-6.656889488188976
0
LINE
8
BLACK
6
CONTINUOUS
10
6.143632716535433
20
-6.656889488188976
11
6.1398831496062991
21
-6.6606390944881886
0
LINE
8
BLACK
6
CONTINUOUS
10
6.1398831496062991
20
-6.6606390944881886
11
6.1391600393700783
21
-6.6611453543307082
0
LINE
8
BLACK
6
CONTINUOUS
10
6.1391600393700783
20
-6.6611453543307082
11
6.1391157480314957
21
-6.6611922047244096
0
LINE
8
BLACK
6
CONTINUOUS
10
6.1391157480314957
20
-6.6611922047244096
11
6.1353662204724406
21
-6.6630669685039372
0
LINE
8
BLACK
6
CONTINUOUS
10
6.1353662204724406
20
-6.6630669685039372
11
6.1343832677165349
21
-6.6633593307086612
0
LINE
8
BLACK
6
CONTINUOUS
10
6.1343832677165349
20
-6.6633593307086612
11
6.1342115748031496
21
-6.6633183070866142
0
LINE
8
BLACK
6
CONTINUOUS
10
6.1342115748031496
20
-6.6633183070866142
11
6.1340457086614171
21
-6.6633787007874012
0
LINE
8
BLACK
6
CONTINUOUS
10
6.1340457086614171
20
-6.6633787007874012
11
6.1265466535433069
21
-6.6633787007874012
0
LINE
8
BLACK
6
CONTINUOUS
10
6.1265466535433069
20
-6.6633787007874012
11
6.1255367322834644
21
-6.6632006299212598
0
LINE
8
BLACK
6
CONTINUOUS
10
6.1255367322834644
20
-6.6632006299212598
11
6.1254014566929129
21
-6.6630871259842515
0
LINE
8
BLACK
6
CONTINUOUS
10
6.1254014566929129
20
-6.6630871259842515
11
6.1252261417322833
21
-6.6630669685039372
0
LINE
8
BLACK
6
CONTINUOUS
10
6.1252261417322833
20
-6.6630669685039372
11
6.1214766141732282
21
-6.6611922047244096
0
LINE
8
BLACK
6
CONTINUOUS
10
6.1214766141732282
20
-6.6611922047244096
11
6.1207675590551176
21
-6.6606662992125987
0
LINE
8
BLACK
6
CONTINUOUS
10
6.1207675590551176
20
-6.6606662992125987
11
6.1207092125984248
21
-6.6606390944881886
0
LINE
8
BLACK
6
CONTINUOUS
10
6.1207092125984248
20
-6.6606390944881886
11
6.1169596850393697
21
-6.6568895275590547
0
LINE
8
BLACK
6
CONTINUOUS
10
6.1169596850393697
20
-6.6568895275590547
11
6.1163714566929128
21
-6.6560494881889758
0
LINE
8
BLACK
6
CONTINUOUS
10
6.1163714566929128
20
-6.6560494881889758
11
6.1163460629921262
21
-6.6557591732283461
0
LINE
8
BLACK
6
CONTINUOUS
10
6.1163460629921262
20
-6.6557591732283461
11
6.1161829921259843
21
-6.6555177559055121
0
LINE
8
BLACK
6
CONTINUOUS
10
6.1161829921259843
20
-6.6555177559055121
11
6.1143082283464567
21
-6.648018700787401
0
LINE
8
BLACK
6
CONTINUOUS
10
6.1143082283464567
20
-6.648018700787401
11
6.1142667322834647
21
-6.647430787401575
0
LINE
8
BLACK
6
CONTINUOUS
10
6.1142667322834647
20
-6.647430787401575
11
6.114220078740157
21
-6.6473025590551176
0
LINE
8
BLACK
6
CONTINUOUS
10
6.114220078740157
20
-6.6473025590551176
11
6.114220078740157
21
-6.6341792125984247
0
LINE
8
BLACK
6
CONTINUOUS
10
6.114220078740157
20
-6.6341792125984247
11
6.1143224015748032
21
-6.6335988188976378
0
LINE
8
BLACK
6
CONTINUOUS
10
6.1143224015748032
20
-6.6335988188976378
11
6.1143082283464567
21
-6.6334630708661413
0
LINE
8
BLACK
6
CONTINUOUS
10
6.1143082283464567
20
-6.6334630708661413
11
6.1161829921259843
21
-6.6259640157480311
0
LINE
8
BLACK
6
CONTINUOUS
10
6.1161829921259843
20
-6.6259640157480311
11
6.1166007086614176
21
-6.6250274409448817
0
LINE
8
BLACK
6
CONTINUOUS
10
6.1166007086614176
20
-6.6250274409448817
11
6.1168365354330705
21
-6.6248562992125981
0
LINE
8
BLACK
6
CONTINUOUS
10
6.1168365354330705
20
-6.6248562992125981
11
6.1169596850393697
21
-6.6245922440944884
0
LINE
8
BLACK
6
CONTINUOUS
10
6.1169596850393697
20
-6.6245922440944884
11
6.1207092125984248
21
-6.6208427165354333
0
LINE
8
BLACK
6
CONTINUOUS
10
6.1207092125984248
20
-6.6208427165354333
11
6.1214323622047244
21
-6.6203362992125987
0
LINE
8
BLACK
6
CONTINUOUS
10
6.1214323622047244
20
-6.6203362992125987
11
6.1214766141732282
21
-6.6202896062992123
0
LINE
8
BLACK
6
CONTINUOUS
10
6.1214766141732282
20
-6.6202896062992123
11
6.1252261417322833
21
-6.6184148425196847
0
LINE
8
BLACK
6
CONTINUOUS
10
6.1252261417322833
20
-6.6184148425196847
11
6.1262090551181103
21
-6.6181224803149608
0
LINE
8
BLACK
6
CONTINUOUS
10
6.1262090551181103
20
-6.6181224803149608
11
6.1263807480314956
21
-6.6181634645669289
0
LINE
8
BLACK
6
CONTINUOUS
10
6.1263807480314956
20
-6.6181634645669289
11
6.1265466535433069
21
-6.6181031102362207
0
LINE
8
BLACK
6
CONTINUOUS
10
6.1265466535433069
20
-6.6181031102362207
11
6.1340457086614171
21
-6.6181031102362207
0
LINE
8
BLACK
6
CONTINUOUS
10
6.1340457086614171
20
-6.6181031102362207
11
6.1350556299212595
21
-6.6182811811023621
0
LINE
8
BLACK
6
CONTINUOUS
10
6.1245462204724408
20
-6.6253573622047242
11
6.1217138188976374
21
-6.6281897244094488
0
LINE
8
BLACK
6
CONTINUOUS
10
6.1217138188976374
20
-6.6281897244094488
11
6.1201255905511811
21
-6.6345427559055112
0
LINE
8
BLACK
6
CONTINUOUS
10
6.1201255905511811
20
-6.6345427559055112
11
6.1201255905511811
21
-6.646939015748031
0
LINE
8
BLACK
6
CONTINUOUS
10
6.1201255905511811
20
-6.646939015748031
11
6.1217138188976374
21
-6.6532920078740156
0
LINE
8
BLACK
6
CONTINUOUS
10
6.1217138188976374
20
-6.6532920078740156
11
6.1245462204724408
21
-6.6561244488188978
0
LINE
8
BLACK
6
CONTINUOUS
10
6.1245462204724408
20
-6.6561244488188978
11
6.1272437007874014
21
-6.6574731889763781
0
LINE
8
BLACK
6
CONTINUOUS
10
6.1272437007874014
20
-6.6574731889763781
11
6.1333486614173225
21
-6.6574731889763781
0
LINE
8
BLACK
6
CONTINUOUS
10
6.1333486614173225
20
-6.6574731889763781
11
6.1360461023622044
21
-6.6561244488188978
0
LINE
8
BLACK
6
CONTINUOUS
10
6.1360461023622044
20
-6.6561244488188978
11
6.1388785039370077
21
-6.6532920078740156
0
LINE
8
BLACK
6
CONTINUOUS
10
6.1388785039370077
20
-6.6532920078740156
11
6.1404667716535428
21
-6.646939015748031
0
LINE
8
BLACK
6
CONTINUOUS
10
6.1404667716535428
20
-6.646939015748031
11
6.1404667716535428
21
-6.6345427559055112
0
LINE
8
BLACK
6
CONTINUOUS
10
6.1404667716535428
20
-6.6345427559055112
11
6.1388785039370077
21
-6.6281897244094488
0
LINE
8
BLACK
6
CONTINUOUS
10
6.1388785039370077
20
-6.6281897244094488
11
6.1360461417322831
21
-6.6253573622047242
0
LINE
8
BLACK
6
CONTINUOUS
10
6.1360461417322831
20
-6.6253573622047242
11
6.1333486614173225
21
-6.6240086220472438
0
LINE
8
BLACK
6
CONTINUOUS
10
6.1333486614173225
20
-6.6240086220472438
11
6.1272437007874014
21
-6.6240086220472438
0
LINE
8
BLACK
6
CONTINUOUS
10
6.1272437007874014
20
-6.6240086220472438
11
6.1245462204724408
21
-6.6253573622047242
0
LINE
8
BLACK
6
CONTINUOUS
10
6.1705356299212601
20
-6.6182563779527559
11
6.1705999999999994
21
-6.6182546456692908
0
LINE
8
BLACK
6
CONTINUOUS
10
6.1705999999999994
20
-6.6182546456692908
11
6.176224291338583
21
-6.6201294094488183
0
LINE
8
BLACK
6
CONTINUOUS
10
6.176224291338583
20
-6.6201294094488183
11
6.1771260629921256
21
-6.6206176771653542
0
LINE
8
BLACK
6
CONTINUOUS
10
6.1771260629921256
20
-6.6206176771653542
11
6.1772184645669288
21
-6.6207681102362201
0
LINE
8
BLACK
6
CONTINUOUS
10
6.1772184645669288
20
-6.6207681102362201
11
6.177378464566929
21
-6.6208427165354333
0
LINE
8
BLACK
6
CONTINUOUS
10
6.177378464566929
20
-6.6208427165354333
11
6.1811279921259841
21
-6.6245922440944884
0
LINE
8
BLACK
6
CONTINUOUS
10
6.1811279921259841
20
-6.6245922440944884
11
6.1816343700787399
21
-6.6253153937007871
0
LINE
8
BLACK
6
CONTINUOUS
10
6.1816343700787399
20
-6.6253153937007871
11
6.1816811023622042
21
-6.6253596456692909
0
LINE
8
BLACK
6
CONTINUOUS
10
6.1816811023622042
20
-6.6253596456692909
11
6.1835558661417318
21
-6.629109173228346
0
LINE
8
BLACK
6
CONTINUOUS
10
6.1835558661417318
20
-6.629109173228346
11
6.1837011417322829
21
-6.6295975984251969
0
LINE
8
BLACK
6
CONTINUOUS
10
6.1837011417322829
20
-6.6295975984251969
11
6.1837794488188971
21
-6.6297135433070862
0
LINE
8
BLACK
6
CONTINUOUS
10
6.1837794488188971
20
-6.6297135433070862
11
6.1856542125984246
21
-6.6372125984251964
0
LINE
8
BLACK
6
CONTINUOUS
10
6.1856542125984246
20
-6.6372125984251964
11
6.1856956692913387
21
-6.6378004724409445
0
LINE
8
BLACK
6
CONTINUOUS
10
6.1856956692913387
20
-6.6378004724409445
11
6.1857423622047243
21
-6.6379287401574798
0
LINE
8
BLACK
6
CONTINUOUS
10
6.1857423622047243
20
-6.6379287401574798
11
6.1857423622047243
21
-6.6435530314960625
0
LINE
8
BLACK
6
CONTINUOUS
10
6.1857423622047243
20
-6.6435530314960625
11
6.1856400000000002
21
-6.6441333858267715
0
LINE
8
BLACK
6
CONTINUOUS
10
6.1856400000000002
20
-6.6441333858267715
11
6.1856542125984246
21
-6.6442691732283459
0
LINE
8
BLACK
6
CONTINUOUS
10
6.1856542125984246
20
-6.6442691732283459
11
6.1837794488188971
21
-6.651768228346457
0
LINE
8
BLACK
6
CONTINUOUS
10
6.1837794488188971
20
-6.651768228346457
11
6.1835718503937009
21
-6.6522336614173225
0
LINE
8
BLACK
6
CONTINUOUS
10
6.1835718503937009
20
-6.6522336614173225
11
6.1835558661417318
21
-6.6523725984251971
0
LINE
8
BLACK
6
CONTINUOUS
10
6.1835558661417318
20
-6.6523725984251971
11
6.1816811023622042
21
-6.6561221259842522
0
LINE
8
BLACK
6
CONTINUOUS
10
6.1816811023622042
20
-6.6561221259842522
11
6.181155236220472
21
-6.6568311023622044
0
LINE
8
BLACK
6
CONTINUOUS
10
6.181155236220472
20
-6.6568311023622044
11
6.1811280314960628
21
-6.656889488188976
0
LINE
8
BLACK
6
CONTINUOUS
10
6.1811280314960628
20
-6.656889488188976
11
6.177378464566929
21
-6.6606390944881886
0
LINE
8
BLACK
6
CONTINUOUS
10
6.177378464566929
20
-6.6606390944881886
11
6.17653842519685
21
-6.6612272834645667
0
LINE
8
BLACK
6
CONTINUOUS
10
6.17653842519685
20
-6.6612272834645667
11
6.1763625590551179
21
-6.6612426377952758
0
LINE
8
BLACK
6
CONTINUOUS
10
6.1763625590551179
20
-6.6612426377952758
11
6.176224291338583
21
-6.6613524015748027
0
LINE
8
BLACK
6
CONTINUOUS
10
6.176224291338583
20
-6.6613524015748027
11
6.1705999999999994
21
-6.6632271653543302
0
LINE
8
BLACK
6
CONTINUOUS
10
6.1705999999999994
20
-6.6632271653543302
11
6.1697268110236223
21
-6.6633566141732281
0
LINE
8
BLACK
6
CONTINUOUS
10
6.1697268110236223
20
-6.6633566141732281
11
6.1696662598425194
21
-6.6633787007874012
0
LINE
8
BLACK
6
CONTINUOUS
10
6.1696662598425194
20
-6.6633787007874012
11
6.1659167322834643
21
-6.6633787007874012
0
LINE
8
BLACK
6
CONTINUOUS
10
6.1659167322834643
20
-6.6633787007874012
11
6.1650473228346456
21
-6.6632253937007873
0
LINE
8
BLACK
6
CONTINUOUS
10
6.1650473228346456
20
-6.6632253937007873
11
6.1649829527559055
21
-6.6632271653543302
0
LINE
8
BLACK
6
CONTINUOUS
10
6.1649829527559055
20
-6.6632271653543302
11
6.1593587007874016
21
-6.6613524015748027
0
LINE
8
BLACK
6
CONTINUOUS
10
6.1593587007874016
20
-6.6613524015748027
11
6.158456929133858
21
-6.6608640944881889
0
LINE
8
BLACK
6
CONTINUOUS
10
6.158456929133858
20
-6.6608640944881889
11
6.1583644881889761
21
-6.660713661417323
0
LINE
8
BLACK
6
CONTINUOUS
10
6.1583644881889761
20
-6.660713661417323
11
6.1582044881889759
21
-6.6606390551181098
0
LINE
8
BLACK
6
CONTINUOUS
10
6.1582044881889759
20
-6.6606390551181098
11
6.1563297244094484
21
-6.6587642519685035
0
LINE
8
BLACK
6
CONTINUOUS
10
6.1563297244094484
20
-6.6587642519685035
11
6.1557415354330711
21
-6.6579242125984255
0
LINE
8
BLACK
6
CONTINUOUS
10
6.1557415354330711
20
-6.6579242125984255
11
6.1555655511811018
21
-6.6559121259842522
0
LINE
8
BLACK
6
CONTINUOUS
10
6.1555655511811018
20
-6.6559121259842522
11
6.1567240551181097
21
-6.6542575984251968
0
LINE
8
BLACK
6
CONTINUOUS
10
6.1567240551181097
20
-6.6542575984251968
11
6.1586750393700784
21
-6.6537348818897639
0
LINE
8
BLACK
6
CONTINUOUS
10
6.1586750393700784
20
-6.6537348818897639
11
6.1605056299212597
21
-6.6545885039370081
0
LINE
8
BLACK
6
CONTINUOUS
10
6.1605056299212597
20
-6.6545885039370081
11
6.1618874803149604
21
-6.6559703937007875
0
LINE
8
BLACK
6
CONTINUOUS
10
6.1618874803149604
20
-6.6559703937007875
11
6.1663958661417322
21
-6.6574731889763781
0
LINE
8
BLACK
6
CONTINUOUS
10
6.1663958661417322
20
-6.6574731889763781
11
6.1691871259842515
21
-6.6574731889763781
0
LINE
8
BLACK
6
CONTINUOUS
10
6.1691871259842515
20
-6.6574731889763781
11
6.1736955118110233
21
-6.6559703543307087
0
LINE
8
BLACK
6
CONTINUOUS
10
6.1736955118110233
20
-6.6559703543307087
11
6.1766133070866136
21
-6.6530525196850396
0
LINE
8
BLACK
6
CONTINUOUS
10
6.1766133070866136
20
-6.6530525196850396
11
6.1781288188976378
21
-6.650021535433071
0
LINE
8
BLACK
6
CONTINUOUS
10
6.1781288188976378
20
-6.650021535433071
11
6.1798368503937002
21
-6.6431894881889759
0
LINE
8
BLACK
6
CONTINUOUS
10
6.1798368503937002
20
-6.6431894881889759
11
6.1798368503937002
21
-6.6382922834645663
0
LINE
8
BLACK
6
CONTINUOUS
10
6.1798368503937002
20
-6.6382922834645663
11
6.1781288188976378
21
-6.6314602362204722
0
LINE
8
BLACK
6
CONTINUOUS
10
6.1781288188976378
20
-6.6314602362204722
11
6.1766133464566924
21
-6.6284292519685035
0
LINE
8
BLACK
6
CONTINUOUS
10
6.1766133464566924
20
-6.6284292519685035
11
6.1736955118110233
21
-6.6255114173228344
0
LINE
8
BLACK
6
CONTINUOUS
10
6.1736955118110233
20
-6.6255114173228344
11
6.1691871259842515
21
-6.6240086220472438
0
LINE
8
BLACK
6
CONTINUOUS
10
6.1691871259842515
20
-6.6240086220472438
11
6.1663958661417322
21
-6.6240086220472438
0
LINE
8
BLACK
6
CONTINUOUS
10
6.1663958661417322
20
-6.6240086220472438
11
6.1618874803149604
21
-6.6255114173228344
0
LINE
8
BLACK
6
CONTINUOUS
10
6.1618874803149604
20
-6.6255114173228344
11
6.160505590551181
21
-6.6268933070866138
0
LINE
8
BLACK
6
CONTINUOUS
10
6.160505590551181
20
-6.6268933070866138
11
6.159665551181102
21
-6.627481496062992
0
LINE
8
BLACK
6
CONTINUOUS
10
6.159665551181102
20
-6.627481496062992
11
6.1576534645669287
21
-6.6276575590551179
0
LINE
8
BLACK
6
CONTINUOUS
10
6.1576534645669287
20
-6.6276575590551179
11
6.1559988976377955
21
-6.6264990157480312
0
LINE
8
BLACK
6
CONTINUOUS
10
6.1559988976377955
20
-6.6264990157480312
11
6.1554761811023617
21
-6.6245480708661413
0
LINE
8
BLACK
6
CONTINUOUS
10
6.1554761811023617
20
-6.6245480708661413
11
6.1563297637795271
21
-6.6227174803149609
0
LINE
8
BLACK
6
CONTINUOUS
10
6.1563297637795271
20
-6.6227174803149609
11
6.1582045275590547
21
-6.6208427165354333
0
LINE
8
BLACK
6
CONTINUOUS
10
6.1582045275590547
20
-6.6208427165354333
11
6.1590445669291336
21
-6.6202545275590552
0
LINE
8
BLACK
6
CONTINUOUS
10
6.1590445669291336
20
-6.6202545275590552
11
6.159220393700787
21
-6.6202391338582673
0
LINE
8
BLACK
6
CONTINUOUS
10
6.159220393700787
20
-6.6202391338582673
11
6.1593587007874016
21
-6.6201294094488183
0
LINE
8
BLACK
6
CONTINUOUS
10
6.1593587007874016
20
-6.6201294094488183
11
6.1649829527559055
21
-6.6182546456692908
0
LINE
8
BLACK
6
CONTINUOUS
10
6.1649829527559055
20
-6.6182546456692908
11
6.1658561811023622
21
-6.6181251181102363
0
LINE
8
BLACK
6
CONTINUOUS
10
6.1658561811023622
20
-6.6181251181102363
11
6.1659167322834643
21
-6.6181031102362207
0
LINE
8
BLACK
6
CONTINUOUS
10
6.1659167322834643
20
-6.6181031102362207
11
6.1696662598425194
21
-6.6181031102362207
0
LINE
8
BLACK
6
CONTINUOUS
10
6.1696662598425194
20
-6.6181031102362207
11
6.1705356299212601
21
-6.6182563779527559
0
LINE
8
BLACK
6
CONTINUOUS
10
6.0592988582677165
20
-6.6181953543307088
11
6.0595678346456694
21
-6.6181479527559057
0
LINE
8
BLACK
6
CONTINUOUS
10
6.0595678346456694
20
-6.6181479527559057
11
6.060226771653543
21
-6.6185283858267718
0
LINE
8
BLACK
6
CONTINUOUS
10
6.060226771653543
20
-6.6185283858267718
11
6.0609429921259839
21
-6.618785472440945
0
LINE
8
BLACK
6
CONTINUOUS
10
6.0609429921259839
20
-6.618785472440945
11
6.0610805905511809
21
-6.6190213385826766
0
LINE
8
BLACK
6
CONTINUOUS
10
6.0610805905511809
20
-6.6190213385826766
11
6.0613170078740159
21
-6.6191578740157482
0
LINE
8
BLACK
6
CONTINUOUS
10
6.0613170078740159
20
-6.6191578740157482
11
6.0615772047244096
21
-6.6198727559055115
0
LINE
8
BLACK
6
CONTINUOUS
10
6.0615772047244096
20
-6.6198727559055115
11
6.0619606692913388
21
-6.6205301574803146
0
LINE
8
BLACK
6
CONTINUOUS
10
6.0619606692913388
20
-6.6205301574803146
11
6.0619144094488187
21
-6.6207992519685037
0
LINE
8
BLACK
6
CONTINUOUS
10
6.0619144094488187
20
-6.6207992519685037
11
6.0620078346456694
21
-6.6210558661417318
0
LINE
8
BLACK
6
CONTINUOUS
10
6.0620078346456694
20
-6.6210558661417318
11
6.0620078346456694
21
-6.6604259448818892
0
LINE
8
BLACK
6
CONTINUOUS
10
6.0620078346456694
20
-6.6604259448818892
11
6.0618297637795271
21
-6.6614358661417326
0
LINE
8
BLACK
6
CONTINUOUS
10
6.0618297637795271
20
-6.6614358661417326
11
6.0605314566929129
21
-6.6629831102362207
0
LINE
8
BLACK
6
CONTINUOUS
10
6.0605314566929129
20
-6.6629831102362207
11
6.0585423228346453
21
-6.6633338582677162
0
LINE
8
BLACK
6
CONTINUOUS
10
6.0585423228346453
20
-6.6633338582677162
11
6.0567931496062988
21
-6.6623239370078737
0
LINE
8
BLACK
6
CONTINUOUS
10
6.0567931496062988
20
-6.6623239370078737
11
6.0561023228346453
21
-6.6604259448818892
0
LINE
8
BLACK
6
CONTINUOUS
10
6.0561023228346453
20
-6.6604259448818892
11
6.0561023228346453
21
-6.6321746062992126
0
LINE
8
BLACK
6
CONTINUOUS
10
6.0561023228346453
20
-6.6321746062992126
11
6.0391216141732285
21
-6.661890905511811
0
LINE
8
BLACK
6
CONTINUOUS
10
6.0391216141732285
20
-6.661890905511811
11
6.0384659448818896
21
-6.6626794488188974
0
LINE
8
BLACK
6
CONTINUOUS
10
6.0384659448818896
20
-6.6626794488188974
11
6.0382097637795278
21
-6.6627739370078736
0
LINE
8
BLACK
6
CONTINUOUS
10
6.0382097637795278
20
-6.6627739370078736
11
6.0380342913385823
21
-6.6629831102362207
0
LINE
8
BLACK
6
CONTINUOUS
10
6.0380342913385823
20
-6.6629831102362207
11
6.0372848818897635
21
-6.663115236220472
0
LINE
8
BLACK
6
CONTINUOUS
10
6.0372848818897635
20
-6.663115236220472
11
6.0365710629921256
21
-6.6633786614173225
0
LINE
8
BLACK
6
CONTINUOUS
10
6.0365710629921256
20
-6.6633786614173225
11
6.0363140944881888
21
-6.6632864173228343
0
LINE
8
BLACK
6
CONTINUOUS
10
6.0363140944881888
20
-6.6632864173228343
11
6.0360451574803147
21
-6.6633338582677162
0
LINE
8
BLACK
6
CONTINUOUS
10
6.0360451574803147
20
-6.6633338582677162
11
6.0353861811023624
21
-6.6629533858267713
0
LINE
8
BLACK
6
CONTINUOUS
10
6.0353861811023624
20
-6.6629533858267713
11
6.0346700000000002
21
-6.662696338582677
0
LINE
8
BLACK
6
CONTINUOUS
10
6.0346700000000002
20
-6.662696338582677
11
6.0345324015748032
21
-6.6624604330708657
0
LINE
8
BLACK
6
CONTINUOUS
10
6.0345324015748032
20
-6.6624604330708657
11
6.0342959842519681
21
-6.6623239370078737
0
LINE
8
BLACK
6
CONTINUOUS
10
6.0342959842519681
20
-6.6623239370078737
11
6.0340357480314957
21
-6.6616089763779529
0
LINE
8
BLACK
6
CONTINUOUS
10
6.0340357480314957
20
-6.6616089763779529
11
6.0336523228346453
21
-6.6609516141732286
0
LINE
8
BLACK
6
CONTINUOUS
10
6.0336523228346453
20
-6.6609516141732286
11
6.0336985039370079
21
-6.6606824803149607
0
LINE
8
BLACK
6
CONTINUOUS
10
6.0336985039370079
20
-6.6606824803149607
11
6.0336051574803147
21
-6.6604259448818892
0
LINE
8
BLACK
6
CONTINUOUS
10
6.0336051574803147
20
-6.6604259448818892
11
6.0336051574803147
21
-6.6210558661417318
0
LINE
8
BLACK
6
CONTINUOUS
10
6.0336051574803147
20
-6.6210558661417318
11
6.033783228346457
21
-6.6200459448818894
0
LINE
8
BLACK
6
CONTINUOUS
10
6.033783228346457
20
-6.6200459448818894
11
6.0350815354330711
21
-6.6184987007874012
0
LINE
8
BLACK
6
CONTINUOUS
10
6.0350815354330711
20
-6.6184987007874012
11
6.0370706692913387
21
-6.6181479527559057
0
LINE
8
BLACK
6
CONTINUOUS
10
6.0370706692913387
20
-6.6181479527559057
11
6.0388198425196853
21
-6.6191578740157482
0
LINE
8
BLACK
6
CONTINUOUS
10
6.0388198425196853
20
-6.6191578740157482
11
6.0395106692913387
21
-6.6210558661417318
0
LINE
8
BLACK
6
CONTINUOUS
10
6.0395106692913387
20
-6.6210558661417318
11
6.0395106692913387
21
-6.6493071653543305
0
LINE
8
BLACK
6
CONTINUOUS
10
6.0395106692913387
20
-6.6493071653543305
11
6.0564913779527556
21
-6.6195908661417322
0
LINE
8
BLACK
6
CONTINUOUS
10
6.0564913779527556
20
-6.6195908661417322
11
6.0571470472440945
21
-6.6188023622047245
0
LINE
8
BLACK
6
CONTINUOUS
10
6.0571470472440945
20
-6.6188023622047245
11
6.0574031889763775
21
-6.6187078346456687
0
LINE
8
BLACK
6
CONTINUOUS
10
6.0574031889763775
20
-6.6187078346456687
11
6.0575787007874018
21
-6.6184987007874012
0
LINE
8
BLACK
6
CONTINUOUS
10
6.0575787007874018
20
-6.6184987007874012
11
6.0583280708661418
21
-6.6183665354330703
0
LINE
8
BLACK
6
CONTINUOUS
10
6.0583280708661418
20
-6.6183665354330703
11
6.0590419291338584
21
-6.6181031496062994
0
LINE
8
BLACK
6
CONTINUOUS
10
6.0590419291338584
20
-6.6181031496062994
11
6.0592988582677165
21
-6.6181953543307088
0
LINE
8
BLACK
6
CONTINUOUS
10
6.1005437007874015
20
-6.6181953543307088
11
6.1008126771653544
21
-6.6181479527559057
0
LINE
8
BLACK
6
CONTINUOUS
10
6.1008126771653544
20
-6.6181479527559057
11
6.1014716141732279
21
-6.6185283858267718
0
LINE
8
BLACK
6
CONTINUOUS
10
6.1014716141732279
20
-6.6185283858267718
11
6.1021878346456688
21
-6.618785472440945
0
LINE
8
BLACK
6
CONTINUOUS
10
6.1021878346456688
20
-6.618785472440945
11
6.1023254330708658
21
-6.6190213385826766
0
LINE
8
BLACK
6
CONTINUOUS
10
6.1023254330708658
20
-6.6190213385826766
11
6.1025618503937009
21
-6.6191578740157482
0
LINE
8
BLACK
6
CONTINUOUS
10
6.1025618503937009
20
-6.6191578740157482
11
6.1028220472440946
21
-6.6198727559055115
0
LINE
8
BLACK
6
CONTINUOUS
10
6.1028220472440946
20
-6.6198727559055115
11
6.1032055118110238
21
-6.6205301574803146
0
LINE
8
BLACK
6
CONTINUOUS
10
6.1032055118110238
20
-6.6205301574803146
11
6.1031592519685036
21
-6.6207992519685037
0
LINE
8
BLACK
6
CONTINUOUS
10
6.1031592519685036
20
-6.6207992519685037
11
6.1032526771653544
21
-6.6210558661417318
0
LINE
8
BLACK
6
CONTINUOUS
10
6.1032526771653544
20
-6.6210558661417318
11
6.1032526771653544
21
-6.6604259448818892
0
LINE
8
BLACK
6
CONTINUOUS
10
6.1032526771653544
20
-6.6604259448818892
11
6.1030746062992121
21
-6.6614358661417326
0
LINE
8
BLACK
6
CONTINUOUS
10
6.1030746062992121
20
-6.6614358661417326
11
6.1017762992125979
21
-6.6629831102362207
0
LINE
8
BLACK
6
CONTINUOUS
10
6.1017762992125979
20
-6.6629831102362207
11
6.0997871653543303
21
-6.6633338582677162
0
LINE
8
BLACK
6
CONTINUOUS
10
6.0997871653543303
20
-6.6633338582677162
11
6.0980379921259837
21
-6.6623239370078737
0
LINE
8
BLACK
6
CONTINUOUS
10
6.0980379921259837
20
-6.6623239370078737
11
6.0973471653543303
21
-6.6604259448818892
0
LINE
8
BLACK
6
CONTINUOUS
10
6.0973471653543303
20
-6.6604259448818892
11
6.0973471653543303
21
-6.6321746062992126
0
LINE
8
BLACK
6
CONTINUOUS
10
6.0973471653543303
20
-6.6321746062992126
11
6.0803664566929134
21
-6.661890905511811
0
LINE
8
BLACK
6
CONTINUOUS
10
6.0803664566929134
20
-6.661890905511811
11
6.0797107874015746
21
-6.6626794488188974
0
LINE
8
BLACK
6
CONTINUOUS
10
6.0797107874015746
20
-6.6626794488188974
11
6.0794546062992127
21
-6.6627739370078736
0
LINE
8
BLACK
6
CONTINUOUS
10
6.0794546062992127
20
-6.6627739370078736
11
6.0792791338582672
21
-6.6629831102362207
0
LINE
8
BLACK
6
CONTINUOUS
10
6.0792791338582672
20
-6.6629831102362207
11
6.0785297244094485
21
-6.663115236220472
0
LINE
8
BLACK
6
CONTINUOUS
10
6.0785297244094485
20
-6.663115236220472
11
6.0778159055118106
21
-6.6633786614173225
0
LINE
8
BLACK
6
CONTINUOUS
10
6.0778159055118106
20
-6.6633786614173225
11
6.0775589370078738
21
-6.6632864173228343
0
LINE
8
BLACK
6
CONTINUOUS
10
6.0775589370078738
20
-6.6632864173228343
11
6.0772899999999996
21
-6.6633338582677162
0
LINE
8
BLACK
6
CONTINUOUS
10
6.0772899999999996
20
-6.6633338582677162
11
6.0766310236220473
21
-6.6629533858267713
0
LINE
8
BLACK
6
CONTINUOUS
10
6.0766310236220473
20
-6.6629533858267713
11
6.0759148425196852
21
-6.662696338582677
0
LINE
8
BLACK
6
CONTINUOUS
10
6.0759148425196852
20
-6.662696338582677
11
6.0757772440944882
21
-6.6624604330708657
0
LINE
8
BLACK
6
CONTINUOUS
10
6.0757772440944882
20
-6.6624604330708657
11
6.0755408267716531
21
-6.6623239370078737
0
LINE
8
BLACK
6
CONTINUOUS
10
6.0755408267716531
20
-6.6623239370078737
11
6.0752805905511806
21
-6.6616089763779529
0
LINE
8
BLACK
6
CONTINUOUS
10
6.0752805905511806
20
-6.6616089763779529
11
6.0748971653543302
21
-6.6609516141732286
0
LINE
8
BLACK
6
CONTINUOUS
10
6.0748971653543302
20
-6.6609516141732286
11
6.0749433464566929
21
-6.6606824803149607
0
LINE
8
BLACK
6
CONTINUOUS
10
6.0749433464566929
20
-6.6606824803149607
11
6.0748499999999996
21
-6.6604259448818892
0
LINE
8
BLACK
6
CONTINUOUS
10
6.0748499999999996
20
-6.6604259448818892
11
6.0748499999999996
21
-6.6210558661417318
0
LINE
8
BLACK
6
CONTINUOUS
10
6.0748499999999996
20
-6.6210558661417318
11
6.0750280708661419
21
-6.6200459448818894
0
LINE
8
BLACK
6
CONTINUOUS
10
6.0750280708661419
20
-6.6200459448818894
11
6.0763263779527561
21
-6.6184987007874012
0
LINE
8
BLACK
6
CONTINUOUS
10
6.0763263779527561
20
-6.6184987007874012
11
6.0783155118110237
21
-6.6181479527559057
0
LINE
8
BLACK
6
CONTINUOUS
10
6.0783155118110237
20
-6.6181479527559057
11
6.0800646850393703
21
-6.6191578740157482
0
LINE
8
BLACK
6
CONTINUOUS
10
6.0800646850393703
20
-6.6191578740157482
11
6.0807555118110237
21
-6.6210558661417318
0
LINE
8
BLACK
6
CONTINUOUS
10
6.0807555118110237
20
-6.6210558661417318
11
6.0807555118110237
21
-6.6493071653543305
0
LINE
8
BLACK
6
CONTINUOUS
10
6.0807555118110237
20
-6.6493071653543305
11
6.0977362204724406
21
-6.6195908661417322
0
LINE
8
BLACK
6
CONTINUOUS
10
6.0977362204724406
20
-6.6195908661417322
11
6.0983918897637794
21
-6.6188023622047245
0
LINE
8
BLACK
6
CONTINUOUS
10
6.0983918897637794
20
-6.6188023622047245
11
6.0986480314960625
21
-6.6187078346456687
0
LINE
8
BLACK
6
CONTINUOUS
10
6.0986480314960625
20
-6.6187078346456687
11
6.0988235433070868
21
-6.6184987007874012
0
LINE
8
BLACK
6
CONTINUOUS
10
6.0988235433070868
20
-6.6184987007874012
11
6.0995729133858267
21
-6.6183665354330703
0
LINE
8
BLACK
6
CONTINUOUS
10
6.0995729133858267
20
-6.6183665354330703
11
6.1002867716535434
21
-6.6181031496062994
0
LINE
8
BLACK
6
CONTINUOUS
10
6.1002867716535434
20
-6.6181031496062994
11
6.1005437007874015
21
-6.6181953543307088
0
LINE
8
BLACK
6
CONTINUOUS
10
5.9186125196850394
20
-6.6189207480314955
11
5.9195077165354331
21
-6.6207313385826767
0
LINE
8
BLACK
6
CONTINUOUS
10
5.9195077165354331
20
-6.6207313385826767
11
5.919029724409449
21
-6.6226937795275589
0
LINE
8
BLACK
6
CONTINUOUS
10
5.919029724409449
20
-6.6226937795275589
11
5.9069983070866137
21
-6.6407409055118105
0
LINE
8
BLACK
6
CONTINUOUS
10
5.9069983070866137
20
-6.6407409055118105
11
5.919029724409449
21
-6.658788031496063
0
LINE
8
BLACK
6
CONTINUOUS
10
5.919029724409449
20
-6.658788031496063
11
5.9194417716535428
21
-6.6597271259842516
0
LINE
8
BLACK
6
CONTINUOUS
10
5.9194417716535428
20
-6.6597271259842516
11
5.9192197637795276
21
-6.6617346850393702
0
LINE
8
BLACK
6
CONTINUOUS
10
5.9192197637795276
20
-6.6617346850393702
11
5.9177592519685041
21
-6.6631298818897635
0
LINE
8
BLACK
6
CONTINUOUS
10
5.9177592519685041
20
-6.6631298818897635
11
5.9157436614173227
21
-6.6632598425196852
0
LINE
8
BLACK
6
CONTINUOUS
10
5.9157436614173227
20
-6.6632598425196852
11
5.9141160236220474
21
-6.6620638188976375
0
LINE
8
BLACK
6
CONTINUOUS
10
5.9141160236220474
20
-6.6620638188976375
11
5.9034495275590553
21
-6.64606405511811
0
LINE
8
BLACK
6
CONTINUOUS
10
5.9034495275590553
20
-6.64606405511811
11
5.8927830314960632
21
-6.6620638188976375
0
LINE
8
BLACK
6
CONTINUOUS
10
5.8927830314960632
20
-6.6620638188976375
11
5.8920746456692914
21
-6.6628053543307084
0
LINE
8
BLACK
6
CONTINUOUS
10
5.8920746456692914
20
-6.6628053543307084
11
5.8901361417322837
21
-6.6633725984251964
0
LINE
8
BLACK
6
CONTINUOUS
10
5.8901361417322837
20
-6.6633725984251964
11
5.8882865354330711
21
-6.6625610629921255
0
LINE
8
BLACK
6
CONTINUOUS
10
5.8882865354330711
20
-6.6625610629921255
11
5.8873913385826766
21
-6.6607504724409443
0
LINE
8
BLACK
6
CONTINUOUS
10
5.8873913385826766
20
-6.6607504724409443
11
5.8878693307086616
21
-6.6587880708661418
0
LINE
8
BLACK
6
CONTINUOUS
10
5.8878693307086616
20
-6.6587880708661418
11
5.899900748031496
21
-6.6407409055118105
0
LINE
8
BLACK
6
CONTINUOUS
10
5.899900748031496
20
-6.6407409055118105
11
5.8878693307086616
21
-6.6226937401574801
0
LINE
8
BLACK
6
CONTINUOUS
10
5.8878693307086616
20
-6.6226937401574801
11
5.8874572834645669
21
-6.6217546850393703
0
LINE
8
BLACK
6
CONTINUOUS
10
5.8874572834645669
20
-6.6217546850393703
11
5.8876792913385829
21
-6.6197471259842517
0
LINE
8
BLACK
6
CONTINUOUS
10
5.8876792913385829
20
-6.6197471259842517
11
5.8891398031496065
21
-6.6183519291338584
0
LINE
8
BLACK
6
CONTINUOUS
10
5.8891398031496065
20
-6.6183519291338584
11
5.891155393700787
21
-6.6182219685039367
0
LINE
8
BLACK
6
CONTINUOUS
10
5.891155393700787
20
-6.6182219685039367
11
5.8927830314960632
21
-6.6194179921259844
0
LINE
8
BLACK
6
CONTINUOUS
10
5.8927830314960632
20
-6.6194179921259844
11
5.9034495275590553
21
-6.6354177165354331
0
LINE
8
BLACK
6
CONTINUOUS
10
5.9034495275590553
20
-6.6354177165354331
11
5.9141160236220474
21
-6.6194179921259844
0
LINE
8
BLACK
6
CONTINUOUS
10
5.9141160236220474
20
-6.6194179921259844
11
5.9148244094488192
21
-6.6186764566929135
0
LINE
8
BLACK
6
CONTINUOUS
10
5.9148244094488192
20
-6.6186764566929135
11
5.9167629133858268
21
-6.6181092125984247
0
LINE
8
BLACK
6
CONTINUOUS
10
5.9167629133858268
20
-6.6181092125984247
11
5.9186125196850394
21
-6.6189207480314955
0
LINE
8
BLACK
6
CONTINUOUS
10
5.1906946850393698
20
-6.6073281889763775
11
5.1908239370078739
21
-6.6073054330708656
0
LINE
8
BLACK
6
CONTINUOUS
10
5.1908239370078739
20
-6.6073054330708656
11
5.1909375196850389
21
-6.6073710236220471
0
LINE
8
BLACK
6
CONTINUOUS
10
5.1909375196850389
20
-6.6073710236220471
11
5.1913211023622043
21
-6.6074386614173228
0
LINE
8
BLACK
6
CONTINUOUS
10
5.1913211023622043
20
-6.6074386614173228
11
5.1919087795275587
21
-6.6079317716535435
0
LINE
8
BLACK
6
CONTINUOUS
10
5.1919087795275587
20
-6.6079317716535435
11
5.1925731102362205
21
-6.6083153543307089
0
LINE
8
BLACK
6
CONTINUOUS
10
5.1925731102362205
20
-6.6083153543307089
11
5.1926642125984248
21
-6.6085656692913384
0
LINE
8
BLACK
6
CONTINUOUS
10
5.1926642125984248
20
-6.6085656692913384
11
5.1928683464566925
21
-6.608736968503937
0
LINE
8
BLACK
6
CONTINUOUS
10
5.1928683464566925
20
-6.608736968503937
11
5.1930015748031497
21
-6.6094925196850394
0
LINE
8
BLACK
6
CONTINUOUS
10
5.1930015748031497
20
-6.6094925196850394
11
5.1932639370078739
21
-6.6102133464566926
0
LINE
8
BLACK
6
CONTINUOUS
10
5.1932639370078739
20
-6.6102133464566926
11
5.1932639370078739
21
-6.64958342519685
0
LINE
8
BLACK
6
CONTINUOUS
10
5.1932639370078739
20
-6.64958342519685
11
5.1931962992125982
21
-6.6499669291338579
0
LINE
8
BLACK
6
CONTINUOUS
10
5.1931962992125982
20
-6.6499669291338579
11
5.1932190944881889
21
-6.650096181102362
0
LINE
8
BLACK
6
CONTINUOUS
10
5.1932190944881889
20
-6.650096181102362
11
5.1931534645669286
21
-6.650209763779527
0
LINE
8
BLACK
6
CONTINUOUS
10
5.1931534645669286
20
-6.650209763779527
11
5.1930858661417325
21
-6.6505933464566924
0
LINE
8
BLACK
6
CONTINUOUS
10
5.1930858661417325
20
-6.6505933464566924
11
5.1925927165354331
21
-6.6511810236220468
0
LINE
8
BLACK
6
CONTINUOUS
10
5.1925927165354331
20
-6.6511810236220468
11
5.1922091732283464
21
-6.6518453543307086
0
LINE
8
BLACK
6
CONTINUOUS
10
5.1922091732283464
20
-6.6518453543307086
11
5.1919588188976373
21
-6.6519364566929129
0
LINE
8
BLACK
6
CONTINUOUS
10
5.1919588188976373
20
-6.6519364566929129
11
5.1917875590551184
21
-6.6521405905511806
0
LINE
8
BLACK
6
CONTINUOUS
10
5.1917875590551184
20
-6.6521405905511806
11
5.1910319685039372
21
-6.6522738188976378
0
LINE
8
BLACK
6
CONTINUOUS
10
5.1910319685039372
20
-6.6522738188976378
11
5.1903111811023619
21
-6.652536181102362
0
LINE
8
BLACK
6
CONTINUOUS
10
5.1903111811023619
20
-6.652536181102362
11
5.1809373622047241
21
-6.652536181102362
0
LINE
8
BLACK
6
CONTINUOUS
10
5.1809373622047241
20
-6.652536181102362
11
5.1800679527559055
21
-6.652382874015748
0
LINE
8
BLACK
6
CONTINUOUS
10
5.1800679527559055
20
-6.652382874015748
11
5.1800035826771653
21
-6.652384645669291
0
LINE
8
BLACK
6
CONTINUOUS
10
5.1800035826771653
20
-6.652384645669291
11
5.1743793307086614
21
-6.6505098818897634
0
LINE
8
BLACK
6
CONTINUOUS
10
5.1743793307086614
20
-6.6505098818897634
11
5.1734775590551179
21
-6.6500215748031497
0
LINE
8
BLACK
6
CONTINUOUS
10
5.1734775590551179
20
-6.6500215748031497
11
5.1733851574803147
21
-6.6498711811023616
0
LINE
8
BLACK
6
CONTINUOUS
10
5.1733851574803147
20
-6.6498711811023616
11
5.1732251574803145
21
-6.6497965748031493
0
LINE
8
BLACK
6
CONTINUOUS
10
5.1732251574803145
20
-6.6497965748031493
11
5.1694756299212594
21
-6.6460470078740155
0
LINE
8
BLACK
6
CONTINUOUS
10
5.1694756299212594
20
-6.6460470078740155
11
5.1689692125984248
21
-6.645323818897638
0
LINE
8
BLACK
6
CONTINUOUS
10
5.1689692125984248
20
-6.645323818897638
11
5.1689225196850392
21
-6.6452796062992121
0
LINE
8
BLACK
6
CONTINUOUS
10
5.1689225196850392
20
-6.6452796062992121
11
5.1670477559055117
21
-6.641530078740157
0
LINE
8
BLACK
6
CONTINUOUS
10
5.1670477559055117
20
-6.641530078740157
11
5.1669024409448818
21
-6.6410416141732282
0
LINE
8
BLACK
6
CONTINUOUS
10
5.1669024409448818
20
-6.6410416141732282
11
5.1668241732283464
21
-6.6409257086614168
0
LINE
8
BLACK
6
CONTINUOUS
10
5.1668241732283464
20
-6.6409257086614168
11
5.1649494094488189
21
-6.6334266535433066
0
LINE
8
BLACK
6
CONTINUOUS
10
5.1649494094488189
20
-6.6334266535433066
11
5.1649079133858269
21
-6.6328387401574798
0
LINE
8
BLACK
6
CONTINUOUS
10
5.1649079133858269
20
-6.6328387401574798
11
5.1648612598425192
21
-6.6327105118110232
0
LINE
8
BLACK
6
CONTINUOUS
10
5.1648612598425192
20
-6.6327105118110232
11
5.1648612598425192
21
-6.6270862204724406
0
LINE
8
BLACK
6
CONTINUOUS
10
5.1648612598425192
20
-6.6270862204724406
11
5.1649635826771654
21
-6.6265058267716537
0
LINE
8
BLACK
6
CONTINUOUS
10
5.1649635826771654
20
-6.6265058267716537
11
5.1649494094488189
21
-6.6263700787401572
0
LINE
8
BLACK
6
CONTINUOUS
10
5.1649494094488189
20
-6.6263700787401572
11
5.1668241732283464
21
-6.6188710236220469
0
LINE
8
BLACK
6
CONTINUOUS
10
5.1668241732283464
20
-6.6188710236220469
11
5.1670317322834647
21
-6.6184055511811026
0
LINE
8
BLACK
6
CONTINUOUS
10
5.1670317322834647
20
-6.6184055511811026
11
5.1670477559055117
21
-6.6182666535433068
0
LINE
8
BLACK
6
CONTINUOUS
10
5.1670477559055117
20
-6.6182666535433068
11
5.1689225196850392
21
-6.6145171259842517
0
LINE
8
BLACK
6
CONTINUOUS
10
5.1689225196850392
20
-6.6145171259842517
11
5.1694484251968502
21
-6.6138080314960632
0
LINE
8
BLACK
6
CONTINUOUS
10
5.1694484251968502
20
-6.6138080314960632
11
5.1694756299212594
21
-6.6137497244094483
0
LINE
8
BLACK
6
CONTINUOUS
10
5.1694756299212594
20
-6.6137497244094483
11
5.1732251574803145
21
-6.6100001968503932
0
LINE
8
BLACK
6
CONTINUOUS
10
5.1732251574803145
20
-6.6100001968503932
11
5.1740651968503935
21
-6.6094119685039372
0
LINE
8
BLACK
6
CONTINUOUS
10
5.1740651968503935
20
-6.6094119685039372
11
5.1742411023622044
21
-6.6093965748031493
0
LINE
8
BLACK
6
CONTINUOUS
10
5.1742411023622044
20
-6.6093965748031493
11
5.1743793307086614
21
-6.6092868897637791
0
LINE
8
BLACK
6
CONTINUOUS
10
5.1743793307086614
20
-6.6092868897637791
11
5.1800035826771653
21
-6.6074121259842515
0
LINE
8
BLACK
6
CONTINUOUS
10
5.1800035826771653
20
-6.6074121259842515
11
5.1808768110236221
21
-6.6072825984251971
0
LINE
8
BLACK
6
CONTINUOUS
10
5.1808768110236221
20
-6.6072825984251971
11
5.1809373622047241
21
-6.6072605905511805
0
LINE
8
BLACK
6
CONTINUOUS
10
5.1809373622047241
20
-6.6072605905511805
11
5.1903111811023619
21
-6.6072605905511805
0
LINE
8
BLACK
6
CONTINUOUS
10
5.1903111811023619
20
-6.6072605905511805
11
5.1906946850393698
21
-6.6073281889763775
0
LINE
8
BLACK
6
CONTINUOUS
10
5.1769081102362202
20
-6.6146688976377952
11
5.1739902755905511
21
-6.6175867322834643
0
LINE
8
BLACK
6
CONTINUOUS
10
5.1739902755905511
20
-6.6175867322834643
11
5.1724747637795279
21
-6.620617716535433
0
LINE
8
BLACK
6
CONTINUOUS
10
5.1724747637795279
20
-6.620617716535433
11
5.1707667716535433
21
-6.6274497637795271
0
LINE
8
BLACK
6
CONTINUOUS
10
5.1707667716535433
20
-6.6274497637795271
11
5.1707667716535433
21
-6.6323469685039367
0
LINE
8
BLACK
6
CONTINUOUS
10
5.1707667716535433
20
-6.6323469685039367
11
5.1724747637795279
21
-6.6391790157480317
0
LINE
8
BLACK
6
CONTINUOUS
10
5.1724747637795279
20
-6.6391790157480317
11
5.1739902755905511
21
-6.6422099999999995
0
LINE
8
BLACK
6
CONTINUOUS
10
5.1739902755905511
20
-6.6422099999999995
11
5.1769081102362202
21
-6.6451278740157482
0
LINE
8
BLACK
6
CONTINUOUS
10
5.1769081102362202
20
-6.6451278740157482
11
5.181416496062992
21
-6.6466306692913388
0
LINE
8
BLACK
6
CONTINUOUS
10
5.181416496062992
20
-6.6466306692913388
11
5.1873584251968499
21
-6.6466306692913388
0
LINE
8
BLACK
6
CONTINUOUS
10
5.1873584251968499
20
-6.6466306692913388
11
5.1873584251968499
21
-6.6131661023622046
0
LINE
8
BLACK
6
CONTINUOUS
10
5.1873584251968499
20
-6.6131661023622046
11
5.181416496062992
21
-6.6131661023622046
0
LINE
8
BLACK
6
CONTINUOUS
10
5.181416496062992
20
-6.6131661023622046
11
5.1769081102362202
21
-6.6146688976377952
0
LINE
8
BLACK
6
CONTINUOUS
10
5.1531996062992125
20
-6.3009583464566932
11
5.1533348425196852
21
-6.3010718110236219
0
LINE
8
BLACK
6
CONTINUOUS
10
5.1533348425196852
20
-6.3010718110236219
11
5.1535101968503936
21
-6.3010920078740158
0
LINE
8
BLACK
6
CONTINUOUS
10
5.1535101968503936
20
-6.3010920078740158
11
5.1572597244094487
21
-6.3029667716535434
0
LINE
8
BLACK
6
CONTINUOUS
10
5.1572597244094487
20
-6.3029667716535434
11
5.1579687795275593
21
-6.3034926771653543
0
LINE
8
BLACK
6
CONTINUOUS
10
5.1579687795275593
20
-6.3034926771653543
11
5.1580271259842521
21
-6.3035198818897635
0
LINE
8
BLACK
6
CONTINUOUS
10
5.1580271259842521
20
-6.3035198818897635
11
5.1599018897637796
21
-6.3053946456692911
0
LINE
8
BLACK
6
CONTINUOUS
10
5.1599018897637796
20
-6.3053946456692911
11
5.1604081496062992
21
-6.3061177165354332
0
LINE
8
BLACK
6
CONTINUOUS
10
5.1604081496062992
20
-6.3061177165354332
11
5.1604549999999998
21
-6.3061620472440945
0
LINE
8
BLACK
6
CONTINUOUS
10
5.1604549999999998
20
-6.3061620472440945
11
5.1623297637795273
21
-6.3099115748031496
0
LINE
8
BLACK
6
CONTINUOUS
10
5.1623297637795273
20
-6.3099115748031496
11
5.1624750393700785
21
-6.3103999999999996
0
LINE
8
BLACK
6
CONTINUOUS
10
5.1624750393700785
20
-6.3103999999999996
11
5.1625533464566926
21
-6.3105159448818897
0
LINE
8
BLACK
6
CONTINUOUS
10
5.1625533464566926
20
-6.3105159448818897
11
5.1644281102362202
21
-6.3180149999999999
0
LINE
8
BLACK
6
CONTINUOUS
10
5.1644281102362202
20
-6.3180149999999999
11
5.1644695669291334
21
-6.318602874015748
0
LINE
8
BLACK
6
CONTINUOUS
10
5.1644695669291334
20
-6.318602874015748
11
5.1645162598425198
21
-6.3187311417322833
0
LINE
8
BLACK
6
CONTINUOUS
10
5.1645162598425198
20
-6.3187311417322833
11
5.1645162598425198
21
-6.3281049606299211
0
LINE
8
BLACK
6
CONTINUOUS
10
5.1645162598425198
20
-6.3281049606299211
11
5.1644138976377949
21
-6.3286853149606301
0
LINE
8
BLACK
6
CONTINUOUS
10
5.1644138976377949
20
-6.3286853149606301
11
5.1644281102362202
21
-6.3288211023622045
0
LINE
8
BLACK
6
CONTINUOUS
10
5.1644281102362202
20
-6.3288211023622045
11
5.1625533464566926
21
-6.3363201574803147
0
LINE
8
BLACK
6
CONTINUOUS
10
5.1625533464566926
20
-6.3363201574803147
11
5.1623457480314956
21
-6.3367855905511812
0
LINE
8
BLACK
6
CONTINUOUS
10
5.1623457480314956
20
-6.3367855905511812
11
5.1623297637795273
21
-6.3369245275590549
0
LINE
8
BLACK
6
CONTINUOUS
10
5.1623297637795273
20
-6.3369245275590549
11
5.1604549999999998
21
-6.34067405511811
0
LINE
8
BLACK
6
CONTINUOUS
10
5.1604549999999998
20
-6.34067405511811
11
5.1599290551181101
21
-6.3413831102362206
0
LINE
8
BLACK
6
CONTINUOUS
10
5.1599290551181101
20
-6.3413831102362206
11
5.1599018897637796
21
-6.3414414566929134
0
LINE
8
BLACK
6
CONTINUOUS
10
5.1599018897637796
20
-6.3414414566929134
11
5.1580271653543308
21
-6.3433162204724409
0
LINE
8
BLACK
6
CONTINUOUS
10
5.1580271653543308
20
-6.3433162204724409
11
5.1573039763779525
21
-6.3438225984251968
0
LINE
8
BLACK
6
CONTINUOUS
10
5.1573039763779525
20
-6.3438225984251968
11
5.1572597244094487
21
-6.3438693700787399
0
LINE
8
BLACK
6
CONTINUOUS
10
5.1572597244094487
20
-6.3438693700787399
11
5.1535101968503936
21
-6.3457441338582674
0
LINE
8
BLACK
6
CONTINUOUS
10
5.1535101968503936
20
-6.3457441338582674
11
5.1525272440944878
21
-6.3460364960629922
0
LINE
8
BLACK
6
CONTINUOUS
10
5.1525272440944878
20
-6.3460364960629922
11
5.1523555511811026
21
-6.3459954724409444
0
LINE
8
BLACK
6
CONTINUOUS
10
5.1523555511811026
20
-6.3459954724409444
11
5.15218968503937
21
-6.3460558661417323
0
LINE
8
BLACK
6
CONTINUOUS
10
5.15218968503937
20
-6.3460558661417323
11
5.1484401574803149
21
-6.3460558661417323
0
LINE
8
BLACK
6
CONTINUOUS
10
5.1484401574803149
20
-6.3460558661417323
11
5.1474302362204725
21
-6.34587779527559
0
LINE
8
BLACK
6
CONTINUOUS
10
5.1474302362204725
20
-6.34587779527559
11
5.147294960629921
21
-6.3457642913385826
0
LINE
8
BLACK
6
CONTINUOUS
10
5.147294960629921
20
-6.3457642913385826
11
5.1471196456692914
21
-6.3457441338582674
0
LINE
8
BLACK
6
CONTINUOUS
10
5.1471196456692914
20
-6.3457441338582674
11
5.1433701181102363
21
-6.3438693700787399
0
LINE
8
BLACK
6
CONTINUOUS
10
5.1433701181102363
20
-6.3438693700787399
11
5.1426609842519682
21
-6.3433433858267714
0
LINE
8
BLACK
6
CONTINUOUS
10
5.1426609842519682
20
-6.3433433858267714
11
5.1426026771653541
21
-6.3433162204724409
0
LINE
8
BLACK
6
CONTINUOUS
10
5.1426026771653541
20
-6.3433162204724409
11
5.1407279133858266
21
-6.3414414173228346
0
LINE
8
BLACK
6
CONTINUOUS
10
5.1407279133858266
20
-6.3414414173228346
11
5.1402216141732282
21
-6.3407183464566925
0
LINE
8
BLACK
6
CONTINUOUS
10
5.1402216141732282
20
-6.3407183464566925
11
5.1401748425196851
21
-6.34067405511811
0
LINE
8
BLACK
6
CONTINUOUS
10
5.1401748425196851
20
-6.34067405511811
11
5.1383000787401576
21
-6.3369245275590549
0
LINE
8
BLACK
6
CONTINUOUS
10
5.1383000787401576
20
-6.3369245275590549
11
5.1381547637795277
21
-6.3364360629921261
0
LINE
8
BLACK
6
CONTINUOUS
10
5.1381547637795277
20
-6.3364360629921261
11
5.1380764960629923
21
-6.3363201574803147
0
LINE
8
BLACK
6
CONTINUOUS
10
5.1380764960629923
20
-6.3363201574803147
11
5.1362017322834648
21
-6.3288211023622045
0
LINE
8
BLACK
6
CONTINUOUS
10
5.1362017322834648
20
-6.3288211023622045
11
5.1361602362204719
21
-6.3282331889763777
0
LINE
8
BLACK
6
CONTINUOUS
10
5.1361602362204719
20
-6.3282331889763777
11
5.1361135826771651
21
-6.3281049606299211
0
LINE
8
BLACK
6
CONTINUOUS
10
5.1361135826771651
20
-6.3281049606299211
11
5.1361135826771651
21
-6.3187311417322833
0
LINE
8
BLACK
6
CONTINUOUS
10
5.1361135826771651
20
-6.3187311417322833
11
5.1362159055118113
21
-6.3181507480314956
0
LINE
8
BLACK
6
CONTINUOUS
10
5.1362159055118113
20
-6.3181507480314956
11
5.1362017322834648
21
-6.3180149999999999
0
LINE
8
BLACK
6
CONTINUOUS
10
5.1362017322834648
20
-6.3180149999999999
11
5.1380764960629923
21
-6.3105159448818897
0
LINE
8
BLACK
6
CONTINUOUS
10
5.1380764960629923
20
-6.3105159448818897
11
5.1382840551181097
21
-6.3100504724409445
0
LINE
8
BLACK
6
CONTINUOUS
10
5.1382840551181097
20
-6.3100504724409445
11
5.1383000787401576
21
-6.3099115748031496
0
LINE
8
BLACK
6
CONTINUOUS
10
5.1383000787401576
20
-6.3099115748031496
11
5.1401748425196851
21
-6.3061620472440945
0
LINE
8
BLACK
6
CONTINUOUS
10
5.1401748425196851
20
-6.3061620472440945
11
5.1407007480314961
21
-6.3054529527559051
0
LINE
8
BLACK
6
CONTINUOUS
10
5.1407007480314961
20
-6.3054529527559051
11
5.1407279527559053
21
-6.3053946456692911
0
LINE
8
BLACK
6
CONTINUOUS
10
5.1407279527559053
20
-6.3053946456692911
11
5.1426027165354329
21
-6.3035198818897635
0
LINE
8
BLACK
6
CONTINUOUS
10
5.1426027165354329
20
-6.3035198818897635
11
5.143325787401575
21
-6.3030135826771652
0
LINE
8
BLACK
6
CONTINUOUS
10
5.143325787401575
20
-6.3030135826771652
11
5.1433701181102363
21
-6.3029667716535434
0
LINE
8
BLACK
6
CONTINUOUS
10
5.1433701181102363
20
-6.3029667716535434
11
5.1471196456692914
21
-6.3010920078740158
0
LINE
8
BLACK
6
CONTINUOUS
10
5.1471196456692914
20
-6.3010920078740158
11
5.1481025590551184
21
-6.300799645669291
0
LINE
8
BLACK
6
CONTINUOUS
10
5.1481025590551184
20
-6.300799645669291
11
5.1482742519685036
21
-6.30084062992126
0
LINE
8
BLACK
6
CONTINUOUS
10
5.1482742519685036
20
-6.30084062992126
11
5.1484401574803149
21
-6.3007802755905509
0
LINE
8
BLACK
6
CONTINUOUS
10
5.1484401574803149
20
-6.3007802755905509
11
5.15218968503937
21
-6.3007802755905509
0
LINE
8
BLACK
6
CONTINUOUS
10
5.15218968503937
20
-6.3007802755905509
11
5.1531996062992125
21
-6.3009583464566932
0
LINE
8
BLACK
6
CONTINUOUS
10
5.1464397244094489
20
-6.3080345275590552
11
5.145242598425197
21
-6.3092316535433071
0
LINE
8
BLACK
6
CONTINUOUS
10
5.145242598425197
20
-6.3092316535433071
11
5.1437270866141729
21
-6.3122626377952757
0
LINE
8
BLACK
6
CONTINUOUS
10
5.1437270866141729
20
-6.3122626377952757
11
5.1420190944881892
21
-6.3190946850393699
0
LINE
8
BLACK
6
CONTINUOUS
10
5.1420190944881892
20
-6.3190946850393699
11
5.1420190944881892
21
-6.3277414173228346
0
LINE
8
BLACK
6
CONTINUOUS
10
5.1420190944881892
20
-6.3277414173228346
11
5.1437270866141729
21
-6.3345734645669287
0
LINE
8
BLACK
6
CONTINUOUS
10
5.1437270866141729
20
-6.3345734645669287
11
5.145242598425197
21
-6.3376044488188974
0
LINE
8
BLACK
6
CONTINUOUS
10
5.145242598425197
20
-6.3376044488188974
11
5.1464397244094489
21
-6.338801614173228
0
LINE
8
BLACK
6
CONTINUOUS
10
5.1464397244094489
20
-6.338801614173228
11
5.1491372047244095
21
-6.3401503543307083
0
LINE
8
BLACK
6
CONTINUOUS
10
5.1491372047244095
20
-6.3401503543307083
11
5.1514926377952754
21
-6.3401503543307083
0
LINE
8
BLACK
6
CONTINUOUS
10
5.1514926377952754
20
-6.3401503543307083
11
5.1541900787401573
21
-6.338801614173228
0
LINE
8
BLACK
6
CONTINUOUS
10
5.1541900787401573
20
-6.338801614173228
11
5.1553872047244091
21
-6.3376044488188974
0
LINE
8
BLACK
6
CONTINUOUS
10
5.1553872047244091
20
-6.3376044488188974
11
5.1569027165354333
21
-6.3345734645669287
0
LINE
8
BLACK
6
CONTINUOUS
10
5.1569027165354333
20
-6.3345734645669287
11
5.1586107480314958
21
-6.3277414173228346
0
LINE
8
BLACK
6
CONTINUOUS
10
5.1586107480314958
20
-6.3277414173228346
11
5.1586107480314958
21
-6.3190946850393699
0
LINE
8
BLACK
6
CONTINUOUS
10
5.1586107480314958
20
-6.3190946850393699
11
5.1569027165354333
21
-6.3122626377952757
0
LINE
8
BLACK
6
CONTINUOUS
10
5.1569027165354333
20
-6.3122626377952757
11
5.1553872440944879
21
-6.3092316535433071
0
LINE
8
BLACK
6
CONTINUOUS
10
5.1553872440944879
20
-6.3092316535433071
11
5.1541901181102361
21
-6.3080345275590552
0
LINE
8
BLACK
6
CONTINUOUS
10
5.1541901181102361
20
-6.3080345275590552
11
5.1514926377952754
21
-6.3066857874015749
0
LINE
8
BLACK
6
CONTINUOUS
10
5.1514926377952754
20
-6.3066857874015749
11
5.1491372047244095
21
-6.3066857874015749
0
LINE
8
BLACK
6
CONTINUOUS
10
5.1491372047244095
20
-6.3066857874015749
11
5.1464397244094489
21
-6.3080345275590552
0
LINE
8
BLACK
6
CONTINUOUS
10
5.1906949212598423
20
-6.3009583464566932
11
5.1908301574803151
21
-6.3010718110236219
0
LINE
8
BLACK
6
CONTINUOUS
10
5.1908301574803151
20
-6.3010718110236219
11
5.1910055118110234
21
-6.3010920078740158
0
LINE
8
BLACK
6
CONTINUOUS
10
5.1910055118110234
20
-6.3010920078740158
11
5.1947550393700785
21
-6.3029667716535434
0
LINE
8
BLACK
6
CONTINUOUS
10
5.1947550393700785
20
-6.3029667716535434
11
5.1954640944881891
21
-6.3034926771653543
0
LINE
8
BLACK
6
CONTINUOUS
10
5.1954640944881891
20
-6.3034926771653543
11
5.1955224409448819
21
-6.3035198818897635
0
LINE
8
BLACK
6
CONTINUOUS
10
5.1955224409448819
20
-6.3035198818897635
11
5.1973972047244095
21
-6.3053946456692911
0
LINE
8
BLACK
6
CONTINUOUS
10
5.1973972047244095
20
-6.3053946456692911
11
5.1979034645669291
21
-6.3061177165354332
0
LINE
8
BLACK
6
CONTINUOUS
10
5.1979034645669291
20
-6.3061177165354332
11
5.1979503149606296
21
-6.3061620472440945
0
LINE
8
BLACK
6
CONTINUOUS
10
5.1979503149606296
20
-6.3061620472440945
11
5.1998250787401572
21
-6.3099115748031496
0
LINE
8
BLACK
6
CONTINUOUS
10
5.1998250787401572
20
-6.3099115748031496
11
5.1999703543307083
21
-6.3103999999999996
0
LINE
8
BLACK
6
CONTINUOUS
10
5.1999703543307083
20
-6.3103999999999996
11
5.2000486614173225
21
-6.3105159448818897
0
LINE
8
BLACK
6
CONTINUOUS
10
5.2000486614173225
20
-6.3105159448818897
11
5.20192342519685
21
-6.3180149999999999
0
LINE
8
BLACK
6
CONTINUOUS
10
5.20192342519685
20
-6.3180149999999999
11
5.2019648818897632
21
-6.318602874015748
0
LINE
8
BLACK
6
CONTINUOUS
10
5.2019648818897632
20
-6.318602874015748
11
5.2020115748031497
21
-6.3187311417322833
0
LINE
8
BLACK
6
CONTINUOUS
10
5.2020115748031497
20
-6.3187311417322833
11
5.2020115748031497
21
-6.3281049606299211
0
LINE
8
BLACK
6
CONTINUOUS
10
5.2020115748031497
20
-6.3281049606299211
11
5.2019092125984248
21
-6.3286853149606301
0
LINE
8
BLACK
6
CONTINUOUS
10
5.2019092125984248
20
-6.3286853149606301
11
5.20192342519685
21
-6.3288211023622045
0
LINE
8
BLACK
6
CONTINUOUS
10
5.20192342519685
20
-6.3288211023622045
11
5.2000486614173225
21
-6.3363201574803147
0
LINE
8
BLACK
6
CONTINUOUS
10
5.2000486614173225
20
-6.3363201574803147
11
5.1998410629921255
21
-6.3367855905511812
0
LINE
8
BLACK
6
CONTINUOUS
10
5.1998410629921255
20
-6.3367855905511812
11
5.1998250787401572
21
-6.3369245275590549
0
LINE
8
BLACK
6
CONTINUOUS
10
5.1998250787401572
20
-6.3369245275590549
11
5.1979503149606296
21
-6.34067405511811
0
LINE
8
BLACK
6
CONTINUOUS
10
5.1979503149606296
20
-6.34067405511811
11
5.1974243700787399
21
-6.3413831102362206
0
LINE
8
BLACK
6
CONTINUOUS
10
5.1974243700787399
20
-6.3413831102362206
11
5.1973972047244095
21
-6.3414414566929134
0
LINE
8
BLACK
6
CONTINUOUS
10
5.1973972047244095
20
-6.3414414566929134
11
5.1955224803149607
21
-6.3433162204724409
0
LINE
8
BLACK
6
CONTINUOUS
10
5.1955224803149607
20
-6.3433162204724409
11
5.1947992913385823
21
-6.3438225984251968
0
LINE
8
BLACK
6
CONTINUOUS
10
5.1947992913385823
20
-6.3438225984251968
11
5.1947550393700785
21
-6.3438693700787399
0
LINE
8
BLACK
6
CONTINUOUS
10
5.1947550393700785
20
-6.3438693700787399
11
5.1910055118110234
21
-6.3457441338582674
0
LINE
8
BLACK
6
CONTINUOUS
10
5.1910055118110234
20
-6.3457441338582674
11
5.1900225590551177
21
-6.3460364960629922
0
LINE
8
BLACK
6
CONTINUOUS
10
5.1900225590551177
20
-6.3460364960629922
11
5.1898508661417324
21
-6.3459954724409444
0
LINE
8
BLACK
6
CONTINUOUS
10
5.1898508661417324
20
-6.3459954724409444
11
5.1896849999999999
21
-6.3460558661417323
0
LINE
8
BLACK
6
CONTINUOUS
10
5.1896849999999999
20
-6.3460558661417323
11
5.1859354724409448
21
-6.3460558661417323
0
LINE
8
BLACK
6
CONTINUOUS
10
5.1859354724409448
20
-6.3460558661417323
11
5.1849255511811023
21
-6.34587779527559
0
LINE
8
BLACK
6
CONTINUOUS
10
5.1849255511811023
20
-6.34587779527559
11
5.1847902755905508
21
-6.3457642913385826
0
LINE
8
BLACK
6
CONTINUOUS
10
5.1847902755905508
20
-6.3457642913385826
11
5.1846149606299212
21
-6.3457441338582674
0
LINE
8
BLACK
6
CONTINUOUS
10
5.1846149606299212
20
-6.3457441338582674
11
5.1808654330708661
21
-6.3438693700787399
0
LINE
8
BLACK
6
CONTINUOUS
10
5.1808654330708661
20
-6.3438693700787399
11
5.180156299212598
21
-6.3433433858267714
0
LINE
8
BLACK
6
CONTINUOUS
10
5.180156299212598
20
-6.3433433858267714
11
5.180097992125984
21
-6.3433162204724409
0
LINE
8
BLACK
6
CONTINUOUS
10
5.180097992125984
20
-6.3433162204724409
11
5.1782232283464564
21
-6.3414414173228346
0
LINE
8
BLACK
6
CONTINUOUS
10
5.1782232283464564
20
-6.3414414173228346
11
5.1777169291338581
21
-6.3407183464566925
0
LINE
8
BLACK
6
CONTINUOUS
10
5.1777169291338581
20
-6.3407183464566925
11
5.177670157480315
21
-6.34067405511811
0
LINE
8
BLACK
6
CONTINUOUS
10
5.177670157480315
20
-6.34067405511811
11
5.1757953937007875
21
-6.3369245275590549
0
LINE
8
BLACK
6
CONTINUOUS
10
5.1757953937007875
20
-6.3369245275590549
11
5.1756500787401576
21
-6.3364360629921261
0
LINE
8
BLACK
6
CONTINUOUS
10
5.1756500787401576
20
-6.3364360629921261
11
5.1755718110236222
21
-6.3363201574803147
0
LINE
8
BLACK
6
CONTINUOUS
10
5.1755718110236222
20
-6.3363201574803147
11
5.1736970472440946
21
-6.3288211023622045
0
LINE
8
BLACK
6
CONTINUOUS
10
5.1736970472440946
20
-6.3288211023622045
11
5.1736555511811027
21
-6.3282331889763777
0
LINE
8
BLACK
6
CONTINUOUS
10
5.1736555511811027
20
-6.3282331889763777
11
5.173608897637795
21
-6.3281049606299211
0
LINE
8
BLACK
6
CONTINUOUS
10
5.173608897637795
20
-6.3281049606299211
11
5.173608897637795
21
-6.3187311417322833
0
LINE
8
BLACK
6
CONTINUOUS
10
5.173608897637795
20
-6.3187311417322833
11
5.1737112204724411
21
-6.3181507480314956
0
LINE
8
BLACK
6
CONTINUOUS
10
5.1737112204724411
20
-6.3181507480314956
11
5.1736970472440946
21
-6.3180149999999999
0
LINE
8
BLACK
6
CONTINUOUS
10
5.1736970472440946
20
-6.3180149999999999
11
5.1755718110236222
21
-6.3105159448818897
0
LINE
8
BLACK
6
CONTINUOUS
10
5.1755718110236222
20
-6.3105159448818897
11
5.1757793700787404
21
-6.3100504724409445
0
LINE
8
BLACK
6
CONTINUOUS
10
5.1757793700787404
20
-6.3100504724409445
11
5.1757953937007875
21
-6.3099115748031496
0
LINE
8
BLACK
6
CONTINUOUS
10
5.1757953937007875
20
-6.3099115748031496
11
5.177670157480315
21
-6.3061620472440945
0
LINE
8
BLACK
6
CONTINUOUS
10
5.177670157480315
20
-6.3061620472440945
11
5.178196062992126
21
-6.3054529527559051
0
LINE
8
BLACK
6
CONTINUOUS
10
5.178196062992126
20
-6.3054529527559051
11
5.1782232677165352
21
-6.3053946456692911
0
LINE
8
BLACK
6
CONTINUOUS
10
5.1782232677165352
20
-6.3053946456692911
11
5.1800980314960627
21
-6.3035198818897635
0
LINE
8
BLACK
6
CONTINUOUS
10
5.1800980314960627
20
-6.3035198818897635
11
5.1808211023622048
21
-6.3030135826771652
0
LINE
8
BLACK
6
CONTINUOUS
10
5.1808211023622048
20
-6.3030135826771652
11
5.1808654330708661
21
-6.3029667716535434
0
LINE
8
BLACK
6
CONTINUOUS
10
5.1808654330708661
20
-6.3029667716535434
11
5.1846149606299212
21
-6.3010920078740158
0
LINE
8
BLACK
6
CONTINUOUS
10
5.1846149606299212
20
-6.3010920078740158
11
5.1855978740157482
21
-6.300799645669291
0
LINE
8
BLACK
6
CONTINUOUS
10
5.1855978740157482
20
-6.300799645669291
11
5.1857695669291335
21
-6.30084062992126
0
LINE
8
BLACK
6
CONTINUOUS
10
5.1857695669291335
20
-6.30084062992126
11
5.1859354724409448
21
-6.3007802755905509
0
LINE
8
BLACK
6
CONTINUOUS
10
5.1859354724409448
20
-6.3007802755905509
11
5.1896849999999999
21
-6.3007802755905509
0
LINE
8
BLACK
6
CONTINUOUS
10
5.1896849999999999
20
-6.3007802755905509
11
5.1906949212598423
21
-6.3009583464566932
0
LINE
8
BLACK
6
CONTINUOUS
10
5.1839350393700787
20
-6.3080345275590552
11
5.1827379133858269
21
-6.3092316535433071
0
LINE
8
BLACK
6
CONTINUOUS
10
5.1827379133858269
20
-6.3092316535433071
11
5.1812224015748027
21
-6.3122626377952757
0
LINE
8
BLACK
6
CONTINUOUS
10
5.1812224015748027
20
-6.3122626377952757
11
5.179514409448819
21
-6.3190946850393699
0
LINE
8
BLACK
6
CONTINUOUS
10
5.179514409448819
20
-6.3190946850393699
11
5.179514409448819
21
-6.3277414173228346
0
LINE
8
BLACK
6
CONTINUOUS
10
5.179514409448819
20
-6.3277414173228346
11
5.1812224015748027
21
-6.3345734645669287
0
LINE
8
BLACK
6
CONTINUOUS
10
5.1812224015748027
20
-6.3345734645669287
11
5.1827379133858269
21
-6.3376044488188974
0
LINE
8
BLACK
6
CONTINUOUS
10
5.1827379133858269
20
-6.3376044488188974
11
5.1839350393700787
21
-6.338801614173228
0
LINE
8
BLACK
6
CONTINUOUS
10
5.1839350393700787
20
-6.338801614173228
11
5.1866325196850394
21
-6.3401503543307083
0
LINE
8
BLACK
6
CONTINUOUS
10
5.1866325196850394
20
-6.3401503543307083
11
5.1889879527559053
21
-6.3401503543307083
0
LINE
8
BLACK
6
CONTINUOUS
10
5.1889879527559053
20
-6.3401503543307083
11
5.1916853937007872
21
-6.338801614173228
0
LINE
8
BLACK
6
CONTINUOUS
10
5.1916853937007872
20
-6.338801614173228
11
5.192882519685039
21
-6.3376044488188974
0
LINE
8
BLACK
6
CONTINUOUS
10
5.192882519685039
20
-6.3376044488188974
11
5.1943980314960632
21
-6.3345734645669287
0
LINE
8
BLACK
6
CONTINUOUS
10
5.1943980314960632
20
-6.3345734645669287
11
5.1961060629921256
21
-6.3277414173228346
0
LINE
8
BLACK
6
CONTINUOUS
10
5.1961060629921256
20
-6.3277414173228346
11
5.1961060629921256
21
-6.3190946850393699
0
LINE
8
BLACK
6
CONTINUOUS
10
5.1961060629921256
20
-6.3190946850393699
11
5.1943980314960632
21
-6.3122626377952757
0
LINE
8
BLACK
6
CONTINUOUS
10
5.1943980314960632
20
-6.3122626377952757
11
5.1928825590551178
21
-6.3092316535433071
0
LINE
8
BLACK
6
CONTINUOUS
10
5.1928825590551178
20
-6.3092316535433071
11
5.1916854330708659
21
-6.3080345275590552
0
LINE
8
BLACK
6
CONTINUOUS
10
5.1916854330708659
20
-6.3080345275590552
11
5.1889879527559053
21
-6.3066857874015749
0
LINE
8
BLACK
6
CONTINUOUS
10
5.1889879527559053
20
-6.3066857874015749
11
5.1866325196850394
21
-6.3066857874015749
0
LINE
8
BLACK
6
CONTINUOUS
10
5.1866325196850394
20
-6.3066857874015749
11
5.1839350393700787
21
-6.3080345275590552
0
LINE
8
BLACK
6
CONTINUOUS
10
5.2259653543307083
20
-6.30091
11
5.2261347637795277
21
-6.3008990944881891
0
LINE
8
BLACK
6
CONTINUOUS
10
5.2261347637795277
20
-6.3008990944881891
11
5.2268253543307086
21
-6.3014065354330704
0
LINE
8
BLACK
6
CONTINUOUS
10
5.2268253543307086
20
-6.3014065354330704
11
5.2275674803149608
21
-6.3018350393700784
0
LINE
8
BLACK
6
CONTINUOUS
10
5.2275674803149608
20
-6.3018350393700784
11
5.2276255118110235
21
-6.3019945275590548
0
LINE
8
BLACK
6
CONTINUOUS
10
5.2276255118110235
20
-6.3019945275590548
11
5.227762401574803
21
-6.3020951181102358
0
LINE
8
BLACK
6
CONTINUOUS
10
5.227762401574803
20
-6.3020951181102358
11
5.2313497244094487
21
-6.3074761417322831
0
LINE
8
BLACK
6
CONTINUOUS
10
5.2313497244094487
20
-6.3074761417322831
11
5.2345537007874015
21
-6.3106801181102359
0
LINE
8
BLACK
6
CONTINUOUS
10
5.2345537007874015
20
-6.3106801181102359
11
5.2378746456692911
21
-6.3123405905511811
0
LINE
8
BLACK
6
CONTINUOUS
10
5.2378746456692911
20
-6.3123405905511811
11
5.2386983070866142
21
-6.3129514960629916
0
LINE
8
BLACK
6
CONTINUOUS
10
5.2386983070866142
20
-6.3129514960629916
11
5.2395015748031497
21
-6.3148046850393698
0
LINE
8
BLACK
6
CONTINUOUS
10
5.2395015748031497
20
-6.3148046850393698
11
5.2389257086614176
21
-6.3167407086614169
0
LINE
8
BLACK
6
CONTINUOUS
10
5.2389257086614176
20
-6.3167407086614169
11
5.2372401574803149
21
-6.3178535433070868
0
LINE
8
BLACK
6
CONTINUOUS
10
5.2372401574803149
20
-6.3178535433070868
11
5.235233622047244
21
-6.3176226377952753
0
LINE
8
BLACK
6
CONTINUOUS
10
5.235233622047244
20
-6.3176226377952753
11
5.2314840944881889
21
-6.3157478740157478
0
LINE
8
BLACK
6
CONTINUOUS
10
5.2314840944881889
20
-6.3157478740157478
11
5.2307749999999995
21
-6.315221929133858
0
LINE
8
BLACK
6
CONTINUOUS
10
5.2307749999999995
20
-6.315221929133858
11
5.2307166929133855
21
-6.3151947637795276
0
LINE
8
BLACK
6
CONTINUOUS
10
5.2307166929133855
20
-6.3151947637795276
11
5.2282583070866142
21
-6.3127363779527554
0
LINE
8
BLACK
6
CONTINUOUS
10
5.2282583070866142
20
-6.3127363779527554
11
5.2282583070866142
21
-6.3401503543307083
0
LINE
8
BLACK
6
CONTINUOUS
10
5.2282583070866142
20
-6.3401503543307083
11
5.2365541338582675
21
-6.3401503543307083
0
LINE
8
BLACK
6
CONTINUOUS
10
5.2365541338582675
20
-6.3401503543307083
11
5.23756405511811
21
-6.3403284251968506
0
LINE
8
BLACK
6
CONTINUOUS
10
5.23756405511811
20
-6.3403284251968506
11
5.2391112992125981
21
-6.3416267322834647
0
LINE
8
BLACK
6
CONTINUOUS
10
5.2391112992125981
20
-6.3416267322834647
11
5.2394620472440945
21
-6.3436158661417323
0
LINE
8
BLACK
6
CONTINUOUS
10
5.2394620472440945
20
-6.3436158661417323
11
5.238452125984252
21
-6.3453650393700789
0
LINE
8
BLACK
6
CONTINUOUS
10
5.238452125984252
20
-6.3453650393700789
11
5.2365541338582675
21
-6.3460558661417323
0
LINE
8
BLACK
6
CONTINUOUS
10
5.2365541338582675
20
-6.3460558661417323
11
5.2140569685039369
21
-6.3460558661417323
0
LINE
8
BLACK
6
CONTINUOUS
10
5.2140569685039369
20
-6.3460558661417323
11
5.2130470472440944
21
-6.34587779527559
0
LINE
8
BLACK
6
CONTINUOUS
10
5.2130470472440944
20
-6.34587779527559
11
5.2114998031496063
21
-6.3445794881889759
0
LINE
8
BLACK
6
CONTINUOUS
10
5.2114998031496063
20
-6.3445794881889759
11
5.2111490551181099
21
-6.3425903543307083
0
LINE
8
BLACK
6
CONTINUOUS
10
5.2111490551181099
20
-6.3425903543307083
11
5.2121589763779523
21
-6.3408411811023617
0
LINE
8
BLACK
6
CONTINUOUS
10
5.2121589763779523
20
-6.3408411811023617
11
5.2140569685039369
21
-6.3401503543307083
0
LINE
8
BLACK
6
CONTINUOUS
10
5.2140569685039369
20
-6.3401503543307083
11
5.2223527952755902
21
-6.3401503543307083
0
LINE
8
BLACK
6
CONTINUOUS
10
5.2223527952755902
20
-6.3401503543307083
11
5.2223527952755902
21
-6.3037330314960629
0
LINE
8
BLACK
6
CONTINUOUS
10
5.2223527952755902
20
-6.3037330314960629
11
5.2225308661417325
21
-6.3027231102362204
0
LINE
8
BLACK
6
CONTINUOUS
10
5.2225308661417325
20
-6.3027231102362204
11
5.2226399606299214
21
-6.3025930314960625
0
LINE
8
BLACK
6
CONTINUOUS
10
5.2226399606299214
20
-6.3025930314960625
11
5.2226586614173227
21
-6.3024242913385828
0
LINE
8
BLACK
6
CONTINUOUS
10
5.2226586614173227
20
-6.3024242913385828
11
5.2232782677165357
21
-6.3018323622047241
0
LINE
8
BLACK
6
CONTINUOUS
10
5.2232782677165357
20
-6.3018323622047241
11
5.2238291732283466
21
-6.3011758661417323
0
LINE
8
BLACK
6
CONTINUOUS
10
5.2238291732283466
20
-6.3011758661417323
11
5.2239963779527558
21
-6.3011463779527555
0
LINE
8
BLACK
6
CONTINUOUS
10
5.2239963779527558
20
-6.3011463779527555
11
5.2241191732283463
21
-6.3010290944881886
0
LINE
8
BLACK
6
CONTINUOUS
10
5.2241191732283463
20
-6.3010290944881886
11
5.2249742913385822
21
-6.3009739370078739
0
LINE
8
BLACK
6
CONTINUOUS
10
5.2249742913385822
20
-6.3009739370078739
11
5.2258183070866142
21
-6.3008251181102359
0
LINE
8
BLACK
6
CONTINUOUS
10
5.2258183070866142
20
-6.3008251181102359
11
5.2259653543307083
21
-6.30091
0
LINE
8
BLACK
6
CONTINUOUS
10
5.1337193307086615
20
-6.3050318503937008
11
5.1352665748031496
21
-6.306330157480315
0
LINE
8
BLACK
6
CONTINUOUS
10
5.1352665748031496
20
-6.306330157480315
11
5.1356173228346451
21
-6.3083192913385826
0
LINE
8
BLACK
6
CONTINUOUS
10
5.1356173228346451
20
-6.3083192913385826
11
5.1346074015748027
21
-6.3100684645669292
0
LINE
8
BLACK
6
CONTINUOUS
10
5.1346074015748027
20
-6.3100684645669292
11
5.132709409448819
21
-6.3107592913385826
0
LINE
8
BLACK
6
CONTINUOUS
10
5.132709409448819
20
-6.3107592913385826
11
5.1114352755905514
21
-6.3107592913385826
0
LINE
8
BLACK
6
CONTINUOUS
10
5.1114352755905514
20
-6.3107592913385826
11
5.110764173228346
21
-6.3114303937007872
0
LINE
8
BLACK
6
CONTINUOUS
10
5.110764173228346
20
-6.3114303937007872
11
5.1094154330708657
21
-6.3141278740157478
0
LINE
8
BLACK
6
CONTINUOUS
10
5.1094154330708657
20
-6.3141278740157478
11
5.1094154330708657
21
-6.3143198031496057
0
LINE
8
BLACK
6
CONTINUOUS
10
5.1094154330708657
20
-6.3143198031496057
11
5.1096243307086615
21
-6.3142153543307087
0
LINE
8
BLACK
6
CONTINUOUS
10
5.1096243307086615
20
-6.3142153543307087
11
5.1106072440944876
21
-6.3139229921259838
0
LINE
8
BLACK
6
CONTINUOUS
10
5.1106072440944876
20
-6.3139229921259838
11
5.1107789370078738
21
-6.3139639763779529
0
LINE
8
BLACK
6
CONTINUOUS
10
5.1107789370078738
20
-6.3139639763779529
11
5.1109448425196851
21
-6.3139036220472438
0
LINE
8
BLACK
6
CONTINUOUS
10
5.1109448425196851
20
-6.3139036220472438
11
5.1165691338582677
21
-6.3139036220472438
0
LINE
8
BLACK
6
CONTINUOUS
10
5.1165691338582677
20
-6.3139036220472438
11
5.1175790551181102
21
-6.3140816929133861
0
LINE
8
BLACK
6
CONTINUOUS
10
5.1175790551181102
20
-6.3140816929133861
11
5.1177142913385829
21
-6.3141951574803148
0
LINE
8
BLACK
6
CONTINUOUS
10
5.1177142913385829
20
-6.3141951574803148
11
5.1178896456692913
21
-6.3142153543307087
0
LINE
8
BLACK
6
CONTINUOUS
10
5.1178896456692913
20
-6.3142153543307087
11
5.1199309448818893
21
-6.3152359842519683
0
LINE
8
BLACK
6
CONTINUOUS
10
5.1199309448818893
20
-6.3152359842519683
11
5.1207170472440939
21
-6.3142992125984252
0
LINE
8
BLACK
6
CONTINUOUS
10
5.1207170472440939
20
-6.3142992125984252
11
5.1227061811023624
21
-6.3139484645669288
0
LINE
8
BLACK
6
CONTINUOUS
10
5.1227061811023624
20
-6.3139484645669288
11
5.124455354330709
21
-6.3149583858267713
0
LINE
8
BLACK
6
CONTINUOUS
10
5.124455354330709
20
-6.3149583858267713
11
5.1251461811023624
21
-6.3168563779527558
0
LINE
8
BLACK
6
CONTINUOUS
10
5.1251461811023624
20
-6.3168563779527558
11
5.1251461811023624
21
-6.3217266535433065
0
LINE
8
BLACK
6
CONTINUOUS
10
5.1251461811023624
20
-6.3217266535433065
11
5.132709409448819
21
-6.3217266535433065
0
LINE
8
BLACK
6
CONTINUOUS
10
5.132709409448819
20
-6.3217266535433065
11
5.1337193307086615
21
-6.3219047244094488
0
LINE
8
BLACK
6
CONTINUOUS
10
5.1337193307086615
20
-6.3219047244094488
11
5.1352665748031496
21
-6.323203031496063
0
LINE
8
BLACK
6
CONTINUOUS
10
5.1352665748031496
20
-6.323203031496063
11
5.1356173228346451
21
-6.3251921653543306
0
LINE
8
BLACK
6
CONTINUOUS
10
5.1356173228346451
20
-6.3251921653543306
11
5.1346074015748027
21
-6.3269413385826772
0
LINE
8
BLACK
6
CONTINUOUS
10
5.1346074015748027
20
-6.3269413385826772
11
5.132709409448819
21
-6.3276321653543306
0
LINE
8
BLACK
6
CONTINUOUS
10
5.132709409448819
20
-6.3276321653543306
11
5.1251461811023624
21
-6.3276321653543306
0
LINE
8
BLACK
6
CONTINUOUS
10
5.1251461811023624
20
-6.3276321653543306
11
5.1251461811023624
21
-6.3431031102362203
0
LINE
8
BLACK
6
CONTINUOUS
10
5.1251461811023624
20
-6.3431031102362203
11
5.1249681102362201
21
-6.3441130314960628
0
LINE
8
BLACK
6
CONTINUOUS
10
5.1249681102362201
20
-6.3441130314960628
11
5.123669803149606
21
-6.3456602755905509
0
LINE
8
BLACK
6
CONTINUOUS
10
5.123669803149606
20
-6.3456602755905509
11
5.1216806692913384
21
-6.3460110236220473
0
LINE
8
BLACK
6
CONTINUOUS
10
5.1216806692913384
20
-6.3460110236220473
11
5.1199314960629918
21
-6.3450011023622048
0
LINE
8
BLACK
6
CONTINUOUS
10
5.1199314960629918
20
-6.3450011023622048
11
5.1192406692913384
21
-6.3431031102362203
0
LINE
8
BLACK
6
CONTINUOUS
10
5.1192406692913384
20
-6.3431031102362203
11
5.1192406692913384
21
-6.3276321653543306
0
LINE
8
BLACK
6
CONTINUOUS
10
5.1192406692913384
20
-6.3276321653543306
11
5.1120869685039372
21
-6.3276321653543306
0
LINE
8
BLACK
6
CONTINUOUS
10
5.1120869685039372
20
-6.3276321653543306
11
5.1110770472440947
21
-6.3274540944881892
0
LINE
8
BLACK
6
CONTINUOUS
10
5.1110770472440947
20
-6.3274540944881892
11
5.1109417716535432
21
-6.3273405905511808
0
LINE
8
BLACK
6
CONTINUOUS
10
5.1109417716535432
20
-6.3273405905511808
11
5.1107664566929136
21
-6.3273204330708657
0
LINE
8
BLACK
6
CONTINUOUS
10
5.1107664566929136
20
-6.3273204330708657
11
5.1082733070866144
21
-6.3260738582677165
0
LINE
8
BLACK
6
CONTINUOUS
10
5.1082733070866144
20
-6.3260738582677165
11
5.1082733070866144
21
-6.3431031102362203
0
LINE
8
BLACK
6
CONTINUOUS
10
5.1082733070866144
20
-6.3431031102362203
11
5.1080952362204721
21
-6.3441130314960628
0
LINE
8
BLACK
6
CONTINUOUS
10
5.1080952362204721
20
-6.3441130314960628
11
5.106796929133858
21
-6.3456602755905509
0
LINE
8
BLACK
6
CONTINUOUS
10
5.106796929133858
20
-6.3456602755905509
11
5.1048077952755904
21
-6.3460110236220473
0
LINE
8
BLACK
6
CONTINUOUS
10
5.1048077952755904
20
-6.3460110236220473
11
5.1030586220472438
21
-6.3450011023622048
0
LINE
8
BLACK
6
CONTINUOUS
10
5.1030586220472438
20
-6.3450011023622048
11
5.1023677952755904
21
-6.3431031102362203
0
LINE
8
BLACK
6
CONTINUOUS
10
5.1023677952755904
20
-6.3431031102362203
11
5.1023677952755904
21
-6.3224806692913385
0
LINE
8
BLACK
6
CONTINUOUS
10
5.1023677952755904
20
-6.3224806692913385
11
5.1025458661417318
21
-6.321470748031496
0
LINE
8
BLACK
6
CONTINUOUS
10
5.1025458661417318
20
-6.321470748031496
11
5.1026593307086614
21
-6.3213354724409445
0
LINE
8
BLACK
6
CONTINUOUS
10
5.1026593307086614
20
-6.3213354724409445
11
5.1026795275590553
21
-6.3211601574803149
0
LINE
8
BLACK
6
CONTINUOUS
10
5.1026795275590553
20
-6.3211601574803149
11
5.1035419291338577
21
-6.3194352755905507
0
LINE
8
BLACK
6
CONTINUOUS
10
5.1035419291338577
20
-6.3194352755905507
11
5.1035292913385826
21
-6.3193926771653546
0
LINE
8
BLACK
6
CONTINUOUS
10
5.1035292913385826
20
-6.3193926771653546
11
5.1035702755905508
21
-6.3192209842519684
0
LINE
8
BLACK
6
CONTINUOUS
10
5.1035702755905508
20
-6.3192209842519684
11
5.1035099212598425
21
-6.3190551181102359
0
LINE
8
BLACK
6
CONTINUOUS
10
5.1035099212598425
20
-6.3190551181102359
11
5.1035099212598425
21
-6.3134308267716532
0
LINE
8
BLACK
6
CONTINUOUS
10
5.1035099212598425
20
-6.3134308267716532
11
5.1036879921259839
21
-6.3124209055118108
0
LINE
8
BLACK
6
CONTINUOUS
10
5.1036879921259839
20
-6.3124209055118108
11
5.1038014566929135
21
-6.3122856299212593
0
LINE
8
BLACK
6
CONTINUOUS
10
5.1038014566929135
20
-6.3122856299212593
11
5.1038216535433074
21
-6.3121103149606297
0
LINE
8
BLACK
6
CONTINUOUS
10
5.1038216535433074
20
-6.3121103149606297
11
5.104842283464567
21
-6.3100689763779529
0
LINE
8
BLACK
6
CONTINUOUS
10
5.104842283464567
20
-6.3100689763779529
11
5.1039055118110239
21
-6.309282913385827
0
LINE
8
BLACK
6
CONTINUOUS
10
5.1039055118110239
20
-6.309282913385827
11
5.1035547637795275
21
-6.3072937795275585
0
LINE
8
BLACK
6
CONTINUOUS
10
5.1035547637795275
20
-6.3072937795275585
11
5.10456468503937
21
-6.3055446062992129
0
LINE
8
BLACK
6
CONTINUOUS
10
5.10456468503937
20
-6.3055446062992129
11
5.1064626771653545
21
-6.3048537795275585
0
LINE
8
BLACK
6
CONTINUOUS
10
5.1064626771653545
20
-6.3048537795275585
11
5.132709409448819
21
-6.3048537795275585
0
LINE
8
BLACK
6
CONTINUOUS
10
5.132709409448819
20
-6.3048537795275585
11
5.1337193307086615
21
-6.3050318503937008
0
LINE
8
BLACK
6
CONTINUOUS
10
5.1104411023622047
20
-6.3204094881889761
11
5.1105382677165352
21
-6.3206037795275591
0
LINE
8
BLACK
6
CONTINUOUS
10
5.1105382677165352
20
-6.3206037795275591
11
5.1127840157480318
21
-6.3217266535433065
0
LINE
8
BLACK
6
CONTINUOUS
10
5.1127840157480318
20
-6.3217266535433065
11
5.1191383464566931
21
-6.3217266535433065
0
LINE
8
BLACK
6
CONTINUOUS
10
5.1191383464566931
20
-6.3217266535433065
11
5.1185695669291338
21
-6.3211578740157481
0
LINE
8
BLACK
6
CONTINUOUS
10
5.1185695669291338
20
-6.3211578740157481
11
5.1158720866141731
21
-6.3198091338582678
0
LINE
8
BLACK
6
CONTINUOUS
10
5.1158720866141731
20
-6.3198091338582678
11
5.1116418897637796
21
-6.3198091338582678
0
LINE
8
BLACK
6
CONTINUOUS
10
5.1116418897637796
20
-6.3198091338582678
11
5.1104411023622047
21
-6.3204094881889761
0
LINE
8
BLACK
6
CONTINUOUS
10
6.0014752362204726
20
-6.3087412992125982
11
6.0030224803149608
21
-6.3100396062992123
0
LINE
8
BLACK
6
CONTINUOUS
10
6.0030224803149608
20
-6.3100396062992123
11
6.0033732283464563
21
-6.3120287401574799
0
LINE
8
BLACK
6
CONTINUOUS
10
6.0033732283464563
20
-6.3120287401574799
11
6.0023633070866138
21
-6.3137779133858265
0
LINE
8
BLACK
6
CONTINUOUS
10
6.0023633070866138
20
-6.3137779133858265
11
6.0004653149606302
21
-6.3144687401574799
0
LINE
8
BLACK
6
CONTINUOUS
10
6.0004653149606302
20
-6.3144687401574799
11
5.9791911811023617
21
-6.3144687401574799
0
LINE
8
BLACK
6
CONTINUOUS
10
5.9791911811023617
20
-6.3144687401574799
11
5.9785200787401571
21
-6.3151398425196845
0
LINE
8
BLACK
6
CONTINUOUS
10
5.9785200787401571
20
-6.3151398425196845
11
5.9771713385826768
21
-6.3178373228346452
0
LINE
8
BLACK
6
CONTINUOUS
10
5.9771713385826768
20
-6.3178373228346452
11
5.9771713385826768
21
-6.3220675196850395
0
LINE
8
BLACK
6
CONTINUOUS
10
5.9771713385826768
20
-6.3220675196850395
11
5.9782941732283463
21
-6.3243132283464565
0
LINE
8
BLACK
6
CONTINUOUS
10
5.9782941732283463
20
-6.3243132283464565
11
5.980539921259842
21
-6.3254361023622048
0
LINE
8
BLACK
6
CONTINUOUS
10
5.980539921259842
20
-6.3254361023622048
11
6.0004653149606302
21
-6.3254361023622048
0
LINE
8
BLACK
6
CONTINUOUS
10
6.0004653149606302
20
-6.3254361023622048
11
6.0014752362204726
21
-6.3256141732283462
0
LINE
8
BLACK
6
CONTINUOUS
10
6.0014752362204726
20
-6.3256141732283462
11
6.0030224803149608
21
-6.3269124803149603
0
LINE
8
BLACK
6
CONTINUOUS
10
6.0030224803149608
20
-6.3269124803149603
11
6.0033732283464563
21
-6.3289016141732279
0
LINE
8
BLACK
6
CONTINUOUS
10
6.0033732283464563
20
-6.3289016141732279
11
6.0023633070866138
21
-6.3306507874015745
0
LINE
8
BLACK
6
CONTINUOUS
10
6.0023633070866138
20
-6.3306507874015745
11
6.0004653149606302
21
-6.3313416141732279
0
LINE
8
BLACK
6
CONTINUOUS
10
6.0004653149606302
20
-6.3313416141732279
11
5.9798428740157483
21
-6.3313416141732279
0
LINE
8
BLACK
6
CONTINUOUS
10
5.9798428740157483
20
-6.3313416141732279
11
5.978832952755905
21
-6.3311635433070865
0
LINE
8
BLACK
6
CONTINUOUS
10
5.978832952755905
20
-6.3311635433070865
11
5.9786976771653544
21
-6.3310500393700782
0
LINE
8
BLACK
6
CONTINUOUS
10
5.9786976771653544
20
-6.3310500393700782
11
5.9785223622047239
21
-6.3310298818897639
0
LINE
8
BLACK
6
CONTINUOUS
10
5.9785223622047239
20
-6.3310298818897639
11
5.9747728346456688
21
-6.3291551181102363
0
LINE
8
BLACK
6
CONTINUOUS
10
5.9747728346456688
20
-6.3291551181102363
11
5.9739491732283465
21
-6.328544212598425
0
LINE
8
BLACK
6
CONTINUOUS
10
5.9739491732283465
20
-6.328544212598425
11
5.9737733070866144
21
-6.3281385039370077
0
LINE
8
BLACK
6
CONTINUOUS
10
5.9737733070866144
20
-6.3281385039370077
11
5.9734523228346452
21
-6.3278346062992128
0
LINE
8
BLACK
6
CONTINUOUS
10
5.9734523228346452
20
-6.3278346062992128
11
5.9715775590551177
21
-6.3240850787401577
0
LINE
8
BLACK
6
CONTINUOUS
10
5.9715775590551177
20
-6.3240850787401577
11
5.9712851968503937
21
-6.3231021259842519
0
LINE
8
BLACK
6
CONTINUOUS
10
5.9712851968503937
20
-6.3231021259842519
11
5.9713261811023619
21
-6.3229304330708658
0
LINE
8
BLACK
6
CONTINUOUS
10
5.9713261811023619
20
-6.3229304330708658
11
5.9712658267716536
21
-6.3227645669291341
0
LINE
8
BLACK
6
CONTINUOUS
10
5.9712658267716536
20
-6.3227645669291341
11
5.9712658267716536
21
-6.3171402755905515
0
LINE
8
BLACK
6
CONTINUOUS
10
5.9712658267716536
20
-6.3171402755905515
11
5.971443897637795
21
-6.3161303543307081
0
LINE
8
BLACK
6
CONTINUOUS
10
5.971443897637795
20
-6.3161303543307081
11
5.9715573622047247
21
-6.3159950787401575
0
LINE
8
BLACK
6
CONTINUOUS
10
5.9715573622047247
20
-6.3159950787401575
11
5.9715775590551177
21
-6.315819763779527
0
LINE
8
BLACK
6
CONTINUOUS
10
5.9715775590551177
20
-6.315819763779527
11
5.9725981889763782
21
-6.3137784251968503
0
LINE
8
BLACK
6
CONTINUOUS
10
5.9725981889763782
20
-6.3137784251968503
11
5.9716614173228342
21
-6.3129923622047244
0
LINE
8
BLACK
6
CONTINUOUS
10
5.9716614173228342
20
-6.3129923622047244
11
5.9713106692913387
21
-6.3110032283464568
0
LINE
8
BLACK
6
CONTINUOUS
10
5.9713106692913387
20
-6.3110032283464568
11
5.9723205905511811
21
-6.3092540551181102
0
LINE
8
BLACK
6
CONTINUOUS
10
5.9723205905511811
20
-6.3092540551181102
11
5.9742185826771657
21
-6.3085632283464568
0
LINE
8
BLACK
6
CONTINUOUS
10
5.9742185826771657
20
-6.3085632283464568
11
6.0004653149606302
21
-6.3085632283464568
0
LINE
8
BLACK
6
CONTINUOUS
10
6.0004653149606302
20
-6.3085632283464568
11
6.0014752362204726
21
-6.3087412992125982
0
LINE
8
BLACK
6
CONTINUOUS
10
4.6046303937007869
20
-6.2912798031496058
11
4.6065051968503932
21
-6.2931545669291333
0
LINE
8
BLACK
6
CONTINUOUS
10
4.6065051968503932
20
-6.2931545669291333
11
4.6070115748031499
21
-6.2938777165354329
0
LINE
8
BLACK
6
CONTINUOUS
10
4.6070115748031499
20
-6.2938777165354329
11
4.607058346456693
21
-6.2939220078740155
0
LINE
8
BLACK
6
CONTINUOUS
10
4.607058346456693
20
-6.2939220078740155
11
4.6089331102362205
21
-6.2976715354330706
0
LINE
8
BLACK
6
CONTINUOUS
10
4.6089331102362205
20
-6.2976715354330706
11
4.6092254724409445
21
-6.2986544488188976
0
LINE
8
BLACK
6
CONTINUOUS
10
4.6092254724409445
20
-6.2986544488188976
11
4.6091844488188976
21
-6.2988261417322837
0
LINE
8
BLACK
6
CONTINUOUS
10
4.6091844488188976
20
-6.2988261417322837
11
4.6092448425196846
21
-6.2989920472440941
0
LINE
8
BLACK
6
CONTINUOUS
10
4.6092448425196846
20
-6.2989920472440941
11
4.6092448425196846
21
-6.3083658661417319
0
LINE
8
BLACK
6
CONTINUOUS
10
4.6092448425196846
20
-6.3083658661417319
11
4.6090667716535432
21
-6.3093757874015743
0
LINE
8
BLACK
6
CONTINUOUS
10
4.6090667716535432
20
-6.3093757874015743
11
4.6089532677165357
21
-6.3095110236220471
0
LINE
8
BLACK
6
CONTINUOUS
10
4.6089532677165357
20
-6.3095110236220471
11
4.6089331102362205
21
-6.3096863779527554
0
LINE
8
BLACK
6
CONTINUOUS
10
4.6089331102362205
20
-6.3096863779527554
11
4.607058346456693
21
-6.3134359055118106
0
LINE
8
BLACK
6
CONTINUOUS
10
4.607058346456693
20
-6.3134359055118106
11
4.6065323622047245
21
-6.3141449999999999
0
LINE
8
BLACK
6
CONTINUOUS
10
4.6065323622047245
20
-6.3141449999999999
11
4.6065051968503932
21
-6.3142033464566927
0
LINE
8
BLACK
6
CONTINUOUS
10
4.6065051968503932
20
-6.3142033464566927
11
4.6046303937007869
21
-6.3160781102362202
0
LINE
8
BLACK
6
CONTINUOUS
10
4.6046303937007869
20
-6.3160781102362202
11
4.6039073228346457
21
-6.3165843700787399
0
LINE
8
BLACK
6
CONTINUOUS
10
4.6039073228346457
20
-6.3165843700787399
11
4.6038630314960631
21
-6.3166311811023617
0
LINE
8
BLACK
6
CONTINUOUS
10
4.6038630314960631
20
-6.3166311811023617
11
4.600113503937008
21
-6.3185059448818892
0
LINE
8
BLACK
6
CONTINUOUS
10
4.600113503937008
20
-6.3185059448818892
11
4.5991305511811023
21
-6.3187983070866141
0
LINE
8
BLACK
6
CONTINUOUS
10
4.5991305511811023
20
-6.3187983070866141
11
4.5989588582677161
21
-6.3187572834645671
0
LINE
8
BLACK
6
CONTINUOUS
10
4.5989588582677161
20
-6.3187572834645671
11
4.5987929921259845
21
-6.3188176771653541
0
LINE
8
BLACK
6
CONTINUOUS
10
4.5987929921259845
20
-6.3188176771653541
11
4.5894191732283467
21
-6.3188176771653541
0
LINE
8
BLACK
6
CONTINUOUS
10
4.5894191732283467
20
-6.3188176771653541
11
4.5884092519685042
21
-6.3186396062992127
0
LINE
8
BLACK
6
CONTINUOUS
10
4.5884092519685042
20
-6.3186396062992127
11
4.5882739763779528
21
-6.3185261023622044
0
LINE
8
BLACK
6
CONTINUOUS
10
4.5882739763779528
20
-6.3185261023622044
11
4.5880986614173231
21
-6.3185059448818892
0
LINE
8
BLACK
6
CONTINUOUS
10
4.5880986614173231
20
-6.3185059448818892
11
4.584349133858268
21
-6.3166311811023617
0
LINE
8
BLACK
6
CONTINUOUS
10
4.584349133858268
20
-6.3166311811023617
11
4.5836400393700787
21
-6.3161052755905507
0
LINE
8
BLACK
6
CONTINUOUS
10
4.5836400393700787
20
-6.3161052755905507
11
4.5835817322834647
21
-6.3160780708661415
0
LINE
8
BLACK
6
CONTINUOUS
10
4.5835817322834647
20
-6.3160780708661415
11
4.5817069685039371
21
-6.3142033070866139
0
LINE
8
BLACK
6
CONTINUOUS
10
4.5817069685039371
20
-6.3142033070866139
11
4.5812006692913387
21
-6.313480196850394
0
LINE
8
BLACK
6
CONTINUOUS
10
4.5812006692913387
20
-6.313480196850394
11
4.581153858267716
21
-6.3134359055118106
0
LINE
8
BLACK
6
CONTINUOUS
10
4.581153858267716
20
-6.3134359055118106
11
4.5792790944881885
21
-6.3096863779527554
0
LINE
8
BLACK
6
CONTINUOUS
10
4.5792790944881885
20
-6.3096863779527554
11
4.5789867322834645
21
-6.3087034251968506
0
LINE
8
BLACK
6
CONTINUOUS
10
4.5789867322834645
20
-6.3087034251968506
11
4.5790277165354327
21
-6.3085317322834644
0
LINE
8
BLACK
6
CONTINUOUS
10
4.5790277165354327
20
-6.3085317322834644
11
4.5789673622047244
21
-6.3083658661417319
0
LINE
8
BLACK
6
CONTINUOUS
10
4.5789673622047244
20
-6.3083658661417319
11
4.5789673622047244
21
-6.2989920472440941
0
LINE
8
BLACK
6
CONTINUOUS
10
4.5789673622047244
20
-6.2989920472440941
11
4.5791454330708659
21
-6.2979821259842517
0
LINE
8
BLACK
6
CONTINUOUS
10
4.5791454330708659
20
-6.2979821259842517
11
4.5792588976377955
21
-6.2978468503937011
0
LINE
8
BLACK
6
CONTINUOUS
10
4.5792588976377955
20
-6.2978468503937011
11
4.5792790944881885
21
-6.2976715354330706
0
LINE
8
BLACK
6
CONTINUOUS
10
4.5792790944881885
20
-6.2976715354330706
11
4.5796460236220469
21
-6.2969375984251963
0
LINE
8
BLACK
6
CONTINUOUS
10
4.5796460236220469
20
-6.2969375984251963
11
4.5698747637795272
21
-6.2979147244094484
0
LINE
8
BLACK
6
CONTINUOUS
10
4.5698747637795272
20
-6.2979147244094484
11
4.5698747637795272
21
-6.3139901574803146
0
LINE
8
BLACK
6
CONTINUOUS
10
4.5698747637795272
20
-6.3139901574803146
11
4.5696966929133858
21
-6.315000078740157
0
LINE
8
BLACK
6
CONTINUOUS
10
4.5696966929133858
20
-6.315000078740157
11
4.5683983858267716
21
-6.3165473228346452
0
LINE
8
BLACK
6
CONTINUOUS
10
4.5683983858267716
20
-6.3165473228346452
11
4.566409251968504
21
-6.3168980708661415
0
LINE
8
BLACK
6
CONTINUOUS
10
4.566409251968504
20
-6.3168980708661415
11
4.5646600787401574
21
-6.3158881496062991
0
LINE
8
BLACK
6
CONTINUOUS
10
4.5646600787401574
20
-6.3158881496062991
11
4.563969251968504
21
-6.3139901574803146
0
LINE
8
BLACK
6
CONTINUOUS
10
4.563969251968504
20
-6.3139901574803146
11
4.563969251968504
21
-6.295242519685039
0
LINE
8
BLACK
6
CONTINUOUS
10
4.563969251968504
20
-6.295242519685039
11
4.5639963385826769
21
-6.2950886614173225
0
LINE
8
BLACK
6
CONTINUOUS
10
4.5639963385826769
20
-6.2950886614173225
11
4.5639775196850394
21
-6.2950216535433068
0
LINE
8
BLACK
6
CONTINUOUS
10
4.5639775196850394
20
-6.2950216535433068
11
4.5640278346456693
21
-6.2949100787401573
0
LINE
8
BLACK
6
CONTINUOUS
10
4.5640278346456693
20
-6.2949100787401573
11
4.5641473228346454
21
-6.2942325984251966
0
LINE
8
BLACK
6
CONTINUOUS
10
4.5641473228346454
20
-6.2942325984251966
11
4.5645503937007872
21
-6.2937522047244094
0
LINE
8
BLACK
6
CONTINUOUS
10
4.5645503937007872
20
-6.2937522047244094
11
4.5648083464566929
21
-6.2931806692913383
0
LINE
8
BLACK
6
CONTINUOUS
10
4.5648083464566929
20
-6.2931806692913383
11
4.5651802755905511
21
-6.2930015748031494
0
LINE
8
BLACK
6
CONTINUOUS
10
4.5651802755905511
20
-6.2930015748031494
11
4.5654456299212596
21
-6.2926853543307084
0
LINE
8
BLACK
6
CONTINUOUS
10
4.5654456299212596
20
-6.2926853543307084
11
4.5660631496062987
21
-6.2925764566929132
0
LINE
8
BLACK
6
CONTINUOUS
10
4.5660631496062987
20
-6.2925764566929132
11
4.5666281889763782
21
-6.2923044094488185
0
LINE
8
BLACK
6
CONTINUOUS
10
4.5666281889763782
20
-6.2923044094488185
11
4.5853758267716538
21
-6.290429645669291
0
LINE
8
BLACK
6
CONTINUOUS
10
4.5853758267716538
20
-6.290429645669291
11
4.5863984645669289
21
-6.2905063385826772
0
LINE
8
BLACK
6
CONTINUOUS
10
4.5863984645669289
20
-6.2905063385826772
11
4.5864145275590547
21
-6.2905172834645668
0
LINE
8
BLACK
6
CONTINUOUS
10
4.5864145275590547
20
-6.2905172834645668
11
4.586433858267716
21
-6.2905156299212601
0
LINE
8
BLACK
6
CONTINUOUS
10
4.586433858267716
20
-6.2905156299212601
11
4.5872455905511806
21
-6.2910839763779522
0
LINE
8
BLACK
6
CONTINUOUS
10
4.5872455905511806
20
-6.2910839763779522
11
4.5880672047244095
21
-6.2916442519685036
0
LINE
8
BLACK
6
CONTINUOUS
10
4.5880672047244095
20
-6.2916442519685036
11
4.5880724409448819
21
-6.2916629527559049
0
LINE
8
BLACK
6
CONTINUOUS
10
4.5880724409448819
20
-6.2916629527559049
11
4.5880884251968501
21
-6.291674133858268
0
LINE
8
BLACK
6
CONTINUOUS
10
4.5880884251968501
20
-6.291674133858268
11
4.5883453149606295
21
-6.292633031496063
0
LINE
8
BLACK
6
CONTINUOUS
10
4.5883453149606295
20
-6.292633031496063
11
4.5886141338582673
21
-6.2935886220472437
0
LINE
8
BLACK
6
CONTINUOUS
10
4.5886141338582673
20
-6.2935886220472437
11
4.5886061023622045
21
-6.293606338582677
0
LINE
8
BLACK
6
CONTINUOUS
10
4.5886061023622045
20
-6.293606338582677
11
4.588611141732283
21
-6.2936251181102358
0
LINE
8
BLACK
6
CONTINUOUS
10
4.588611141732283
20
-6.2936251181102358
11
4.5881922047244093
21
-6.2945234645669288
0
LINE
8
BLACK
6
CONTINUOUS
10
4.5881922047244093
20
-6.2945234645669288
11
4.5877833070866139
21
-6.2954296062992121
0
LINE
8
BLACK
6
CONTINUOUS
10
4.5877833070866139
20
-6.2954296062992121
11
4.5877657480314964
21
-6.2954380314960625
0
LINE
8
BLACK
6
CONTINUOUS
10
4.5877657480314964
20
-6.2954380314960625
11
4.5877575590551176
21
-6.2954556692913384
0
LINE
8
BLACK
6
CONTINUOUS
10
4.5877575590551176
20
-6.2954556692913384
11
4.5862216141732279
21
-6.2969916141732281
0
LINE
8
BLACK
6
CONTINUOUS
10
4.5862216141732279
20
-6.2969916141732281
11
4.5848728740157476
21
-6.2996890944881887
0
LINE
8
BLACK
6
CONTINUOUS
10
4.5848728740157476
20
-6.2996890944881887
11
4.5848728740157476
21
-6.3076688188976373
0
LINE
8
BLACK
6
CONTINUOUS
10
4.5848728740157476
20
-6.3076688188976373
11
4.5862216141732279
21
-6.310366299212598
0
LINE
8
BLACK
6
CONTINUOUS
10
4.5862216141732279
20
-6.310366299212598
11
4.5874187401574806
21
-6.3115634251968507
0
LINE
8
BLACK
6
CONTINUOUS
10
4.5874187401574806
20
-6.3115634251968507
11
4.5901162204724413
21
-6.312912165354331
0
LINE
8
BLACK
6
CONTINUOUS
10
4.5901162204724413
20
-6.312912165354331
11
4.5980959448818899
21
-6.312912165354331
0
LINE
8
BLACK
6
CONTINUOUS
10
4.5980959448818899
20
-6.312912165354331
11
4.6007934251968505
21
-6.3115633858267719
0
LINE
8
BLACK
6
CONTINUOUS
10
4.6007934251968505
20
-6.3115633858267719
11
4.6019905905511811
21
-6.3103662598425192
0
LINE
8
BLACK
6
CONTINUOUS
10
4.6019905905511811
20
-6.3103662598425192
11
4.6033393307086614
21
-6.3076688188976373
0
LINE
8
BLACK
6
CONTINUOUS
10
4.6033393307086614
20
-6.3076688188976373
11
4.6033393307086614
21
-6.2996890944881887
0
LINE
8
BLACK
6
CONTINUOUS
10
4.6033393307086614
20
-6.2996890944881887
11
4.6019905905511811
21
-6.2969916141732281
0
LINE
8
BLACK
6
CONTINUOUS
10
4.6019905905511811
20
-6.2969916141732281
11
4.6004546456692914
21
-6.2954557086614171
0
LINE
8
BLACK
6
CONTINUOUS
10
4.6004546456692914
20
-6.2954557086614171
11
4.5998664173228345
21
-6.2946156692913382
0
LINE
8
BLACK
6
CONTINUOUS
10
4.5998664173228345
20
-6.2946156692913382
11
4.5996903543307086
21
-6.2926035433070862
0
LINE
8
BLACK
6
CONTINUOUS
10
4.5996903543307086
20
-6.2926035433070862
11
4.6008488582677165
21
-6.2909489763779529
0
LINE
8
BLACK
6
CONTINUOUS
10
4.6008488582677165
20
-6.2909489763779529
11
4.6027998425196852
21
-6.2904262598425191
0
LINE
8
BLACK
6
CONTINUOUS
10
4.6027998425196852
20
-6.2904262598425191
11
4.6046303937007869
21
-6.2912798031496058
0
LINE
8
BLACK
6
CONTINUOUS
10
5.5024648425196849
20
-6.274861653543307
11
5.5026006299212593
21
-6.2748474803149605
0
LINE
8
BLACK
6
CONTINUOUS
10
5.5026006299212593
20
-6.2748474803149605
11
5.5100996850393695
21
-6.2767222440944881
0
LINE
8
BLACK
6
CONTINUOUS
10
5.5100996850393695
20
-6.2767222440944881
11
5.510565118110236
21
-6.2769298031496064
0
LINE
8
BLACK
6
CONTINUOUS
10
5.510565118110236
20
-6.2769298031496064
11
5.5107040551181097
21
-6.2769458267716534
0
LINE
8
BLACK
6
CONTINUOUS
10
5.5107040551181097
20
-6.2769458267716534
11
5.5144535826771648
21
-6.2788205905511809
0
LINE
8
BLACK
6
CONTINUOUS
10
5.5144535826771648
20
-6.2788205905511809
11
5.5151625590551179
21
-6.2793464173228344
0
LINE
8
BLACK
6
CONTINUOUS
10
5.5151625590551179
20
-6.2793464173228344
11
5.5152209448818894
21
-6.2793736614173223
0
LINE
8
BLACK
6
CONTINUOUS
10
5.5152209448818894
20
-6.2793736614173223
11
5.5170957480314957
21
-6.2812484251968499
0
LINE
8
BLACK
6
CONTINUOUS
10
5.5170957480314957
20
-6.2812484251968499
11
5.5176021259842516
21
-6.2819715748031495
0
LINE
8
BLACK
6
CONTINUOUS
10
5.5176021259842516
20
-6.2819715748031495
11
5.5176488976377955
21
-6.282015866141732
0
LINE
8
BLACK
6
CONTINUOUS
10
5.5176488976377955
20
-6.282015866141732
11
5.5195236614173231
21
-6.2857653937007871
0
LINE
8
BLACK
6
CONTINUOUS
10
5.5195236614173231
20
-6.2857653937007871
11
5.519816023622047
21
-6.2867483070866141
0
LINE
8
BLACK
6
CONTINUOUS
10
5.519816023622047
20
-6.2867483070866141
11
5.5197750000000001
21
-6.2869200000000003
0
LINE
8
BLACK
6
CONTINUOUS
10
5.5197750000000001
20
-6.2869200000000003
11
5.5198353937007871
21
-6.2870859055118107
0
LINE
8
BLACK
6
CONTINUOUS
10
5.5198353937007871
20
-6.2870859055118107
11
5.5198353937007871
21
-6.2908354330708658
0
LINE
8
BLACK
6
CONTINUOUS
10
5.5198353937007871
20
-6.2908354330708658
11
5.5196573228346457
21
-6.2918453543307082
0
LINE
8
BLACK
6
CONTINUOUS
10
5.5196573228346457
20
-6.2918453543307082
11
5.5195438188976373
21
-6.291980590551181
0
LINE
8
BLACK
6
CONTINUOUS
10
5.5195438188976373
20
-6.291980590551181
11
5.5195236614173231
21
-6.2921559448818893
0
LINE
8
BLACK
6
CONTINUOUS
10
5.5195236614173231
20
-6.2921559448818893
11
5.5176488976377955
21
-6.2959054724409445
0
LINE
8
BLACK
6
CONTINUOUS
10
5.5176488976377955
20
-6.2959054724409445
11
5.5171229133858271
21
-6.2966145669291338
0
LINE
8
BLACK
6
CONTINUOUS
10
5.5171229133858271
20
-6.2966145669291338
11
5.5170957480314957
21
-6.2966729133858266
0
LINE
8
BLACK
6
CONTINUOUS
10
5.5170957480314957
20
-6.2966729133858266
11
5.5152209448818894
21
-6.2985476771653541
0
LINE
8
BLACK
6
CONTINUOUS
10
5.5152209448818894
20
-6.2985476771653541
11
5.5144978740157482
21
-6.2990539370078737
0
LINE
8
BLACK
6
CONTINUOUS
10
5.5144978740157482
20
-6.2990539370078737
11
5.5144535826771648
21
-6.2991007480314956
0
LINE
8
BLACK
6
CONTINUOUS
10
5.5144535826771648
20
-6.2991007480314956
11
5.5107040551181097
21
-6.3009755118110231
0
LINE
8
BLACK
6
CONTINUOUS
10
5.5107040551181097
20
-6.3009755118110231
11
5.5102155905511809
21
-6.3011207874015742
0
LINE
8
BLACK
6
CONTINUOUS
10
5.5102155905511809
20
-6.3011207874015742
11
5.5100996850393695
21
-6.3011990944881893
0
LINE
8
BLACK
6
CONTINUOUS
10
5.5100996850393695
20
-6.3011990944881893
11
5.5026006299212593
21
-6.3030738582677168
0
LINE
8
BLACK
6
CONTINUOUS
10
5.5026006299212593
20
-6.3030738582677168
11
5.5020127165354333
21
-6.30311531496063
0
LINE
8
BLACK
6
CONTINUOUS
10
5.5020127165354333
20
-6.30311531496063
11
5.5018844881889759
21
-6.3031620078740156
0
LINE
8
BLACK
6
CONTINUOUS
10
5.5018844881889759
20
-6.3031620078740156
11
5.4925106692913381
21
-6.3031620078740156
0
LINE
8
BLACK
6
CONTINUOUS
10
5.4925106692913381
20
-6.3031620078740156
11
5.4919302755905512
21
-6.3030596456692916
0
LINE
8
BLACK
6
CONTINUOUS
10
5.4919302755905512
20
-6.3030596456692916
11
5.4917945275590547
21
-6.3030738582677168
0
LINE
8
BLACK
6
CONTINUOUS
10
5.4917945275590547
20
-6.3030738582677168
11
5.4842954724409445
21
-6.3011990944881893
0
LINE
8
BLACK
6
CONTINUOUS
10
5.4842954724409445
20
-6.3011990944881893
11
5.4838300000000002
21
-6.3009914960629922
0
LINE
8
BLACK
6
CONTINUOUS
10
5.4838300000000002
20
-6.3009914960629922
11
5.4836911023622044
21
-6.3009755118110231
0
LINE
8
BLACK
6
CONTINUOUS
10
5.4836911023622044
20
-6.3009755118110231
11
5.4799415748031493
21
-6.2991007480314956
0
LINE
8
BLACK
6
CONTINUOUS
10
5.4799415748031493
20
-6.2991007480314956
11
5.4792324803149608
21
-6.2985748425196846
0
LINE
8
BLACK
6
CONTINUOUS
10
5.4792324803149608
20
-6.2985748425196846
11
5.4791741732283468
21
-6.2985476377952754
0
LINE
8
BLACK
6
CONTINUOUS
10
5.4791741732283468
20
-6.2985476377952754
11
5.4772994094488192
21
-6.2966728740157478
0
LINE
8
BLACK
6
CONTINUOUS
10
5.4772994094488192
20
-6.2966728740157478
11
5.47679311023622
21
-6.295949763779527
0
LINE
8
BLACK
6
CONTINUOUS
10
5.47679311023622
20
-6.295949763779527
11
5.4767462992125981
21
-6.2959054724409445
0
LINE
8
BLACK
6
CONTINUOUS
10
5.4767462992125981
20
-6.2959054724409445
11
5.4748715354330706
21
-6.2921559448818893
0
LINE
8
BLACK
6
CONTINUOUS
10
5.4748715354330706
20
-6.2921559448818893
11
5.4745791732283466
21
-6.2911729921259845
0
LINE
8
BLACK
6
CONTINUOUS
10
5.4745791732283466
20
-6.2911729921259845
11
5.4746201574803148
21
-6.2910012992125983
0
LINE
8
BLACK
6
CONTINUOUS
10
5.4746201574803148
20
-6.2910012992125983
11
5.4745598031496066
21
-6.2908354330708658
0
LINE
8
BLACK
6
CONTINUOUS
10
5.4745598031496066
20
-6.2908354330708658
11
5.4745598031496066
21
-6.2870859055118107
0
LINE
8
BLACK
6
CONTINUOUS
10
5.4745598031496066
20
-6.2870859055118107
11
5.474737874015748
21
-6.2860759842519682
0
LINE
8
BLACK
6
CONTINUOUS
10
5.474737874015748
20
-6.2860759842519682
11
5.4748513385826767
21
-6.2859407086614167
0
LINE
8
BLACK
6
CONTINUOUS
10
5.4748513385826767
20
-6.2859407086614167
11
5.4748715354330706
21
-6.2857653937007871
0
LINE
8
BLACK
6
CONTINUOUS
10
5.4748715354330706
20
-6.2857653937007871
11
5.4767462992125981
21
-6.282015866141732
0
LINE
8
BLACK
6
CONTINUOUS
10
5.4767462992125981
20
-6.282015866141732
11
5.4772722047244091
21
-6.2813067716535436
0
LINE
8
BLACK
6
CONTINUOUS
10
5.4772722047244091
20
-6.2813067716535436
11
5.4772994094488192
21
-6.2812484645669286
0
LINE
8
BLACK
6
CONTINUOUS
10
5.4772994094488192
20
-6.2812484645669286
11
5.4791741732283468
21
-6.2793737007874011
0
LINE
8
BLACK
6
CONTINUOUS
10
5.4791741732283468
20
-6.2793737007874011
11
5.479897244094488
21
-6.2788674015748027
0
LINE
8
BLACK
6
CONTINUOUS
10
5.479897244094488
20
-6.2788674015748027
11
5.4799415748031493
21
-6.2788205905511809
0
LINE
8
BLACK
6
CONTINUOUS
10
5.4799415748031493
20
-6.2788205905511809
11
5.4836911023622044
21
-6.2769458267716534
0
LINE
8
BLACK
6
CONTINUOUS
10
5.4836911023622044
20
-6.2769458267716534
11
5.4841795275590552
21
-6.2768005118110235
0
LINE
8
BLACK
6
CONTINUOUS
10
5.4841795275590552
20
-6.2768005118110235
11
5.4842954724409445
21
-6.2767222440944881
0
LINE
8
BLACK
6
CONTINUOUS
10
5.4842954724409445
20
-6.2767222440944881
11
5.4917945275590547
21
-6.2748474803149605
0
LINE
8
BLACK
6
CONTINUOUS
10
5.4917945275590547
20
-6.2748474803149605
11
5.4923824015748028
21
-6.2748059842519686
0
LINE
8
BLACK
6
CONTINUOUS
10
5.4923824015748028
20
-6.2748059842519686
11
5.4925106692913381
21
-6.2747593307086609
0
LINE
8
BLACK
6
CONTINUOUS
10
5.4925106692913381
20
-6.2747593307086609
11
5.5018844881889759
21
-6.2747593307086609
0
LINE
8
BLACK
6
CONTINUOUS
10
5.5018844881889759
20
-6.2747593307086609
11
5.5024648425196849
21
-6.274861653543307
0
LINE
8
BLACK
6
CONTINUOUS
10
5.4860421653543305
20
-6.2823728346456695
11
5.4830111811023619
21
-6.2838883464566928
0
LINE
8
BLACK
6
CONTINUOUS
10
5.4830111811023619
20
-6.2838883464566928
11
5.48181405511811
21
-6.2850854724409446
0
LINE
8
BLACK
6
CONTINUOUS
10
5.48181405511811
20
-6.2850854724409446
11
5.4804653149606297
21
-6.2877829527559053
0
LINE
8
BLACK
6
CONTINUOUS
10
5.4804653149606297
20
-6.2877829527559053
11
5.4804653149606297
21
-6.2901383858267712
0
LINE
8
BLACK
6
CONTINUOUS
10
5.4804653149606297
20
-6.2901383858267712
11
5.48181405511811
21
-6.2928358661417318
0
LINE
8
BLACK
6
CONTINUOUS
10
5.48181405511811
20
-6.2928358661417318
11
5.4830111811023619
21
-6.2940329921259845
0
LINE
8
BLACK
6
CONTINUOUS
10
5.4830111811023619
20
-6.2940329921259845
11
5.4860421653543305
21
-6.2955484645669291
0
LINE
8
BLACK
6
CONTINUOUS
10
5.4860421653543305
20
-6.2955484645669291
11
5.4928742125984247
21
-6.2972564960629924
0
LINE
8
BLACK
6
CONTINUOUS
10
5.4928742125984247
20
-6.2972564960629924
11
5.5015209448818894
21
-6.2972564960629924
0
LINE
8
BLACK
6
CONTINUOUS
10
5.5015209448818894
20
-6.2972564960629924
11
5.5083529921259844
21
-6.2955484645669291
0
LINE
8
BLACK
6
CONTINUOUS
10
5.5083529921259844
20
-6.2955484645669291
11
5.5113839763779522
21
-6.2940329527559058
0
LINE
8
BLACK
6
CONTINUOUS
10
5.5113839763779522
20
-6.2940329527559058
11
5.5125811417322836
21
-6.2928358267716531
0
LINE
8
BLACK
6
CONTINUOUS
10
5.5125811417322836
20
-6.2928358267716531
11
5.513929881889764
21
-6.2901383858267712
0
LINE
8
BLACK
6
CONTINUOUS
10
5.513929881889764
20
-6.2901383858267712
11
5.513929881889764
21
-6.2877829527559053
0
LINE
8
BLACK
6
CONTINUOUS
10
5.513929881889764
20
-6.2877829527559053
11
5.5125811417322836
21
-6.2850854724409446
0
LINE
8
BLACK
6
CONTINUOUS
10
5.5125811417322836
20
-6.2850854724409446
11
5.5113839763779522
21
-6.2838883464566928
0
LINE
8
BLACK
6
CONTINUOUS
10
5.5113839763779522
20
-6.2838883464566928
11
5.5083529921259844
21
-6.2823728346456695
0
LINE
8
BLACK
6
CONTINUOUS
10
5.5083529921259844
20
-6.2823728346456695
11
5.5015209448818894
21
-6.2806648425196849
0
LINE
8
BLACK
6
CONTINUOUS
10
5.5015209448818894
20
-6.2806648425196849
11
5.4928742125984247
21
-6.2806648425196849
0
LINE
8
BLACK
6
CONTINUOUS
10
5.4928742125984247
20
-6.2806648425196849
11
5.4860421653543305
21
-6.2823728346456695
0
LINE
8
BLACK
6
CONTINUOUS
10
5.9860475196850391
20
-6.2692954724409446
11
5.9861833070866144
21
-6.2692812992125981
0
LINE
8
BLACK
6
CONTINUOUS
10
5.9861833070866144
20
-6.2692812992125981
11
5.9936823622047246
21
-6.2711560629921257
0
LINE
8
BLACK
6
CONTINUOUS
10
5.9936823622047246
20
-6.2711560629921257
11
5.9941477952755902
21
-6.271363622047244
0
LINE
8
BLACK
6
CONTINUOUS
10
5.9941477952755902
20
-6.271363622047244
11
5.9942867322834648
21
-6.271379645669291
0
LINE
8
BLACK
6
CONTINUOUS
10
5.9942867322834648
20
-6.271379645669291
11
5.9980362598425199
21
-6.2732544094488185
0
LINE
8
BLACK
6
CONTINUOUS
10
5.9980362598425199
20
-6.2732544094488185
11
5.9987452362204721
21
-6.273780236220472
0
LINE
8
BLACK
6
CONTINUOUS
10
5.9987452362204721
20
-6.273780236220472
11
5.9988036220472436
21
-6.2738074803149608
0
LINE
8
BLACK
6
CONTINUOUS
10
5.9988036220472436
20
-6.2738074803149608
11
6.0006784251968499
21
-6.2756822440944884
0
LINE
8
BLACK
6
CONTINUOUS
10
6.0006784251968499
20
-6.2756822440944884
11
6.0011848031496058
21
-6.2764053937007871
0
LINE
8
BLACK
6
CONTINUOUS
10
6.0011848031496058
20
-6.2764053937007871
11
6.0012315748031497
21
-6.2764496850393696
0
LINE
8
BLACK
6
CONTINUOUS
10
6.0012315748031497
20
-6.2764496850393696
11
6.0031063385826773
21
-6.2801992125984247
0
LINE
8
BLACK
6
CONTINUOUS
10
6.0031063385826773
20
-6.2801992125984247
11
6.0033987007874012
21
-6.2811821259842517
0
LINE
8
BLACK
6
CONTINUOUS
10
6.0033987007874012
20
-6.2811821259842517
11
6.0033576771653543
21
-6.2813538188976379
0
LINE
8
BLACK
6
CONTINUOUS
10
6.0033576771653543
20
-6.2813538188976379
11
6.0034180708661413
21
-6.2815197244094483
0
LINE
8
BLACK
6
CONTINUOUS
10
6.0034180708661413
20
-6.2815197244094483
11
6.0034180708661413
21
-6.2852692519685034
0
LINE
8
BLACK
6
CONTINUOUS
10
6.0034180708661413
20
-6.2852692519685034
11
6.0032399999999999
21
-6.2862791732283467
0
LINE
8
BLACK
6
CONTINUOUS
10
6.0032399999999999
20
-6.2862791732283467
11
6.0031264960629924
21
-6.2864144094488186
0
LINE
8
BLACK
6
CONTINUOUS
10
6.0031264960629924
20
-6.2864144094488186
11
6.0031063385826773
21
-6.2865897637795278
0
LINE
8
BLACK
6
CONTINUOUS
10
6.0031063385826773
20
-6.2865897637795278
11
6.0012315748031497
21
-6.2903392913385829
0
LINE
8
BLACK
6
CONTINUOUS
10
6.0012315748031497
20
-6.2903392913385829
11
6.0007055905511812
21
-6.2910483858267714
0
LINE
8
BLACK
6
CONTINUOUS
10
6.0007055905511812
20
-6.2910483858267714
11
6.0006784251968499
21
-6.2911067322834642
0
LINE
8
BLACK
6
CONTINUOUS
10
6.0006784251968499
20
-6.2911067322834642
11
5.9988036220472436
21
-6.2929814960629917
0
LINE
8
BLACK
6
CONTINUOUS
10
5.9988036220472436
20
-6.2929814960629917
11
5.9980805511811024
21
-6.2934877559055113
0
LINE
8
BLACK
6
CONTINUOUS
10
5.9980805511811024
20
-6.2934877559055113
11
5.9980362598425199
21
-6.293534566929134
0
LINE
8
BLACK
6
CONTINUOUS
10
5.9980362598425199
20
-6.293534566929134
11
5.9942867322834648
21
-6.2954093307086616
0
LINE
8
BLACK
6
CONTINUOUS
10
5.9942867322834648
20
-6.2954093307086616
11
5.9937982677165351
21
-6.2955546062992127
0
LINE
8
BLACK
6
CONTINUOUS
10
5.9937982677165351
20
-6.2955546062992127
11
5.9936823622047246
21
-6.2956329133858269
0
LINE
8
BLACK
6
CONTINUOUS
10
5.9936823622047246
20
-6.2956329133858269
11
5.9861833070866144
21
-6.2975076771653544
0
LINE
8
BLACK
6
CONTINUOUS
10
5.9861833070866144
20
-6.2975076771653544
11
5.9855953937007875
21
-6.2975491338582676
0
LINE
8
BLACK
6
CONTINUOUS
10
5.9855953937007875
20
-6.2975491338582676
11
5.985467165354331
21
-6.2975958267716532
0
LINE
8
BLACK
6
CONTINUOUS
10
5.985467165354331
20
-6.2975958267716532
11
5.9760933464566932
21
-6.2975958267716532
0
LINE
8
BLACK
6
CONTINUOUS
10
5.9760933464566932
20
-6.2975958267716532
11
5.9755129527559054
21
-6.2974934645669292
0
LINE
8
BLACK
6
CONTINUOUS
10
5.9755129527559054
20
-6.2974934645669292
11
5.9753772047244089
21
-6.2975076771653544
0
LINE
8
BLACK
6
CONTINUOUS
10
5.9753772047244089
20
-6.2975076771653544
11
5.9678781496062987
21
-6.2956329133858269
0
LINE
8
BLACK
6
CONTINUOUS
10
5.9678781496062987
20
-6.2956329133858269
11
5.9674126771653544
21
-6.2954253149606298
0
LINE
8
BLACK
6
CONTINUOUS
10
5.9674126771653544
20
-6.2954253149606298
11
5.9672737795275586
21
-6.2954093307086616
0
LINE
8
BLACK
6
CONTINUOUS
10
5.9672737795275586
20
-6.2954093307086616
11
5.9635242519685034
21
-6.293534566929134
0
LINE
8
BLACK
6
CONTINUOUS
10
5.9635242519685034
20
-6.293534566929134
11
5.962815157480315
21
-6.2930086614173231
0
LINE
8
BLACK
6
CONTINUOUS
10
5.962815157480315
20
-6.2930086614173231
11
5.962756850393701
21
-6.292981456692913
0
LINE
8
BLACK
6
CONTINUOUS
10
5.962756850393701
20
-6.292981456692913
11
5.9608820866141734
21
-6.2911066929133854
0
LINE
8
BLACK
6
CONTINUOUS
10
5.9608820866141734
20
-6.2911066929133854
11
5.960375787401575
21
-6.2903835826771655
0
LINE
8
BLACK
6
CONTINUOUS
10
5.960375787401575
20
-6.2903835826771655
11
5.9603289763779523
21
-6.2903392913385829
0
LINE
8
BLACK
6
CONTINUOUS
10
5.9603289763779523
20
-6.2903392913385829
11
5.9584542125984248
21
-6.2865897637795278
0
LINE
8
BLACK
6
CONTINUOUS
10
5.9584542125984248
20
-6.2865897637795278
11
5.9581618503937008
21
-6.2856068110236221
0
LINE
8
BLACK
6
CONTINUOUS
10
5.9581618503937008
20
-6.2856068110236221
11
5.958202834645669
21
-6.2854351181102359
0
LINE
8
BLACK
6
CONTINUOUS
10
5.958202834645669
20
-6.2854351181102359
11
5.9581424803149607
21
-6.2852692519685034
0
LINE
8
BLACK
6
CONTINUOUS
10
5.9581424803149607
20
-6.2852692519685034
11
5.9581424803149607
21
-6.2815197244094483
0
LINE
8
BLACK
6
CONTINUOUS
10
5.9581424803149607
20
-6.2815197244094483
11
5.9583205511811022
21
-6.2805098031496058
0
LINE
8
BLACK
6
CONTINUOUS
10
5.9583205511811022
20
-6.2805098031496058
11
5.9584340157480318
21
-6.2803745275590552
0
LINE
8
BLACK
6
CONTINUOUS
10
5.9584340157480318
20
-6.2803745275590552
11
5.9584542125984248
21
-6.2801992125984247
0
LINE
8
BLACK
6
CONTINUOUS
10
5.9584542125984248
20
-6.2801992125984247
11
5.9603289763779523
21
-6.2764496850393696
0
LINE
8
BLACK
6
CONTINUOUS
10
5.9603289763779523
20
-6.2764496850393696
11
5.9608548818897633
21
-6.2757405905511812
0
LINE
8
BLACK
6
CONTINUOUS
10
5.9608548818897633
20
-6.2757405905511812
11
5.9608820866141734
21
-6.2756822834645671
0
LINE
8
BLACK
6
CONTINUOUS
10
5.9608820866141734
20
-6.2756822834645671
11
5.962756850393701
21
-6.2738075196850396
0
LINE
8
BLACK
6
CONTINUOUS
10
5.962756850393701
20
-6.2738075196850396
11
5.9634799212598422
21
-6.2733012204724412
0
LINE
8
BLACK
6
CONTINUOUS
10
5.9634799212598422
20
-6.2733012204724412
11
5.9635242519685034
21
-6.2732544094488185
0
LINE
8
BLACK
6
CONTINUOUS
10
5.9635242519685034
20
-6.2732544094488185
11
5.9672737795275586
21
-6.271379645669291
0
LINE
8
BLACK
6
CONTINUOUS
10
5.9672737795275586
20
-6.271379645669291
11
5.9677622047244094
21
-6.2712343307086611
0
LINE
8
BLACK
6
CONTINUOUS
10
5.9677622047244094
20
-6.2712343307086611
11
5.9678781496062987
21
-6.2711560629921257
0
LINE
8
BLACK
6
CONTINUOUS
10
5.9678781496062987
20
-6.2711560629921257
11
5.9753772047244089
21
-6.2692812992125981
0
LINE
8
BLACK
6
CONTINUOUS
10
5.9753772047244089
20
-6.2692812992125981
11
5.975965078740157
21
-6.2692398031496062
0
LINE
8
BLACK
6
CONTINUOUS
10
5.975965078740157
20
-6.2692398031496062
11
5.9760933464566932
21
-6.2691931496062994
0
LINE
8
BLACK
6
CONTINUOUS
10
5.9760933464566932
20
-6.2691931496062994
11
5.985467165354331
21
-6.2691931496062994
0
LINE
8
BLACK
6
CONTINUOUS
10
5.985467165354331
20
-6.2691931496062994
11
5.9860475196850391
21
-6.2692954724409446
0
LINE
8
BLACK
6
CONTINUOUS
10
5.9696248425196847
20
-6.2768066535433071
11
5.966593858267716
21
-6.2783221653543304
0
LINE
8
BLACK
6
CONTINUOUS
10
5.966593858267716
20
-6.2783221653543304
11
5.9653967322834642
21
-6.2795192913385822
0
LINE
8
BLACK
6
CONTINUOUS
10
5.9653967322834642
20
-6.2795192913385822
11
5.9640479921259839
21
-6.2822167716535429
0
LINE
8
BLACK
6
CONTINUOUS
10
5.9640479921259839
20
-6.2822167716535429
11
5.9640479921259839
21
-6.2845722047244097
0
LINE
8
BLACK
6
CONTINUOUS
10
5.9640479921259839
20
-6.2845722047244097
11
5.9653967322834642
21
-6.2872696850393703
0
LINE
8
BLACK
6
CONTINUOUS
10
5.9653967322834642
20
-6.2872696850393703
11
5.966593858267716
21
-6.2884668110236221
0
LINE
8
BLACK
6
CONTINUOUS
10
5.966593858267716
20
-6.2884668110236221
11
5.9696248425196847
21
-6.2899822834645667
0
LINE
8
BLACK
6
CONTINUOUS
10
5.9696248425196847
20
-6.2899822834645667
11
5.9764568897637798
21
-6.29169031496063
0
LINE
8
BLACK
6
CONTINUOUS
10
5.9764568897637798
20
-6.29169031496063
11
5.9851036220472436
21
-6.29169031496063
0
LINE
8
BLACK
6
CONTINUOUS
10
5.9851036220472436
20
-6.29169031496063
11
5.9919356692913386
21
-6.2899822834645667
0
LINE
8
BLACK
6
CONTINUOUS
10
5.9919356692913386
20
-6.2899822834645667
11
5.9949666535433073
21
-6.2884667716535434
0
LINE
8
BLACK
6
CONTINUOUS
10
5.9949666535433073
20
-6.2884667716535434
11
5.9961638188976378
21
-6.2872696456692916
0
LINE
8
BLACK
6
CONTINUOUS
10
5.9961638188976378
20
-6.2872696456692916
11
5.9975125590551182
21
-6.2845722047244097
0
LINE
8
BLACK
6
CONTINUOUS
10
5.9975125590551182
20
-6.2845722047244097
11
5.9975125590551182
21
-6.2822167716535429
0
LINE
8
BLACK
6
CONTINUOUS
10
5.9975125590551182
20
-6.2822167716535429
11
5.9961638188976378
21
-6.2795192913385822
0
LINE
8
BLACK
6
CONTINUOUS
10
5.9961638188976378
20
-6.2795192913385822
11
5.9949666535433073
21
-6.2783221653543304
0
LINE
8
BLACK
6
CONTINUOUS
10
5.9949666535433073
20
-6.2783221653543304
11
5.9919356692913386
21
-6.2768066535433071
0
LINE
8
BLACK
6
CONTINUOUS
10
5.9919356692913386
20
-6.2768066535433071
11
5.9851036220472436
21
-6.2750986614173225
0
LINE
8
BLACK
6
CONTINUOUS
10
5.9851036220472436
20
-6.2750986614173225
11
5.9764568897637798
21
-6.2750986614173225
0
LINE
8
BLACK
6
CONTINUOUS
10
5.9764568897637798
20
-6.2750986614173225
11
5.9696248425196847
21
-6.2768066535433071
0
LINE
8
BLACK
6
CONTINUOUS
10
5.118291614173228
20
-6.2655860236220473
11
5.1184274015748032
21
-6.2655718503937008
0
LINE
8
BLACK
6
CONTINUOUS
10
5.1184274015748032
20
-6.2655718503937008
11
5.1259264566929135
21
-6.2674466141732283
0
LINE
8
BLACK
6
CONTINUOUS
10
5.1259264566929135
20
-6.2674466141732283
11
5.126391889763779
21
-6.2676541732283466
0
LINE
8
BLACK
6
CONTINUOUS
10
5.126391889763779
20
-6.2676541732283466
11
5.1265308267716536
21
-6.2676701968503936
0
LINE
8
BLACK
6
CONTINUOUS
10
5.1265308267716536
20
-6.2676701968503936
11
5.1302803543307087
21
-6.2695449606299212
0
LINE
8
BLACK
6
CONTINUOUS
10
5.1302803543307087
20
-6.2695449606299212
11
5.1309893307086609
21
-6.2700707874015746
0
LINE
8
BLACK
6
CONTINUOUS
10
5.1309893307086609
20
-6.2700707874015746
11
5.1310477165354333
21
-6.2700980314960626
0
LINE
8
BLACK
6
CONTINUOUS
10
5.1310477165354333
20
-6.2700980314960626
11
5.1329225196850397
21
-6.2719727952755902
0
LINE
8
BLACK
6
CONTINUOUS
10
5.1329225196850397
20
-6.2719727952755902
11
5.1334288976377955
21
-6.2726959448818898
0
LINE
8
BLACK
6
CONTINUOUS
10
5.1334288976377955
20
-6.2726959448818898
11
5.1334756692913386
21
-6.2727402362204723
0
LINE
8
BLACK
6
CONTINUOUS
10
5.1334756692913386
20
-6.2727402362204723
11
5.1353504330708661
21
-6.2764897637795274
0
LINE
8
BLACK
6
CONTINUOUS
10
5.1353504330708661
20
-6.2764897637795274
11
5.1356427952755901
21
-6.2774726771653544
0
LINE
8
BLACK
6
CONTINUOUS
10
5.1356427952755901
20
-6.2774726771653544
11
5.1356017716535431
21
-6.2776443700787397
0
LINE
8
BLACK
6
CONTINUOUS
10
5.1356017716535431
20
-6.2776443700787397
11
5.1356621653543302
21
-6.2778102755905509
0
LINE
8
BLACK
6
CONTINUOUS
10
5.1356621653543302
20
-6.2778102755905509
11
5.1356621653543302
21
-6.281559803149606
0
LINE
8
BLACK
6
CONTINUOUS
10
5.1356621653543302
20
-6.281559803149606
11
5.1354840944881888
21
-6.2825697244094485
0
LINE
8
BLACK
6
CONTINUOUS
10
5.1354840944881888
20
-6.2825697244094485
11
5.1353705905511813
21
-6.2827049606299212
0
LINE
8
BLACK
6
CONTINUOUS
10
5.1353705905511813
20
-6.2827049606299212
11
5.1353504330708661
21
-6.2828803149606296
0
LINE
8
BLACK
6
CONTINUOUS
10
5.1353504330708661
20
-6.2828803149606296
11
5.1334756692913386
21
-6.2866298425196847
0
LINE
8
BLACK
6
CONTINUOUS
10
5.1334756692913386
20
-6.2866298425196847
11
5.1329496850393701
21
-6.2873389370078741
0
LINE
8
BLACK
6
CONTINUOUS
10
5.1329496850393701
20
-6.2873389370078741
11
5.1329225196850397
21
-6.2873972834645668
0
LINE
8
BLACK
6
CONTINUOUS
10
5.1329225196850397
20
-6.2873972834645668
11
5.1310477165354333
21
-6.2892720472440944
0
LINE
8
BLACK
6
CONTINUOUS
10
5.1310477165354333
20
-6.2892720472440944
11
5.1303246456692913
21
-6.289778307086614
0
LINE
8
BLACK
6
CONTINUOUS
10
5.1303246456692913
20
-6.289778307086614
11
5.1302803543307087
21
-6.2898251181102358
0
LINE
8
BLACK
6
CONTINUOUS
10
5.1302803543307087
20
-6.2898251181102358
11
5.1265308267716536
21
-6.2916998818897634
0
LINE
8
BLACK
6
CONTINUOUS
10
5.1265308267716536
20
-6.2916998818897634
11
5.126042362204724
21
-6.2918451574803145
0
LINE
8
BLACK
6
CONTINUOUS
10
5.126042362204724
20
-6.2918451574803145
11
5.1259264566929135
21
-6.2919234645669286
0
LINE
8
BLACK
6
CONTINUOUS
10
5.1259264566929135
20
-6.2919234645669286
11
5.1184274015748032
21
-6.2937982283464562
0
LINE
8
BLACK
6
CONTINUOUS
10
5.1184274015748032
20
-6.2937982283464562
11
5.1178394881889764
21
-6.2938396850393703
0
LINE
8
BLACK
6
CONTINUOUS
10
5.1178394881889764
20
-6.2938396850393703
11
5.1177112598425198
21
-6.2938863779527559
0
LINE
8
BLACK
6
CONTINUOUS
10
5.1177112598425198
20
-6.2938863779527559
11
5.1083374409448821
21
-6.2938863779527559
0
LINE
8
BLACK
6
CONTINUOUS
10
5.1083374409448821
20
-6.2938863779527559
11
5.1077570472440943
21
-6.2937840157480309
0
LINE
8
BLACK
6
CONTINUOUS
10
5.1077570472440943
20
-6.2937840157480309
11
5.1076212992125987
21
-6.2937982283464562
0
LINE
8
BLACK
6
CONTINUOUS
10
5.1076212992125987
20
-6.2937982283464562
11
5.1001222440944884
21
-6.2919234645669286
0
LINE
8
BLACK
6
CONTINUOUS
10
5.1001222440944884
20
-6.2919234645669286
11
5.0996567716535433
21
-6.2917158661417325
0
LINE
8
BLACK
6
CONTINUOUS
10
5.0996567716535433
20
-6.2917158661417325
11
5.0995178740157483
21
-6.2916998818897634
0
LINE
8
BLACK
6
CONTINUOUS
10
5.0995178740157483
20
-6.2916998818897634
11
5.0957683464566932
21
-6.2898251181102358
0
LINE
8
BLACK
6
CONTINUOUS
10
5.0957683464566932
20
-6.2898251181102358
11
5.0950592519685038
21
-6.2892992125984248
0
LINE
8
BLACK
6
CONTINUOUS
10
5.0950592519685038
20
-6.2892992125984248
11
5.0950009448818898
21
-6.2892720078740156
0
LINE
8
BLACK
6
CONTINUOUS
10
5.0950009448818898
20
-6.2892720078740156
11
5.0931261811023623
21
-6.2873972440944881
0
LINE
8
BLACK
6
CONTINUOUS
10
5.0931261811023623
20
-6.2873972440944881
11
5.0926198818897639
21
-6.2866741338582672
0
LINE
8
BLACK
6
CONTINUOUS
10
5.0926198818897639
20
-6.2866741338582672
11
5.0925730708661412
21
-6.2866298425196847
0
LINE
8
BLACK
6
CONTINUOUS
10
5.0925730708661412
20
-6.2866298425196847
11
5.0906983070866136
21
-6.2828803149606296
0
LINE
8
BLACK
6
CONTINUOUS
10
5.0906983070866136
20
-6.2828803149606296
11
5.0904059448818897
21
-6.2818973622047238
0
LINE
8
BLACK
6
CONTINUOUS
10
5.0904059448818897
20
-6.2818973622047238
11
5.0904469291338579
21
-6.2817256692913386
0
LINE
8
BLACK
6
CONTINUOUS
10
5.0904469291338579
20
-6.2817256692913386
11
5.0903865748031496
21
-6.281559803149606
0
LINE
8
BLACK
6
CONTINUOUS
10
5.0903865748031496
20
-6.281559803149606
11
5.0903865748031496
21
-6.2778102755905509
0
LINE
8
BLACK
6
CONTINUOUS
10
5.0903865748031496
20
-6.2778102755905509
11
5.090564645669291
21
-6.2768003543307085
0
LINE
8
BLACK
6
CONTINUOUS
10
5.090564645669291
20
-6.2768003543307085
11
5.0906781102362206
21
-6.276665078740157
0
LINE
8
BLACK
6
CONTINUOUS
10
5.0906781102362206
20
-6.276665078740157
11
5.0906983070866136
21
-6.2764897637795274
0
LINE
8
BLACK
6
CONTINUOUS
10
5.0906983070866136
20
-6.2764897637795274
11
5.0925730708661412
21
-6.2727402362204723
0
LINE
8
BLACK
6
CONTINUOUS
10
5.0925730708661412
20
-6.2727402362204723
11
5.0930989763779531
21
-6.2720311417322829
0
LINE
8
BLACK
6
CONTINUOUS
10
5.0930989763779531
20
-6.2720311417322829
11
5.0931261811023623
21
-6.2719728346456689
0
LINE
8
BLACK
6
CONTINUOUS
10
5.0931261811023623
20
-6.2719728346456689
11
5.0950009448818898
21
-6.2700980708661413
0
LINE
8
BLACK
6
CONTINUOUS
10
5.0950009448818898
20
-6.2700980708661413
11
5.095724015748031
21
-6.269591771653543
0
LINE
8
BLACK
6
CONTINUOUS
10
5.095724015748031
20
-6.269591771653543
11
5.0957683464566932
21
-6.2695449606299212
0
LINE
8
BLACK
6
CONTINUOUS
10
5.0957683464566932
20
-6.2695449606299212
11
5.0995178740157483
21
-6.2676701968503936
0
LINE
8
BLACK
6
CONTINUOUS
10
5.0995178740157483
20
-6.2676701968503936
11
5.1000062992125983
21
-6.2675248818897638
0
LINE
8
BLACK
6
CONTINUOUS
10
5.1000062992125983
20
-6.2675248818897638
11
5.1001222440944884
21
-6.2674466141732283
0
LINE
8
BLACK
6
CONTINUOUS
10
5.1001222440944884
20
-6.2674466141732283
11
5.1076212992125987
21
-6.2655718503937008
0
LINE
8
BLACK
6
CONTINUOUS
10
5.1076212992125987
20
-6.2655718503937008
11
5.1082091732283468
21
-6.2655303543307088
0
LINE
8
BLACK
6
CONTINUOUS
10
5.1082091732283468
20
-6.2655303543307088
11
5.1083374409448821
21
-6.2654837007874011
0
LINE
8
BLACK
6
CONTINUOUS
10
5.1083374409448821
20
-6.2654837007874011
11
5.1177112598425198
21
-6.2654837007874011
0
LINE
8
BLACK
6
CONTINUOUS
10
5.1177112598425198
20
-6.2654837007874011
11
5.118291614173228
21
-6.2655860236220473
0
LINE
8
BLACK
6
CONTINUOUS
10
5.1018689370078736
20
-6.2730972047244089
11
5.0988379527559058
21
-6.2746127165354331
0
LINE
8
BLACK
6
CONTINUOUS
10
5.0988379527559058
20
-6.2746127165354331
11
5.0976408267716531
21
-6.2758098425196849
0
LINE
8
BLACK
6
CONTINUOUS
10
5.0976408267716531
20
-6.2758098425196849
11
5.0962920866141728
21
-6.2785073228346455
0
LINE
8
BLACK
6
CONTINUOUS
10
5.0962920866141728
20
-6.2785073228346455
11
5.0962920866141728
21
-6.2808627559055115
0
LINE
8
BLACK
6
CONTINUOUS
10
5.0962920866141728
20
-6.2808627559055115
11
5.0976408267716531
21
-6.2835602362204721
0
LINE
8
BLACK
6
CONTINUOUS
10
5.0976408267716531
20
-6.2835602362204721
11
5.0988379527559058
21
-6.2847573622047239
0
LINE
8
BLACK
6
CONTINUOUS
10
5.0988379527559058
20
-6.2847573622047239
11
5.1018689370078736
21
-6.2862728346456693
0
LINE
8
BLACK
6
CONTINUOUS
10
5.1018689370078736
20
-6.2862728346456693
11
5.1087009842519686
21
-6.2879808661417318
0
LINE
8
BLACK
6
CONTINUOUS
10
5.1087009842519686
20
-6.2879808661417318
11
5.1173477165354333
21
-6.2879808661417318
0
LINE
8
BLACK
6
CONTINUOUS
10
5.1173477165354333
20
-6.2879808661417318
11
5.1241797637795274
21
-6.2862728346456693
0
LINE
8
BLACK
6
CONTINUOUS
10
5.1241797637795274
20
-6.2862728346456693
11
5.1272107480314961
21
-6.2847573228346452
0
LINE
8
BLACK
6
CONTINUOUS
10
5.1272107480314961
20
-6.2847573228346452
11
5.1284079133858267
21
-6.2835601968503934
0
LINE
8
BLACK
6
CONTINUOUS
10
5.1284079133858267
20
-6.2835601968503934
11
5.129756653543307
21
-6.2808627559055115
0
LINE
8
BLACK
6
CONTINUOUS
10
5.129756653543307
20
-6.2808627559055115
11
5.129756653543307
21
-6.2785073228346455
0
LINE
8
BLACK
6
CONTINUOUS
10
5.129756653543307
20
-6.2785073228346455
11
5.1284079133858267
21
-6.2758098425196849
0
LINE
8
BLACK
6
CONTINUOUS
10
5.1284079133858267
20
-6.2758098425196849
11
5.1272107480314961
21
-6.2746127165354331
0
LINE
8
BLACK
6
CONTINUOUS
10
5.1272107480314961
20
-6.2746127165354331
11
5.1241797637795274
21
-6.2730972047244089
0
LINE
8
BLACK
6
CONTINUOUS
10
5.1241797637795274
20
-6.2730972047244089
11
5.1173477165354333
21
-6.2713892125984252
0
LINE
8
BLACK
6
CONTINUOUS
10
5.1173477165354333
20
-6.2713892125984252
11
5.1087009842519686
21
-6.2713892125984252
0
LINE
8
BLACK
6
CONTINUOUS
10
5.1087009842519686
20
-6.2713892125984252
11
5.1018689370078736
21
-6.2730972047244089
0
LINE
8
BLACK
6
CONTINUOUS
10
4.6069217716535436
20
-6.2511572440944878
11
4.6070563385826775
21
-6.2511455118110231
0
LINE
8
BLACK
6
CONTINUOUS
10
4.6070563385826775
20
-6.2511455118110231
11
4.607784488188976
21
-6.2516553543307083
0
LINE
8
BLACK
6
CONTINUOUS
10
4.607784488188976
20
-6.2516553543307083
11
4.6085540157480311
21
-6.2520996850393695
0
LINE
8
BLACK
6
CONTINUOUS
10
4.6085540157480311
20
-6.2520996850393695
11
4.608600157480315
21
-6.2522265354330706
0
LINE
8
BLACK
6
CONTINUOUS
10
4.608600157480315
20
-6.2522265354330706
11
4.608710866141732
21
-6.2523040551181097
0
LINE
8
BLACK
6
CONTINUOUS
10
4.608710866141732
20
-6.2523040551181097
11
4.6089408661417322
21
-6.2531625590551183
0
LINE
8
BLACK
6
CONTINUOUS
10
4.6089408661417322
20
-6.2531625590551183
11
4.6092448425196846
21
-6.253997677165354
0
LINE
8
BLACK
6
CONTINUOUS
10
4.6092448425196846
20
-6.253997677165354
11
4.6092448425196846
21
-6.2783696062992123
0
LINE
8
BLACK
6
CONTINUOUS
10
4.6092448425196846
20
-6.2783696062992123
11
4.6090667716535432
21
-6.2793795275590547
0
LINE
8
BLACK
6
CONTINUOUS
10
4.6090667716535432
20
-6.2793795275590547
11
4.607768464566929
21
-6.2809267716535429
0
LINE
8
BLACK
6
CONTINUOUS
10
4.607768464566929
20
-6.2809267716535429
11
4.6057793307086614
21
-6.2812775196850392
0
LINE
8
BLACK
6
CONTINUOUS
10
4.6057793307086614
20
-6.2812775196850392
11
4.6040301574803149
21
-6.2802675984251968
0
LINE
8
BLACK
6
CONTINUOUS
10
4.6040301574803149
20
-6.2802675984251968
11
4.6033393307086614
21
-6.2783696062992123
0
LINE
8
BLACK
6
CONTINUOUS
10
4.6033393307086614
20
-6.2783696062992123
11
4.6033393307086614
21
-6.2611262204724412
0
LINE
8
BLACK
6
CONTINUOUS
10
4.6033393307086614
20
-6.2611262204724412
11
4.5858827952755901
21
-6.2785827559055116
0
LINE
8
BLACK
6
CONTINUOUS
10
4.5858827952755901
20
-6.2785827559055116
11
4.585042755905512
21
-6.2791709448818898
0
LINE
8
BLACK
6
CONTINUOUS
10
4.585042755905512
20
-6.2791709448818898
11
4.584866889763779
21
-6.279186299212598
0
LINE
8
BLACK
6
CONTINUOUS
10
4.584866889763779
20
-6.279186299212598
11
4.5847286220472441
21
-6.2792960629921257
0
LINE
8
BLACK
6
CONTINUOUS
10
4.5847286220472441
20
-6.2792960629921257
11
4.5791043307086614
21
-6.2811708267716533
0
LINE
8
BLACK
6
CONTINUOUS
10
4.5791043307086614
20
-6.2811708267716533
11
4.5782311417322834
21
-6.2813002755905512
0
LINE
8
BLACK
6
CONTINUOUS
10
4.5782311417322834
20
-6.2813002755905512
11
4.5781705905511814
21
-6.2813223622047243
0
LINE
8
BLACK
6
CONTINUOUS
10
4.5781705905511814
20
-6.2813223622047243
11
4.5744210629921263
21
-6.2813223622047243
0
LINE
8
BLACK
6
CONTINUOUS
10
4.5744210629921263
20
-6.2813223622047243
11
4.5734111417322838
21
-6.2811442913385829
0
LINE
8
BLACK
6
CONTINUOUS
10
4.5734111417322838
20
-6.2811442913385829
11
4.5732758661417323
21
-6.2810307874015745
0
LINE
8
BLACK
6
CONTINUOUS
10
4.5732758661417323
20
-6.2810307874015745
11
4.5731005511811027
21
-6.2810106299212594
0
LINE
8
BLACK
6
CONTINUOUS
10
4.5731005511811027
20
-6.2810106299212594
11
4.5693510236220467
21
-6.2791358661417318
0
LINE
8
BLACK
6
CONTINUOUS
10
4.5693510236220467
20
-6.2791358661417318
11
4.5686419291338582
21
-6.2786099606299208
0
LINE
8
BLACK
6
CONTINUOUS
10
4.5686419291338582
20
-6.2786099606299208
11
4.5685836220472442
21
-6.2785827559055116
0
LINE
8
BLACK
6
CONTINUOUS
10
4.5685836220472442
20
-6.2785827559055116
11
4.5667088582677167
21
-6.2767079921259841
0
LINE
8
BLACK
6
CONTINUOUS
10
4.5667088582677167
20
-6.2767079921259841
11
4.5662025590551183
21
-6.2759848818897632
0
LINE
8
BLACK
6
CONTINUOUS
10
4.5662025590551183
20
-6.2759848818897632
11
4.5661557480314956
21
-6.2759405905511807
0
LINE
8
BLACK
6
CONTINUOUS
10
4.5661557480314956
20
-6.2759405905511807
11
4.564280984251968
21
-6.2721910629921256
0
LINE
8
BLACK
6
CONTINUOUS
10
4.564280984251968
20
-6.2721910629921256
11
4.5639886220472441
21
-6.2712081102362207
0
LINE
8
BLACK
6
CONTINUOUS
10
4.5639886220472441
20
-6.2712081102362207
11
4.5640296062992123
21
-6.2710364173228346
0
LINE
8
BLACK
6
CONTINUOUS
10
4.5640296062992123
20
-6.2710364173228346
11
4.563969251968504
21
-6.270870551181102
0
LINE
8
BLACK
6
CONTINUOUS
10
4.563969251968504
20
-6.270870551181102
11
4.563969251968504
21
-6.2614967322834643
0
LINE
8
BLACK
6
CONTINUOUS
10
4.563969251968504
20
-6.2614967322834643
11
4.5641473228346454
21
-6.2604868110236218
0
LINE
8
BLACK
6
CONTINUOUS
10
4.5641473228346454
20
-6.2604868110236218
11
4.564260787401575
21
-6.2603515354330703
0
LINE
8
BLACK
6
CONTINUOUS
10
4.564260787401575
20
-6.2603515354330703
11
4.564280984251968
21
-6.2601762204724407
0
LINE
8
BLACK
6
CONTINUOUS
10
4.564280984251968
20
-6.2601762204724407
11
4.5661557480314956
21
-6.2564266929133856
0
LINE
8
BLACK
6
CONTINUOUS
10
4.5661557480314956
20
-6.2564266929133856
11
4.5666816535433066
21
-6.2557175984251971
0
LINE
8
BLACK
6
CONTINUOUS
10
4.5666816535433066
20
-6.2557175984251971
11
4.5667088582677167
21
-6.2556592913385822
0
LINE
8
BLACK
6
CONTINUOUS
10
4.5667088582677167
20
-6.2556592913385822
11
4.5685836220472442
21
-6.2537845275590547
0
LINE
8
BLACK
6
CONTINUOUS
10
4.5685836220472442
20
-6.2537845275590547
11
4.5694236614173231
21
-6.2531963385826774
0
LINE
8
BLACK
6
CONTINUOUS
10
4.5694236614173231
20
-6.2531963385826774
11
4.5714357480314955
21
-6.2530203149606294
0
LINE
8
BLACK
6
CONTINUOUS
10
4.5714357480314955
20
-6.2530203149606294
11
4.5730903149606297
21
-6.2541788188976373
0
LINE
8
BLACK
6
CONTINUOUS
10
4.5730903149606297
20
-6.2541788188976373
11
4.5736130314960626
21
-6.256129803149606
0
LINE
8
BLACK
6
CONTINUOUS
10
4.5736130314960626
20
-6.256129803149606
11
4.5727594488188972
21
-6.2579603543307085
0
LINE
8
BLACK
6
CONTINUOUS
10
4.5727594488188972
20
-6.2579603543307085
11
4.5712235039370075
21
-6.2594962992125982
0
LINE
8
BLACK
6
CONTINUOUS
10
4.5712235039370075
20
-6.2594962992125982
11
4.5698747637795272
21
-6.2621937795275588
0
LINE
8
BLACK
6
CONTINUOUS
10
4.5698747637795272
20
-6.2621937795275588
11
4.5698747637795272
21
-6.2701735039370075
0
LINE
8
BLACK
6
CONTINUOUS
10
4.5698747637795272
20
-6.2701735039370075
11
4.5712235039370075
21
-6.2728709842519681
0
LINE
8
BLACK
6
CONTINUOUS
10
4.5712235039370075
20
-6.2728709842519681
11
4.5724206299212593
21
-6.2740681102362199
0
LINE
8
BLACK
6
CONTINUOUS
10
4.5724206299212593
20
-6.2740681102362199
11
4.5751181102362199
21
-6.2754168503937002
0
LINE
8
BLACK
6
CONTINUOUS
10
4.5751181102362199
20
-6.2754168503937002
11
4.5776914566929134
21
-6.2754168503937002
0
LINE
8
BLACK
6
CONTINUOUS
10
4.5776914566929134
20
-6.2754168503937002
11
4.5821998425196853
21
-6.2739140157480318
0
LINE
8
BLACK
6
CONTINUOUS
10
4.5821998425196853
20
-6.2739140157480318
11
4.6042041732283465
21
-6.2519097637795271
0
LINE
8
BLACK
6
CONTINUOUS
10
4.6042041732283465
20
-6.2519097637795271
11
4.6047322047244093
21
-6.2515399606299207
0
LINE
8
BLACK
6
CONTINUOUS
10
4.6047322047244093
20
-6.2515399606299207
11
4.604815708661417
21
-6.2514405118110234
0
LINE
8
BLACK
6
CONTINUOUS
10
4.604815708661417
20
-6.2514405118110234
11
4.6048940157480311
21
-6.2514266929133857
0
LINE
8
BLACK
6
CONTINUOUS
10
4.6048940157480311
20
-6.2514266929133857
11
4.6050442125984254
21
-6.2513215354330711
0
LINE
8
BLACK
6
CONTINUOUS
10
4.6050442125984254
20
-6.2513215354330711
11
4.6059297637795273
21
-6.2512440551181099
0
LINE
8
BLACK
6
CONTINUOUS
10
4.6059297637795273
20
-6.2512440551181099
11
4.6068048425196846
21
-6.2510897637795271
0
LINE
8
BLACK
6
CONTINUOUS
10
4.6068048425196846
20
-6.2510897637795271
11
4.6069217716535436
21
-6.2511572440944878
0
LINE
8
BLACK
6
CONTINUOUS
10
5.5024648425196849
20
-6.2373663385826772
11
5.5026006299212593
21
-6.2373521653543307
0
LINE
8
BLACK
6
CONTINUOUS
10
5.5026006299212593
20
-6.2373521653543307
11
5.5100996850393695
21
-6.2392269291338582
0
LINE
8
BLACK
6
CONTINUOUS
10
5.5100996850393695
20
-6.2392269291338582
11
5.510565118110236
21
-6.2394344881889765
0
LINE
8
BLACK
6
CONTINUOUS
10
5.510565118110236
20
-6.2394344881889765
11
5.5107040551181097
21
-6.2394505118110235
0
LINE
8
BLACK
6
CONTINUOUS
10
5.5107040551181097
20
-6.2394505118110235
11
5.5144535826771648
21
-6.2413252755905511
0
LINE
8
BLACK
6
CONTINUOUS
10
5.5144535826771648
20
-6.2413252755905511
11
5.5151625590551179
21
-6.2418511023622045
0
LINE
8
BLACK
6
CONTINUOUS
10
5.5151625590551179
20
-6.2418511023622045
11
5.5152209448818894
21
-6.2418783464566925
0
LINE
8
BLACK
6
CONTINUOUS
10
5.5152209448818894
20
-6.2418783464566925
11
5.5170957480314957
21
-6.24375311023622
0
LINE
8
BLACK
6
CONTINUOUS
10
5.5170957480314957
20
-6.24375311023622
11
5.5176021259842516
21
-6.2444762598425196
0
LINE
8
BLACK
6
CONTINUOUS
10
5.5176021259842516
20
-6.2444762598425196
11
5.5176488976377955
21
-6.2445205511811022
0
LINE
8
BLACK
6
CONTINUOUS
10
5.5176488976377955
20
-6.2445205511811022
11
5.5195236614173231
21
-6.2482700787401573
0
LINE
8
BLACK
6
CONTINUOUS
10
5.5195236614173231
20
-6.2482700787401573
11
5.519816023622047
21
-6.2492529921259843
0
LINE
8
BLACK
6
CONTINUOUS
10
5.519816023622047
20
-6.2492529921259843
11
5.5197750000000001
21
-6.2494246850393695
0
LINE
8
BLACK
6
CONTINUOUS
10
5.5197750000000001
20
-6.2494246850393695
11
5.5198353937007871
21
-6.2495905905511808
0
LINE
8
BLACK
6
CONTINUOUS
10
5.5198353937007871
20
-6.2495905905511808
11
5.5198353937007871
21
-6.2533401181102359
0
LINE
8
BLACK
6
CONTINUOUS
10
5.5198353937007871
20
-6.2533401181102359
11
5.5196573228346457
21
-6.2543500393700784
0
LINE
8
BLACK
6
CONTINUOUS
10
5.5196573228346457
20
-6.2543500393700784
11
5.5195438188976373
21
-6.2544852755905511
0
LINE
8
BLACK
6
CONTINUOUS
10
5.5195438188976373
20
-6.2544852755905511
11
5.5195236614173231
21
-6.2546606299212595
0
LINE
8
BLACK
6
CONTINUOUS
10
5.5195236614173231
20
-6.2546606299212595
11
5.5176488976377955
21
-6.2584101574803146
0
LINE
8
BLACK
6
CONTINUOUS
10
5.5176488976377955
20
-6.2584101574803146
11
5.5171229133858271
21
-6.2591192519685039
0
LINE
8
BLACK
6
CONTINUOUS
10
5.5171229133858271
20
-6.2591192519685039
11
5.5170957480314957
21
-6.2591775984251967
0
LINE
8
BLACK
6
CONTINUOUS
10
5.5170957480314957
20
-6.2591775984251967
11
5.5152209448818894
21
-6.2610523622047243
0
LINE
8
BLACK
6
CONTINUOUS
10
5.5152209448818894
20
-6.2610523622047243
11
5.5144978740157482
21
-6.2615586220472439
0
LINE
8
BLACK
6
CONTINUOUS
10
5.5144978740157482
20
-6.2615586220472439
11
5.5144535826771648
21
-6.2616054330708657
0
LINE
8
BLACK
6
CONTINUOUS
10
5.5144535826771648
20
-6.2616054330708657
11
5.5107040551181097
21
-6.2634801968503933
0
LINE
8
BLACK
6
CONTINUOUS
10
5.5107040551181097
20
-6.2634801968503933
11
5.5102155905511809
21
-6.2636254724409444
0
LINE
8
BLACK
6
CONTINUOUS
10
5.5102155905511809
20
-6.2636254724409444
11
5.5100996850393695
21
-6.2637037795275585
0
LINE
8
BLACK
6
CONTINUOUS
10
5.5100996850393695
20
-6.2637037795275585
11
5.5026006299212593
21
-6.2655785433070861
0
LINE
8
BLACK
6
CONTINUOUS
10
5.5026006299212593
20
-6.2655785433070861
11
5.5020127165354333
21
-6.2656200000000002
0
LINE
8
BLACK
6
CONTINUOUS
10
5.5020127165354333
20
-6.2656200000000002
11
5.5018844881889759
21
-6.2656666929133857
0
LINE
8
BLACK
6
CONTINUOUS
10
5.5018844881889759
20
-6.2656666929133857
11
5.4925106692913381
21
-6.2656666929133857
0
LINE
8
BLACK
6
CONTINUOUS
10
5.4925106692913381
20
-6.2656666929133857
11
5.4919302755905512
21
-6.2655643307086617
0
LINE
8
BLACK
6
CONTINUOUS
10
5.4919302755905512
20
-6.2655643307086617
11
5.4917945275590547
21
-6.2655785433070861
0
LINE
8
BLACK
6
CONTINUOUS
10
5.4917945275590547
20
-6.2655785433070861
11
5.4842954724409445
21
-6.2637037795275585
0
LINE
8
BLACK
6
CONTINUOUS
10
5.4842954724409445
20
-6.2637037795275585
11
5.4838300000000002
21
-6.2634961811023624
0
LINE
8
BLACK
6
CONTINUOUS
10
5.4838300000000002
20
-6.2634961811023624
11
5.4836911023622044
21
-6.2634801968503933
0
LINE
8
BLACK
6
CONTINUOUS
10
5.4836911023622044
20
-6.2634801968503933
11
5.4799415748031493
21
-6.2616054330708657
0
LINE
8
BLACK
6
CONTINUOUS
10
5.4799415748031493
20
-6.2616054330708657
11
5.4792324803149608
21
-6.2610795275590547
0
LINE
8
BLACK
6
CONTINUOUS
10
5.4792324803149608
20
-6.2610795275590547
11
5.4791741732283468
21
-6.2610523228346455
0
LINE
8
BLACK
6
CONTINUOUS
10
5.4791741732283468
20
-6.2610523228346455
11
5.4772994094488192
21
-6.259177559055118
0
LINE
8
BLACK
6
CONTINUOUS
10
5.4772994094488192
20
-6.259177559055118
11
5.47679311023622
21
-6.2584544488188971
0
LINE
8
BLACK
6
CONTINUOUS
10
5.47679311023622
20
-6.2584544488188971
11
5.4767462992125981
21
-6.2584101574803146
0
LINE
8
BLACK
6
CONTINUOUS
10
5.4767462992125981
20
-6.2584101574803146
11
5.4748715354330706
21
-6.2546606299212595
0
LINE
8
BLACK
6
CONTINUOUS
10
5.4748715354330706
20
-6.2546606299212595
11
5.4745791732283466
21
-6.2536776771653546
0
LINE
8
BLACK
6
CONTINUOUS
10
5.4745791732283466
20
-6.2536776771653546
11
5.4746201574803148
21
-6.2535059842519685
0
LINE
8
BLACK
6
CONTINUOUS
10
5.4746201574803148
20
-6.2535059842519685
11
5.4745598031496066
21
-6.2533401181102359
0
LINE
8
BLACK
6
CONTINUOUS
10
5.4745598031496066
20
-6.2533401181102359
11
5.4745598031496066
21
-6.2495905905511808
0
LINE
8
BLACK
6
CONTINUOUS
10
5.4745598031496066
20
-6.2495905905511808
11
5.474737874015748
21
-6.2485806692913384
0
LINE
8
BLACK
6
CONTINUOUS
10
5.474737874015748
20
-6.2485806692913384
11
5.4748513385826767
21
-6.2484453937007869
0
LINE
8
BLACK
6
CONTINUOUS
10
5.4748513385826767
20
-6.2484453937007869
11
5.4748715354330706
21
-6.2482700787401573
0
LINE
8
BLACK
6
CONTINUOUS
10
5.4748715354330706
20
-6.2482700787401573
11
5.4767462992125981
21
-6.2445205511811022
0
LINE
8
BLACK
6
CONTINUOUS
10
5.4767462992125981
20
-6.2445205511811022
11
5.4772722047244091
21
-6.2438114566929128
0
LINE
8
BLACK
6
CONTINUOUS
10
5.4772722047244091
20
-6.2438114566929128
11
5.4772994094488192
21
-6.2437531496062988
0
LINE
8
BLACK
6
CONTINUOUS
10
5.4772994094488192
20
-6.2437531496062988
11
5.4791741732283468
21
-6.2418783858267712
0
LINE
8
BLACK
6
CONTINUOUS
10
5.4791741732283468
20
-6.2418783858267712
11
5.479897244094488
21
-6.2413720866141729
0
LINE
8
BLACK
6
CONTINUOUS
10
5.479897244094488
20
-6.2413720866141729
11
5.4799415748031493
21
-6.2413252755905511
0
LINE
8
BLACK
6
CONTINUOUS
10
5.4799415748031493
20
-6.2413252755905511
11
5.4836911023622044
21
-6.2394505118110235
0
LINE
8
BLACK
6
CONTINUOUS
10
5.4836911023622044
20
-6.2394505118110235
11
5.4841795275590552
21
-6.2393051968503936
0
LINE
8
BLACK
6
CONTINUOUS
10
5.4841795275590552
20
-6.2393051968503936
11
5.4842954724409445
21
-6.2392269291338582
0
LINE
8
BLACK
6
CONTINUOUS
10
5.4842954724409445
20
-6.2392269291338582
11
5.4917945275590547
21
-6.2373521653543307
0
LINE
8
BLACK
6
CONTINUOUS
10
5.4917945275590547
20
-6.2373521653543307
11
5.4923824015748028
21
-6.2373106692913387
0
LINE
8
BLACK
6
CONTINUOUS
10
5.4923824015748028
20
-6.2373106692913387
11
5.4925106692913381
21
-6.237264015748031
0
LINE
8
BLACK
6
CONTINUOUS
10
5.4925106692913381
20
-6.237264015748031
11
5.5018844881889759
21
-6.237264015748031
0
LINE
8
BLACK
6
CONTINUOUS
10
5.5018844881889759
20
-6.237264015748031
11
5.5024648425196849
21
-6.2373663385826772
0
LINE
8
BLACK
6
CONTINUOUS
10
5.4860421653543305
20
-6.2448775196850388
11
5.4830111811023619
21
-6.246393031496063
0
LINE
8
BLACK
6
CONTINUOUS
10
5.4830111811023619
20
-6.246393031496063
11
5.48181405511811
21
-6.2475901574803148
0
LINE
8
BLACK
6
CONTINUOUS
10
5.48181405511811
20
-6.2475901574803148
11
5.4804653149606297
21
-6.2502876377952754
0
LINE
8
BLACK
6
CONTINUOUS
10
5.4804653149606297
20
-6.2502876377952754
11
5.4804653149606297
21
-6.2526430708661414
0
LINE
8
BLACK
6
CONTINUOUS
10
5.4804653149606297
20
-6.2526430708661414
11
5.48181405511811
21
-6.255340551181102
0
LINE
8
BLACK
6
CONTINUOUS
10
5.48181405511811
20
-6.255340551181102
11
5.4830111811023619
21
-6.2565376771653538
0
LINE
8
BLACK
6
CONTINUOUS
10
5.4830111811023619
20
-6.2565376771653538
11
5.4860421653543305
21
-6.2580531496062992
0
LINE
8
BLACK
6
CONTINUOUS
10
5.4860421653543305
20
-6.2580531496062992
11
5.4928742125984247
21
-6.2597611811023617
0
LINE
8
BLACK
6
CONTINUOUS
10
5.4928742125984247
20
-6.2597611811023617
11
5.5015209448818894
21
-6.2597611811023617
0
LINE
8
BLACK
6
CONTINUOUS
10
5.5015209448818894
20
-6.2597611811023617
11
5.5083529921259844
21
-6.2580531496062992
0
LINE
8
BLACK
6
CONTINUOUS
10
5.5083529921259844
20
-6.2580531496062992
11
5.5113839763779522
21
-6.2565376377952751
0
LINE
8
BLACK
6
CONTINUOUS
10
5.5113839763779522
20
-6.2565376377952751
11
5.5125811417322836
21
-6.2553405118110232
0
LINE
8
BLACK
6
CONTINUOUS
10
5.5125811417322836
20
-6.2553405118110232
11
5.513929881889764
21
-6.2526430708661414
0
LINE
8
BLACK
6
CONTINUOUS
10
5.513929881889764
20
-6.2526430708661414
11
5.513929881889764
21
-6.2502876377952754
0
LINE
8
BLACK
6
CONTINUOUS
10
5.513929881889764
20
-6.2502876377952754
11
5.5125811417322836
21
-6.2475901574803148
0
LINE
8
BLACK
6
CONTINUOUS
10
5.5125811417322836
20
-6.2475901574803148
11
5.5113839763779522
21
-6.246393031496063
0
LINE
8
BLACK
6
CONTINUOUS
10
5.5113839763779522
20
-6.246393031496063
11
5.5083529921259844
21
-6.2448775196850388
0
LINE
8
BLACK
6
CONTINUOUS
10
5.5083529921259844
20
-6.2448775196850388
11
5.5015209448818894
21
-6.2431695275590551
0
LINE
8
BLACK
6
CONTINUOUS
10
5.5015209448818894
20
-6.2431695275590551
11
5.4928742125984247
21
-6.2431695275590551
0
LINE
8
BLACK
6
CONTINUOUS
10
5.4928742125984247
20
-6.2431695275590551
11
5.4860421653543305
21
-6.2448775196850388
0
LINE
8
BLACK
6
CONTINUOUS
10
5.9860475196850391
20
-6.2318001574803148
11
5.9861833070866144
21
-6.2317859842519683
0
LINE
8
BLACK
6
CONTINUOUS
10
5.9861833070866144
20
-6.2317859842519683
11
5.9936823622047246
21
-6.2336607480314958
0
LINE
8
BLACK
6
CONTINUOUS
10
5.9936823622047246
20
-6.2336607480314958
11
5.9941477952755902
21
-6.2338683070866141
0
LINE
8
BLACK
6
CONTINUOUS
10
5.9941477952755902
20
-6.2338683070866141
11
5.9942867322834648
21
-6.2338843307086611
0
LINE
8
BLACK
6
CONTINUOUS
10
5.9942867322834648
20
-6.2338843307086611
11
5.9980362598425199
21
-6.2357590944881887
0
LINE
8
BLACK
6
CONTINUOUS
10
5.9980362598425199
20
-6.2357590944881887
11
5.9987452362204721
21
-6.2362849212598421
0
LINE
8
BLACK
6
CONTINUOUS
10
5.9987452362204721
20
-6.2362849212598421
11
5.9988036220472436
21
-6.236312165354331
0
LINE
8
BLACK
6
CONTINUOUS
10
5.9988036220472436
20
-6.236312165354331
11
6.0006784251968499
21
-6.2381869291338585
0
LINE
8
BLACK
6
CONTINUOUS
10
6.0006784251968499
20
-6.2381869291338585
11
6.0011848031496058
21
-6.2389100787401572
0
LINE
8
BLACK
6
CONTINUOUS
10
6.0011848031496058
20
-6.2389100787401572
11
6.0012315748031497
21
-6.2389543700787398
0
LINE
8
BLACK
6
CONTINUOUS
10
6.0012315748031497
20
-6.2389543700787398
11
6.0031063385826773
21
-6.2427038976377949
0
LINE
8
BLACK
6
CONTINUOUS
10
6.0031063385826773
20
-6.2427038976377949
11
6.0033987007874012
21
-6.2436868110236219
0
LINE
8
BLACK
6
CONTINUOUS
10
6.0033987007874012
20
-6.2436868110236219
11
6.0033576771653543
21
-6.243858503937008
0
LINE
8
BLACK
6
CONTINUOUS
10
6.0033576771653543
20
-6.243858503937008
11
6.0034180708661413
21
-6.2440244094488184
0
LINE
8
BLACK
6
CONTINUOUS
10
6.0034180708661413
20
-6.2440244094488184
11
6.0034180708661413
21
-6.2477739370078735
0
LINE
8
BLACK
6
CONTINUOUS
10
6.0034180708661413
20
-6.2477739370078735
11
6.0032399999999999
21
-6.248783858267716
0
LINE
8
BLACK
6
CONTINUOUS
10
6.0032399999999999
20
-6.248783858267716
11
6.0031264960629924
21
-6.2489190944881887
0
LINE
8
BLACK
6
CONTINUOUS
10
6.0031264960629924
20
-6.2489190944881887
11
6.0031063385826773
21
-6.2490944488188971
0
LINE
8
BLACK
6
CONTINUOUS
10
6.0031063385826773
20
-6.2490944488188971
11
6.0012315748031497
21
-6.2528439763779522
0
LINE
8
BLACK
6
CONTINUOUS
10
6.0012315748031497
20
-6.2528439763779522
11
6.0007055905511812
21
-6.2535530708661415
0
LINE
8
BLACK
6
CONTINUOUS
10
6.0007055905511812
20
-6.2535530708661415
11
6.0006784251968499
21
-6.2536114173228343
0
LINE
8
BLACK
6
CONTINUOUS
10
6.0006784251968499
20
-6.2536114173228343
11
5.9988036220472436
21
-6.2554861811023619
0
LINE
8
BLACK
6
CONTINUOUS
10
5.9988036220472436
20
-6.2554861811023619
11
5.9980805511811024
21
-6.2559924409448815
0
LINE
8
BLACK
6
CONTINUOUS
10
5.9980805511811024
20
-6.2559924409448815
11
5.9980362598425199
21
-6.2560392519685042
0
LINE
8
BLACK
6
CONTINUOUS
10
5.9980362598425199
20
-6.2560392519685042
11
5.9942867322834648
21
-6.2579140157480317
0
LINE
8
BLACK
6
CONTINUOUS
10
5.9942867322834648
20
-6.2579140157480317
11
5.9937982677165351
21
-6.2580592913385829
0
LINE
8
BLACK
6
CONTINUOUS
10
5.9937982677165351
20
-6.2580592913385829
11
5.9936823622047246
21
-6.258137598425197
0
LINE
8
BLACK
6
CONTINUOUS
10
5.9936823622047246
20
-6.258137598425197
11
5.9861833070866144
21
-6.2600123622047246
0
LINE
8
BLACK
6
CONTINUOUS
10
5.9861833070866144
20
-6.2600123622047246
11
5.9855953937007875
21
-6.2600538188976378
0
LINE
8
BLACK
6
CONTINUOUS
10
5.9855953937007875
20
-6.2600538188976378
11
5.985467165354331
21
-6.2601005118110233
0
LINE
8
BLACK
6
CONTINUOUS
10
5.985467165354331
20
-6.2601005118110233
11
5.9760933464566932
21
-6.2601005118110233
0
LINE
8
BLACK
6
CONTINUOUS
10
5.9760933464566932
20
-6.2601005118110233
11
5.9755129527559054
21
-6.2599981496062993
0
LINE
8
BLACK
6
CONTINUOUS
10
5.9755129527559054
20
-6.2599981496062993
11
5.9753772047244089
21
-6.2600123622047246
0
LINE
8
BLACK
6
CONTINUOUS
10
5.9753772047244089
20
-6.2600123622047246
11
5.9678781496062987
21
-6.258137598425197
0
LINE
8
BLACK
6
CONTINUOUS
10
5.9678781496062987
20
-6.258137598425197
11
5.9674126771653544
21
-6.25793
0
LINE
8
BLACK
6
CONTINUOUS
10
5.9674126771653544
20
-6.25793
11
5.9672737795275586
21
-6.2579140157480317
0
LINE
8
BLACK
6
CONTINUOUS
10
5.9672737795275586
20
-6.2579140157480317
11
5.9635242519685034
21
-6.2560392519685042
0
LINE
8
BLACK
6
CONTINUOUS
10
5.9635242519685034
20
-6.2560392519685042
11
5.962815157480315
21
-6.2555133464566932
0
LINE
8
BLACK
6
CONTINUOUS
10
5.962815157480315
20
-6.2555133464566932
11
5.962756850393701
21
-6.2554861417322831
0
LINE
8
BLACK
6
CONTINUOUS
10
5.962756850393701
20
-6.2554861417322831
11
5.9608820866141734
21
-6.2536113779527556
0
LINE
8
BLACK
6
CONTINUOUS
10
5.9608820866141734
20
-6.2536113779527556
11
5.960375787401575
21
-6.2528882677165356
0
LINE
8
BLACK
6
CONTINUOUS
10
5.960375787401575
20
-6.2528882677165356
11
5.9603289763779523
21
-6.2528439763779522
0
LINE
8
BLACK
6
CONTINUOUS
10
5.9603289763779523
20
-6.2528439763779522
11
5.9584542125984248
21
-6.2490944488188971
0
LINE
8
BLACK
6
CONTINUOUS
10
5.9584542125984248
20
-6.2490944488188971
11
5.9581618503937008
21
-6.2481114960629922
0
LINE
8
BLACK
6
CONTINUOUS
10
5.9581618503937008
20
-6.2481114960629922
11
5.958202834645669
21
-6.2479398031496061
0
LINE
8
BLACK
6
CONTINUOUS
10
5.958202834645669
20
-6.2479398031496061
11
5.9581424803149607
21
-6.2477739370078735
0
LINE
8
BLACK
6
CONTINUOUS
10
5.9581424803149607
20
-6.2477739370078735
11
5.9581424803149607
21
-6.2440244094488184
0
LINE
8
BLACK
6
CONTINUOUS
10
5.9581424803149607
20
-6.2440244094488184
11
5.9583205511811022
21
-6.243014488188976
0
LINE
8
BLACK
6
CONTINUOUS
10
5.9583205511811022
20
-6.243014488188976
11
5.9584340157480318
21
-6.2428792125984254
0
LINE
8
BLACK
6
CONTINUOUS
10
5.9584340157480318
20
-6.2428792125984254
11
5.9584542125984248
21
-6.2427038976377949
0
LINE
8
BLACK
6
CONTINUOUS
10
5.9584542125984248
20
-6.2427038976377949
11
5.9603289763779523
21
-6.2389543700787398
0
LINE
8
BLACK
6
CONTINUOUS
10
5.9603289763779523
20
-6.2389543700787398
11
5.9608548818897633
21
-6.2382452755905513
0
LINE
8
BLACK
6
CONTINUOUS
10
5.9608548818897633
20
-6.2382452755905513
11
5.9608820866141734
21
-6.2381869685039373
0
LINE
8
BLACK
6
CONTINUOUS
10
5.9608820866141734
20
-6.2381869685039373
11
5.962756850393701
21
-6.2363122047244097
0
LINE
8
BLACK
6
CONTINUOUS
10
5.962756850393701
20
-6.2363122047244097
11
5.9634799212598422
21
-6.2358059055118105
0
LINE
8
BLACK
6
CONTINUOUS
10
5.9634799212598422
20
-6.2358059055118105
11
5.9635242519685034
21
-6.2357590944881887
0
LINE
8
BLACK
6
CONTINUOUS
10
5.9635242519685034
20
-6.2357590944881887
11
5.9672737795275586
21
-6.2338843307086611
0
LINE
8
BLACK
6
CONTINUOUS
10
5.9672737795275586
20
-6.2338843307086611
11
5.9677622047244094
21
-6.2337390157480312
0
LINE
8
BLACK
6
CONTINUOUS
10
5.9677622047244094
20
-6.2337390157480312
11
5.9678781496062987
21
-6.2336607480314958
0
LINE
8
BLACK
6
CONTINUOUS
10
5.9678781496062987
20
-6.2336607480314958
11
5.9753772047244089
21
-6.2317859842519683
0
LINE
8
BLACK
6
CONTINUOUS
10
5.9753772047244089
20
-6.2317859842519683
11
5.975965078740157
21
-6.2317444881889763
0
LINE
8
BLACK
6
CONTINUOUS
10
5.975965078740157
20
-6.2317444881889763
11
5.9760933464566932
21
-6.2316978346456695
0
LINE
8
BLACK
6
CONTINUOUS
10
5.9760933464566932
20
-6.2316978346456695
11
5.985467165354331
21
-6.2316978346456695
0
LINE
8
BLACK
6
CONTINUOUS
10
5.985467165354331
20
-6.2316978346456695
11
5.9860475196850391
21
-6.2318001574803148
0
LINE
8
BLACK
6
CONTINUOUS
10
5.9696248425196847
20
-6.2393113385826773
11
5.966593858267716
21
-6.2408268503937006
0
LINE
8
BLACK
6
CONTINUOUS
10
5.966593858267716
20
-6.2408268503937006
11
5.9653967322834642
21
-6.2420239763779524
0
LINE
8
BLACK
6
CONTINUOUS
10
5.9653967322834642
20
-6.2420239763779524
11
5.9640479921259839
21
-6.244721456692913
0
LINE
8
BLACK
6
CONTINUOUS
10
5.9640479921259839
20
-6.244721456692913
11
5.9640479921259839
21
-6.247076889763779
0
LINE
8
BLACK
6
CONTINUOUS
10
5.9640479921259839
20
-6.247076889763779
11
5.9653967322834642
21
-6.2497743700787396
0
LINE
8
BLACK
6
CONTINUOUS
10
5.9653967322834642
20
-6.2497743700787396
11
5.966593858267716
21
-6.2509714960629923
0
LINE
8
BLACK
6
CONTINUOUS
10
5.966593858267716
20
-6.2509714960629923
11
5.9696248425196847
21
-6.2524869685039368
0
LINE
8
BLACK
6
CONTINUOUS
10
5.9696248425196847
20
-6.2524869685039368
11
5.9764568897637798
21
-6.2541950000000002
0
LINE
8
BLACK
6
CONTINUOUS
10
5.9764568897637798
20
-6.2541950000000002
11
5.9851036220472436
21
-6.2541950000000002
0
LINE
8
BLACK
6
CONTINUOUS
10
5.9851036220472436
20
-6.2541950000000002
11
5.9919356692913386
21
-6.2524869685039368
0
LINE
8
BLACK
6
CONTINUOUS
10
5.9919356692913386
20
-6.2524869685039368
11
5.9949666535433073
21
-6.2509714566929135
0
LINE
8
BLACK
6
CONTINUOUS
10
5.9949666535433073
20
-6.2509714566929135
11
5.9961638188976378
21
-6.2497743307086608
0
LINE
8
BLACK
6
CONTINUOUS
10
5.9961638188976378
20
-6.2497743307086608
11
5.9975125590551182
21
-6.247076889763779
0
LINE
8
BLACK
6
CONTINUOUS
10
5.9975125590551182
20
-6.247076889763779
11
5.9975125590551182
21
-6.244721456692913
0
LINE
8
BLACK
6
CONTINUOUS
10
5.9975125590551182
20
-6.244721456692913
11
5.9961638188976378
21
-6.2420239763779524
0
LINE
8
BLACK
6
CONTINUOUS
10
5.9961638188976378
20
-6.2420239763779524
11
5.9949666535433073
21
-6.2408268503937006
0
LINE
8
BLACK
6
CONTINUOUS
10
5.9949666535433073
20
-6.2408268503937006
11
5.9919356692913386
21
-6.2393113385826773
0
LINE
8
BLACK
6
CONTINUOUS
10
5.9919356692913386
20
-6.2393113385826773
11
5.9851036220472436
21
-6.2376033464566927
0
LINE
8
BLACK
6
CONTINUOUS
10
5.9851036220472436
20
-6.2376033464566927
11
5.9764568897637798
21
-6.2376033464566927
0
LINE
8
BLACK
6
CONTINUOUS
10
5.9764568897637798
20
-6.2376033464566927
11
5.9696248425196847
21
-6.2393113385826773
0
LINE
8
BLACK
6
CONTINUOUS
10
5.118291614173228
20
-6.2280907086614175
11
5.1184274015748032
21
-6.2280765354330709
0
LINE
8
BLACK
6
CONTINUOUS
10
5.1184274015748032
20
-6.2280765354330709
11
5.1259264566929135
21
-6.2299512992125985
0
LINE
8
BLACK
6
CONTINUOUS
10
5.1259264566929135
20
-6.2299512992125985
11
5.126391889763779
21
-6.2301588582677168
0
LINE
8
BLACK
6
CONTINUOUS
10
5.126391889763779
20
-6.2301588582677168
11
5.1265308267716536
21
-6.2301748818897638
0
LINE
8
BLACK
6
CONTINUOUS
10
5.1265308267716536
20
-6.2301748818897638
11
5.1302803543307087
21
-6.2320496456692913
0
LINE
8
BLACK
6
CONTINUOUS
10
5.1302803543307087
20
-6.2320496456692913
11
5.1309893307086609
21
-6.2325754724409448
0
LINE
8
BLACK
6
CONTINUOUS
10
5.1309893307086609
20
-6.2325754724409448
11
5.1310477165354333
21
-6.2326027165354327
0
LINE
8
BLACK
6
CONTINUOUS
10
5.1310477165354333
20
-6.2326027165354327
11
5.1329225196850397
21
-6.2344774803149603
0
LINE
8
BLACK
6
CONTINUOUS
10
5.1329225196850397
20
-6.2344774803149603
11
5.1334288976377955
21
-6.2352006299212599
0
LINE
8
BLACK
6
CONTINUOUS
10
5.1334288976377955
20
-6.2352006299212599
11
5.1334756692913386
21
-6.2352449212598424
0
LINE
8
BLACK
6
CONTINUOUS
10
5.1334756692913386
20
-6.2352449212598424
11
5.1353504330708661
21
-6.2389944488188975
0
LINE
8
BLACK
6
CONTINUOUS
10
5.1353504330708661
20
-6.2389944488188975
11
5.1356427952755901
21
-6.2399773622047245
0
LINE
8
BLACK
6
CONTINUOUS
10
5.1356427952755901
20
-6.2399773622047245
11
5.1356017716535431
21
-6.2401490551181098
0
LINE
8
BLACK
6
CONTINUOUS
10
5.1356017716535431
20
-6.2401490551181098
11
5.1356621653543302
21
-6.2403149606299211
0
LINE
8
BLACK
6
CONTINUOUS
10
5.1356621653543302
20
-6.2403149606299211
11
5.1356621653543302
21
-6.2440644881889762
0
LINE
8
BLACK
6
CONTINUOUS
10
5.1356621653543302
20
-6.2440644881889762
11
5.1354840944881888
21
-6.2450744094488186
0
LINE
8
BLACK
6
CONTINUOUS
10
5.1354840944881888
20
-6.2450744094488186
11
5.1353705905511813
21
-6.2452096456692914
0
LINE
8
BLACK
6
CONTINUOUS
10
5.1353705905511813
20
-6.2452096456692914
11
5.1353504330708661
21
-6.2453849999999997
0
LINE
8
BLACK
6
CONTINUOUS
10
5.1353504330708661
20
-6.2453849999999997
11
5.1334756692913386
21
-6.2491345275590549
0
LINE
8
BLACK
6
CONTINUOUS
10
5.1334756692913386
20
-6.2491345275590549
11
5.1329496850393701
21
-6.2498436220472442
0
LINE
8
BLACK
6
CONTINUOUS
10
5.1329496850393701
20
-6.2498436220472442
11
5.1329225196850397
21
-6.249901968503937
0
LINE
8
BLACK
6
CONTINUOUS
10
5.1329225196850397
20
-6.249901968503937
11
5.1310477165354333
21
-6.2517767322834645
0
LINE
8
BLACK
6
CONTINUOUS
10
5.1310477165354333
20
-6.2517767322834645
11
5.1303246456692913
21
-6.2522829921259842
0
LINE
8
BLACK
6
CONTINUOUS
10
5.1303246456692913
20
-6.2522829921259842
11
5.1302803543307087
21
-6.252329803149606
0
LINE
8
BLACK
6
CONTINUOUS
10
5.1302803543307087
20
-6.252329803149606
11
5.1265308267716536
21
-6.2542045669291335
0
LINE
8
BLACK
6
CONTINUOUS
10
5.1265308267716536
20
-6.2542045669291335
11
5.126042362204724
21
-6.2543498425196846
0
LINE
8
BLACK
6
CONTINUOUS
10
5.126042362204724
20
-6.2543498425196846
11
5.1259264566929135
21
-6.2544281496062988
0
LINE
8
BLACK
6
CONTINUOUS
10
5.1259264566929135
20
-6.2544281496062988
11
5.1184274015748032
21
-6.2563029133858263
0
LINE
8
BLACK
6
CONTINUOUS
10
5.1184274015748032
20
-6.2563029133858263
11
5.1178394881889764
21
-6.2563443700787404
0
LINE
8
BLACK
6
CONTINUOUS
10
5.1178394881889764
20
-6.2563443700787404
11
5.1177112598425198
21
-6.256391062992126
0
LINE
8
BLACK
6
CONTINUOUS
10
5.1177112598425198
20
-6.256391062992126
11
5.1083374409448821
21
-6.256391062992126
0
LINE
8
BLACK
6
CONTINUOUS
10
5.1083374409448821
20
-6.256391062992126
11
5.1077570472440943
21
-6.2562887007874011
0
LINE
8
BLACK
6
CONTINUOUS
10
5.1077570472440943
20
-6.2562887007874011
11
5.1076212992125987
21
-6.2563029133858263
0
LINE
8
BLACK
6
CONTINUOUS
10
5.1076212992125987
20
-6.2563029133858263
11
5.1001222440944884
21
-6.2544281496062988
0
LINE
8
BLACK
6
CONTINUOUS
10
5.1001222440944884
20
-6.2544281496062988
11
5.0996567716535433
21
-6.2542205511811026
0
LINE
8
BLACK
6
CONTINUOUS
10
5.0996567716535433
20
-6.2542205511811026
11
5.0995178740157483
21
-6.2542045669291335
0
LINE
8
BLACK
6
CONTINUOUS
10
5.0995178740157483
20
-6.2542045669291335
11
5.0957683464566932
21
-6.252329803149606
0
LINE
8
BLACK
6
CONTINUOUS
10
5.0957683464566932
20
-6.252329803149606
11
5.0950592519685038
21
-6.251803897637795
0
LINE
8
BLACK
6
CONTINUOUS
10
5.0950592519685038
20
-6.251803897637795
11
5.0950009448818898
21
-6.2517766929133858
0
LINE
8
BLACK
6
CONTINUOUS
10
5.0950009448818898
20
-6.2517766929133858
11
5.0931261811023623
21
-6.2499019291338582
0
LINE
8
BLACK
6
CONTINUOUS
10
5.0931261811023623
20
-6.2499019291338582
11
5.0926198818897639
21
-6.2491788188976374
0
LINE
8
BLACK
6
CONTINUOUS
10
5.0926198818897639
20
-6.2491788188976374
11
5.0925730708661412
21
-6.2491345275590549
0
LINE
8
BLACK
6
CONTINUOUS
10
5.0925730708661412
20
-6.2491345275590549
11
5.0906983070866136
21
-6.2453849999999997
0
LINE
8
BLACK
6
CONTINUOUS
10
5.0906983070866136
20
-6.2453849999999997
11
5.0904059448818897
21
-6.244402047244094
0
LINE
8
BLACK
6
CONTINUOUS
10
5.0904059448818897
20
-6.244402047244094
11
5.0904469291338579
21
-6.2442303543307087
0
LINE
8
BLACK
6
CONTINUOUS
10
5.0904469291338579
20
-6.2442303543307087
11
5.0903865748031496
21
-6.2440644881889762
0
LINE
8
BLACK
6
CONTINUOUS
10
5.0903865748031496
20
-6.2440644881889762
11
5.0903865748031496
21
-6.2403149606299211
0
LINE
8
BLACK
6
CONTINUOUS
10
5.0903865748031496
20
-6.2403149606299211
11
5.090564645669291
21
-6.2393050393700786
0
LINE
8
BLACK
6
CONTINUOUS
10
5.090564645669291
20
-6.2393050393700786
11
5.0906781102362206
21
-6.2391697637795271
0
LINE
8
BLACK
6
CONTINUOUS
10
5.0906781102362206
20
-6.2391697637795271
11
5.0906983070866136
21
-6.2389944488188975
0
LINE
8
BLACK
6
CONTINUOUS
10
5.0906983070866136
20
-6.2389944488188975
11
5.0925730708661412
21
-6.2352449212598424
0
LINE
8
BLACK
6
CONTINUOUS
10
5.0925730708661412
20
-6.2352449212598424
11
5.0930989763779531
21
-6.2345358267716531
0
LINE
8
BLACK
6
CONTINUOUS
10
5.0930989763779531
20
-6.2345358267716531
11
5.0931261811023623
21
-6.234477519685039
0
LINE
8
BLACK
6
CONTINUOUS
10
5.0931261811023623
20
-6.234477519685039
11
5.0950009448818898
21
-6.2326027559055115
0
LINE
8
BLACK
6
CONTINUOUS
10
5.0950009448818898
20
-6.2326027559055115
11
5.095724015748031
21
-6.2320964566929131
0
LINE
8
BLACK
6
CONTINUOUS
10
5.095724015748031
20
-6.2320964566929131
11
5.0957683464566932
21
-6.2320496456692913
0
LINE
8
BLACK
6
CONTINUOUS
10
5.0957683464566932
20
-6.2320496456692913
11
5.0995178740157483
21
-6.2301748818897638
0
LINE
8
BLACK
6
CONTINUOUS
10
5.0995178740157483
20
-6.2301748818897638
11
5.1000062992125983
21
-6.2300295669291339
0
LINE
8
BLACK
6
CONTINUOUS
10
5.1000062992125983
20
-6.2300295669291339
11
5.1001222440944884
21
-6.2299512992125985
0
LINE
8
BLACK
6
CONTINUOUS
10
5.1001222440944884
20
-6.2299512992125985
11
5.1076212992125987
21
-6.2280765354330709
0
LINE
8
BLACK
6
CONTINUOUS
10
5.1076212992125987
20
-6.2280765354330709
11
5.1082091732283468
21
-6.228035039370079
0
LINE
8
BLACK
6
CONTINUOUS
10
5.1082091732283468
20
-6.228035039370079
11
5.1083374409448821
21
-6.2279883858267713
0
LINE
8
BLACK
6
CONTINUOUS
10
5.1083374409448821
20
-6.2279883858267713
11
5.1177112598425198
21
-6.2279883858267713
0
LINE
8
BLACK
6
CONTINUOUS
10
5.1177112598425198
20
-6.2279883858267713
11
5.118291614173228
21
-6.2280907086614175
0
LINE
8
BLACK
6
CONTINUOUS
10
5.1018689370078736
20
-6.235601889763779
11
5.0988379527559058
21
-6.2371174015748032
0
LINE
8
BLACK
6
CONTINUOUS
10
5.0988379527559058
20
-6.2371174015748032
11
5.0976408267716531
21
-6.238314527559055
0
LINE
8
BLACK
6
CONTINUOUS
10
5.0976408267716531
20
-6.238314527559055
11
5.0962920866141728
21
-6.2410120078740157
0
LINE
8
BLACK
6
CONTINUOUS
10
5.0962920866141728
20
-6.2410120078740157
11
5.0962920866141728
21
-6.2433674409448816
0
LINE
8
BLACK
6
CONTINUOUS
10
5.0962920866141728
20
-6.2433674409448816
11
5.0976408267716531
21
-6.2460649212598423
0
LINE
8
BLACK
6
CONTINUOUS
10
5.0976408267716531
20
-6.2460649212598423
11
5.0988379527559058
21
-6.2472620472440941
0
LINE
8
BLACK
6
CONTINUOUS
10
5.0988379527559058
20
-6.2472620472440941
11
5.1018689370078736
21
-6.2487775196850395
0
LINE
8
BLACK
6
CONTINUOUS
10
5.1018689370078736
20
-6.2487775196850395
11
5.1087009842519686
21
-6.2504855511811019
0
LINE
8
BLACK
6
CONTINUOUS
10
5.1087009842519686
20
-6.2504855511811019
11
5.1173477165354333
21
-6.2504855511811019
0
LINE
8
BLACK
6
CONTINUOUS
10
5.1173477165354333
20
-6.2504855511811019
11
5.1241797637795274
21
-6.2487775196850395
0
LINE
8
BLACK
6
CONTINUOUS
10
5.1241797637795274
20
-6.2487775196850395
11
5.1272107480314961
21
-6.2472620078740153
0
LINE
8
BLACK
6
CONTINUOUS
10
5.1272107480314961
20
-6.2472620078740153
11
5.1284079133858267
21
-6.2460648818897635
0
LINE
8
BLACK
6
CONTINUOUS
10
5.1284079133858267
20
-6.2460648818897635
11
5.129756653543307
21
-6.2433674409448816
0
LINE
8
BLACK
6
CONTINUOUS
10
5.129756653543307
20
-6.2433674409448816
11
5.129756653543307
21
-6.2410120078740157
0
LINE
8
BLACK
6
CONTINUOUS
10
5.129756653543307
20
-6.2410120078740157
11
5.1284079133858267
21
-6.238314527559055
0
LINE
8
BLACK
6
CONTINUOUS
10
5.1284079133858267
20
-6.238314527559055
11
5.1272107480314961
21
-6.2371174015748032
0
LINE
8
BLACK
6
CONTINUOUS
10
5.1272107480314961
20
-6.2371174015748032
11
5.1241797637795274
21
-6.235601889763779
0
LINE
8
BLACK
6
CONTINUOUS
10
5.1241797637795274
20
-6.235601889763779
11
5.1173477165354333
21
-6.2338938976377953
0
LINE
8
BLACK
6
CONTINUOUS
10
5.1173477165354333
20
-6.2338938976377953
11
5.1087009842519686
21
-6.2338938976377953
0
LINE
8
BLACK
6
CONTINUOUS
10
5.1087009842519686
20
-6.2338938976377953
11
5.1018689370078736
21
-6.235601889763779
0
LINE
8
BLACK
6
CONTINUOUS
10
4.57992968503937
20
-6.2160055511811025
11
4.5810425196850391
21
-6.2176911023622043
0
LINE
8
BLACK
6
CONTINUOUS
10
4.5810425196850391
20
-6.2176911023622043
11
4.5808116141732285
21
-6.2196976377952753
0
LINE
8
BLACK
6
CONTINUOUS
10
4.5808116141732285
20
-6.2196976377952753
11
4.5789368503937009
21
-6.2234471653543304
0
LINE
8
BLACK
6
CONTINUOUS
10
4.5789368503937009
20
-6.2234471653543304
11
4.5784109055118112
21
-6.224156220472441
0
LINE
8
BLACK
6
CONTINUOUS
10
4.5784109055118112
20
-6.224156220472441
11
4.5783837401574798
21
-6.2242145669291338
0
LINE
8
BLACK
6
CONTINUOUS
10
4.5783837401574798
20
-6.2242145669291338
11
4.5759253543307086
21
-6.226672952755905
0
LINE
8
BLACK
6
CONTINUOUS
10
4.5759253543307086
20
-6.226672952755905
11
4.6033393307086614
21
-6.226672952755905
0
LINE
8
BLACK
6
CONTINUOUS
10
4.6033393307086614
20
-6.226672952755905
11
4.6033393307086614
21
-6.2183771259842517
0
LINE
8
BLACK
6
CONTINUOUS
10
4.6033393307086614
20
-6.2183771259842517
11
4.6035174015748028
21
-6.2173672047244093
0
LINE
8
BLACK
6
CONTINUOUS
10
4.6035174015748028
20
-6.2173672047244093
11
4.604815708661417
21
-6.2158199606299211
0
LINE
8
BLACK
6
CONTINUOUS
10
4.604815708661417
20
-6.2158199606299211
11
4.6068048425196846
21
-6.2154692125984248
0
LINE
8
BLACK
6
CONTINUOUS
10
4.6068048425196846
20
-6.2154692125984248
11
4.6085540157480311
21
-6.2164791338582672
0
LINE
8
BLACK
6
CONTINUOUS
10
4.6085540157480311
20
-6.2164791338582672
11
4.6092448425196846
21
-6.2183771259842517
0
LINE
8
BLACK
6
CONTINUOUS
10
4.6092448425196846
20
-6.2183771259842517
11
4.6092448425196846
21
-6.2408742913385824
0
LINE
8
BLACK
6
CONTINUOUS
10
4.6092448425196846
20
-6.2408742913385824
11
4.6090667716535432
21
-6.2418842125984249
0
LINE
8
BLACK
6
CONTINUOUS
10
4.6090667716535432
20
-6.2418842125984249
11
4.607768464566929
21
-6.243431456692913
0
LINE
8
BLACK
6
CONTINUOUS
10
4.607768464566929
20
-6.243431456692913
11
4.6057793307086614
21
-6.2437822047244094
0
LINE
8
BLACK
6
CONTINUOUS
10
4.6057793307086614
20
-6.2437822047244094
11
4.6040301574803149
21
-6.2427722834645669
0
LINE
8
BLACK
6
CONTINUOUS
10
4.6040301574803149
20
-6.2427722834645669
11
4.6033393307086614
21
-6.2408742913385824
0
LINE
8
BLACK
6
CONTINUOUS
10
4.6033393307086614
20
-6.2408742913385824
11
4.6033393307086614
21
-6.2325784645669291
0
LINE
8
BLACK
6
CONTINUOUS
10
4.6033393307086614
20
-6.2325784645669291
11
4.566922007874016
21
-6.2325784645669291
0
LINE
8
BLACK
6
CONTINUOUS
10
4.566922007874016
20
-6.2325784645669291
11
4.5659120866141727
21
-6.2324003937007877
0
LINE
8
BLACK
6
CONTINUOUS
10
4.5659120866141727
20
-6.2324003937007877
11
4.5657820078740157
21
-6.23229125984252
0
LINE
8
BLACK
6
CONTINUOUS
10
4.5657820078740157
20
-6.23229125984252
11
4.5656132677165351
21
-6.2322725984251965
0
LINE
8
BLACK
6
CONTINUOUS
10
4.5656132677165351
20
-6.2322725984251965
11
4.5650213385826772
21
-6.2316529527559057
0
LINE
8
BLACK
6
CONTINUOUS
10
4.5650213385826772
20
-6.2316529527559057
11
4.5643648425196846
21
-6.2311020866141735
0
LINE
8
BLACK
6
CONTINUOUS
10
4.5643648425196846
20
-6.2311020866141735
11
4.5643353543307086
21
-6.2309348425196847
0
LINE
8
BLACK
6
CONTINUOUS
10
4.5643353543307086
20
-6.2309348425196847
11
4.5642180708661417
21
-6.230812086614173
0
LINE
8
BLACK
6
CONTINUOUS
10
4.5642180708661417
20
-6.230812086614173
11
4.564162913385827
21
-6.2299569291338583
0
LINE
8
BLACK
6
CONTINUOUS
10
4.564162913385827
20
-6.2299569291338583
11
4.5640140944881891
21
-6.229112952755905
0
LINE
8
BLACK
6
CONTINUOUS
10
4.5640140944881891
20
-6.229112952755905
11
4.5640989763779523
21
-6.2289658661417322
0
LINE
8
BLACK
6
CONTINUOUS
10
4.5640989763779523
20
-6.2289658661417322
11
4.5640880708661413
21
-6.2287964960629916
0
LINE
8
BLACK
6
CONTINUOUS
10
4.5640880708661413
20
-6.2287964960629916
11
4.5645955118110235
21
-6.2281058661417319
0
LINE
8
BLACK
6
CONTINUOUS
10
4.5645955118110235
20
-6.2281058661417319
11
4.5650240157480315
21
-6.2273637795275585
0
LINE
8
BLACK
6
CONTINUOUS
10
4.5650240157480315
20
-6.2273637795275585
11
4.5651835039370079
21
-6.227305708661417
0
LINE
8
BLACK
6
CONTINUOUS
10
4.5651835039370079
20
-6.227305708661417
11
4.5652840944881889
21
-6.2271688582677163
0
LINE
8
BLACK
6
CONTINUOUS
10
4.5652840944881889
20
-6.2271688582677163
11
4.5706651181102362
21
-6.2235814960629918
0
LINE
8
BLACK
6
CONTINUOUS
10
4.5706651181102362
20
-6.2235814960629918
11
4.573869094488189
21
-6.2203775590551178
0
LINE
8
BLACK
6
CONTINUOUS
10
4.573869094488189
20
-6.2203775590551178
11
4.5755295669291334
21
-6.2170566141732282
0
LINE
8
BLACK
6
CONTINUOUS
10
4.5755295669291334
20
-6.2170566141732282
11
4.5761404724409447
21
-6.216232952755905
0
LINE
8
BLACK
6
CONTINUOUS
10
4.5761404724409447
20
-6.216232952755905
11
4.5779936614173229
21
-6.2154296850393695
0
LINE
8
BLACK
6
CONTINUOUS
10
4.5779936614173229
20
-6.2154296850393695
11
4.57992968503937
21
-6.2160055511811025
0
LINE
8
BLACK
6
CONTINUOUS
10
5.5005900787401574
20
-6.1979962598425198
11
5.5007258661417318
21
-6.1979820866141733
0
LINE
8
BLACK
6
CONTINUOUS
10
5.5007258661417318
20
-6.1979820866141733
11
5.508224921259842
21
-6.1998568503937008
0
LINE
8
BLACK
6
CONTINUOUS
10
5.508224921259842
20
-6.1998568503937008
11
5.5086903543307084
21
-6.2000644094488191
0
LINE
8
BLACK
6
CONTINUOUS
10
5.5086903543307084
20
-6.2000644094488191
11
5.5088292913385821
21
-6.2000804330708661
0
LINE
8
BLACK
6
CONTINUOUS
10
5.5088292913385821
20
-6.2000804330708661
11
5.5125788188976372
21
-6.2019551968503936
0
LINE
8
BLACK
6
CONTINUOUS
10
5.5125788188976372
20
-6.2019551968503936
11
5.5132878740157478
21
-6.2024811023622046
0
LINE
8
BLACK
6
CONTINUOUS
10
5.5132878740157478
20
-6.2024811023622046
11
5.5133462204724406
21
-6.2025083070866138
0
LINE
8
BLACK
6
CONTINUOUS
10
5.5133462204724406
20
-6.2025083070866138
11
5.5170957874015745
21
-6.2062578346456689
0
LINE
8
BLACK
6
CONTINUOUS
10
5.5170957874015745
20
-6.2062578346456689
11
5.5176840157480314
21
-6.2070978740157479
0
LINE
8
BLACK
6
CONTINUOUS
10
5.5176840157480314
20
-6.2070978740157479
11
5.5176993700787405
21
-6.2072737795275588
0
LINE
8
BLACK
6
CONTINUOUS
10
5.5176993700787405
20
-6.2072737795275588
11
5.5178090944881886
21
-6.2074120078740158
0
LINE
8
BLACK
6
CONTINUOUS
10
5.5178090944881886
20
-6.2074120078740158
11
5.5196838582677161
21
-6.2130362598425197
0
LINE
8
BLACK
6
CONTINUOUS
10
5.5196838582677161
20
-6.2130362598425197
11
5.5198133464566927
21
-6.2139094881889765
0
LINE
8
BLACK
6
CONTINUOUS
10
5.5198133464566927
20
-6.2139094881889765
11
5.5198353937007871
21
-6.2139700393700785
0
LINE
8
BLACK
6
CONTINUOUS
10
5.5198353937007871
20
-6.2139700393700785
11
5.5198353937007871
21
-6.2177195669291336
0
LINE
8
BLACK
6
CONTINUOUS
10
5.5198353937007871
20
-6.2177195669291336
11
5.5196820866141731
21
-6.2185889370078735
0
LINE
8
BLACK
6
CONTINUOUS
10
5.5196820866141731
20
-6.2185889370078735
11
5.5196838582677161
21
-6.2186533464566924
0
LINE
8
BLACK
6
CONTINUOUS
10
5.5196838582677161
20
-6.2186533464566924
11
5.5178090944881886
21
-6.2242775984251963
0
LINE
8
BLACK
6
CONTINUOUS
10
5.5178090944881886
20
-6.2242775984251963
11
5.5173207874015748
21
-6.2251793700787399
0
LINE
8
BLACK
6
CONTINUOUS
10
5.5173207874015748
20
-6.2251793700787399
11
5.5171703543307089
21
-6.2252717716535431
0
LINE
8
BLACK
6
CONTINUOUS
10
5.5171703543307089
20
-6.2252717716535431
11
5.5170957480314957
21
-6.225431811023622
0
LINE
8
BLACK
6
CONTINUOUS
10
5.5170957480314957
20
-6.225431811023622
11
5.5152209448818894
21
-6.2273065748031495
0
LINE
8
BLACK
6
CONTINUOUS
10
5.5152209448818894
20
-6.2273065748031495
11
5.5143809055118105
21
-6.2278947637795277
0
LINE
8
BLACK
6
CONTINUOUS
10
5.5143809055118105
20
-6.2278947637795277
11
5.5123688188976381
21
-6.2280707480314961
0
LINE
8
BLACK
6
CONTINUOUS
10
5.5123688188976381
20
-6.2280707480314961
11
5.5107142913385827
21
-6.2269122440944882
0
LINE
8
BLACK
6
CONTINUOUS
10
5.5107142913385827
20
-6.2269122440944882
11
5.5101915748031498
21
-6.2249612598425195
0
LINE
8
BLACK
6
CONTINUOUS
10
5.5101915748031498
20
-6.2249612598425195
11
5.511045196850394
21
-6.2231306692913382
0
LINE
8
BLACK
6
CONTINUOUS
10
5.511045196850394
20
-6.2231306692913382
11
5.5124270866141734
21
-6.2217487795275588
0
LINE
8
BLACK
6
CONTINUOUS
10
5.5124270866141734
20
-6.2217487795275588
11
5.513929881889764
21
-6.2172404330708657
0
LINE
8
BLACK
6
CONTINUOUS
10
5.513929881889764
20
-6.2172404330708657
11
5.513929881889764
21
-6.2144491732283464
0
LINE
8
BLACK
6
CONTINUOUS
10
5.513929881889764
20
-6.2144491732283464
11
5.5124270866141734
21
-6.2099407874015746
0
LINE
8
BLACK
6
CONTINUOUS
10
5.5124270866141734
20
-6.2099407874015746
11
5.5095092125984246
21
-6.2070229527559055
0
LINE
8
BLACK
6
CONTINUOUS
10
5.5095092125984246
20
-6.2070229527559055
11
5.5064782283464568
21
-6.2055074409448814
0
LINE
8
BLACK
6
CONTINUOUS
10
5.5064782283464568
20
-6.2055074409448814
11
5.4996461811023618
21
-6.2037994488188977
0
LINE
8
BLACK
6
CONTINUOUS
10
5.4996461811023618
20
-6.2037994488188977
11
5.4947489763779522
21
-6.2037994488188977
0
LINE
8
BLACK
6
CONTINUOUS
10
5.4947489763779522
20
-6.2037994488188977
11
5.4879169291338581
21
-6.2055074409448814
0
LINE
8
BLACK
6
CONTINUOUS
10
5.4879169291338581
20
-6.2055074409448814
11
5.4848859448818894
21
-6.2070229527559055
0
LINE
8
BLACK
6
CONTINUOUS
10
5.4848859448818894
20
-6.2070229527559055
11
5.4819681102362203
21
-6.2099407480314959
0
LINE
8
BLACK
6
CONTINUOUS
10
5.4819681102362203
20
-6.2099407480314959
11
5.4804653149606297
21
-6.2144491732283464
0
LINE
8
BLACK
6
CONTINUOUS
10
5.4804653149606297
20
-6.2144491732283464
11
5.4804653149606297
21
-6.217240393700787
0
LINE
8
BLACK
6
CONTINUOUS
10
5.4804653149606297
20
-6.217240393700787
11
5.4819681102362203
21
-6.2217488188976375
0
LINE
8
BLACK
6
CONTINUOUS
10
5.4819681102362203
20
-6.2217488188976375
11
5.4833499999999997
21
-6.2231307086614169
0
LINE
8
BLACK
6
CONTINUOUS
10
5.4833499999999997
20
-6.2231307086614169
11
5.4839381889763779
21
-6.2239707480314959
0
LINE
8
BLACK
6
CONTINUOUS
10
5.4839381889763779
20
-6.2239707480314959
11
5.484114212598425
21
-6.2259828346456692
0
LINE
8
BLACK
6
CONTINUOUS
10
5.484114212598425
20
-6.2259828346456692
11
5.4829557086614171
21
-6.2276374015748033
0
LINE
8
BLACK
6
CONTINUOUS
10
5.4829557086614171
20
-6.2276374015748033
11
5.4810047244094484
21
-6.2281601181102362
0
LINE
8
BLACK
6
CONTINUOUS
10
5.4810047244094484
20
-6.2281601181102362
11
5.4791741732283468
21
-6.2273065354330708
0
LINE
8
BLACK
6
CONTINUOUS
10
5.4791741732283468
20
-6.2273065354330708
11
5.4772994094488192
21
-6.2254317716535432
0
LINE
8
BLACK
6
CONTINUOUS
10
5.4772994094488192
20
-6.2254317716535432
11
5.4767112204724411
21
-6.2245917322834643
0
LINE
8
BLACK
6
CONTINUOUS
10
5.4767112204724411
20
-6.2245917322834643
11
5.4766958267716532
21
-6.2244158661417321
0
LINE
8
BLACK
6
CONTINUOUS
10
5.4766958267716532
20
-6.2244158661417321
11
5.4765861023622042
21
-6.2242775984251963
0
LINE
8
BLACK
6
CONTINUOUS
10
5.4765861023622042
20
-6.2242775984251963
11
5.4747113385826767
21
-6.2186533070866137
0
LINE
8
BLACK
6
CONTINUOUS
10
5.4747113385826767
20
-6.2186533070866137
11
5.4745818503937009
21
-6.2177801181102357
0
LINE
8
BLACK
6
CONTINUOUS
10
5.4745818503937009
20
-6.2177801181102357
11
5.4745598031496066
21
-6.2177195669291336
0
LINE
8
BLACK
6
CONTINUOUS
10
5.4745598031496066
20
-6.2177195669291336
11
5.4745598031496066
21
-6.2139700393700785
0
LINE
8
BLACK
6
CONTINUOUS
10
5.4745598031496066
20
-6.2139700393700785
11
5.4747130708661418
21
-6.2131006299212599
0
LINE
8
BLACK
6
CONTINUOUS
10
5.4747130708661418
20
-6.2131006299212599
11
5.4747113385826767
21
-6.2130362992125985
0
LINE
8
BLACK
6
CONTINUOUS
10
5.4747113385826767
20
-6.2130362992125985
11
5.4765861023622042
21
-6.2074120078740158
0
LINE
8
BLACK
6
CONTINUOUS
10
5.4765861023622042
20
-6.2074120078740158
11
5.4770743700787401
21
-6.2065102362204723
0
LINE
8
BLACK
6
CONTINUOUS
10
5.4770743700787401
20
-6.2065102362204723
11
5.477224803149606
21
-6.2064177952755903
0
LINE
8
BLACK
6
CONTINUOUS
10
5.477224803149606
20
-6.2064177952755903
11
5.4772994094488192
21
-6.2062578346456689
0
LINE
8
BLACK
6
CONTINUOUS
10
5.4772994094488192
20
-6.2062578346456689
11
5.4810489370078743
21
-6.2025083070866138
0
LINE
8
BLACK
6
CONTINUOUS
10
5.4810489370078743
20
-6.2025083070866138
11
5.481772086614173
21
-6.2020018897637792
0
LINE
8
BLACK
6
CONTINUOUS
10
5.481772086614173
20
-6.2020018897637792
11
5.4818163385826768
21
-6.2019551968503936
0
LINE
8
BLACK
6
CONTINUOUS
10
5.4818163385826768
20
-6.2019551968503936
11
5.4855658661417319
21
-6.2000804330708661
0
LINE
8
BLACK
6
CONTINUOUS
10
5.4855658661417319
20
-6.2000804330708661
11
5.4860542913385828
21
-6.1999351181102362
0
LINE
8
BLACK
6
CONTINUOUS
10
5.4860542913385828
20
-6.1999351181102362
11
5.4861702362204721
21
-6.1998568503937008
0
LINE
8
BLACK
6
CONTINUOUS
10
5.4861702362204721
20
-6.1998568503937008
11
5.4936692913385823
21
-6.1979820866141733
0
LINE
8
BLACK
6
CONTINUOUS
10
5.4936692913385823
20
-6.1979820866141733
11
5.4942571653543304
21
-6.1979405905511813
0
LINE
8
BLACK
6
CONTINUOUS
10
5.4942571653543304
20
-6.1979405905511813
11
5.4943854330708657
21
-6.1978939370078736
0
LINE
8
BLACK
6
CONTINUOUS
10
5.4943854330708657
20
-6.1978939370078736
11
5.5000097244094484
21
-6.1978939370078736
0
LINE
8
BLACK
6
CONTINUOUS
10
5.5000097244094484
20
-6.1978939370078736
11
5.5005900787401574
21
-6.1979962598425198
0
LINE
8
BLACK
6
CONTINUOUS
10
5.9741029133858268
20
-6.1947837007874016
11
5.9752157480314958
21
-6.1964692519685034
0
LINE
8
BLACK
6
CONTINUOUS
10
5.9752157480314958
20
-6.1964692519685034
11
5.9749848425196852
21
-6.1984757874015743
0
LINE
8
BLACK
6
CONTINUOUS
10
5.9749848425196852
20
-6.1984757874015743
11
5.9731100787401576
21
-6.2022253149606295
0
LINE
8
BLACK
6
CONTINUOUS
10
5.9731100787401576
20
-6.2022253149606295
11
5.9725841338582679
21
-6.20293437007874
0
LINE
8
BLACK
6
CONTINUOUS
10
5.9725841338582679
20
-6.20293437007874
11
5.9725569685039366
21
-6.2029927165354328
0
LINE
8
BLACK
6
CONTINUOUS
10
5.9725569685039366
20
-6.2029927165354328
11
5.9700985826771653
21
-6.205451102362205
0
LINE
8
BLACK
6
CONTINUOUS
10
5.9700985826771653
20
-6.205451102362205
11
5.9975125590551182
21
-6.205451102362205
0
LINE
8
BLACK
6
CONTINUOUS
10
5.9975125590551182
20
-6.205451102362205
11
5.9975125590551182
21
-6.1971552755905508
0
LINE
8
BLACK
6
CONTINUOUS
10
5.9975125590551182
20
-6.1971552755905508
11
5.9976906299212596
21
-6.1961453543307083
0
LINE
8
BLACK
6
CONTINUOUS
10
5.9976906299212596
20
-6.1961453543307083
11
5.9989889370078737
21
-6.1945981102362202
0
LINE
8
BLACK
6
CONTINUOUS
10
5.9989889370078737
20
-6.1945981102362202
11
6.0009780708661413
21
-6.1942473622047238
0
LINE
8
BLACK
6
CONTINUOUS
10
6.0009780708661413
20
-6.1942473622047238
11
6.0027272440944879
21
-6.1952572834645672
0
LINE
8
BLACK
6
CONTINUOUS
10
6.0027272440944879
20
-6.1952572834645672
11
6.0034180708661413
21
-6.1971552755905508
0
LINE
8
BLACK
6
CONTINUOUS
10
6.0034180708661413
20
-6.1971552755905508
11
6.0034180708661413
21
-6.2196524409448815
0
LINE
8
BLACK
6
CONTINUOUS
10
6.0034180708661413
20
-6.2196524409448815
11
6.0032399999999999
21
-6.2206623622047239
0
LINE
8
BLACK
6
CONTINUOUS
10
6.0032399999999999
20
-6.2206623622047239
11
6.0019416929133858
21
-6.222209606299212
0
LINE
8
BLACK
6
CONTINUOUS
10
6.0019416929133858
20
-6.222209606299212
11
5.9999525590551182
21
-6.2225603543307084
0
LINE
8
BLACK
6
CONTINUOUS
10
5.9999525590551182
20
-6.2225603543307084
11
5.9982033858267716
21
-6.221550433070866
0
LINE
8
BLACK
6
CONTINUOUS
10
5.9982033858267716
20
-6.221550433070866
11
5.9975125590551182
21
-6.2196524409448815
0
LINE
8
BLACK
6
CONTINUOUS
10
5.9975125590551182
20
-6.2196524409448815
11
5.9975125590551182
21
-6.2113566141732282
0
LINE
8
BLACK
6
CONTINUOUS
10
5.9975125590551182
20
-6.2113566141732282
11
5.9610952362204719
21
-6.2113566141732282
0
LINE
8
BLACK
6
CONTINUOUS
10
5.9610952362204719
20
-6.2113566141732282
11
5.9600853149606294
21
-6.2111785433070867
0
LINE
8
BLACK
6
CONTINUOUS
10
5.9600853149606294
20
-6.2111785433070867
11
5.9599552362204724
21
-6.211069409448819
0
LINE
8
BLACK
6
CONTINUOUS
10
5.9599552362204724
20
-6.211069409448819
11
5.9597864960629918
21
-6.2110507480314956
0
LINE
8
BLACK
6
CONTINUOUS
10
5.9597864960629918
20
-6.2110507480314956
11
5.959194566929134
21
-6.2104311023622047
0
LINE
8
BLACK
6
CONTINUOUS
10
5.959194566929134
20
-6.2104311023622047
11
5.9585380708661413
21
-6.2098802362204726
0
LINE
8
BLACK
6
CONTINUOUS
10
5.9585380708661413
20
-6.2098802362204726
11
5.9585085826771653
21
-6.2097129921259837
0
LINE
8
BLACK
6
CONTINUOUS
10
5.9585085826771653
20
-6.2097129921259837
11
5.9583912992125985
21
-6.209590236220472
0
LINE
8
BLACK
6
CONTINUOUS
10
5.9583912992125985
20
-6.209590236220472
11
5.9583361417322838
21
-6.2087350787401574
0
LINE
8
BLACK
6
CONTINUOUS
10
5.9583361417322838
20
-6.2087350787401574
11
5.9581873228346458
21
-6.207891102362205
0
LINE
8
BLACK
6
CONTINUOUS
10
5.9581873228346458
20
-6.207891102362205
11
5.958272204724409
21
-6.2077440157480313
0
LINE
8
BLACK
6
CONTINUOUS
10
5.958272204724409
20
-6.2077440157480313
11
5.9582612992125981
21
-6.2075746456692915
0
LINE
8
BLACK
6
CONTINUOUS
10
5.9582612992125981
20
-6.2075746456692915
11
5.9587687401574803
21
-6.2068840157480309
0
LINE
8
BLACK
6
CONTINUOUS
10
5.9587687401574803
20
-6.2068840157480309
11
5.9591972440944883
21
-6.2061419291338584
0
LINE
8
BLACK
6
CONTINUOUS
10
5.9591972440944883
20
-6.2061419291338584
11
5.9593567322834646
21
-6.206083858267716
0
LINE
8
BLACK
6
CONTINUOUS
10
5.9593567322834646
20
-6.206083858267716
11
5.9594573228346457
21
-6.2059470078740153
0
LINE
8
BLACK
6
CONTINUOUS
10
5.9594573228346457
20
-6.2059470078740153
11
5.964838346456693
21
-6.2023596456692909
0
LINE
8
BLACK
6
CONTINUOUS
10
5.964838346456693
20
-6.2023596456692909
11
5.9680423228346458
21
-6.1991557086614169
0
LINE
8
BLACK
6
CONTINUOUS
10
5.9680423228346458
20
-6.1991557086614169
11
5.9697027952755901
21
-6.1958347637795272
0
LINE
8
BLACK
6
CONTINUOUS
10
5.9697027952755901
20
-6.1958347637795272
11
5.9703137007874014
21
-6.195011102362205
0
LINE
8
BLACK
6
CONTINUOUS
10
5.9703137007874014
20
-6.195011102362205
11
5.9721668897637796
21
-6.1942078346456695
0
LINE
8
BLACK
6
CONTINUOUS
10
5.9721668897637796
20
-6.1942078346456695
11
5.9741029133858268
21
-6.1947837007874016
0
LINE
8
BLACK
6
CONTINUOUS
10
5.1063470078740156
20
-6.1910742519685034
11
5.1074598425196847
21
-6.1927598031496061
0
LINE
8
BLACK
6
CONTINUOUS
10
5.1074598425196847
20
-6.1927598031496061
11
5.1072289370078741
21
-6.194766338582677
0
LINE
8
BLACK
6
CONTINUOUS
10
5.1072289370078741
20
-6.194766338582677
11
5.1053541732283465
21
-6.1985158661417321
0
LINE
8
BLACK
6
CONTINUOUS
10
5.1053541732283465
20
-6.1985158661417321
11
5.1048282283464568
21
-6.1992249212598427
0
LINE
8
BLACK
6
CONTINUOUS
10
5.1048282283464568
20
-6.1992249212598427
11
5.1048010629921254
21
-6.1992832677165355
0
LINE
8
BLACK
6
CONTINUOUS
10
5.1048010629921254
20
-6.1992832677165355
11
5.1023426771653542
21
-6.2017416535433068
0
LINE
8
BLACK
6
CONTINUOUS
10
5.1023426771653542
20
-6.2017416535433068
11
5.129756653543307
21
-6.2017416535433068
0
LINE
8
BLACK
6
CONTINUOUS
10
5.129756653543307
20
-6.2017416535433068
11
5.129756653543307
21
-6.1934458267716535
0
LINE
8
BLACK
6
CONTINUOUS
10
5.129756653543307
20
-6.1934458267716535
11
5.1299347244094484
21
-6.192435905511811
0
LINE
8
BLACK
6
CONTINUOUS
10
5.1299347244094484
20
-6.192435905511811
11
5.1312330314960626
21
-6.1908886614173229
0
LINE
8
BLACK
6
CONTINUOUS
10
5.1312330314960626
20
-6.1908886614173229
11
5.1332221653543302
21
-6.1905379133858265
0
LINE
8
BLACK
6
CONTINUOUS
10
5.1332221653543302
20
-6.1905379133858265
11
5.1349713385826767
21
-6.1915478346456689
0
LINE
8
BLACK
6
CONTINUOUS
10
5.1349713385826767
20
-6.1915478346456689
11
5.1356621653543302
21
-6.1934458267716535
0
LINE
8
BLACK
6
CONTINUOUS
10
5.1356621653543302
20
-6.1934458267716535
11
5.1356621653543302
21
-6.2159429921259841
0
LINE
8
BLACK
6
CONTINUOUS
10
5.1356621653543302
20
-6.2159429921259841
11
5.1354840944881888
21
-6.2169529133858266
0
LINE
8
BLACK
6
CONTINUOUS
10
5.1354840944881888
20
-6.2169529133858266
11
5.1341857874015746
21
-6.2185001574803147
0
LINE
8
BLACK
6
CONTINUOUS
10
5.1341857874015746
20
-6.2185001574803147
11
5.132196653543307
21
-6.2188509055118111
0
LINE
8
BLACK
6
CONTINUOUS
10
5.132196653543307
20
-6.2188509055118111
11
5.1304474803149605
21
-6.2178409842519686
0
LINE
8
BLACK
6
CONTINUOUS
10
5.1304474803149605
20
-6.2178409842519686
11
5.129756653543307
21
-6.2159429921259841
0
LINE
8
BLACK
6
CONTINUOUS
10
5.129756653543307
20
-6.2159429921259841
11
5.129756653543307
21
-6.2076471653543308
0
LINE
8
BLACK
6
CONTINUOUS
10
5.129756653543307
20
-6.2076471653543308
11
5.0933393307086616
21
-6.2076471653543308
0
LINE
8
BLACK
6
CONTINUOUS
10
5.0933393307086616
20
-6.2076471653543308
11
5.0923294094488192
21
-6.2074690944881885
0
LINE
8
BLACK
6
CONTINUOUS
10
5.0923294094488192
20
-6.2074690944881885
11
5.0921993307086613
21
-6.2073599606299208
0
LINE
8
BLACK
6
CONTINUOUS
10
5.0921993307086613
20
-6.2073599606299208
11
5.0920305905511807
21
-6.2073412992125983
0
LINE
8
BLACK
6
CONTINUOUS
10
5.0920305905511807
20
-6.2073412992125983
11
5.0914386614173228
21
-6.2067216535433065
0
LINE
8
BLACK
6
CONTINUOUS
10
5.0914386614173228
20
-6.2067216535433065
11
5.090782165354331
21
-6.2061707874015744
0
LINE
8
BLACK
6
CONTINUOUS
10
5.090782165354331
20
-6.2061707874015744
11
5.0907526771653542
21
-6.2060035433070864
0
LINE
8
BLACK
6
CONTINUOUS
10
5.0907526771653542
20
-6.2060035433070864
11
5.0906353937007873
21
-6.2058807874015747
0
LINE
8
BLACK
6
CONTINUOUS
10
5.0906353937007873
20
-6.2058807874015747
11
5.0905802362204726
21
-6.2050256299212601
0
LINE
8
BLACK
6
CONTINUOUS
10
5.0905802362204726
20
-6.2050256299212601
11
5.0904314173228347
21
-6.2041816535433068
0
LINE
8
BLACK
6
CONTINUOUS
10
5.0904314173228347
20
-6.2041816535433068
11
5.0905162992125987
21
-6.2040345669291339
0
LINE
8
BLACK
6
CONTINUOUS
10
5.0905162992125987
20
-6.2040345669291339
11
5.0905053937007869
21
-6.2038651968503933
0
LINE
8
BLACK
6
CONTINUOUS
10
5.0905053937007869
20
-6.2038651968503933
11
5.0910128346456691
21
-6.2031745669291336
0
LINE
8
BLACK
6
CONTINUOUS
10
5.0910128346456691
20
-6.2031745669291336
11
5.0914413385826771
21
-6.2024324803149602
0
LINE
8
BLACK
6
CONTINUOUS
10
5.0914413385826771
20
-6.2024324803149602
11
5.0916008267716535
21
-6.2023744094488187
0
LINE
8
BLACK
6
CONTINUOUS
10
5.0916008267716535
20
-6.2023744094488187
11
5.0917014173228345
21
-6.202237559055118
0
LINE
8
BLACK
6
CONTINUOUS
10
5.0917014173228345
20
-6.202237559055118
11
5.0970824409448818
21
-6.1986501968503935
0
LINE
8
BLACK
6
CONTINUOUS
10
5.0970824409448818
20
-6.1986501968503935
11
5.1002864173228346
21
-6.1954462598425195
0
LINE
8
BLACK
6
CONTINUOUS
10
5.1002864173228346
20
-6.1954462598425195
11
5.101946889763779
21
-6.1921253149606299
0
LINE
8
BLACK
6
CONTINUOUS
10
5.101946889763779
20
-6.1921253149606299
11
5.1025577952755903
21
-6.1913016535433067
0
LINE
8
BLACK
6
CONTINUOUS
10
5.1025577952755903
20
-6.1913016535433067
11
5.1044109842519685
21
-6.1904983858267713
0
LINE
8
BLACK
6
CONTINUOUS
10
5.1044109842519685
20
-6.1904983858267713
11
5.1063470078740156
21
-6.1910742519685034
0
LINE
8
BLACK
6
CONTINUOUS
10
4.5899995275590548
20
-6.1761566141732285
11
4.5901353149606301
21
-6.176142440944882
0
LINE
8
BLACK
6
CONTINUOUS
10
4.5901353149606301
20
-6.176142440944882
11
4.5976343700787403
21
-6.1780172047244095
0
LINE
8
BLACK
6
CONTINUOUS
10
4.5976343700787403
20
-6.1780172047244095
11
4.5980998031496059
21
-6.1782247637795278
0
LINE
8
BLACK
6
CONTINUOUS
10
4.5980998031496059
20
-6.1782247637795278
11
4.5982387401574805
21
-6.1782407874015748
0
LINE
8
BLACK
6
CONTINUOUS
10
4.5982387401574805
20
-6.1782407874015748
11
4.6019882677165356
21
-6.1801155511811023
0
LINE
8
BLACK
6
CONTINUOUS
10
4.6019882677165356
20
-6.1801155511811023
11
4.6026973228346453
21
-6.1806414566929133
0
LINE
8
BLACK
6
CONTINUOUS
10
4.6026973228346453
20
-6.1806414566929133
11
4.6027556692913381
21
-6.1806686614173225
0
LINE
8
BLACK
6
CONTINUOUS
10
4.6027556692913381
20
-6.1806686614173225
11
4.6065052362204719
21
-6.1844181889763776
0
LINE
8
BLACK
6
CONTINUOUS
10
4.6065052362204719
20
-6.1844181889763776
11
4.6070934645669288
21
-6.1852582283464566
0
LINE
8
BLACK
6
CONTINUOUS
10
4.6070934645669288
20
-6.1852582283464566
11
4.6071088188976379
21
-6.1854341338582675
0
LINE
8
BLACK
6
CONTINUOUS
10
4.6071088188976379
20
-6.1854341338582675
11
4.6072185433070869
21
-6.1855723622047245
0
LINE
8
BLACK
6
CONTINUOUS
10
4.6072185433070869
20
-6.1855723622047245
11
4.6090933070866145
21
-6.1911966141732284
0
LINE
8
BLACK
6
CONTINUOUS
10
4.6090933070866145
20
-6.1911966141732284
11
4.6092227952755902
21
-6.1920698425196852
0
LINE
8
BLACK
6
CONTINUOUS
10
4.6092227952755902
20
-6.1920698425196852
11
4.6092448425196846
21
-6.1921303937007872
0
LINE
8
BLACK
6
CONTINUOUS
10
4.6092448425196846
20
-6.1921303937007872
11
4.6092448425196846
21
-6.1958799212598423
0
LINE
8
BLACK
6
CONTINUOUS
10
4.6092448425196846
20
-6.1958799212598423
11
4.6090915354330706
21
-6.1967492913385822
0
LINE
8
BLACK
6
CONTINUOUS
10
4.6090915354330706
20
-6.1967492913385822
11
4.6090933070866145
21
-6.1968137007874011
0
LINE
8
BLACK
6
CONTINUOUS
10
4.6090933070866145
20
-6.1968137007874011
11
4.6072185433070869
21
-6.202437952755905
0
LINE
8
BLACK
6
CONTINUOUS
10
4.6072185433070869
20
-6.202437952755905
11
4.6067302362204723
21
-6.2033397244094486
0
LINE
8
BLACK
6
CONTINUOUS
10
4.6067302362204723
20
-6.2033397244094486
11
4.6065798031496064
21
-6.2034321259842518
0
LINE
8
BLACK
6
CONTINUOUS
10
4.6065798031496064
20
-6.2034321259842518
11
4.6065051968503932
21
-6.2035921653543307
0
LINE
8
BLACK
6
CONTINUOUS
10
4.6065051968503932
20
-6.2035921653543307
11
4.6046303937007869
21
-6.2054669291338582
0
LINE
8
BLACK
6
CONTINUOUS
10
4.6046303937007869
20
-6.2054669291338582
11
4.6037903543307088
21
-6.2060551181102364
0
LINE
8
BLACK
6
CONTINUOUS
10
4.6037903543307088
20
-6.2060551181102364
11
4.6017782677165355
21
-6.2062311023622048
0
LINE
8
BLACK
6
CONTINUOUS
10
4.6017782677165355
20
-6.2062311023622048
11
4.6001237401574802
21
-6.2050725984251969
0
LINE
8
BLACK
6
CONTINUOUS
10
4.6001237401574802
20
-6.2050725984251969
11
4.5996010236220473
21
-6.2031216141732282
0
LINE
8
BLACK
6
CONTINUOUS
10
4.5996010236220473
20
-6.2031216141732282
11
4.6004546456692914
21
-6.2012910236220469
0
LINE
8
BLACK
6
CONTINUOUS
10
4.6004546456692914
20
-6.2012910236220469
11
4.6018365354330708
21
-6.1999091338582675
0
LINE
8
BLACK
6
CONTINUOUS
10
4.6018365354330708
20
-6.1999091338582675
11
4.6033393307086614
21
-6.1954007874015744
0
LINE
8
BLACK
6
CONTINUOUS
10
4.6033393307086614
20
-6.1954007874015744
11
4.6033393307086614
21
-6.1926095275590551
0
LINE
8
BLACK
6
CONTINUOUS
10
4.6033393307086614
20
-6.1926095275590551
11
4.6018365354330708
21
-6.1881011417322833
0
LINE
8
BLACK
6
CONTINUOUS
10
4.6018365354330708
20
-6.1881011417322833
11
4.598918661417323
21
-6.1851833070866142
0
LINE
8
BLACK
6
CONTINUOUS
10
4.598918661417323
20
-6.1851833070866142
11
4.5958876771653543
21
-6.1836677952755901
0
LINE
8
BLACK
6
CONTINUOUS
10
4.5958876771653543
20
-6.1836677952755901
11
4.5890556299212601
21
-6.1819598031496064
0
LINE
8
BLACK
6
CONTINUOUS
10
4.5890556299212601
20
-6.1819598031496064
11
4.5841584251968506
21
-6.1819598031496064
0
LINE
8
BLACK
6
CONTINUOUS
10
4.5841584251968506
20
-6.1819598031496064
11
4.5773263779527555
21
-6.1836677952755901
0
LINE
8
BLACK
6
CONTINUOUS
10
4.5773263779527555
20
-6.1836677952755901
11
4.5742953937007869
21
-6.1851833070866142
0
LINE
8
BLACK
6
CONTINUOUS
10
4.5742953937007869
20
-6.1851833070866142
11
4.5713775590551178
21
-6.1881011023622046
0
LINE
8
BLACK
6
CONTINUOUS
10
4.5713775590551178
20
-6.1881011023622046
11
4.5698747637795272
21
-6.1926095275590551
0
LINE
8
BLACK
6
CONTINUOUS
10
4.5698747637795272
20
-6.1926095275590551
11
4.5698747637795272
21
-6.1954007480314957
0
LINE
8
BLACK
6
CONTINUOUS
10
4.5698747637795272
20
-6.1954007480314957
11
4.5713775590551178
21
-6.1999091732283462
0
LINE
8
BLACK
6
CONTINUOUS
10
4.5713775590551178
20
-6.1999091732283462
11
4.5727594488188972
21
-6.2012910629921256
0
LINE
8
BLACK
6
CONTINUOUS
10
4.5727594488188972
20
-6.2012910629921256
11
4.5733476377952753
21
-6.2021311023622046
0
LINE
8
BLACK
6
CONTINUOUS
10
4.5733476377952753
20
-6.2021311023622046
11
4.5735236614173225
21
-6.2041431889763778
0
LINE
8
BLACK
6
CONTINUOUS
10
4.5735236614173225
20
-6.2041431889763778
11
4.5723651574803146
21
-6.205797755905512
0
LINE
8
BLACK
6
CONTINUOUS
10
4.5723651574803146
20
-6.205797755905512
11
4.5704141732283468
21
-6.2063204724409449
0
LINE
8
BLACK
6
CONTINUOUS
10
4.5704141732283468
20
-6.2063204724409449
11
4.5685836220472442
21
-6.2054668897637795
0
LINE
8
BLACK
6
CONTINUOUS
10
4.5685836220472442
20
-6.2054668897637795
11
4.5667088582677167
21
-6.2035921259842519
0
LINE
8
BLACK
6
CONTINUOUS
10
4.5667088582677167
20
-6.2035921259842519
11
4.5661206692913385
21
-6.202752086614173
0
LINE
8
BLACK
6
CONTINUOUS
10
4.5661206692913385
20
-6.202752086614173
11
4.5661052755905507
21
-6.2025762204724408
0
LINE
8
BLACK
6
CONTINUOUS
10
4.5661052755905507
20
-6.2025762204724408
11
4.5659955511811026
21
-6.202437952755905
0
LINE
8
BLACK
6
CONTINUOUS
10
4.5659955511811026
20
-6.202437952755905
11
4.564120787401575
21
-6.1968136614173224
0
LINE
8
BLACK
6
CONTINUOUS
10
4.564120787401575
20
-6.1968136614173224
11
4.5639912992125984
21
-6.1959404724409444
0
LINE
8
BLACK
6
CONTINUOUS
10
4.5639912992125984
20
-6.1959404724409444
11
4.563969251968504
21
-6.1958799212598423
0
LINE
8
BLACK
6
CONTINUOUS
10
4.563969251968504
20
-6.1958799212598423
11
4.563969251968504
21
-6.1921303937007872
0
LINE
8
BLACK
6
CONTINUOUS
10
4.563969251968504
20
-6.1921303937007872
11
4.5641225196850392
21
-6.1912609842519686
0
LINE
8
BLACK
6
CONTINUOUS
10
4.5641225196850392
20
-6.1912609842519686
11
4.564120787401575
21
-6.1911966535433072
0
LINE
8
BLACK
6
CONTINUOUS
10
4.564120787401575
20
-6.1911966535433072
11
4.5659955511811026
21
-6.1855723622047245
0
LINE
8
BLACK
6
CONTINUOUS
10
4.5659955511811026
20
-6.1855723622047245
11
4.5664838188976375
21
-6.184670590551181
0
LINE
8
BLACK
6
CONTINUOUS
10
4.5664838188976375
20
-6.184670590551181
11
4.5666342519685035
21
-6.184578149606299
0
LINE
8
BLACK
6
CONTINUOUS
10
4.5666342519685035
20
-6.184578149606299
11
4.5667088582677167
21
-6.1844181889763776
0
LINE
8
BLACK
6
CONTINUOUS
10
4.5667088582677167
20
-6.1844181889763776
11
4.5704583858267718
21
-6.1806686614173225
0
LINE
8
BLACK
6
CONTINUOUS
10
4.5704583858267718
20
-6.1806686614173225
11
4.5711815354330705
21
-6.1801622440944879
0
LINE
8
BLACK
6
CONTINUOUS
10
4.5711815354330705
20
-6.1801622440944879
11
4.5712257874015743
21
-6.1801155511811023
0
LINE
8
BLACK
6
CONTINUOUS
10
4.5712257874015743
20
-6.1801155511811023
11
4.5749753149606303
21
-6.1782407874015748
0
LINE
8
BLACK
6
CONTINUOUS
10
4.5749753149606303
20
-6.1782407874015748
11
4.5754637401574803
21
-6.1780954724409449
0
LINE
8
BLACK
6
CONTINUOUS
10
4.5754637401574803
20
-6.1780954724409449
11
4.5755796850393704
21
-6.1780172047244095
0
LINE
8
BLACK
6
CONTINUOUS
10
4.5755796850393704
20
-6.1780172047244095
11
4.5830787401574806
21
-6.176142440944882
0
LINE
8
BLACK
6
CONTINUOUS
10
4.5830787401574806
20
-6.176142440944882
11
4.5836666141732278
21
-6.17610094488189
0
LINE
8
BLACK
6
CONTINUOUS
10
4.5836666141732278
20
-6.17610094488189
11
4.583794881889764
21
-6.1760542913385823
0
LINE
8
BLACK
6
CONTINUOUS
10
4.583794881889764
20
-6.1760542913385823
11
4.5894191732283467
21
-6.1760542913385823
0
LINE
8
BLACK
6
CONTINUOUS
10
4.5894191732283467
20
-6.1760542913385823
11
4.5899995275590548
21
-6.1761566141732285
0
LINE
8
BLACK
6
CONTINUOUS
10
5.5178925590551176
20
-6.1587019291338585
11
5.5194398031496066
21
-6.1600002362204727
0
LINE
8
BLACK
6
CONTINUOUS
10
5.5194398031496066
20
-6.1600002362204727
11
5.5197905511811021
21
-6.1619893700787403
0
LINE
8
BLACK
6
CONTINUOUS
10
5.5197905511811021
20
-6.1619893700787403
11
5.5187806299212596
21
-6.1637385433070868
0
LINE
8
BLACK
6
CONTINUOUS
10
5.5187806299212596
20
-6.1637385433070868
11
5.5168826377952751
21
-6.1644293700787403
0
LINE
8
BLACK
6
CONTINUOUS
10
5.5168826377952751
20
-6.1644293700787403
11
5.4992129527559053
21
-6.1644293700787403
0
LINE
8
BLACK
6
CONTINUOUS
10
5.4992129527559053
20
-6.1644293700787403
11
5.4992129527559053
21
-6.1810210236220469
0
LINE
8
BLACK
6
CONTINUOUS
10
5.4992129527559053
20
-6.1810210236220469
11
5.5168826377952751
21
-6.1810210236220469
0
LINE
8
BLACK
6
CONTINUOUS
10
5.5168826377952751
20
-6.1810210236220469
11
5.5178925590551176
21
-6.1811990944881892
0
LINE
8
BLACK
6
CONTINUOUS
10
5.5178925590551176
20
-6.1811990944881892
11
5.5194398031496066
21
-6.1824974015748033
0
LINE
8
BLACK
6
CONTINUOUS
10
5.5194398031496066
20
-6.1824974015748033
11
5.5197905511811021
21
-6.1844865354330709
0
LINE
8
BLACK
6
CONTINUOUS
10
5.5197905511811021
20
-6.1844865354330709
11
5.5187806299212596
21
-6.1862357086614175
0
LINE
8
BLACK
6
CONTINUOUS
10
5.5187806299212596
20
-6.1862357086614175
11
5.5168826377952751
21
-6.1869265354330709
0
LINE
8
BLACK
6
CONTINUOUS
10
5.5168826377952751
20
-6.1869265354330709
11
5.4775125590551177
21
-6.1869265354330709
0
LINE
8
BLACK
6
CONTINUOUS
10
5.4775125590551177
20
-6.1869265354330709
11
5.4765026377952752
21
-6.1867484645669286
0
LINE
8
BLACK
6
CONTINUOUS
10
5.4765026377952752
20
-6.1867484645669286
11
5.4749553937007871
21
-6.1854501574803145
0
LINE
8
BLACK
6
CONTINUOUS
10
5.4749553937007871
20
-6.1854501574803145
11
5.4746046456692916
21
-6.1834610236220469
0
LINE
8
BLACK
6
CONTINUOUS
10
5.4746046456692916
20
-6.1834610236220469
11
5.4756145669291341
21
-6.1817118503937003
0
LINE
8
BLACK
6
CONTINUOUS
10
5.4756145669291341
20
-6.1817118503937003
11
5.4775125590551177
21
-6.1810210236220469
0
LINE
8
BLACK
6
CONTINUOUS
10
5.4775125590551177
20
-6.1810210236220469
11
5.4933074409448821
21
-6.1810210236220469
0
LINE
8
BLACK
6
CONTINUOUS
10
5.4933074409448821
20
-6.1810210236220469
11
5.4933074409448821
21
-6.1644293700787403
0
LINE
8
BLACK
6
CONTINUOUS
10
5.4933074409448821
20
-6.1644293700787403
11
5.4775125590551177
21
-6.1644293700787403
0
LINE
8
BLACK
6
CONTINUOUS
10
5.4775125590551177
20
-6.1644293700787403
11
5.4765026377952752
21
-6.164251299212598
0
LINE
8
BLACK
6
CONTINUOUS
10
5.4765026377952752
20
-6.164251299212598
11
5.4749553937007871
21
-6.1629529921259838
0
LINE
8
BLACK
6
CONTINUOUS
10
5.4749553937007871
20
-6.1629529921259838
11
5.4746046456692916
21
-6.1609638582677162
0
LINE
8
BLACK
6
CONTINUOUS
10
5.4746046456692916
20
-6.1609638582677162
11
5.4756145669291341
21
-6.1592146850393696
0
LINE
8
BLACK
6
CONTINUOUS
10
5.4756145669291341
20
-6.1592146850393696
11
5.4775125590551177
21
-6.1585238582677162
0
LINE
8
BLACK
6
CONTINUOUS
10
5.4775125590551177
20
-6.1585238582677162
11
5.5168826377952751
21
-6.1585238582677162
0
LINE
8
BLACK
6
CONTINUOUS
10
5.5168826377952751
20
-6.1585238582677162
11
5.5178925590551176
21
-6.1587019291338585
0
LINE
8
BLACK
6
CONTINUOUS
10
4.6073020078740159
20
-6.1368622834645672
11
4.608849251968504
21
-6.1381605905511814
0
LINE
8
BLACK
6
CONTINUOUS
10
4.608849251968504
20
-6.1381605905511814
11
4.6091999999999995
21
-6.140149724409449
0
LINE
8
BLACK
6
CONTINUOUS
10
4.6091999999999995
20
-6.140149724409449
11
4.6081900787401571
21
-6.1418988976377955
0
LINE
8
BLACK
6
CONTINUOUS
10
4.6081900787401571
20
-6.1418988976377955
11
4.6062920866141734
21
-6.1425897244094489
0
LINE
8
BLACK
6
CONTINUOUS
10
4.6062920866141734
20
-6.1425897244094489
11
4.5886224015748027
21
-6.1425897244094489
0
LINE
8
BLACK
6
CONTINUOUS
10
4.5886224015748027
20
-6.1425897244094489
11
4.5886224015748027
21
-6.1591813779527556
0
LINE
8
BLACK
6
CONTINUOUS
10
4.5886224015748027
20
-6.1591813779527556
11
4.6062920866141734
21
-6.1591813779527556
0
LINE
8
BLACK
6
CONTINUOUS
10
4.6062920866141734
20
-6.1591813779527556
11
4.6073020078740159
21
-6.1593594488188979
0
LINE
8
BLACK
6
CONTINUOUS
10
4.6073020078740159
20
-6.1593594488188979
11
4.608849251968504
21
-6.160657755905512
0
LINE
8
BLACK
6
CONTINUOUS
10
4.608849251968504
20
-6.160657755905512
11
4.6091999999999995
21
-6.1626468897637796
0
LINE
8
BLACK
6
CONTINUOUS
10
4.6091999999999995
20
-6.1626468897637796
11
4.6081900787401571
21
-6.1643960629921262
0
LINE
8
BLACK
6
CONTINUOUS
10
4.6081900787401571
20
-6.1643960629921262
11
4.6062920866141734
21
-6.1650868897637796
0
LINE
8
BLACK
6
CONTINUOUS
10
4.6062920866141734
20
-6.1650868897637796
11
4.566922007874016
21
-6.1650868897637796
0
LINE
8
BLACK
6
CONTINUOUS
10
4.566922007874016
20
-6.1650868897637796
11
4.5659120866141727
21
-6.1649088188976373
0
LINE
8
BLACK
6
CONTINUOUS
10
4.5659120866141727
20
-6.1649088188976373
11
4.5643648425196846
21
-6.1636105118110232
0
LINE
8
BLACK
6
CONTINUOUS
10
4.5643648425196846
20
-6.1636105118110232
11
4.5640140944881891
21
-6.1616213779527556
0
LINE
8
BLACK
6
CONTINUOUS
10
4.5640140944881891
20
-6.1616213779527556
11
4.5650240157480315
21
-6.159872204724409
0
LINE
8
BLACK
6
CONTINUOUS
10
4.5650240157480315
20
-6.159872204724409
11
4.566922007874016
21
-6.1591813779527556
0
LINE
8
BLACK
6
CONTINUOUS
10
4.566922007874016
20
-6.1591813779527556
11
4.5827168897637796
21
-6.1591813779527556
0
LINE
8
BLACK
6
CONTINUOUS
10
4.5827168897637796
20
-6.1591813779527556
11
4.5827168897637796
21
-6.1425897244094489
0
LINE
8
BLACK
6
CONTINUOUS
10
4.5827168897637796
20
-6.1425897244094489
11
4.566922007874016
21
-6.1425897244094489
0
LINE
8
BLACK
6
CONTINUOUS
10
4.566922007874016
20
-6.1425897244094489
11
4.5659120866141727
21
-6.1424116535433066
0
LINE
8
BLACK
6
CONTINUOUS
10
4.5659120866141727
20
-6.1424116535433066
11
4.5643648425196846
21
-6.1411133464566925
0
LINE
8
BLACK
6
CONTINUOUS
10
4.5643648425196846
20
-6.1411133464566925
11
4.5640140944881891
21
-6.1391242125984249
0
LINE
8
BLACK
6
CONTINUOUS
10
4.5640140944881891
20
-6.1391242125984249
11
4.5650240157480315
21
-6.1373750393700783
0
LINE
8
BLACK
6
CONTINUOUS
10
4.5650240157480315
20
-6.1373750393700783
11
4.566922007874016
21
-6.1366842125984249
0
LINE
8
BLACK
6
CONTINUOUS
10
4.566922007874016
20
-6.1366842125984249
11
4.6062920866141734
21
-6.1366842125984249
0
LINE
8
BLACK
6
CONTINUOUS
10
4.6062920866141734
20
-6.1366842125984249
11
4.6073020078740159
21
-6.1368622834645672
0
LINE
8
BLACK
6
CONTINUOUS
10
5.5040497244094491
20
-6.1192377952755903
11
5.5042720078740155
21
-6.1191986220472439
0
LINE
8
BLACK
6
CONTINUOUS
10
5.5042720078740155
20
-6.1191986220472439
11
5.5049694881889764
21
-6.1196013385826769
0
LINE
8
BLACK
6
CONTINUOUS
10
5.5049694881889764
20
-6.1196013385826769
11
5.5057183070866138
21
-6.1198972834645664
0
LINE
8
BLACK
6
CONTINUOUS
10
5.5057183070866138
20
-6.1198972834645664
11
5.505825748031496
21
-6.1200957086614176
0
LINE
8
BLACK
6
CONTINUOUS
10
5.505825748031496
20
-6.1200957086614176
11
5.506021181102362
21
-6.1202085433070863
0
LINE
8
BLACK
6
CONTINUOUS
10
5.506021181102362
20
-6.1202085433070863
11
5.5062965748031498
21
-6.1209652362204725
0
LINE
8
BLACK
6
CONTINUOUS
10
5.5062965748031498
20
-6.1209652362204725
11
5.5066800787401577
21
-6.1216734251968505
0
LINE
8
BLACK
6
CONTINUOUS
10
5.5066800787401577
20
-6.1216734251968505
11
5.5066348031496064
21
-6.1218944881889765
0
LINE
8
BLACK
6
CONTINUOUS
10
5.5066348031496064
20
-6.1218944881889765
11
5.5067120078740155
21
-6.1221065354330708
0
LINE
8
BLACK
6
CONTINUOUS
10
5.5067120078740155
20
-6.1221065354330708
11
5.5067120078740155
21
-6.1379014173228343
0
LINE
8
BLACK
6
CONTINUOUS
10
5.5067120078740155
20
-6.1379014173228343
11
5.5168826377952751
21
-6.1379014173228343
0
LINE
8
BLACK
6
CONTINUOUS
10
5.5168826377952751
20
-6.1379014173228343
11
5.5178925590551176
21
-6.1380794881889766
0
LINE
8
BLACK
6
CONTINUOUS
10
5.5178925590551176
20
-6.1380794881889766
11
5.5194398031496066
21
-6.1393777952755908
0
LINE
8
BLACK
6
CONTINUOUS
10
5.5194398031496066
20
-6.1393777952755908
11
5.5197905511811021
21
-6.1413669291338584
0
LINE
8
BLACK
6
CONTINUOUS
10
5.5197905511811021
20
-6.1413669291338584
11
5.5187806299212596
21
-6.143116102362205
0
LINE
8
BLACK
6
CONTINUOUS
10
5.5187806299212596
20
-6.143116102362205
11
5.5168826377952751
21
-6.1438069291338584
0
LINE
8
BLACK
6
CONTINUOUS
10
5.5168826377952751
20
-6.1438069291338584
11
5.5067120078740155
21
-6.1438069291338584
0
LINE
8
BLACK
6
CONTINUOUS
10
5.5067120078740155
20
-6.1438069291338584
11
5.5067120078740155
21
-6.146478464566929
0
LINE
8
BLACK
6
CONTINUOUS
10
5.5067120078740155
20
-6.146478464566929
11
5.5065339370078741
21
-6.1474883858267715
0
LINE
8
BLACK
6
CONTINUOUS
10
5.5065339370078741
20
-6.1474883858267715
11
5.5052356299212599
21
-6.1490356299212596
0
LINE
8
BLACK
6
CONTINUOUS
10
5.5052356299212599
20
-6.1490356299212596
11
5.5032464960629923
21
-6.149386377952756
0
LINE
8
BLACK
6
CONTINUOUS
10
5.5032464960629923
20
-6.149386377952756
11
5.5014973228346458
21
-6.1483764566929135
0
LINE
8
BLACK
6
CONTINUOUS
10
5.5014973228346458
20
-6.1483764566929135
11
5.5008064960629923
21
-6.146478464566929
0
LINE
8
BLACK
6
CONTINUOUS
10
5.5008064960629923
20
-6.146478464566929
11
5.5008064960629923
21
-6.1438069291338584
0
LINE
8
BLACK
6
CONTINUOUS
10
5.5008064960629923
20
-6.1438069291338584
11
5.4906359055118106
21
-6.1438069291338584
0
LINE
8
BLACK
6
CONTINUOUS
10
5.4906359055118106
20
-6.1438069291338584
11
5.4896259842519681
21
-6.1436288582677161
0
LINE
8
BLACK
6
CONTINUOUS
10
5.4896259842519681
20
-6.1436288582677161
11
5.48807874015748
21
-6.1423305511811019
0
LINE
8
BLACK
6
CONTINUOUS
10
5.48807874015748
20
-6.1423305511811019
11
5.4877279921259845
21
-6.1403414173228343
0
LINE
8
BLACK
6
CONTINUOUS
10
5.4877279921259845
20
-6.1403414173228343
11
5.4887379133858269
21
-6.1385922440944878
0
LINE
8
BLACK
6
CONTINUOUS
10
5.4887379133858269
20
-6.1385922440944878
11
5.4906359055118106
21
-6.1379014173228343
0
LINE
8
BLACK
6
CONTINUOUS
10
5.4906359055118106
20
-6.1379014173228343
11
5.5008064960629923
21
-6.1379014173228343
0
LINE
8
BLACK
6
CONTINUOUS
10
5.5008064960629923
20
-6.1379014173228343
11
5.5008064960629923
21
-6.1262032283464567
0
LINE
8
BLACK
6
CONTINUOUS
10
5.5008064960629923
20
-6.1262032283464567
11
5.4765715354330711
21
-6.1342815748031496
0
LINE
8
BLACK
6
CONTINUOUS
10
5.4765715354330711
20
-6.1342815748031496
11
5.4755571259842517
21
-6.1344320078740155
0
LINE
8
BLACK
6
CONTINUOUS
10
5.4755571259842517
20
-6.1344320078740155
11
5.4736787401574798
21
-6.1336896062992121
0
LINE
8
BLACK
6
CONTINUOUS
10
5.4736787401574798
20
-6.1336896062992121
11
5.4727169685039367
21
-6.1319134645669289
0
LINE
8
BLACK
6
CONTINUOUS
10
5.4727169685039367
20
-6.1319134645669289
11
5.4731219291338578
21
-6.1299346850393697
0
LINE
8
BLACK
6
CONTINUOUS
10
5.4731219291338578
20
-6.1299346850393697
11
5.4747040551181101
21
-6.1286791338582676
0
LINE
8
BLACK
6
CONTINUOUS
10
5.4747040551181101
20
-6.1286791338582676
11
5.5028254724409447
21
-6.1193053149606298
0
LINE
8
BLACK
6
CONTINUOUS
10
5.5028254724409447
20
-6.1193053149606298
11
5.503839881889764
21
-6.1191548818897639
0
LINE
8
BLACK
6
CONTINUOUS
10
5.503839881889764
20
-6.1191548818897639
11
5.5040497244094491
21
-6.1192377952755903
0
LINE
8
BLACK
6
CONTINUOUS
10
4.5934591732283465
20
-6.097398149606299
11
4.5936814566929129
21
-6.0973589763779525
0
LINE
8
BLACK
6
CONTINUOUS
10
4.5936814566929129
20
-6.0973589763779525
11
4.5943789370078738
21
-6.0977616929133855
0
LINE
8
BLACK
6
CONTINUOUS
10
4.5943789370078738
20
-6.0977616929133855
11
4.5951277559055121
21
-6.0980576377952751
0
LINE
8
BLACK
6
CONTINUOUS
10
4.5951277559055121
20
-6.0980576377952751
11
4.5952351968503935
21
-6.0982560629921254
0
LINE
8
BLACK
6
CONTINUOUS
10
4.5952351968503935
20
-6.0982560629921254
11
4.5954306299212595
21
-6.098368897637795
0
LINE
8
BLACK
6
CONTINUOUS
10
4.5954306299212595
20
-6.098368897637795
11
4.5957060236220473
21
-6.0991255905511812
0
LINE
8
BLACK
6
CONTINUOUS
10
4.5957060236220473
20
-6.0991255905511812
11
4.5960895275590552
21
-6.0998337795275592
0
LINE
8
BLACK
6
CONTINUOUS
10
4.5960895275590552
20
-6.0998337795275592
11
4.5960442519685039
21
-6.1000548425196852
0
LINE
8
BLACK
6
CONTINUOUS
10
4.5960442519685039
20
-6.1000548425196852
11
4.5961214566929129
21
-6.1002668897637795
0
LINE
8
BLACK
6
CONTINUOUS
10
4.5961214566929129
20
-6.1002668897637795
11
4.5961214566929129
21
-6.116061771653543
0
LINE
8
BLACK
6
CONTINUOUS
10
4.5961214566929129
20
-6.116061771653543
11
4.6062920866141734
21
-6.116061771653543
0
LINE
8
BLACK
6
CONTINUOUS
10
4.6062920866141734
20
-6.116061771653543
11
4.6073020078740159
21
-6.1162398425196853
0
LINE
8
BLACK
6
CONTINUOUS
10
4.6073020078740159
20
-6.1162398425196853
11
4.608849251968504
21
-6.1175381496062995
0
LINE
8
BLACK
6
CONTINUOUS
10
4.608849251968504
20
-6.1175381496062995
11
4.6091999999999995
21
-6.1195272834645671
0
LINE
8
BLACK
6
CONTINUOUS
10
4.6091999999999995
20
-6.1195272834645671
11
4.6081900787401571
21
-6.1212764566929136
0
LINE
8
BLACK
6
CONTINUOUS
10
4.6081900787401571
20
-6.1212764566929136
11
4.6062920866141734
21
-6.1219672834645671
0
LINE
8
BLACK
6
CONTINUOUS
10
4.6062920866141734
20
-6.1219672834645671
11
4.5961214566929129
21
-6.1219672834645671
0
LINE
8
BLACK
6
CONTINUOUS
10
4.5961214566929129
20
-6.1219672834645671
11
4.5961214566929129
21
-6.1246388188976377
0
LINE
8
BLACK
6
CONTINUOUS
10
4.5961214566929129
20
-6.1246388188976377
11
4.5959433858267715
21
-6.1256487401574802
0
LINE
8
BLACK
6
CONTINUOUS
10
4.5959433858267715
20
-6.1256487401574802
11
4.5946450787401574
21
-6.1271959842519683
0
LINE
8
BLACK
6
CONTINUOUS
10
4.5946450787401574
20
-6.1271959842519683
11
4.5926559448818898
21
-6.1275467322834647
0
LINE
8
BLACK
6
CONTINUOUS
10
4.5926559448818898
20
-6.1275467322834647
11
4.5909067716535432
21
-6.1265368110236222
0
LINE
8
BLACK
6
CONTINUOUS
10
4.5909067716535432
20
-6.1265368110236222
11
4.5902159448818898
21
-6.1246388188976377
0
LINE
8
BLACK
6
CONTINUOUS
10
4.5902159448818898
20
-6.1246388188976377
11
4.5902159448818898
21
-6.1219672834645671
0
LINE
8
BLACK
6
CONTINUOUS
10
4.5902159448818898
20
-6.1219672834645671
11
4.5800453543307089
21
-6.1219672834645671
0
LINE
8
BLACK
6
CONTINUOUS
10
4.5800453543307089
20
-6.1219672834645671
11
4.5790354330708665
21
-6.1217892125984248
0
LINE
8
BLACK
6
CONTINUOUS
10
4.5790354330708665
20
-6.1217892125984248
11
4.5774881889763774
21
-6.1204909055118106
0
LINE
8
BLACK
6
CONTINUOUS
10
4.5774881889763774
20
-6.1204909055118106
11
4.577137440944882
21
-6.118501771653543
0
LINE
8
BLACK
6
CONTINUOUS
10
4.577137440944882
20
-6.118501771653543
11
4.5781473622047244
21
-6.1167525984251965
0
LINE
8
BLACK
6
CONTINUOUS
10
4.5781473622047244
20
-6.1167525984251965
11
4.5800453543307089
21
-6.116061771653543
0
LINE
8
BLACK
6
CONTINUOUS
10
4.5800453543307089
20
-6.116061771653543
11
4.5902159448818898
21
-6.116061771653543
0
LINE
8
BLACK
6
CONTINUOUS
10
4.5902159448818898
20
-6.116061771653543
11
4.5902159448818898
21
-6.1043635826771654
0
LINE
8
BLACK
6
CONTINUOUS
10
4.5902159448818898
20
-6.1043635826771654
11
4.5659809842519685
21
-6.1124419291338583
0
LINE
8
BLACK
6
CONTINUOUS
10
4.5659809842519685
20
-6.1124419291338583
11
4.5649665748031492
21
-6.1125923622047242
0
LINE
8
BLACK
6
CONTINUOUS
10
4.5649665748031492
20
-6.1125923622047242
11
4.5630881889763781
21
-6.1118499606299208
0
LINE
8
BLACK
6
CONTINUOUS
10
4.5630881889763781
20
-6.1118499606299208
11
4.5621264173228342
21
-6.1100738188976376
0
LINE
8
BLACK
6
CONTINUOUS
10
4.5621264173228342
20
-6.1100738188976376
11
4.5625313779527561
21
-6.1080950393700784
0
LINE
8
BLACK
6
CONTINUOUS
10
4.5625313779527561
20
-6.1080950393700784
11
4.5641135039370075
21
-6.1068394881889763
0
LINE
8
BLACK
6
CONTINUOUS
10
4.5641135039370075
20
-6.1068394881889763
11
4.5922349212598421
21
-6.0974656692913385
0
LINE
8
BLACK
6
CONTINUOUS
10
4.5922349212598421
20
-6.0974656692913385
11
4.5932493307086615
21
-6.0973152362204726
0
LINE
8
BLACK
6
CONTINUOUS
10
4.5932493307086615
20
-6.0973152362204726
11
4.5934591732283465
21
-6.097398149606299
0
LINE
8
BLACK
6
CONTINUOUS
10
5.4797744881889763
20
-6.0808384645669289
11
5.4804653149606297
21
-6.0827364566929134
0
LINE
8
BLACK
6
CONTINUOUS
10
5.4804653149606297
20
-6.0827364566929134
11
5.4804653149606297
21
-6.1045051574803146
0
LINE
8
BLACK
6
CONTINUOUS
10
5.4804653149606297
20
-6.1045051574803146
11
5.5157194881889762
21
-6.0893962598425198
0
LINE
8
BLACK
6
CONTINUOUS
10
5.5157194881889762
20
-6.0893962598425198
11
5.5167178740157476
21
-6.0891621259842514
0
LINE
8
BLACK
6
CONTINUOUS
10
5.5167178740157476
20
-6.0891621259842514
11
5.518651456692913
21
-6.0897459448818898
0
LINE
8
BLACK
6
CONTINUOUS
10
5.518651456692913
20
-6.0897459448818898
11
5.519757401574803
21
-6.0914361023622048
0
LINE
8
BLACK
6
CONTINUOUS
10
5.519757401574803
20
-6.0914361023622048
11
5.5195181889763782
21
-6.0934416535433069
0
LINE
8
BLACK
6
CONTINUOUS
10
5.5195181889763782
20
-6.0934416535433069
11
5.5180457874015749
21
-6.0948242913385826
0
LINE
8
BLACK
6
CONTINUOUS
10
5.5180457874015749
20
-6.0948242913385826
11
5.4786757086614175
21
-6.1116971653543306
0
LINE
8
BLACK
6
CONTINUOUS
10
5.4786757086614175
20
-6.1116971653543306
11
5.4776772834645664
21
-6.111931299212598
0
LINE
8
BLACK
6
CONTINUOUS
10
5.4776772834645664
20
-6.111931299212598
11
5.477343346456693
21
-6.1118304724409445
0
LINE
8
BLACK
6
CONTINUOUS
10
5.477343346456693
20
-6.1118304724409445
11
5.4769998031496065
21
-6.1118910629921261
0
LINE
8
BLACK
6
CONTINUOUS
10
5.4769998031496065
20
-6.1118910629921261
11
5.476403188976378
21
-6.1115465748031497
0
LINE
8
BLACK
6
CONTINUOUS
10
5.476403188976378
20
-6.1115465748031497
11
5.4757437401574798
21
-6.1113474803149606
0
LINE
8
BLACK
6
CONTINUOUS
10
5.4757437401574798
20
-6.1113474803149606
11
5.4755527165354332
21
-6.111055551181102
0
LINE
8
BLACK
6
CONTINUOUS
10
5.4755527165354332
20
-6.111055551181102
11
5.47525062992126
21
-6.1108811417322837
0
LINE
8
BLACK
6
CONTINUOUS
10
5.47525062992126
20
-6.1108811417322837
11
5.475015
21
-6.110233779527559
0
LINE
8
BLACK
6
CONTINUOUS
10
5.475015
20
-6.110233779527559
11
5.4746377952755907
21
-6.1096573228346456
0
LINE
8
BLACK
6
CONTINUOUS
10
5.4746377952755907
20
-6.1096573228346456
11
5.4746790944881889
21
-6.1093109055118111
0
LINE
8
BLACK
6
CONTINUOUS
10
5.4746790944881889
20
-6.1093109055118111
11
5.4745598031496066
21
-6.1089831496062992
0
LINE
8
BLACK
6
CONTINUOUS
10
5.4745598031496066
20
-6.1089831496062992
11
5.4745598031496066
21
-6.0827364566929134
0
LINE
8
BLACK
6
CONTINUOUS
10
5.4745598031496066
20
-6.0827364566929134
11
5.474737874015748
21
-6.081726535433071
0
LINE
8
BLACK
6
CONTINUOUS
10
5.474737874015748
20
-6.081726535433071
11
5.4760361811023621
21
-6.0801792913385828
0
LINE
8
BLACK
6
CONTINUOUS
10
5.4760361811023621
20
-6.0801792913385828
11
5.4780253149606297
21
-6.0798285433070864
0
LINE
8
BLACK
6
CONTINUOUS
10
5.4780253149606297
20
-6.0798285433070864
11
5.4797744881889763
21
-6.0808384645669289
0
LINE
8
BLACK
6
CONTINUOUS
10
4.5691839370078737
20
-6.0589988188976376
11
4.5698747637795272
21
-6.0608968110236221
0
LINE
8
BLACK
6
CONTINUOUS
10
4.5698747637795272
20
-6.0608968110236221
11
4.5698747637795272
21
-6.0826655118110233
0
LINE
8
BLACK
6
CONTINUOUS
10
4.5698747637795272
20
-6.0826655118110233
11
4.6051289370078736
21
-6.0675566141732284
0
LINE
8
BLACK
6
CONTINUOUS
10
4.6051289370078736
20
-6.0675566141732284
11
4.606127322834646
21
-6.0673224803149601
0
LINE
8
BLACK
6
CONTINUOUS
10
4.606127322834646
20
-6.0673224803149601
11
4.6080609055118114
21
-6.0679062992125985
0
LINE
8
BLACK
6
CONTINUOUS
10
4.6080609055118114
20
-6.0679062992125985
11
4.6091668503937004
21
-6.0695964566929135
0
LINE
8
BLACK
6
CONTINUOUS
10
4.6091668503937004
20
-6.0695964566929135
11
4.6089276377952757
21
-6.0716020078740156
0
LINE
8
BLACK
6
CONTINUOUS
10
4.6089276377952757
20
-6.0716020078740156
11
4.6074552362204724
21
-6.0729846456692913
0
LINE
8
BLACK
6
CONTINUOUS
10
4.6074552362204724
20
-6.0729846456692913
11
4.568085157480315
21
-6.0898575196850393
0
LINE
8
BLACK
6
CONTINUOUS
10
4.568085157480315
20
-6.0898575196850393
11
4.5670867322834647
21
-6.0900916535433067
0
LINE
8
BLACK
6
CONTINUOUS
10
4.5670867322834647
20
-6.0900916535433067
11
4.5667527952755904
21
-6.0899908267716532
0
LINE
8
BLACK
6
CONTINUOUS
10
4.5667527952755904
20
-6.0899908267716532
11
4.566409251968504
21
-6.0900514173228348
0
LINE
8
BLACK
6
CONTINUOUS
10
4.566409251968504
20
-6.0900514173228348
11
4.5658126377952755
21
-6.0897069291338584
0
LINE
8
BLACK
6
CONTINUOUS
10
4.5658126377952755
20
-6.0897069291338584
11
4.5651531889763781
21
-6.0895078346456692
0
LINE
8
BLACK
6
CONTINUOUS
10
4.5651531889763781
20
-6.0895078346456692
11
4.5649621653543306
21
-6.0892159055118107
0
LINE
8
BLACK
6
CONTINUOUS
10
4.5649621653543306
20
-6.0892159055118107
11
4.5646600787401574
21
-6.0890414960629924
0
LINE
8
BLACK
6
CONTINUOUS
10
4.5646600787401574
20
-6.0890414960629924
11
4.5644244488188974
21
-6.0883941338582677
0
LINE
8
BLACK
6
CONTINUOUS
10
4.5644244488188974
20
-6.0883941338582677
11
4.5640472440944881
21
-6.0878176771653543
0
LINE
8
BLACK
6
CONTINUOUS
10
4.5640472440944881
20
-6.0878176771653543
11
4.5640885433070864
21
-6.0874712598425198
0
LINE
8
BLACK
6
CONTINUOUS
10
4.5640885433070864
20
-6.0874712598425198
11
4.563969251968504
21
-6.0871435039370079
0
LINE
8
BLACK
6
CONTINUOUS
10
4.563969251968504
20
-6.0871435039370079
11
4.563969251968504
21
-6.0608968110236221
0
LINE
8
BLACK
6
CONTINUOUS
10
4.563969251968504
20
-6.0608968110236221
11
4.5641473228346454
21
-6.0598868897637796
0
LINE
8
BLACK
6
CONTINUOUS
10
4.5641473228346454
20
-6.0598868897637796
11
4.5654456299212596
21
-6.0583396456692915
0
LINE
8
BLACK
6
CONTINUOUS
10
4.5654456299212596
20
-6.0583396456692915
11
4.5674347637795272
21
-6.0579888976377951
0
LINE
8
BLACK
6
CONTINUOUS
10
4.5674347637795272
20
-6.0579888976377951
11
4.5691839370078737
21
-6.0589988188976376
0
LINE
8
BLACK
6
CONTINUOUS
10
5.7755693307086613
20
-5.9128567716535434
11
5.775704566929134
21
-5.9129702362204721
0
LINE
8
BLACK
6
CONTINUOUS
10
5.775704566929134
20
-5.9129702362204721
11
5.7758799212598424
21
-5.912990433070866
0
LINE
8
BLACK
6
CONTINUOUS
10
5.7758799212598424
20
-5.912990433070866
11
5.7796294488188975
21
-5.9148651968503936
0
LINE
8
BLACK
6
CONTINUOUS
10
5.7796294488188975
20
-5.9148651968503936
11
5.7803385039370081
21
-5.9153911023622046
0
LINE
8
BLACK
6
CONTINUOUS
10
5.7803385039370081
20
-5.9153911023622046
11
5.7803968503937009
21
-5.9154183070866138
0
LINE
8
BLACK
6
CONTINUOUS
10
5.7803968503937009
20
-5.9154183070866138
11
5.7822716141732284
21
-5.9172930708661413
0
LINE
8
BLACK
6
CONTINUOUS
10
5.7822716141732284
20
-5.9172930708661413
11
5.7825296062992129
21
-5.9176615354330711
0
LINE
8
BLACK
6
CONTINUOUS
10
5.7825296062992129
20
-5.9176615354330711
11
5.7826405511811023
21
-5.917743070866142
0
LINE
8
BLACK
6
CONTINUOUS
10
5.7826405511811023
20
-5.917743070866142
11
5.7863900787401574
21
-5.9233674015748026
0
LINE
8
BLACK
6
CONTINUOUS
10
5.7863900787401574
20
-5.9233674015748026
11
5.7867883858267719
21
-5.924275118110236
0
LINE
8
BLACK
6
CONTINUOUS
10
5.7867883858267719
20
-5.924275118110236
11
5.786797834645669
21
-5.9242891338582675
0
LINE
8
BLACK
6
CONTINUOUS
10
5.786797834645669
20
-5.9242891338582675
11
5.7886725984251965
21
-5.9317881889763777
0
LINE
8
BLACK
6
CONTINUOUS
10
5.7886725984251965
20
-5.9317881889763777
11
5.7887140551181098
21
-5.9323760629921258
0
LINE
8
BLACK
6
CONTINUOUS
10
5.7887140551181098
20
-5.9323760629921258
11
5.7887607480314962
21
-5.9325043307086611
0
LINE
8
BLACK
6
CONTINUOUS
10
5.7887607480314962
20
-5.9325043307086611
11
5.7887607480314962
21
-5.9475024409448816
0
LINE
8
BLACK
6
CONTINUOUS
10
5.7887607480314962
20
-5.9475024409448816
11
5.7885826771653539
21
-5.948512362204724
0
LINE
8
BLACK
6
CONTINUOUS
10
5.7885826771653539
20
-5.948512362204724
11
5.7884691732283464
21
-5.9486475984251967
0
LINE
8
BLACK
6
CONTINUOUS
10
5.7884691732283464
20
-5.9486475984251967
11
5.7884490157480313
21
-5.9488229527559051
0
LINE
8
BLACK
6
CONTINUOUS
10
5.7884490157480313
20
-5.9488229527559051
11
5.7865742519685037
21
-5.9525724803149602
0
LINE
8
BLACK
6
CONTINUOUS
10
5.7865742519685037
20
-5.9525724803149602
11
5.786048307086614
21
-5.9532815354330708
0
LINE
8
BLACK
6
CONTINUOUS
10
5.786048307086614
20
-5.9532815354330708
11
5.7860211417322835
21
-5.9533398818897636
0
LINE
8
BLACK
6
CONTINUOUS
10
5.7860211417322835
20
-5.9533398818897636
11
5.7841464173228347
21
-5.9552146456692912
0
LINE
8
BLACK
6
CONTINUOUS
10
5.7841464173228347
20
-5.9552146456692912
11
5.7834232283464564
21
-5.955721023622047
0
LINE
8
BLACK
6
CONTINUOUS
10
5.7834232283464564
20
-5.955721023622047
11
5.7833789763779526
21
-5.9557677952755901
0
LINE
8
BLACK
6
CONTINUOUS
10
5.7833789763779526
20
-5.9557677952755901
11
5.7796294488188975
21
-5.9576425590551176
0
LINE
8
BLACK
6
CONTINUOUS
10
5.7796294488188975
20
-5.9576425590551176
11
5.7786464960629917
21
-5.9579349212598425
0
LINE
8
BLACK
6
CONTINUOUS
10
5.7786464960629917
20
-5.9579349212598425
11
5.7784748031496065
21
-5.9578938976377955
0
LINE
8
BLACK
6
CONTINUOUS
10
5.7784748031496065
20
-5.9578938976377955
11
5.778308937007874
21
-5.9579542913385826
0
LINE
8
BLACK
6
CONTINUOUS
10
5.778308937007874
20
-5.9579542913385826
11
5.7708098818897637
21
-5.9579542913385826
0
LINE
8
BLACK
6
CONTINUOUS
10
5.7708098818897637
20
-5.9579542913385826
11
5.7697999606299213
21
-5.9577762204724412
0
LINE
8
BLACK
6
CONTINUOUS
10
5.7697999606299213
20
-5.9577762204724412
11
5.7696646850393698
21
-5.9576627165354328
0
LINE
8
BLACK
6
CONTINUOUS
10
5.7696646850393698
20
-5.9576627165354328
11
5.7694893700787402
21
-5.9576425590551176
0
LINE
8
BLACK
6
CONTINUOUS
10
5.7694893700787402
20
-5.9576425590551176
11
5.7657398425196851
21
-5.9557677952755901
0
LINE
8
BLACK
6
CONTINUOUS
10
5.7657398425196851
20
-5.9557677952755901
11
5.765030708661417
21
-5.9552418110236216
0
LINE
8
BLACK
6
CONTINUOUS
10
5.765030708661417
20
-5.9552418110236216
11
5.764972401574803
21
-5.9552146456692912
0
LINE
8
BLACK
6
CONTINUOUS
10
5.764972401574803
20
-5.9552146456692912
11
5.7630976377952754
21
-5.9533398425196848
0
LINE
8
BLACK
6
CONTINUOUS
10
5.7630976377952754
20
-5.9533398425196848
11
5.762591338582677
21
-5.9526167716535427
0
LINE
8
BLACK
6
CONTINUOUS
10
5.762591338582677
20
-5.9526167716535427
11
5.762544566929134
21
-5.9525724803149602
0
LINE
8
BLACK
6
CONTINUOUS
10
5.762544566929134
20
-5.9525724803149602
11
5.7606698031496064
21
-5.9488229527559051
0
LINE
8
BLACK
6
CONTINUOUS
10
5.7606698031496064
20
-5.9488229527559051
11
5.7603774409448816
21
-5.9478400000000002
0
LINE
8
BLACK
6
CONTINUOUS
10
5.7603774409448816
20
-5.9478400000000002
11
5.7604184251968507
21
-5.9476683070866141
0
LINE
8
BLACK
6
CONTINUOUS
10
5.7604184251968507
20
-5.9476683070866141
11
5.7603580708661415
21
-5.9475024409448816
0
LINE
8
BLACK
6
CONTINUOUS
10
5.7603580708661415
20
-5.9475024409448816
11
5.7603580708661415
21
-5.9381286220472438
0
LINE
8
BLACK
6
CONTINUOUS
10
5.7603580708661415
20
-5.9381286220472438
11
5.7605361417322829
21
-5.9371187007874013
0
LINE
8
BLACK
6
CONTINUOUS
10
5.7605361417322829
20
-5.9371187007874013
11
5.7606496062992125
21
-5.9369834251968499
0
LINE
8
BLACK
6
CONTINUOUS
10
5.7606496062992125
20
-5.9369834251968499
11
5.7606698031496064
21
-5.9368081102362202
0
LINE
8
BLACK
6
CONTINUOUS
10
5.7606698031496064
20
-5.9368081102362202
11
5.762544566929134
21
-5.9330585826771651
0
LINE
8
BLACK
6
CONTINUOUS
10
5.762544566929134
20
-5.9330585826771651
11
5.7630704724409449
21
-5.9323494881889767
0
LINE
8
BLACK
6
CONTINUOUS
10
5.7630704724409449
20
-5.9323494881889767
11
5.7630976771653541
21
-5.9322911811023618
0
LINE
8
BLACK
6
CONTINUOUS
10
5.7630976771653541
20
-5.9322911811023618
11
5.7649724409448817
21
-5.9304164173228342
0
LINE
8
BLACK
6
CONTINUOUS
10
5.7649724409448817
20
-5.9304164173228342
11
5.7656955118110238
21
-5.9299101181102358
0
LINE
8
BLACK
6
CONTINUOUS
10
5.7656955118110238
20
-5.9299101181102358
11
5.7657398425196851
21
-5.929863307086614
0
LINE
8
BLACK
6
CONTINUOUS
10
5.7657398425196851
20
-5.929863307086614
11
5.7694893700787402
21
-5.9279885433070865
0
LINE
8
BLACK
6
CONTINUOUS
10
5.7694893700787402
20
-5.9279885433070865
11
5.7704722834645672
21
-5.9276961811023616
0
LINE
8
BLACK
6
CONTINUOUS
10
5.7704722834645672
20
-5.9276961811023616
11
5.7706439763779525
21
-5.9277371653543307
0
LINE
8
BLACK
6
CONTINUOUS
10
5.7706439763779525
20
-5.9277371653543307
11
5.7708098818897637
21
-5.9276768110236215
0
LINE
8
BLACK
6
CONTINUOUS
10
5.7708098818897637
20
-5.9276768110236215
11
5.778308937007874
21
-5.9276768110236215
0
LINE
8
BLACK
6
CONTINUOUS
10
5.778308937007874
20
-5.9276768110236215
11
5.7793188582677164
21
-5.9278548818897638
0
LINE
8
BLACK
6
CONTINUOUS
10
5.7793188582677164
20
-5.9278548818897638
11
5.7794540944881891
21
-5.9279683464566926
0
LINE
8
BLACK
6
CONTINUOUS
10
5.7794540944881891
20
-5.9279683464566926
11
5.7796294488188975
21
-5.9279885433070865
0
LINE
8
BLACK
6
CONTINUOUS
10
5.7796294488188975
20
-5.9279885433070865
11
5.7819219685039371
21
-5.9291348031496058
0
LINE
8
BLACK
6
CONTINUOUS
10
5.7819219685039371
20
-5.9291348031496058
11
5.7811926771653539
21
-5.9262176377952756
0
LINE
8
BLACK
6
CONTINUOUS
10
5.7811926771653539
20
-5.9262176377952756
11
5.7778889763779526
21
-5.9212620866141732
0
LINE
8
BLACK
6
CONTINUOUS
10
5.7778889763779526
20
-5.9212620866141732
11
5.7765598425196849
21
-5.9199329527559055
0
LINE
8
BLACK
6
CONTINUOUS
10
5.7765598425196849
20
-5.9199329527559055
11
5.7738623622047243
21
-5.9185842125984252
0
LINE
8
BLACK
6
CONTINUOUS
10
5.7738623622047243
20
-5.9185842125984252
11
5.7670603543307086
21
-5.9185842125984252
0
LINE
8
BLACK
6
CONTINUOUS
10
5.7670603543307086
20
-5.9185842125984252
11
5.7660504330708662
21
-5.9184061417322837
0
LINE
8
BLACK
6
CONTINUOUS
10
5.7660504330708662
20
-5.9184061417322837
11
5.764503188976378
21
-5.9171078346456696
0
LINE
8
BLACK
6
CONTINUOUS
10
5.764503188976378
20
-5.9171078346456696
11
5.7641524409448817
21
-5.9151187007874011
0
LINE
8
BLACK
6
CONTINUOUS
10
5.7641524409448817
20
-5.9151187007874011
11
5.7651623622047241
21
-5.9133695275590554
0
LINE
8
BLACK
6
CONTINUOUS
10
5.7651623622047241
20
-5.9133695275590554
11
5.7670603543307086
21
-5.9126787007874011
0
LINE
8
BLACK
6
CONTINUOUS
10
5.7670603543307086
20
-5.9126787007874011
11
5.7745594094488188
21
-5.9126787007874011
0
LINE
8
BLACK
6
CONTINUOUS
10
5.7745594094488188
20
-5.9126787007874011
11
5.7755693307086613
21
-5.9128567716535434
0
LINE
8
BLACK
6
CONTINUOUS
10
5.7688094488188977
20
-5.9349310629921259
11
5.7676123228346459
21
-5.9361281889763777
0
LINE
8
BLACK
6
CONTINUOUS
10
5.7676123228346459
20
-5.9361281889763777
11
5.7662635826771655
21
-5.9388256692913384
0
LINE
8
BLACK
6
CONTINUOUS
10
5.7662635826771655
20
-5.9388256692913384
11
5.7662635826771655
21
-5.946805393700787
0
LINE
8
BLACK
6
CONTINUOUS
10
5.7662635826771655
20
-5.946805393700787
11
5.7676123228346459
21
-5.9495028740157476
0
LINE
8
BLACK
6
CONTINUOUS
10
5.7676123228346459
20
-5.9495028740157476
11
5.7688094488188977
21
-5.9507000393700782
0
LINE
8
BLACK
6
CONTINUOUS
10
5.7688094488188977
20
-5.9507000393700782
11
5.7715069291338583
21
-5.9520487795275585
0
LINE
8
BLACK
6
CONTINUOUS
10
5.7715069291338583
20
-5.9520487795275585
11
5.7776118897637794
21
-5.9520487795275585
0
LINE
8
BLACK
6
CONTINUOUS
10
5.7776118897637794
20
-5.9520487795275585
11
5.7803093307086613
21
-5.9507000393700782
0
LINE
8
BLACK
6
CONTINUOUS
10
5.7803093307086613
20
-5.9507000393700782
11
5.7815064566929131
21
-5.9495028740157476
0
LINE
8
BLACK
6
CONTINUOUS
10
5.7815064566929131
20
-5.9495028740157476
11
5.7828552362204722
21
-5.946805393700787
0
LINE
8
BLACK
6
CONTINUOUS
10
5.7828552362204722
20
-5.946805393700787
11
5.7828552362204722
21
-5.9388256692913384
0
LINE
8
BLACK
6
CONTINUOUS
10
5.7828552362204722
20
-5.9388256692913384
11
5.7815064960629918
21
-5.9361281889763777
0
LINE
8
BLACK
6
CONTINUOUS
10
5.7815064960629918
20
-5.9361281889763777
11
5.78030937007874
21
-5.9349310629921259
0
LINE
8
BLACK
6
CONTINUOUS
10
5.78030937007874
20
-5.9349310629921259
11
5.7776118897637794
21
-5.9335823228346456
0
LINE
8
BLACK
6
CONTINUOUS
10
5.7776118897637794
20
-5.9335823228346456
11
5.7715069291338583
21
-5.9335823228346456
0
LINE
8
BLACK
6
CONTINUOUS
10
5.7715069291338583
20
-5.9335823228346456
11
5.7688094488188977
21
-5.9349310629921259
0
LINE
8
BLACK
6
CONTINUOUS
10
5.8127145275590548
20
-5.9128084251968502
11
5.8128839370078742
21
-5.9127975196850393
0
LINE
8
BLACK
6
CONTINUOUS
10
5.8128839370078742
20
-5.9127975196850393
11
5.8135745275590551
21
-5.9133049606299215
0
LINE
8
BLACK
6
CONTINUOUS
10
5.8135745275590551
20
-5.9133049606299215
11
5.8143166535433073
21
-5.9137334645669286
0
LINE
8
BLACK
6
CONTINUOUS
10
5.8143166535433073
20
-5.9137334645669286
11
5.81437468503937
21
-5.913892952755905
0
LINE
8
BLACK
6
CONTINUOUS
10
5.81437468503937
20
-5.913892952755905
11
5.8145115748031495
21
-5.913993543307086
0
LINE
8
BLACK
6
CONTINUOUS
10
5.8145115748031495
20
-5.913993543307086
11
5.8180988976377952
21
-5.9193745669291333
0
LINE
8
BLACK
6
CONTINUOUS
10
5.8180988976377952
20
-5.9193745669291333
11
5.821302874015748
21
-5.9225785433070861
0
LINE
8
BLACK
6
CONTINUOUS
10
5.821302874015748
20
-5.9225785433070861
11
5.8246238188976376
21
-5.9242390157480314
0
LINE
8
BLACK
6
CONTINUOUS
10
5.8246238188976376
20
-5.9242390157480314
11
5.8254474803149607
21
-5.9248499212598427
0
LINE
8
BLACK
6
CONTINUOUS
10
5.8254474803149607
20
-5.9248499212598427
11
5.8262507480314962
21
-5.92670311023622
0
LINE
8
BLACK
6
CONTINUOUS
10
5.8262507480314962
20
-5.92670311023622
11
5.8256748818897632
21
-5.928639133858268
0
LINE
8
BLACK
6
CONTINUOUS
10
5.8256748818897632
20
-5.928639133858268
11
5.8239893307086614
21
-5.929751968503937
0
LINE
8
BLACK
6
CONTINUOUS
10
5.8239893307086614
20
-5.929751968503937
11
5.8219827952755905
21
-5.9295210629921256
0
LINE
8
BLACK
6
CONTINUOUS
10
5.8219827952755905
20
-5.9295210629921256
11
5.8182332677165354
21
-5.927646299212598
0
LINE
8
BLACK
6
CONTINUOUS
10
5.8182332677165354
20
-5.927646299212598
11
5.817524173228346
21
-5.9271203543307083
0
LINE
8
BLACK
6
CONTINUOUS
10
5.817524173228346
20
-5.9271203543307083
11
5.817465866141732
21
-5.9270931889763778
0
LINE
8
BLACK
6
CONTINUOUS
10
5.817465866141732
20
-5.9270931889763778
11
5.8150074803149607
21
-5.9246348031496066
0
LINE
8
BLACK
6
CONTINUOUS
10
5.8150074803149607
20
-5.9246348031496066
11
5.8150074803149607
21
-5.9520487795275585
0
LINE
8
BLACK
6
CONTINUOUS
10
5.8150074803149607
20
-5.9520487795275585
11
5.823303307086614
21
-5.9520487795275585
0
LINE
8
BLACK
6
CONTINUOUS
10
5.823303307086614
20
-5.9520487795275585
11
5.8243132283464565
21
-5.9522268503937008
0
LINE
8
BLACK
6
CONTINUOUS
10
5.8243132283464565
20
-5.9522268503937008
11
5.8258604724409446
21
-5.953525157480315
0
LINE
8
BLACK
6
CONTINUOUS
10
5.8258604724409446
20
-5.953525157480315
11
5.826211220472441
21
-5.9555142913385826
0
LINE
8
BLACK
6
CONTINUOUS
10
5.826211220472441
20
-5.9555142913385826
11
5.8252012992125985
21
-5.9572634645669291
0
LINE
8
BLACK
6
CONTINUOUS
10
5.8252012992125985
20
-5.9572634645669291
11
5.823303307086614
21
-5.9579542913385826
0
LINE
8
BLACK
6
CONTINUOUS
10
5.823303307086614
20
-5.9579542913385826
11
5.8008061417322834
21
-5.9579542913385826
0
LINE
8
BLACK
6
CONTINUOUS
10
5.8008061417322834
20
-5.9579542913385826
11
5.7997962204724409
21
-5.9577762204724412
0
LINE
8
BLACK
6
CONTINUOUS
10
5.7997962204724409
20
-5.9577762204724412
11
5.7982489763779528
21
-5.956477913385827
0
LINE
8
BLACK
6
CONTINUOUS
10
5.7982489763779528
20
-5.956477913385827
11
5.7978982283464564
21
-5.9544887795275585
0
LINE
8
BLACK
6
CONTINUOUS
10
5.7978982283464564
20
-5.9544887795275585
11
5.7989081496062989
21
-5.9527396062992128
0
LINE
8
BLACK
6
CONTINUOUS
10
5.7989081496062989
20
-5.9527396062992128
11
5.8008061417322834
21
-5.9520487795275585
0
LINE
8
BLACK
6
CONTINUOUS
10
5.8008061417322834
20
-5.9520487795275585
11
5.8091019685039367
21
-5.9520487795275585
0
LINE
8
BLACK
6
CONTINUOUS
10
5.8091019685039367
20
-5.9520487795275585
11
5.8091019685039367
21
-5.9156314566929131
0
LINE
8
BLACK
6
CONTINUOUS
10
5.8091019685039367
20
-5.9156314566929131
11
5.809280039370079
21
-5.9146215354330707
0
LINE
8
BLACK
6
CONTINUOUS
10
5.809280039370079
20
-5.9146215354330707
11
5.8093891338582679
21
-5.9144914566929137
0
LINE
8
BLACK
6
CONTINUOUS
10
5.8093891338582679
20
-5.9144914566929137
11
5.8094078346456692
21
-5.9143227165354331
0
LINE
8
BLACK
6
CONTINUOUS
10
5.8094078346456692
20
-5.9143227165354331
11
5.8100274409448813
21
-5.9137307874015743
0
LINE
8
BLACK
6
CONTINUOUS
10
5.8100274409448813
20
-5.9137307874015743
11
5.8105783464566931
21
-5.9130742913385825
0
LINE
8
BLACK
6
CONTINUOUS
10
5.8105783464566931
20
-5.9130742913385825
11
5.8107455511811024
21
-5.9130448031496066
0
LINE
8
BLACK
6
CONTINUOUS
10
5.8107455511811024
20
-5.9130448031496066
11
5.8108683464566928
21
-5.9129275196850388
0
LINE
8
BLACK
6
CONTINUOUS
10
5.8108683464566928
20
-5.9129275196850388
11
5.8117234645669287
21
-5.9128723622047241
0
LINE
8
BLACK
6
CONTINUOUS
10
5.8117234645669287
20
-5.9128723622047241
11
5.8125674803149607
21
-5.9127235433070862
0
LINE
8
BLACK
6
CONTINUOUS
10
5.8125674803149607
20
-5.9127235433070862
11
5.8127145275590548
21
-5.9128084251968502
0
LINE
8
BLACK
6
CONTINUOUS
10
5.8504194094488184
20
-5.9128319685039372
11
5.8504837795275586
21
-5.9128302362204721
0
LINE
8
BLACK
6
CONTINUOUS
10
5.8504837795275586
20
-5.9128302362204721
11
5.8561080708661413
21
-5.9147049999999997
0
LINE
8
BLACK
6
CONTINUOUS
10
5.8561080708661413
20
-5.9147049999999997
11
5.8570098425196848
21
-5.9151932677165355
0
LINE
8
BLACK
6
CONTINUOUS
10
5.8570098425196848
20
-5.9151932677165355
11
5.857102244094488
21
-5.9153437007874015
0
LINE
8
BLACK
6
CONTINUOUS
10
5.857102244094488
20
-5.9153437007874015
11
5.8572622440944881
21
-5.9154183070866138
0
LINE
8
BLACK
6
CONTINUOUS
10
5.8572622440944881
20
-5.9154183070866138
11
5.8610117716535433
21
-5.9191678346456689
0
LINE
8
BLACK
6
CONTINUOUS
10
5.8610117716535433
20
-5.9191678346456689
11
5.8615181496062991
21
-5.9198909842519685
0
LINE
8
BLACK
6
CONTINUOUS
10
5.8615181496062991
20
-5.9198909842519685
11
5.8615648818897634
21
-5.9199352362204722
0
LINE
8
BLACK
6
CONTINUOUS
10
5.8615648818897634
20
-5.9199352362204722
11
5.863439645669291
21
-5.9236847637795274
0
LINE
8
BLACK
6
CONTINUOUS
10
5.863439645669291
20
-5.9236847637795274
11
5.8635849212598421
21
-5.9241731889763782
0
LINE
8
BLACK
6
CONTINUOUS
10
5.8635849212598421
20
-5.9241731889763782
11
5.8636632283464563
21
-5.9242891338582675
0
LINE
8
BLACK
6
CONTINUOUS
10
5.8636632283464563
20
-5.9242891338582675
11
5.8655379921259838
21
-5.9317881889763777
0
LINE
8
BLACK
6
CONTINUOUS
10
5.8655379921259838
20
-5.9317881889763777
11
5.8655794488188979
21
-5.9323760629921258
0
LINE
8
BLACK
6
CONTINUOUS
10
5.8655794488188979
20
-5.9323760629921258
11
5.8656261417322835
21
-5.9325043307086611
0
LINE
8
BLACK
6
CONTINUOUS
10
5.8656261417322835
20
-5.9325043307086611
11
5.8656261417322835
21
-5.9381286220472438
0
LINE
8
BLACK
6
CONTINUOUS
10
5.8656261417322835
20
-5.9381286220472438
11
5.8655237795275585
21
-5.9387089763779528
0
LINE
8
BLACK
6
CONTINUOUS
10
5.8655237795275585
20
-5.9387089763779528
11
5.8655379921259838
21
-5.9388447637795272
0
LINE
8
BLACK
6
CONTINUOUS
10
5.8655379921259838
20
-5.9388447637795272
11
5.8636632283464563
21
-5.9463438188976374
0
LINE
8
BLACK
6
CONTINUOUS
10
5.8636632283464563
20
-5.9463438188976374
11
5.8634556299212601
21
-5.9468092519685039
0
LINE
8
BLACK
6
CONTINUOUS
10
5.8634556299212601
20
-5.9468092519685039
11
5.863439645669291
21
-5.9469481889763776
0
LINE
8
BLACK
6
CONTINUOUS
10
5.863439645669291
20
-5.9469481889763776
11
5.8615648818897634
21
-5.9506977165354327
0
LINE
8
BLACK
6
CONTINUOUS
10
5.8615648818897634
20
-5.9506977165354327
11
5.8610390157480312
21
-5.9514066929133858
0
LINE
8
BLACK
6
CONTINUOUS
10
5.8610390157480312
20
-5.9514066929133858
11
5.861011811023622
21
-5.9514650787401573
0
LINE
8
BLACK
6
CONTINUOUS
10
5.861011811023622
20
-5.9514650787401573
11
5.8572622440944881
21
-5.9552146850393699
0
LINE
8
BLACK
6
CONTINUOUS
10
5.8572622440944881
20
-5.9552146850393699
11
5.8564222047244092
21
-5.955802874015748
0
LINE
8
BLACK
6
CONTINUOUS
10
5.8564222047244092
20
-5.955802874015748
11
5.8562463385826771
21
-5.9558182283464562
0
LINE
8
BLACK
6
CONTINUOUS
10
5.8562463385826771
20
-5.9558182283464562
11
5.8561080708661413
21
-5.955927992125984
0
LINE
8
BLACK
6
CONTINUOUS
10
5.8561080708661413
20
-5.955927992125984
11
5.8504837795275586
21
-5.9578027559055116
0
LINE
8
BLACK
6
CONTINUOUS
10
5.8504837795275586
20
-5.9578027559055116
11
5.8496105905511806
21
-5.9579322047244094
0
LINE
8
BLACK
6
CONTINUOUS
10
5.8496105905511806
20
-5.9579322047244094
11
5.8495500393700786
21
-5.9579542913385826
0
LINE
8
BLACK
6
CONTINUOUS
10
5.8495500393700786
20
-5.9579542913385826
11
5.8458005118110234
21
-5.9579542913385826
0
LINE
8
BLACK
6
CONTINUOUS
10
5.8458005118110234
20
-5.9579542913385826
11
5.8449311023622048
21
-5.9578009842519686
0
LINE
8
BLACK
6
CONTINUOUS
10
5.8449311023622048
20
-5.9578009842519686
11
5.8448667322834646
21
-5.9578027559055116
0
LINE
8
BLACK
6
CONTINUOUS
10
5.8448667322834646
20
-5.9578027559055116
11
5.8392424803149607
21
-5.955927992125984
0
LINE
8
BLACK
6
CONTINUOUS
10
5.8392424803149607
20
-5.955927992125984
11
5.8383407086614172
21
-5.9554396850393703
0
LINE
8
BLACK
6
CONTINUOUS
10
5.8383407086614172
20
-5.9554396850393703
11
5.8382482677165353
21
-5.9552892519685035
0
LINE
8
BLACK
6
CONTINUOUS
10
5.8382482677165353
20
-5.9552892519685035
11
5.8380882677165351
21
-5.9552146456692912
0
LINE
8
BLACK
6
CONTINUOUS
10
5.8380882677165351
20
-5.9552146456692912
11
5.8362135039370076
21
-5.9533398425196848
0
LINE
8
BLACK
6
CONTINUOUS
10
5.8362135039370076
20
-5.9533398425196848
11
5.8356253149606294
21
-5.9524998031496059
0
LINE
8
BLACK
6
CONTINUOUS
10
5.8356253149606294
20
-5.9524998031496059
11
5.835449330708661
21
-5.9504877165354326
0
LINE
8
BLACK
6
CONTINUOUS
10
5.835449330708661
20
-5.9504877165354326
11
5.8366078346456689
21
-5.9488331889763781
0
LINE
8
BLACK
6
CONTINUOUS
10
5.8366078346456689
20
-5.9488331889763781
11
5.8385588188976376
21
-5.9483104724409444
0
LINE
8
BLACK
6
CONTINUOUS
10
5.8385588188976376
20
-5.9483104724409444
11
5.8403894094488189
21
-5.9491640944881885
0
LINE
8
BLACK
6
CONTINUOUS
10
5.8403894094488189
20
-5.9491640944881885
11
5.8417712598425195
21
-5.9505459842519688
0
LINE
8
BLACK
6
CONTINUOUS
10
5.8417712598425195
20
-5.9505459842519688
11
5.8462796456692914
21
-5.9520487795275585
0
LINE
8
BLACK
6
CONTINUOUS
10
5.8462796456692914
20
-5.9520487795275585
11
5.8490709055118106
21
-5.9520487795275585
0
LINE
8
BLACK
6
CONTINUOUS
10
5.8490709055118106
20
-5.9520487795275585
11
5.8535792913385825
21
-5.95054594488189
0
LINE
8
BLACK
6
CONTINUOUS
10
5.8535792913385825
20
-5.95054594488189
11
5.8564970866141728
21
-5.9476281102362201
0
LINE
8
BLACK
6
CONTINUOUS
10
5.8564970866141728
20
-5.9476281102362201
11
5.8580125984251969
21
-5.9445971259842523
0
LINE
8
BLACK
6
CONTINUOUS
10
5.8580125984251969
20
-5.9445971259842523
11
5.8597206299212594
21
-5.9377650787401572
0
LINE
8
BLACK
6
CONTINUOUS
10
5.8597206299212594
20
-5.9377650787401572
11
5.8597206299212594
21
-5.9328678740157477
0
LINE
8
BLACK
6
CONTINUOUS
10
5.8597206299212594
20
-5.9328678740157477
11
5.8580125984251969
21
-5.9260358267716535
0
LINE
8
BLACK
6
CONTINUOUS
10
5.8580125984251969
20
-5.9260358267716535
11
5.8564971259842515
21
-5.9230048425196848
0
LINE
8
BLACK
6
CONTINUOUS
10
5.8564971259842515
20
-5.9230048425196848
11
5.8535792913385825
21
-5.9200870078740158
0
LINE
8
BLACK
6
CONTINUOUS
10
5.8535792913385825
20
-5.9200870078740158
11
5.8490709055118106
21
-5.9185842125984252
0
LINE
8
BLACK
6
CONTINUOUS
10
5.8490709055118106
20
-5.9185842125984252
11
5.8462796456692914
21
-5.9185842125984252
0
LINE
8
BLACK
6
CONTINUOUS
10
5.8462796456692914
20
-5.9185842125984252
11
5.8417712598425195
21
-5.9200870078740158
0
LINE
8
BLACK
6
CONTINUOUS
10
5.8417712598425195
20
-5.9200870078740158
11
5.8403893700787401
21
-5.9214688976377952
0
LINE
8
BLACK
6
CONTINUOUS
10
5.8403893700787401
20
-5.9214688976377952
11
5.8395493307086612
21
-5.9220570866141733
0
LINE
8
BLACK
6
CONTINUOUS
10
5.8395493307086612
20
-5.9220570866141733
11
5.8375372440944879
21
-5.9222331496062992
0
LINE
8
BLACK
6
CONTINUOUS
10
5.8375372440944879
20
-5.9222331496062992
11
5.8358826771653538
21
-5.9210746062992126
0
LINE
8
BLACK
6
CONTINUOUS
10
5.8358826771653538
20
-5.9210746062992126
11
5.8353599606299209
21
-5.9191236614173226
0
LINE
8
BLACK
6
CONTINUOUS
10
5.8353599606299209
20
-5.9191236614173226
11
5.8362135433070863
21
-5.9172930708661413
0
LINE
8
BLACK
6
CONTINUOUS
10
5.8362135433070863
20
-5.9172930708661413
11
5.8380883070866139
21
-5.9154183070866138
0
LINE
8
BLACK
6
CONTINUOUS
10
5.8380883070866139
20
-5.9154183070866138
11
5.8389283464566928
21
-5.9148301181102365
0
LINE
8
BLACK
6
CONTINUOUS
10
5.8389283464566928
20
-5.9148301181102365
11
5.8391041732283462
21
-5.9148147244094487
0
LINE
8
BLACK
6
CONTINUOUS
10
5.8391041732283462
20
-5.9148147244094487
11
5.8392424803149607
21
-5.9147049999999997
0
LINE
8
BLACK
6
CONTINUOUS
10
5.8392424803149607
20
-5.9147049999999997
11
5.8448667322834646
21
-5.9128302362204721
0
LINE
8
BLACK
6
CONTINUOUS
10
5.8448667322834646
20
-5.9128302362204721
11
5.8457399606299214
21
-5.9127007086614176
0
LINE
8
BLACK
6
CONTINUOUS
10
5.8457399606299214
20
-5.9127007086614176
11
5.8458005118110234
21
-5.9126787007874011
0
LINE
8
BLACK
6
CONTINUOUS
10
5.8458005118110234
20
-5.9126787007874011
11
5.8495500393700786
21
-5.9126787007874011
0
LINE
8
BLACK
6
CONTINUOUS
10
5.8495500393700786
20
-5.9126787007874011
11
5.8504194094488184
21
-5.9128319685039372
0
LINE
8
BLACK
6
CONTINUOUS
10
5.7404845275590546
20
-5.9112408267716532
11
5.7417400787401576
21
-5.9128229527559055
0
LINE
8
BLACK
6
CONTINUOUS
10
5.7417400787401576
20
-5.9128229527559055
11
5.7511138976377953
21
-5.9409443700787401
0
LINE
8
BLACK
6
CONTINUOUS
10
5.7511138976377953
20
-5.9409443700787401
11
5.7512643307086613
21
-5.9419587795275586
0
LINE
8
BLACK
6
CONTINUOUS
10
5.7512643307086613
20
-5.9419587795275586
11
5.7511813779527561
21
-5.9421686220472436
0
LINE
8
BLACK
6
CONTINUOUS
10
5.7511813779527561
20
-5.9421686220472436
11
5.7512205905511813
21
-5.9423909055118109
0
LINE
8
BLACK
6
CONTINUOUS
10
5.7512205905511813
20
-5.9423909055118109
11
5.7508178346456695
21
-5.9430883858267718
0
LINE
8
BLACK
6
CONTINUOUS
10
5.7508178346456695
20
-5.9430883858267718
11
5.7505219291338578
21
-5.9438372047244092
0
LINE
8
BLACK
6
CONTINUOUS
10
5.7505219291338578
20
-5.9438372047244092
11
5.7503234645669288
21
-5.9439446456692915
0
LINE
8
BLACK
6
CONTINUOUS
10
5.7503234645669288
20
-5.9439446456692915
11
5.7502106692913388
21
-5.9441400787401575
0
LINE
8
BLACK
6
CONTINUOUS
10
5.7502106692913388
20
-5.9441400787401575
11
5.7494539370078739
21
-5.9444154724409444
0
LINE
8
BLACK
6
CONTINUOUS
10
5.7494539370078739
20
-5.9444154724409444
11
5.7487457874015746
21
-5.9447989763779523
0
LINE
8
BLACK
6
CONTINUOUS
10
5.7487457874015746
20
-5.9447989763779523
11
5.7485246850393699
21
-5.9447537007874018
0
LINE
8
BLACK
6
CONTINUOUS
10
5.7485246850393699
20
-5.9447537007874018
11
5.7483126771653543
21
-5.9448309055118109
0
LINE
8
BLACK
6
CONTINUOUS
10
5.7483126771653543
20
-5.9448309055118109
11
5.7325177952755908
21
-5.9448309055118109
0
LINE
8
BLACK
6
CONTINUOUS
10
5.7325177952755908
20
-5.9448309055118109
11
5.7325177952755908
21
-5.9550015354330705
0
LINE
8
BLACK
6
CONTINUOUS
10
5.7325177952755908
20
-5.9550015354330705
11
5.7323397244094485
21
-5.956011456692913
0
LINE
8
BLACK
6
CONTINUOUS
10
5.7323397244094485
20
-5.956011456692913
11
5.7310414173228343
21
-5.9575587007874011
0
LINE
8
BLACK
6
CONTINUOUS
10
5.7310414173228343
20
-5.9575587007874011
11
5.7290522834645667
21
-5.9579094488188975
0
LINE
8
BLACK
6
CONTINUOUS
10
5.7290522834645667
20
-5.9579094488188975
11
5.7273031102362202
21
-5.9568995275590551
0
LINE
8
BLACK
6
CONTINUOUS
10
5.7273031102362202
20
-5.9568995275590551
11
5.7266122834645667
21
-5.9550015354330705
0
LINE
8
BLACK
6
CONTINUOUS
10
5.7266122834645667
20
-5.9550015354330705
11
5.7266122834645667
21
-5.9448309055118109
0
LINE
8
BLACK
6
CONTINUOUS
10
5.7266122834645667
20
-5.9448309055118109
11
5.7239407480314961
21
-5.9448309055118109
0
LINE
8
BLACK
6
CONTINUOUS
10
5.7239407480314961
20
-5.9448309055118109
11
5.7229308267716537
21
-5.9446528346456695
0
LINE
8
BLACK
6
CONTINUOUS
10
5.7229308267716537
20
-5.9446528346456695
11
5.7213835826771655
21
-5.9433545275590554
0
LINE
8
BLACK
6
CONTINUOUS
10
5.7213835826771655
20
-5.9433545275590554
11
5.7210328346456691
21
-5.9413653937007869
0
LINE
8
BLACK
6
CONTINUOUS
10
5.7210328346456691
20
-5.9413653937007869
11
5.7220427559055116
21
-5.9396162204724412
0
LINE
8
BLACK
6
CONTINUOUS
10
5.7220427559055116
20
-5.9396162204724412
11
5.7239407480314961
21
-5.9389253937007869
0
LINE
8
BLACK
6
CONTINUOUS
10
5.7239407480314961
20
-5.9389253937007869
11
5.7266122834645667
21
-5.9389253937007869
0
LINE
8
BLACK
6
CONTINUOUS
10
5.7266122834645667
20
-5.9389253937007869
11
5.7266122834645667
21
-5.928754803149606
0
LINE
8
BLACK
6
CONTINUOUS
10
5.7266122834645667
20
-5.928754803149606
11
5.7267903543307082
21
-5.9277448818897636
0
LINE
8
BLACK
6
CONTINUOUS
10
5.7267903543307082
20
-5.9277448818897636
11
5.7280886614173223
21
-5.9261976377952754
0
LINE
8
BLACK
6
CONTINUOUS
10
5.7280886614173223
20
-5.9261976377952754
11
5.7300777952755908
21
-5.925846889763779
0
LINE
8
BLACK
6
CONTINUOUS
10
5.7300777952755908
20
-5.925846889763779
11
5.7318269685039365
21
-5.9268568110236215
0
LINE
8
BLACK
6
CONTINUOUS
10
5.7318269685039365
20
-5.9268568110236215
11
5.7325177952755908
21
-5.928754803149606
0
LINE
8
BLACK
6
CONTINUOUS
10
5.7325177952755908
20
-5.928754803149606
11
5.7325177952755908
21
-5.9389253937007869
0
LINE
8
BLACK
6
CONTINUOUS
10
5.7325177952755908
20
-5.9389253937007869
11
5.7442159448818897
21
-5.9389253937007869
0
LINE
8
BLACK
6
CONTINUOUS
10
5.7442159448818897
20
-5.9389253937007869
11
5.7361376377952755
21
-5.9146904330708656
0
LINE
8
BLACK
6
CONTINUOUS
10
5.7361376377952755
20
-5.9146904330708656
11
5.7359872047244096
21
-5.9136760236220471
0
LINE
8
BLACK
6
CONTINUOUS
10
5.7359872047244096
20
-5.9136760236220471
11
5.7367296062992121
21
-5.9117976377952752
0
LINE
8
BLACK
6
CONTINUOUS
10
5.7367296062992121
20
-5.9117976377952752
11
5.7385057480314963
21
-5.9108358661417322
0
LINE
8
BLACK
6
CONTINUOUS
10
5.7385057480314963
20
-5.9108358661417322
11
5.7404845275590546
21
-5.9112408267716532
0
LINE
8
BLACK
6
CONTINUOUS
10
5.9043053937007874
20
-5.9137334645669286
11
5.9049962204724409
21
-5.9156314566929131
0
LINE
8
BLACK
6
CONTINUOUS
10
5.9049962204724409
20
-5.9156314566929131
11
5.9049962204724409
21
-5.9550015354330705
0
LINE
8
BLACK
6
CONTINUOUS
10
5.9049962204724409
20
-5.9550015354330705
11
5.9048181496062995
21
-5.956011456692913
0
LINE
8
BLACK
6
CONTINUOUS
10
5.9048181496062995
20
-5.956011456692913
11
5.9035198425196853
21
-5.9575587007874011
0
LINE
8
BLACK
6
CONTINUOUS
10
5.9035198425196853
20
-5.9575587007874011
11
5.9015307086614168
21
-5.9579094488188975
0
LINE
8
BLACK
6
CONTINUOUS
10
5.9015307086614168
20
-5.9579094488188975
11
5.8997815354330712
21
-5.9568995275590551
0
LINE
8
BLACK
6
CONTINUOUS
10
5.8997815354330712
20
-5.9568995275590551
11
5.8990907086614168
21
-5.9550015354330705
0
LINE
8
BLACK
6
CONTINUOUS
10
5.8990907086614168
20
-5.9550015354330705
11
5.8990907086614168
21
-5.9373318503937007
0
LINE
8
BLACK
6
CONTINUOUS
10
5.8990907086614168
20
-5.9373318503937007
11
5.8824990551181102
21
-5.9373318503937007
0
LINE
8
BLACK
6
CONTINUOUS
10
5.8824990551181102
20
-5.9373318503937007
11
5.8824990551181102
21
-5.9550015354330705
0
LINE
8
BLACK
6
CONTINUOUS
10
5.8824990551181102
20
-5.9550015354330705
11
5.8823209842519688
21
-5.956011456692913
0
LINE
8
BLACK
6
CONTINUOUS
10
5.8823209842519688
20
-5.956011456692913
11
5.8810226771653538
21
-5.9575587007874011
0
LINE
8
BLACK
6
CONTINUOUS
10
5.8810226771653538
20
-5.9575587007874011
11
5.8790335433070862
21
-5.9579094488188975
0
LINE
8
BLACK
6
CONTINUOUS
10
5.8790335433070862
20
-5.9579094488188975
11
5.8772843700787396
21
-5.9568995275590551
0
LINE
8
BLACK
6
CONTINUOUS
10
5.8772843700787396
20
-5.9568995275590551
11
5.8765935433070862
21
-5.9550015354330705
0
LINE
8
BLACK
6
CONTINUOUS
10
5.8765935433070862
20
-5.9550015354330705
11
5.8765935433070862
21
-5.9156314566929131
0
LINE
8
BLACK
6
CONTINUOUS
10
5.8765935433070862
20
-5.9156314566929131
11
5.8767716141732285
21
-5.9146215354330707
0
LINE
8
BLACK
6
CONTINUOUS
10
5.8767716141732285
20
-5.9146215354330707
11
5.8780699212598426
21
-5.9130742913385825
0
LINE
8
BLACK
6
CONTINUOUS
10
5.8780699212598426
20
-5.9130742913385825
11
5.8800590551181102
21
-5.9127235433070862
0
LINE
8
BLACK
6
CONTINUOUS
10
5.8800590551181102
20
-5.9127235433070862
11
5.8818082283464568
21
-5.9137334645669286
0
LINE
8
BLACK
6
CONTINUOUS
10
5.8818082283464568
20
-5.9137334645669286
11
5.8824990551181102
21
-5.9156314566929131
0
LINE
8
BLACK
6
CONTINUOUS
10
5.8824990551181102
20
-5.9156314566929131
11
5.8824990551181102
21
-5.9314263385826766
0
LINE
8
BLACK
6
CONTINUOUS
10
5.8824990551181102
20
-5.9314263385826766
11
5.8990907086614168
21
-5.9314263385826766
0
LINE
8
BLACK
6
CONTINUOUS
10
5.8990907086614168
20
-5.9314263385826766
11
5.8990907086614168
21
-5.9156314566929131
0
LINE
8
BLACK
6
CONTINUOUS
10
5.8990907086614168
20
-5.9156314566929131
11
5.8992687795275591
21
-5.9146215354330707
0
LINE
8
BLACK
6
CONTINUOUS
10
5.8992687795275591
20
-5.9146215354330707
11
5.9005670866141733
21
-5.9130742913385825
0
LINE
8
BLACK
6
CONTINUOUS
10
5.9005670866141733
20
-5.9130742913385825
11
5.9025562204724409
21
-5.9127235433070862
0
LINE
8
BLACK
6
CONTINUOUS
10
5.9025562204724409
20
-5.9127235433070862
11
5.9043053937007874
21
-5.9137334645669286
0
LINE
8
BLACK
6
CONTINUOUS
10
5.9335853937007874
20
-5.9112408267716532
11
5.9348409448818895
21
-5.9128229527559055
0
LINE
8
BLACK
6
CONTINUOUS
10
5.9348409448818895
20
-5.9128229527559055
11
5.9442147637795273
21
-5.9409443700787401
0
LINE
8
BLACK
6
CONTINUOUS
10
5.9442147637795273
20
-5.9409443700787401
11
5.9443651968503932
21
-5.9419587795275586
0
LINE
8
BLACK
6
CONTINUOUS
10
5.9443651968503932
20
-5.9419587795275586
11
5.944282244094488
21
-5.9421686220472436
0
LINE
8
BLACK
6
CONTINUOUS
10
5.944282244094488
20
-5.9421686220472436
11
5.9443214566929132
21
-5.9423909055118109
0
LINE
8
BLACK
6
CONTINUOUS
10
5.9443214566929132
20
-5.9423909055118109
11
5.9439187007874015
21
-5.9430883858267718
0
LINE
8
BLACK
6
CONTINUOUS
10
5.9439187007874015
20
-5.9430883858267718
11
5.9436227952755907
21
-5.9438372047244092
0
LINE
8
BLACK
6
CONTINUOUS
10
5.9436227952755907
20
-5.9438372047244092
11
5.9434243307086616
21
-5.9439446456692915
0
LINE
8
BLACK
6
CONTINUOUS
10
5.9434243307086616
20
-5.9439446456692915
11
5.9433115354330708
21
-5.9441400787401575
0
LINE
8
BLACK
6
CONTINUOUS
10
5.9433115354330708
20
-5.9441400787401575
11
5.9425548031496058
21
-5.9444154724409444
0
LINE
8
BLACK
6
CONTINUOUS
10
5.9425548031496058
20
-5.9444154724409444
11
5.9418466535433065
21
-5.9447989763779523
0
LINE
8
BLACK
6
CONTINUOUS
10
5.9418466535433065
20
-5.9447989763779523
11
5.9416255511811018
21
-5.9447537007874018
0
LINE
8
BLACK
6
CONTINUOUS
10
5.9416255511811018
20
-5.9447537007874018
11
5.9414135433070863
21
-5.9448309055118109
0
LINE
8
BLACK
6
CONTINUOUS
10
5.9414135433070863
20
-5.9448309055118109
11
5.9256186614173227
21
-5.9448309055118109
0
LINE
8
BLACK
6
CONTINUOUS
10
5.9256186614173227
20
-5.9448309055118109
11
5.9256186614173227
21
-5.9550015354330705
0
LINE
8
BLACK
6
CONTINUOUS
10
5.9256186614173227
20
-5.9550015354330705
11
5.9254405905511813
21
-5.956011456692913
0
LINE
8
BLACK
6
CONTINUOUS
10
5.9254405905511813
20
-5.956011456692913
11
5.9241422834645672
21
-5.9575587007874011
0
LINE
8
BLACK
6
CONTINUOUS
10
5.9241422834645672
20
-5.9575587007874011
11
5.9221531496062987
21
-5.9579094488188975
0
LINE
8
BLACK
6
CONTINUOUS
10
5.9221531496062987
20
-5.9579094488188975
11
5.920403976377953
21
-5.9568995275590551
0
LINE
8
BLACK
6
CONTINUOUS
10
5.920403976377953
20
-5.9568995275590551
11
5.9197131496062987
21
-5.9550015354330705
0
LINE
8
BLACK
6
CONTINUOUS
10
5.9197131496062987
20
-5.9550015354330705
11
5.9197131496062987
21
-5.9448309055118109
0
LINE
8
BLACK
6
CONTINUOUS
10
5.9197131496062987
20
-5.9448309055118109
11
5.917041614173228
21
-5.9448309055118109
0
LINE
8
BLACK
6
CONTINUOUS
10
5.917041614173228
20
-5.9448309055118109
11
5.9160316929133856
21
-5.9446528346456695
0
LINE
8
BLACK
6
CONTINUOUS
10
5.9160316929133856
20
-5.9446528346456695
11
5.9144844488188975
21
-5.9433545275590554
0
LINE
8
BLACK
6
CONTINUOUS
10
5.9144844488188975
20
-5.9433545275590554
11
5.9141337007874011
21
-5.9413653937007869
0
LINE
8
BLACK
6
CONTINUOUS
10
5.9141337007874011
20
-5.9413653937007869
11
5.9151436220472435
21
-5.9396162204724412
0
LINE
8
BLACK
6
CONTINUOUS
10
5.9151436220472435
20
-5.9396162204724412
11
5.917041614173228
21
-5.9389253937007869
0
LINE
8
BLACK
6
CONTINUOUS
10
5.917041614173228
20
-5.9389253937007869
11
5.9197131496062987
21
-5.9389253937007869
0
LINE
8
BLACK
6
CONTINUOUS
10
5.9197131496062987
20
-5.9389253937007869
11
5.9197131496062987
21
-5.928754803149606
0
LINE
8
BLACK
6
CONTINUOUS
10
5.9197131496062987
20
-5.928754803149606
11
5.919891220472441
21
-5.9277448818897636
0
LINE
8
BLACK
6
CONTINUOUS
10
5.919891220472441
20
-5.9277448818897636
11
5.9211895275590551
21
-5.9261976377952754
0
LINE
8
BLACK
6
CONTINUOUS
10
5.9211895275590551
20
-5.9261976377952754
11
5.9231786614173227
21
-5.925846889763779
0
LINE
8
BLACK
6
CONTINUOUS
10
5.9231786614173227
20
-5.925846889763779
11
5.9249278346456693
21
-5.9268568110236215
0
LINE
8
BLACK
6
CONTINUOUS
10
5.9249278346456693
20
-5.9268568110236215
11
5.9256186614173227
21
-5.928754803149606
0
LINE
8
BLACK
6
CONTINUOUS
10
5.9256186614173227
20
-5.928754803149606
11
5.9256186614173227
21
-5.9389253937007869
0
LINE
8
BLACK
6
CONTINUOUS
10
5.9256186614173227
20
-5.9389253937007869
11
5.9373168110236216
21
-5.9389253937007869
0
LINE
8
BLACK
6
CONTINUOUS
10
5.9373168110236216
20
-5.9389253937007869
11
5.9292385039370075
21
-5.9146904330708656
0
LINE
8
BLACK
6
CONTINUOUS
10
5.9292385039370075
20
-5.9146904330708656
11
5.9290880708661415
21
-5.9136760236220471
0
LINE
8
BLACK
6
CONTINUOUS
10
5.9290880708661415
20
-5.9136760236220471
11
5.929830472440945
21
-5.9117976377952752
0
LINE
8
BLACK
6
CONTINUOUS
10
5.929830472440945
20
-5.9117976377952752
11
5.9316066141732282
21
-5.9108358661417322
0
LINE
8
BLACK
6
CONTINUOUS
10
5.9316066141732282
20
-5.9108358661417322
11
5.9335853937007874
21
-5.9112408267716532
0
LINE
8
BLACK
6
CONTINUOUS
10
5.9817935433070861
20
-5.9128567716535434
11
5.9833407874015743
21
-5.9141550787401576
0
LINE
8
BLACK
6
CONTINUOUS
10
5.9833407874015743
20
-5.9141550787401576
11
5.9836915354330706
21
-5.9161442125984252
0
LINE
8
BLACK
6
CONTINUOUS
10
5.9836915354330706
20
-5.9161442125984252
11
5.9826816141732282
21
-5.9178933858267717
0
LINE
8
BLACK
6
CONTINUOUS
10
5.9826816141732282
20
-5.9178933858267717
11
5.9807836220472437
21
-5.9185842125984252
0
LINE
8
BLACK
6
CONTINUOUS
10
5.9807836220472437
20
-5.9185842125984252
11
5.9590149212598424
21
-5.9185842125984252
0
LINE
8
BLACK
6
CONTINUOUS
10
5.9590149212598424
20
-5.9185842125984252
11
5.9741238188976373
21
-5.9538383858267716
0
LINE
8
BLACK
6
CONTINUOUS
10
5.9741238188976373
20
-5.9538383858267716
11
5.9743579527559056
21
-5.9548367716535431
0
LINE
8
BLACK
6
CONTINUOUS
10
5.9743579527559056
20
-5.9548367716535431
11
5.9737741338582673
21
-5.9567703543307085
0
LINE
8
BLACK
6
CONTINUOUS
10
5.9737741338582673
20
-5.9567703543307085
11
5.9720839763779523
21
-5.9578762992125984
0
LINE
8
BLACK
6
CONTINUOUS
10
5.9720839763779523
20
-5.9578762992125984
11
5.9700784251968502
21
-5.9576370866141728
0
LINE
8
BLACK
6
CONTINUOUS
10
5.9700784251968502
20
-5.9576370866141728
11
5.9686957874015745
21
-5.9561646850393704
0
LINE
8
BLACK
6
CONTINUOUS
10
5.9686957874015745
20
-5.9561646850393704
11
5.9518229133858265
21
-5.9167946062992121
0
LINE
8
BLACK
6
CONTINUOUS
10
5.9518229133858265
20
-5.9167946062992121
11
5.951588779527559
21
-5.9157961811023618
0
LINE
8
BLACK
6
CONTINUOUS
10
5.951588779527559
20
-5.9157961811023618
11
5.9516895669291339
21
-5.9154622440944884
0
LINE
8
BLACK
6
CONTINUOUS
10
5.9516895669291339
20
-5.9154622440944884
11
5.9516290157480309
21
-5.9151187007874011
0
LINE
8
BLACK
6
CONTINUOUS
10
5.9516290157480309
20
-5.9151187007874011
11
5.9519734645669287
21
-5.9145220866141734
0
LINE
8
BLACK
6
CONTINUOUS
10
5.9519734645669287
20
-5.9145220866141734
11
5.9521725984251965
21
-5.9138626377952752
0
LINE
8
BLACK
6
CONTINUOUS
10
5.9521725984251965
20
-5.9138626377952752
11
5.9524644881889763
21
-5.9136716141732286
0
LINE
8
BLACK
6
CONTINUOUS
10
5.9524644881889763
20
-5.9136716141732286
11
5.9526389370078743
21
-5.9133695275590554
0
LINE
8
BLACK
6
CONTINUOUS
10
5.9526389370078743
20
-5.9133695275590554
11
5.9532862598425194
21
-5.9131338976377954
0
LINE
8
BLACK
6
CONTINUOUS
10
5.9532862598425194
20
-5.9131338976377954
11
5.9538627559055115
21
-5.9127566929133861
0
LINE
8
BLACK
6
CONTINUOUS
10
5.9538627559055115
20
-5.9127566929133861
11
5.9542091338582672
21
-5.9127979921259843
0
LINE
8
BLACK
6
CONTINUOUS
10
5.9542091338582672
20
-5.9127979921259843
11
5.9545369291338579
21
-5.9126787007874011
0
LINE
8
BLACK
6
CONTINUOUS
10
5.9545369291338579
20
-5.9126787007874011
11
5.9807836220472437
21
-5.9126787007874011
0
LINE
8
BLACK
6
CONTINUOUS
10
5.9807836220472437
20
-5.9126787007874011
11
5.9817935433070861
21
-5.9128567716535434
0
LINE
8
BLACK
6
CONTINUOUS
10
4.4281940157480317
20
-5.061400787401575
11
4.4297412598425199
21
-5.0626990944881891
0
LINE
8
BLACK
6
CONTINUOUS
10
4.4297412598425199
20
-5.0626990944881891
11
4.4300920078740154
21
-5.0646882283464567
0
LINE
8
BLACK
6
CONTINUOUS
10
4.4300920078740154
20
-5.0646882283464567
11
4.4290820866141729
21
-5.0664374015748033
0
LINE
8
BLACK
6
CONTINUOUS
10
4.4290820866141729
20
-5.0664374015748033
11
4.4271840944881893
21
-5.0671282283464567
0
LINE
8
BLACK
6
CONTINUOUS
10
4.4271840944881893
20
-5.0671282283464567
11
4.3971878346456688
21
-5.0671282283464567
0
LINE
8
BLACK
6
CONTINUOUS
10
4.3971878346456688
20
-5.0671282283464567
11
4.3961779133858263
21
-5.0669501574803144
0
LINE
8
BLACK
6
CONTINUOUS
10
4.3961779133858263
20
-5.0669501574803144
11
4.3946306692913382
21
-5.0656518503937003
0
LINE
8
BLACK
6
CONTINUOUS
10
4.3946306692913382
20
-5.0656518503937003
11
4.3942799212598427
21
-5.0636627165354327
0
LINE
8
BLACK
6
CONTINUOUS
10
4.3942799212598427
20
-5.0636627165354327
11
4.3952898425196851
21
-5.0619135433070861
0
LINE
8
BLACK
6
CONTINUOUS
10
4.3952898425196851
20
-5.0619135433070861
11
4.3971878346456688
21
-5.0612227165354327
0
LINE
8
BLACK
6
CONTINUOUS
10
4.3971878346456688
20
-5.0612227165354327
11
4.4271840944881893
21
-5.0612227165354327
0
LINE
8
BLACK
6
CONTINUOUS
10
4.4271840944881893
20
-5.0612227165354327
11
4.4281940157480317
21
-5.061400787401575
0
LINE
8
BLACK
6
CONTINUOUS
10
6.0281940157480314
20
-5.061400787401575
11
6.0297412598425195
21
-5.0626990944881891
0
LINE
8
BLACK
6
CONTINUOUS
10
6.0297412598425195
20
-5.0626990944881891
11
6.0300920078740159
21
-5.0646882283464567
0
LINE
8
BLACK
6
CONTINUOUS
10
6.0300920078740159
20
-5.0646882283464567
11
6.0290820866141734
21
-5.0664374015748033
0
LINE
8
BLACK
6
CONTINUOUS
10
6.0290820866141734
20
-5.0664374015748033
11
6.0271840944881889
21
-5.0671282283464567
0
LINE
8
BLACK
6
CONTINUOUS
10
6.0271840944881889
20
-5.0671282283464567
11
5.9971878346456693
21
-5.0671282283464567
0
LINE
8
BLACK
6
CONTINUOUS
10
5.9971878346456693
20
-5.0671282283464567
11
5.9961779133858268
21
-5.0669501574803144
0
LINE
8
BLACK
6
CONTINUOUS
10
5.9961779133858268
20
-5.0669501574803144
11
5.9946306692913387
21
-5.0656518503937003
0
LINE
8
BLACK
6
CONTINUOUS
10
5.9946306692913387
20
-5.0656518503937003
11
5.9942799212598423
21
-5.0636627165354327
0
LINE
8
BLACK
6
CONTINUOUS
10
5.9942799212598423
20
-5.0636627165354327
11
5.9952898425196848
21
-5.0619135433070861
0
LINE
8
BLACK
6
CONTINUOUS
10
5.9952898425196848
20
-5.0619135433070861
11
5.9971878346456693
21
-5.0612227165354327
0
LINE
8
BLACK
6
CONTINUOUS
10
5.9971878346456693
20
-5.0612227165354327
11
6.0271840944881889
21
-5.0612227165354327
0
LINE
8
BLACK
6
CONTINUOUS
10
6.0271840944881889
20
-5.0612227165354327
11
6.0281940157480314
21
-5.061400787401575
0
LINE
8
BLACK
6
CONTINUOUS
10
4.2291187007874012
20
-5.0182328346456693
11
4.2292881102362205
21
-5.0182219291338583
0
LINE
8
BLACK
6
CONTINUOUS
10
4.2292881102362205
20
-5.0182219291338583
11
4.2299787007874015
21
-5.0187293700787396
0
LINE
8
BLACK
6
CONTINUOUS
10
4.2299787007874015
20
-5.0187293700787396
11
4.2307208267716536
21
-5.0191578740157476
0
LINE
8
BLACK
6
CONTINUOUS
10
4.2307208267716536
20
-5.0191578740157476
11
4.2307788582677164
21
-5.019317362204724
0
LINE
8
BLACK
6
CONTINUOUS
10
4.2307788582677164
20
-5.019317362204724
11
4.2309157480314958
21
-5.0194179527559051
0
LINE
8
BLACK
6
CONTINUOUS
10
4.2309157480314958
20
-5.0194179527559051
11
4.2345030708661415
21
-5.0247989763779524
0
LINE
8
BLACK
6
CONTINUOUS
10
4.2345030708661415
20
-5.0247989763779524
11
4.2377070472440943
21
-5.0280029527559051
0
LINE
8
BLACK
6
CONTINUOUS
10
4.2377070472440943
20
-5.0280029527559051
11
4.2410279921259839
21
-5.0296634251968504
0
LINE
8
BLACK
6
CONTINUOUS
10
4.2410279921259839
20
-5.0296634251968504
11
4.2418516535433071
21
-5.0302743307086617
0
LINE
8
BLACK
6
CONTINUOUS
10
4.2418516535433071
20
-5.0302743307086617
11
4.2426549212598426
21
-5.032127519685039
0
LINE
8
BLACK
6
CONTINUOUS
10
4.2426549212598426
20
-5.032127519685039
11
4.2420790551181105
21
-5.0340635433070862
0
LINE
8
BLACK
6
CONTINUOUS
10
4.2420790551181105
20
-5.0340635433070862
11
4.2403935039370078
21
-5.0351763779527561
0
LINE
8
BLACK
6
CONTINUOUS
10
4.2403935039370078
20
-5.0351763779527561
11
4.2383869685039368
21
-5.0349454724409446
0
LINE
8
BLACK
6
CONTINUOUS
10
4.2383869685039368
20
-5.0349454724409446
11
4.2346374409448817
21
-5.033070708661417
0
LINE
8
BLACK
6
CONTINUOUS
10
4.2346374409448817
20
-5.033070708661417
11
4.2339283464566932
21
-5.0325447637795273
0
LINE
8
BLACK
6
CONTINUOUS
10
4.2339283464566932
20
-5.0325447637795273
11
4.2338700393700783
21
-5.0325175984251969
0
LINE
8
BLACK
6
CONTINUOUS
10
4.2338700393700783
20
-5.0325175984251969
11
4.2314116535433071
21
-5.0300592125984247
0
LINE
8
BLACK
6
CONTINUOUS
10
4.2314116535433071
20
-5.0300592125984247
11
4.2314116535433071
21
-5.0574731889763775
0
LINE
8
BLACK
6
CONTINUOUS
10
4.2314116535433071
20
-5.0574731889763775
11
4.2397074803149604
21
-5.0574731889763775
0
LINE
8
BLACK
6
CONTINUOUS
10
4.2397074803149604
20
-5.0574731889763775
11
4.2407174015748028
21
-5.0576512598425198
0
LINE
8
BLACK
6
CONTINUOUS
10
4.2407174015748028
20
-5.0576512598425198
11
4.242264645669291
21
-5.058949566929134
0
LINE
8
BLACK
6
CONTINUOUS
10
4.242264645669291
20
-5.058949566929134
11
4.2426153937007873
21
-5.0609387007874016
0
LINE
8
BLACK
6
CONTINUOUS
10
4.2426153937007873
20
-5.0609387007874016
11
4.2416054724409449
21
-5.0626878740157482
0
LINE
8
BLACK
6
CONTINUOUS
10
4.2416054724409449
20
-5.0626878740157482
11
4.2397074803149604
21
-5.0633787007874016
0
LINE
8
BLACK
6
CONTINUOUS
10
4.2397074803149604
20
-5.0633787007874016
11
4.2172103149606297
21
-5.0633787007874016
0
LINE
8
BLACK
6
CONTINUOUS
10
4.2172103149606297
20
-5.0633787007874016
11
4.2162003937007873
21
-5.0632006299212593
0
LINE
8
BLACK
6
CONTINUOUS
10
4.2162003937007873
20
-5.0632006299212593
11
4.2146531496062991
21
-5.0619023228346451
0
LINE
8
BLACK
6
CONTINUOUS
10
4.2146531496062991
20
-5.0619023228346451
11
4.2143024015748027
21
-5.0599131889763775
0
LINE
8
BLACK
6
CONTINUOUS
10
4.2143024015748027
20
-5.0599131889763775
11
4.2153123228346452
21
-5.058164015748031
0
LINE
8
BLACK
6
CONTINUOUS
10
4.2153123228346452
20
-5.058164015748031
11
4.2172103149606297
21
-5.0574731889763775
0
LINE
8
BLACK
6
CONTINUOUS
10
4.2172103149606297
20
-5.0574731889763775
11
4.225506141732283
21
-5.0574731889763775
0
LINE
8
BLACK
6
CONTINUOUS
10
4.225506141732283
20
-5.0574731889763775
11
4.225506141732283
21
-5.0210558661417322
0
LINE
8
BLACK
6
CONTINUOUS
10
4.225506141732283
20
-5.0210558661417322
11
4.2256842125984253
21
-5.0200459448818897
0
LINE
8
BLACK
6
CONTINUOUS
10
4.2256842125984253
20
-5.0200459448818897
11
4.2257933070866143
21
-5.0199158661417318
0
LINE
8
BLACK
6
CONTINUOUS
10
4.2257933070866143
20
-5.0199158661417318
11
4.2258120078740156
21
-5.0197471259842521
0
LINE
8
BLACK
6
CONTINUOUS
10
4.2258120078740156
20
-5.0197471259842521
11
4.2264316141732285
21
-5.0191551968503934
0
LINE
8
BLACK
6
CONTINUOUS
10
4.2264316141732285
20
-5.0191551968503934
11
4.2269825196850395
21
-5.0184987007874016
0
LINE
8
BLACK
6
CONTINUOUS
10
4.2269825196850395
20
-5.0184987007874016
11
4.2271497244094487
21
-5.0184692125984247
0
LINE
8
BLACK
6
CONTINUOUS
10
4.2271497244094487
20
-5.0184692125984247
11
4.2272725196850391
21
-5.0183519291338579
0
LINE
8
BLACK
6
CONTINUOUS
10
4.2272725196850391
20
-5.0183519291338579
11
4.2281276377952759
21
-5.0182967716535432
0
LINE
8
BLACK
6
CONTINUOUS
10
4.2281276377952759
20
-5.0182967716535432
11
4.2289716535433071
21
-5.0181479527559052
0
LINE
8
BLACK
6
CONTINUOUS
10
4.2289716535433071
20
-5.0181479527559052
11
4.2291187007874012
21
-5.0182328346456693
0
LINE
8
BLACK
6
CONTINUOUS
10
4.2688388976377949
20
-5.0182811811023624
11
4.2689741338582676
21
-5.0183946456692912
0
LINE
8
BLACK
6
CONTINUOUS
10
4.2689741338582676
20
-5.0183946456692912
11
4.269149488188976
21
-5.0184148425196851
0
LINE
8
BLACK
6
CONTINUOUS
10
4.269149488188976
20
-5.0184148425196851
11
4.2728990157480311
21
-5.0202896062992126
0
LINE
8
BLACK
6
CONTINUOUS
10
4.2728990157480311
20
-5.0202896062992126
11
4.2736080708661417
21
-5.0208155118110236
0
LINE
8
BLACK
6
CONTINUOUS
10
4.2736080708661417
20
-5.0208155118110236
11
4.2736664173228345
21
-5.0208427165354328
0
LINE
8
BLACK
6
CONTINUOUS
10
4.2736664173228345
20
-5.0208427165354328
11
4.275541181102362
21
-5.0227174803149603
0
LINE
8
BLACK
6
CONTINUOUS
10
4.275541181102362
20
-5.0227174803149603
11
4.2760474409448817
21
-5.0234405511811024
0
LINE
8
BLACK
6
CONTINUOUS
10
4.2760474409448817
20
-5.0234405511811024
11
4.2760942913385822
21
-5.0234848818897637
0
LINE
8
BLACK
6
CONTINUOUS
10
4.2760942913385822
20
-5.0234848818897637
11
4.2779690551181098
21
-5.0272344094488188
0
LINE
8
BLACK
6
CONTINUOUS
10
4.2779690551181098
20
-5.0272344094488188
11
4.2781143307086618
21
-5.0277228346456688
0
LINE
8
BLACK
6
CONTINUOUS
10
4.2781143307086618
20
-5.0277228346456688
11
4.2781926377952759
21
-5.027838779527559
0
LINE
8
BLACK
6
CONTINUOUS
10
4.2781926377952759
20
-5.027838779527559
11
4.2800674015748035
21
-5.0353378346456692
0
LINE
8
BLACK
6
CONTINUOUS
10
4.2800674015748035
20
-5.0353378346456692
11
4.2801088582677167
21
-5.0359257086614173
0
LINE
8
BLACK
6
CONTINUOUS
10
4.2801088582677167
20
-5.0359257086614173
11
4.2801555511811022
21
-5.0360539763779526
0
LINE
8
BLACK
6
CONTINUOUS
10
4.2801555511811022
20
-5.0360539763779526
11
4.2801555511811022
21
-5.0454277952755904
0
LINE
8
BLACK
6
CONTINUOUS
10
4.2801555511811022
20
-5.0454277952755904
11
4.2800531889763782
21
-5.0460081496062994
0
LINE
8
BLACK
6
CONTINUOUS
10
4.2800531889763782
20
-5.0460081496062994
11
4.2800674015748035
21
-5.0461439370078738
0
LINE
8
BLACK
6
CONTINUOUS
10
4.2800674015748035
20
-5.0461439370078738
11
4.2781926377952759
21
-5.053642992125984
0
LINE
8
BLACK
6
CONTINUOUS
10
4.2781926377952759
20
-5.053642992125984
11
4.2779850393700789
21
-5.0541084251968504
0
LINE
8
BLACK
6
CONTINUOUS
10
4.2779850393700789
20
-5.0541084251968504
11
4.2779690551181098
21
-5.0542473622047241
0
LINE
8
BLACK
6
CONTINUOUS
10
4.2779690551181098
20
-5.0542473622047241
11
4.2760942913385822
21
-5.0579968897637793
0
LINE
8
BLACK
6
CONTINUOUS
10
4.2760942913385822
20
-5.0579968897637793
11
4.2755683464566925
21
-5.0587059448818898
0
LINE
8
BLACK
6
CONTINUOUS
10
4.2755683464566925
20
-5.0587059448818898
11
4.275541181102362
21
-5.0587642913385826
0
LINE
8
BLACK
6
CONTINUOUS
10
4.275541181102362
20
-5.0587642913385826
11
4.2736664566929132
21
-5.0606390551181102
0
LINE
8
BLACK
6
CONTINUOUS
10
4.2736664566929132
20
-5.0606390551181102
11
4.2729432677165358
21
-5.0611454330708661
0
LINE
8
BLACK
6
CONTINUOUS
10
4.2729432677165358
20
-5.0611454330708661
11
4.2728990157480311
21
-5.0611922047244091
0
LINE
8
BLACK
6
CONTINUOUS
10
4.2728990157480311
20
-5.0611922047244091
11
4.269149488188976
21
-5.0630669685039367
0
LINE
8
BLACK
6
CONTINUOUS
10
4.269149488188976
20
-5.0630669685039367
11
4.2681665354330711
21
-5.0633593307086615
0
LINE
8
BLACK
6
CONTINUOUS
10
4.2681665354330711
20
-5.0633593307086615
11
4.267994842519685
21
-5.0633183070866137
0
LINE
8
BLACK
6
CONTINUOUS
10
4.267994842519685
20
-5.0633183070866137
11
4.2678289763779524
21
-5.0633787007874016
0
LINE
8
BLACK
6
CONTINUOUS
10
4.2678289763779524
20
-5.0633787007874016
11
4.2640794488188973
21
-5.0633787007874016
0
LINE
8
BLACK
6
CONTINUOUS
10
4.2640794488188973
20
-5.0633787007874016
11
4.2630695275590549
21
-5.0632006299212593
0
LINE
8
BLACK
6
CONTINUOUS
10
4.2630695275590549
20
-5.0632006299212593
11
4.2629342519685034
21
-5.0630871259842518
0
LINE
8
BLACK
6
CONTINUOUS
10
4.2629342519685034
20
-5.0630871259842518
11
4.2627589370078738
21
-5.0630669685039367
0
LINE
8
BLACK
6
CONTINUOUS
10
4.2627589370078738
20
-5.0630669685039367
11
4.2590094094488187
21
-5.0611922047244091
0
LINE
8
BLACK
6
CONTINUOUS
10
4.2590094094488187
20
-5.0611922047244091
11
4.2583002755905515
21
-5.0606662204724406
0
LINE
8
BLACK
6
CONTINUOUS
10
4.2583002755905515
20
-5.0606662204724406
11
4.2582419685039365
21
-5.0606390551181102
0
LINE
8
BLACK
6
CONTINUOUS
10
4.2582419685039365
20
-5.0606390551181102
11
4.256367204724409
21
-5.0587642519685039
0
LINE
8
BLACK
6
CONTINUOUS
10
4.256367204724409
20
-5.0587642519685039
11
4.2558609055118106
21
-5.0580411811023618
0
LINE
8
BLACK
6
CONTINUOUS
10
4.2558609055118106
20
-5.0580411811023618
11
4.2558141338582676
21
-5.0579968897637793
0
LINE
8
BLACK
6
CONTINUOUS
10
4.2558141338582676
20
-5.0579968897637793
11
4.25393937007874
21
-5.0542473622047241
0
LINE
8
BLACK
6
CONTINUOUS
10
4.25393937007874
20
-5.0542473622047241
11
4.2537940551181102
21
-5.0537588976377954
0
LINE
8
BLACK
6
CONTINUOUS
10
4.2537940551181102
20
-5.0537588976377954
11
4.2537157874015747
21
-5.053642992125984
0
LINE
8
BLACK
6
CONTINUOUS
10
4.2537157874015747
20
-5.053642992125984
11
4.2518410236220472
21
-5.0461439370078738
0
LINE
8
BLACK
6
CONTINUOUS
10
4.2518410236220472
20
-5.0461439370078738
11
4.2517995275590552
21
-5.0455560236220469
0
LINE
8
BLACK
6
CONTINUOUS
10
4.2517995275590552
20
-5.0455560236220469
11
4.2517528740157475
21
-5.0454277952755904
0
LINE
8
BLACK
6
CONTINUOUS
10
4.2517528740157475
20
-5.0454277952755904
11
4.2517528740157475
21
-5.0360539763779526
0
LINE
8
BLACK
6
CONTINUOUS
10
4.2517528740157475
20
-5.0360539763779526
11
4.2518551968503937
21
-5.0354735826771648
0
LINE
8
BLACK
6
CONTINUOUS
10
4.2518551968503937
20
-5.0354735826771648
11
4.2518410236220472
21
-5.0353378346456692
0
LINE
8
BLACK
6
CONTINUOUS
10
4.2518410236220472
20
-5.0353378346456692
11
4.2537157874015747
21
-5.027838779527559
0
LINE
8
BLACK
6
CONTINUOUS
10
4.2537157874015747
20
-5.027838779527559
11
4.253923346456693
21
-5.0273733070866138
0
LINE
8
BLACK
6
CONTINUOUS
10
4.253923346456693
20
-5.0273733070866138
11
4.25393937007874
21
-5.0272344094488188
0
LINE
8
BLACK
6
CONTINUOUS
10
4.25393937007874
20
-5.0272344094488188
11
4.2558141338582676
21
-5.0234848818897637
0
LINE
8
BLACK
6
CONTINUOUS
10
4.2558141338582676
20
-5.0234848818897637
11
4.2563400393700785
21
-5.0227757874015744
0
LINE
8
BLACK
6
CONTINUOUS
10
4.2563400393700785
20
-5.0227757874015744
11
4.2563672440944877
21
-5.0227174803149603
0
LINE
8
BLACK
6
CONTINUOUS
10
4.2563672440944877
20
-5.0227174803149603
11
4.2582420078740153
21
-5.0208427165354328
0
LINE
8
BLACK
6
CONTINUOUS
10
4.2582420078740153
20
-5.0208427165354328
11
4.2589650787401574
21
-5.0203364173228344
0
LINE
8
BLACK
6
CONTINUOUS
10
4.2589650787401574
20
-5.0203364173228344
11
4.2590094094488187
21
-5.0202896062992126
0
LINE
8
BLACK
6
CONTINUOUS
10
4.2590094094488187
20
-5.0202896062992126
11
4.2627589370078738
21
-5.0184148425196851
0
LINE
8
BLACK
6
CONTINUOUS
10
4.2627589370078738
20
-5.0184148425196851
11
4.2637418503937008
21
-5.0181224803149602
0
LINE
8
BLACK
6
CONTINUOUS
10
4.2637418503937008
20
-5.0181224803149602
11
4.2639135433070869
21
-5.0181634645669293
0
LINE
8
BLACK
6
CONTINUOUS
10
4.2639135433070869
20
-5.0181634645669293
11
4.2640794488188973
21
-5.0181031102362201
0
LINE
8
BLACK
6
CONTINUOUS
10
4.2640794488188973
20
-5.0181031102362201
11
4.2678289763779524
21
-5.0181031102362201
0
LINE
8
BLACK
6
CONTINUOUS
10
4.2678289763779524
20
-5.0181031102362201
11
4.2688388976377949
21
-5.0182811811023624
0
LINE
8
BLACK
6
CONTINUOUS
10
4.2620790157480313
20
-5.0253573622047245
11
4.2608818897637795
21
-5.0265544881889763
0
LINE
8
BLACK
6
CONTINUOUS
10
4.2608818897637795
20
-5.0265544881889763
11
4.2593663779527562
21
-5.029585472440945
0
LINE
8
BLACK
6
CONTINUOUS
10
4.2593663779527562
20
-5.029585472440945
11
4.2576583858267716
21
-5.0364175196850391
0
LINE
8
BLACK
6
CONTINUOUS
10
4.2576583858267716
20
-5.0364175196850391
11
4.2576583858267716
21
-5.0450642519685038
0
LINE
8
BLACK
6
CONTINUOUS
10
4.2576583858267716
20
-5.0450642519685038
11
4.2593663779527562
21
-5.051896299212598
0
LINE
8
BLACK
6
CONTINUOUS
10
4.2593663779527562
20
-5.051896299212598
11
4.2608818897637795
21
-5.0549272834645667
0
LINE
8
BLACK
6
CONTINUOUS
10
4.2608818897637795
20
-5.0549272834645667
11
4.2620790157480313
21
-5.0561244488188972
0
LINE
8
BLACK
6
CONTINUOUS
10
4.2620790157480313
20
-5.0561244488188972
11
4.2647764960629919
21
-5.0574731889763775
0
LINE
8
BLACK
6
CONTINUOUS
10
4.2647764960629919
20
-5.0574731889763775
11
4.2671319291338579
21
-5.0574731889763775
0
LINE
8
BLACK
6
CONTINUOUS
10
4.2671319291338579
20
-5.0574731889763775
11
4.2698293700787397
21
-5.0561244488188972
0
LINE
8
BLACK
6
CONTINUOUS
10
4.2698293700787397
20
-5.0561244488188972
11
4.2710264960629925
21
-5.0549272834645667
0
LINE
8
BLACK
6
CONTINUOUS
10
4.2710264960629925
20
-5.0549272834645667
11
4.2725420078740157
21
-5.051896299212598
0
LINE
8
BLACK
6
CONTINUOUS
10
4.2725420078740157
20
-5.051896299212598
11
4.2742500393700791
21
-5.0450642519685038
0
LINE
8
BLACK
6
CONTINUOUS
10
4.2742500393700791
20
-5.0450642519685038
11
4.2742500393700791
21
-5.0364175196850391
0
LINE
8
BLACK
6
CONTINUOUS
10
4.2742500393700791
20
-5.0364175196850391
11
4.2725420078740157
21
-5.029585472440945
0
LINE
8
BLACK
6
CONTINUOUS
10
4.2725420078740157
20
-5.029585472440945
11
4.2710265354330712
21
-5.0265544881889763
0
LINE
8
BLACK
6
CONTINUOUS
10
4.2710265354330712
20
-5.0265544881889763
11
4.2698294094488185
21
-5.0253573622047245
0
LINE
8
BLACK
6
CONTINUOUS
10
4.2698294094488185
20
-5.0253573622047245
11
4.2671319291338579
21
-5.0240086220472442
0
LINE
8
BLACK
6
CONTINUOUS
10
4.2671319291338579
20
-5.0240086220472442
11
4.2647764960629919
21
-5.0240086220472442
0
LINE
8
BLACK
6
CONTINUOUS
10
4.2647764960629919
20
-5.0240086220472442
11
4.2620790157480313
21
-5.0253573622047245
0
LINE
8
BLACK
6
CONTINUOUS
10
4.3416046456692916
20
-5.0182328346456693
11
4.3417740551181101
21
-5.0182219291338583
0
LINE
8
BLACK
6
CONTINUOUS
10
4.3417740551181101
20
-5.0182219291338583
11
4.342464645669291
21
-5.0187293700787396
0
LINE
8
BLACK
6
CONTINUOUS
10
4.342464645669291
20
-5.0187293700787396
11
4.3432067716535432
21
-5.0191578740157476
0
LINE
8
BLACK
6
CONTINUOUS
10
4.3432067716535432
20
-5.0191578740157476
11
4.3432648031496059
21
-5.019317362204724
0
LINE
8
BLACK
6
CONTINUOUS
10
4.3432648031496059
20
-5.019317362204724
11
4.3434016929133854
21
-5.0194179527559051
0
LINE
8
BLACK
6
CONTINUOUS
10
4.3434016929133854
20
-5.0194179527559051
11
4.3469890157480311
21
-5.0247989763779524
0
LINE
8
BLACK
6
CONTINUOUS
10
4.3469890157480311
20
-5.0247989763779524
11
4.3501929921259839
21
-5.0280029527559051
0
LINE
8
BLACK
6
CONTINUOUS
10
4.3501929921259839
20
-5.0280029527559051
11
4.3535139370078735
21
-5.0296634251968504
0
LINE
8
BLACK
6
CONTINUOUS
10
4.3535139370078735
20
-5.0296634251968504
11
4.3543375984251966
21
-5.0302743307086617
0
LINE
8
BLACK
6
CONTINUOUS
10
4.3543375984251966
20
-5.0302743307086617
11
4.3551408661417321
21
-5.032127519685039
0
LINE
8
BLACK
6
CONTINUOUS
10
4.3551408661417321
20
-5.032127519685039
11
4.354565
21
-5.0340635433070862
0
LINE
8
BLACK
6
CONTINUOUS
10
4.354565
20
-5.0340635433070862
11
4.3528794488188973
21
-5.0351763779527561
0
LINE
8
BLACK
6
CONTINUOUS
10
4.3528794488188973
20
-5.0351763779527561
11
4.3508729133858264
21
-5.0349454724409446
0
LINE
8
BLACK
6
CONTINUOUS
10
4.3508729133858264
20
-5.0349454724409446
11
4.3471233858267713
21
-5.033070708661417
0
LINE
8
BLACK
6
CONTINUOUS
10
4.3471233858267713
20
-5.033070708661417
11
4.3464142913385828
21
-5.0325447637795273
0
LINE
8
BLACK
6
CONTINUOUS
10
4.3464142913385828
20
-5.0325447637795273
11
4.3463559842519688
21
-5.0325175984251969
0
LINE
8
BLACK
6
CONTINUOUS
10
4.3463559842519688
20
-5.0325175984251969
11
4.3438975984251966
21
-5.0300592125984247
0
LINE
8
BLACK
6
CONTINUOUS
10
4.3438975984251966
20
-5.0300592125984247
11
4.3438975984251966
21
-5.0574731889763775
0
LINE
8
BLACK
6
CONTINUOUS
10
4.3438975984251966
20
-5.0574731889763775
11
4.3521934251968499
21
-5.0574731889763775
0
LINE
8
BLACK
6
CONTINUOUS
10
4.3521934251968499
20
-5.0574731889763775
11
4.3532033464566924
21
-5.0576512598425198
0
LINE
8
BLACK
6
CONTINUOUS
10
4.3532033464566924
20
-5.0576512598425198
11
4.3547505905511814
21
-5.058949566929134
0
LINE
8
BLACK
6
CONTINUOUS
10
4.3547505905511814
20
-5.058949566929134
11
4.3551013385826769
21
-5.0609387007874016
0
LINE
8
BLACK
6
CONTINUOUS
10
4.3551013385826769
20
-5.0609387007874016
11
4.3540914173228344
21
-5.0626878740157482
0
LINE
8
BLACK
6
CONTINUOUS
10
4.3540914173228344
20
-5.0626878740157482
11
4.3521934251968499
21
-5.0633787007874016
0
LINE
8
BLACK
6
CONTINUOUS
10
4.3521934251968499
20
-5.0633787007874016
11
4.3296962598425193
21
-5.0633787007874016
0
LINE
8
BLACK
6
CONTINUOUS
10
4.3296962598425193
20
-5.0633787007874016
11
4.3286863385826768
21
-5.0632006299212593
0
LINE
8
BLACK
6
CONTINUOUS
10
4.3286863385826768
20
-5.0632006299212593
11
4.3271390944881887
21
-5.0619023228346451
0
LINE
8
BLACK
6
CONTINUOUS
10
4.3271390944881887
20
-5.0619023228346451
11
4.3267883464566932
21
-5.0599131889763775
0
LINE
8
BLACK
6
CONTINUOUS
10
4.3267883464566932
20
-5.0599131889763775
11
4.3277982677165356
21
-5.058164015748031
0
LINE
8
BLACK
6
CONTINUOUS
10
4.3277982677165356
20
-5.058164015748031
11
4.3296962598425193
21
-5.0574731889763775
0
LINE
8
BLACK
6
CONTINUOUS
10
4.3296962598425193
20
-5.0574731889763775
11
4.3379920866141735
21
-5.0574731889763775
0
LINE
8
BLACK
6
CONTINUOUS
10
4.3379920866141735
20
-5.0574731889763775
11
4.3379920866141735
21
-5.0210558661417322
0
LINE
8
BLACK
6
CONTINUOUS
10
4.3379920866141735
20
-5.0210558661417322
11
4.3381701574803149
21
-5.0200459448818897
0
LINE
8
BLACK
6
CONTINUOUS
10
4.3381701574803149
20
-5.0200459448818897
11
4.3382792519685038
21
-5.0199158661417318
0
LINE
8
BLACK
6
CONTINUOUS
10
4.3382792519685038
20
-5.0199158661417318
11
4.3382979527559051
21
-5.0197471259842521
0
LINE
8
BLACK
6
CONTINUOUS
10
4.3382979527559051
20
-5.0197471259842521
11
4.3389175590551181
21
-5.0191551968503934
0
LINE
8
BLACK
6
CONTINUOUS
10
4.3389175590551181
20
-5.0191551968503934
11
4.339468464566929
21
-5.0184987007874016
0
LINE
8
BLACK
6
CONTINUOUS
10
4.339468464566929
20
-5.0184987007874016
11
4.3396356692913383
21
-5.0184692125984247
0
LINE
8
BLACK
6
CONTINUOUS
10
4.3396356692913383
20
-5.0184692125984247
11
4.3397584645669287
21
-5.0183519291338579
0
LINE
8
BLACK
6
CONTINUOUS
10
4.3397584645669287
20
-5.0183519291338579
11
4.3406135826771655
21
-5.0182967716535432
0
LINE
8
BLACK
6
CONTINUOUS
10
4.3406135826771655
20
-5.0182967716535432
11
4.3414575984251966
21
-5.0181479527559052
0
LINE
8
BLACK
6
CONTINUOUS
10
4.3414575984251966
20
-5.0181479527559052
11
4.3416046456692916
21
-5.0182328346456693
0
LINE
8
BLACK
6
CONTINUOUS
10
4.3813248425196853
20
-5.0182811811023624
11
4.3814600787401572
21
-5.0183946456692912
0
LINE
8
BLACK
6
CONTINUOUS
10
4.3814600787401572
20
-5.0183946456692912
11
4.3816354330708664
21
-5.0184148425196851
0
LINE
8
BLACK
6
CONTINUOUS
10
4.3816354330708664
20
-5.0184148425196851
11
4.3853849606299216
21
-5.0202896062992126
0
LINE
8
BLACK
6
CONTINUOUS
10
4.3853849606299216
20
-5.0202896062992126
11
4.3860940157480313
21
-5.0208155118110236
0
LINE
8
BLACK
6
CONTINUOUS
10
4.3860940157480313
20
-5.0208155118110236
11
4.386152362204724
21
-5.0208427165354328
0
LINE
8
BLACK
6
CONTINUOUS
10
4.386152362204724
20
-5.0208427165354328
11
4.3880271259842516
21
-5.0227174803149603
0
LINE
8
BLACK
6
CONTINUOUS
10
4.3880271259842516
20
-5.0227174803149603
11
4.3885333858267712
21
-5.0234405511811024
0
LINE
8
BLACK
6
CONTINUOUS
10
4.3885333858267712
20
-5.0234405511811024
11
4.3885802362204727
21
-5.0234848818897637
0
LINE
8
BLACK
6
CONTINUOUS
10
4.3885802362204727
20
-5.0234848818897637
11
4.3904550000000002
21
-5.0272344094488188
0
LINE
8
BLACK
6
CONTINUOUS
10
4.3904550000000002
20
-5.0272344094488188
11
4.3906002755905513
21
-5.0277228346456688
0
LINE
8
BLACK
6
CONTINUOUS
10
4.3906002755905513
20
-5.0277228346456688
11
4.3906785826771655
21
-5.027838779527559
0
LINE
8
BLACK
6
CONTINUOUS
10
4.3906785826771655
20
-5.027838779527559
11
4.392553346456693
21
-5.0353378346456692
0
LINE
8
BLACK
6
CONTINUOUS
10
4.392553346456693
20
-5.0353378346456692
11
4.3925948031496063
21
-5.0359257086614173
0
LINE
8
BLACK
6
CONTINUOUS
10
4.3925948031496063
20
-5.0359257086614173
11
4.3926414960629918
21
-5.0360539763779526
0
LINE
8
BLACK
6
CONTINUOUS
10
4.3926414960629918
20
-5.0360539763779526
11
4.3926414960629918
21
-5.0454277952755904
0
LINE
8
BLACK
6
CONTINUOUS
10
4.3926414960629918
20
-5.0454277952755904
11
4.3925391338582678
21
-5.0460081496062994
0
LINE
8
BLACK
6
CONTINUOUS
10
4.3925391338582678
20
-5.0460081496062994
11
4.392553346456693
21
-5.0461439370078738
0
LINE
8
BLACK
6
CONTINUOUS
10
4.392553346456693
20
-5.0461439370078738
11
4.3906785826771655
21
-5.053642992125984
0
LINE
8
BLACK
6
CONTINUOUS
10
4.3906785826771655
20
-5.053642992125984
11
4.3904709842519685
21
-5.0541084251968504
0
LINE
8
BLACK
6
CONTINUOUS
10
4.3904709842519685
20
-5.0541084251968504
11
4.3904550000000002
21
-5.0542473622047241
0
LINE
8
BLACK
6
CONTINUOUS
10
4.3904550000000002
20
-5.0542473622047241
11
4.3885802362204727
21
-5.0579968897637793
0
LINE
8
BLACK
6
CONTINUOUS
10
4.3885802362204727
20
-5.0579968897637793
11
4.3880542913385829
21
-5.0587059448818898
0
LINE
8
BLACK
6
CONTINUOUS
10
4.3880542913385829
20
-5.0587059448818898
11
4.3880271259842516
21
-5.0587642913385826
0
LINE
8
BLACK
6
CONTINUOUS
10
4.3880271259842516
20
-5.0587642913385826
11
4.3861524015748028
21
-5.0606390551181102
0
LINE
8
BLACK
6
CONTINUOUS
10
4.3861524015748028
20
-5.0606390551181102
11
4.3854292125984253
21
-5.0611454330708661
0
LINE
8
BLACK
6
CONTINUOUS
10
4.3854292125984253
20
-5.0611454330708661
11
4.3853849606299216
21
-5.0611922047244091
0
LINE
8
BLACK
6
CONTINUOUS
10
4.3853849606299216
20
-5.0611922047244091
11
4.3816354330708664
21
-5.0630669685039367
0
LINE
8
BLACK
6
CONTINUOUS
10
4.3816354330708664
20
-5.0630669685039367
11
4.3806524803149607
21
-5.0633593307086615
0
LINE
8
BLACK
6
CONTINUOUS
10
4.3806524803149607
20
-5.0633593307086615
11
4.3804807874015745
21
-5.0633183070866137
0
LINE
8
BLACK
6
CONTINUOUS
10
4.3804807874015745
20
-5.0633183070866137
11
4.380314921259842
21
-5.0633787007874016
0
LINE
8
BLACK
6
CONTINUOUS
10
4.380314921259842
20
-5.0633787007874016
11
4.3765653937007869
21
-5.0633787007874016
0
LINE
8
BLACK
6
CONTINUOUS
10
4.3765653937007869
20
-5.0633787007874016
11
4.3755554724409444
21
-5.0632006299212593
0
LINE
8
BLACK
6
CONTINUOUS
10
4.3755554724409444
20
-5.0632006299212593
11
4.3754201968503939
21
-5.0630871259842518
0
LINE
8
BLACK
6
CONTINUOUS
10
4.3754201968503939
20
-5.0630871259842518
11
4.3752448818897633
21
-5.0630669685039367
0
LINE
8
BLACK
6
CONTINUOUS
10
4.3752448818897633
20
-5.0630669685039367
11
4.3714953543307082
21
-5.0611922047244091
0
LINE
8
BLACK
6
CONTINUOUS
10
4.3714953543307082
20
-5.0611922047244091
11
4.370786220472441
21
-5.0606662204724406
0
LINE
8
BLACK
6
CONTINUOUS
10
4.370786220472441
20
-5.0606662204724406
11
4.370727913385827
21
-5.0606390551181102
0
LINE
8
BLACK
6
CONTINUOUS
10
4.370727913385827
20
-5.0606390551181102
11
4.3688531496062994
21
-5.0587642519685039
0
LINE
8
BLACK
6
CONTINUOUS
10
4.3688531496062994
20
-5.0587642519685039
11
4.3683468503937011
21
-5.0580411811023618
0
LINE
8
BLACK
6
CONTINUOUS
10
4.3683468503937011
20
-5.0580411811023618
11
4.3683000787401571
21
-5.0579968897637793
0
LINE
8
BLACK
6
CONTINUOUS
10
4.3683000787401571
20
-5.0579968897637793
11
4.3664253149606296
21
-5.0542473622047241
0
LINE
8
BLACK
6
CONTINUOUS
10
4.3664253149606296
20
-5.0542473622047241
11
4.3662799999999997
21
-5.0537588976377954
0
LINE
8
BLACK
6
CONTINUOUS
10
4.3662799999999997
20
-5.0537588976377954
11
4.3662017322834643
21
-5.053642992125984
0
LINE
8
BLACK
6
CONTINUOUS
10
4.3662017322834643
20
-5.053642992125984
11
4.3643269685039368
21
-5.0461439370078738
0
LINE
8
BLACK
6
CONTINUOUS
10
4.3643269685039368
20
-5.0461439370078738
11
4.3642854724409448
21
-5.0455560236220469
0
LINE
8
BLACK
6
CONTINUOUS
10
4.3642854724409448
20
-5.0455560236220469
11
4.364238818897638
21
-5.0454277952755904
0
LINE
8
BLACK
6
CONTINUOUS
10
4.364238818897638
20
-5.0454277952755904
11
4.364238818897638
21
-5.0360539763779526
0
LINE
8
BLACK
6
CONTINUOUS
10
4.364238818897638
20
-5.0360539763779526
11
4.3643411417322833
21
-5.0354735826771648
0
LINE
8
BLACK
6
CONTINUOUS
10
4.3643411417322833
20
-5.0354735826771648
11
4.3643269685039368
21
-5.0353378346456692
0
LINE
8
BLACK
6
CONTINUOUS
10
4.3643269685039368
20
-5.0353378346456692
11
4.3662017322834643
21
-5.027838779527559
0
LINE
8
BLACK
6
CONTINUOUS
10
4.3662017322834643
20
-5.027838779527559
11
4.3664092913385826
21
-5.0273733070866138
0
LINE
8
BLACK
6
CONTINUOUS
10
4.3664092913385826
20
-5.0273733070866138
11
4.3664253149606296
21
-5.0272344094488188
0
LINE
8
BLACK
6
CONTINUOUS
10
4.3664253149606296
20
-5.0272344094488188
11
4.3683000787401571
21
-5.0234848818897637
0
LINE
8
BLACK
6
CONTINUOUS
10
4.3683000787401571
20
-5.0234848818897637
11
4.3688259842519681
21
-5.0227757874015744
0
LINE
8
BLACK
6
CONTINUOUS
10
4.3688259842519681
20
-5.0227757874015744
11
4.3688531889763782
21
-5.0227174803149603
0
LINE
8
BLACK
6
CONTINUOUS
10
4.3688531889763782
20
-5.0227174803149603
11
4.3707279527559058
21
-5.0208427165354328
0
LINE
8
BLACK
6
CONTINUOUS
10
4.3707279527559058
20
-5.0208427165354328
11
4.371451023622047
21
-5.0203364173228344
0
LINE
8
BLACK
6
CONTINUOUS
10
4.371451023622047
20
-5.0203364173228344
11
4.3714953543307082
21
-5.0202896062992126
0
LINE
8
BLACK
6
CONTINUOUS
10
4.3714953543307082
20
-5.0202896062992126
11
4.3752448818897633
21
-5.0184148425196851
0
LINE
8
BLACK
6
CONTINUOUS
10
4.3752448818897633
20
-5.0184148425196851
11
4.3762277952755904
21
-5.0181224803149602
0
LINE
8
BLACK
6
CONTINUOUS
10
4.3762277952755904
20
-5.0181224803149602
11
4.3763994881889765
21
-5.0181634645669293
0
LINE
8
BLACK
6
CONTINUOUS
10
4.3763994881889765
20
-5.0181634645669293
11
4.3765653937007869
21
-5.0181031102362201
0
LINE
8
BLACK
6
CONTINUOUS
10
4.3765653937007869
20
-5.0181031102362201
11
4.380314921259842
21
-5.0181031102362201
0
LINE
8
BLACK
6
CONTINUOUS
10
4.380314921259842
20
-5.0181031102362201
11
4.3813248425196853
21
-5.0182811811023624
0
LINE
8
BLACK
6
CONTINUOUS
10
4.3745649606299208
20
-5.0253573622047245
11
4.373367834645669
21
-5.0265544881889763
0
LINE
8
BLACK
6
CONTINUOUS
10
4.373367834645669
20
-5.0265544881889763
11
4.3718523228346458
21
-5.029585472440945
0
LINE
8
BLACK
6
CONTINUOUS
10
4.3718523228346458
20
-5.029585472440945
11
4.3701443307086612
21
-5.0364175196850391
0
LINE
8
BLACK
6
CONTINUOUS
10
4.3701443307086612
20
-5.0364175196850391
11
4.3701443307086612
21
-5.0450642519685038
0
LINE
8
BLACK
6
CONTINUOUS
10
4.3701443307086612
20
-5.0450642519685038
11
4.3718523228346458
21
-5.051896299212598
0
LINE
8
BLACK
6
CONTINUOUS
10
4.3718523228346458
20
-5.051896299212598
11
4.373367834645669
21
-5.0549272834645667
0
LINE
8
BLACK
6
CONTINUOUS
10
4.373367834645669
20
-5.0549272834645667
11
4.3745649606299208
21
-5.0561244488188972
0
LINE
8
BLACK
6
CONTINUOUS
10
4.3745649606299208
20
-5.0561244488188972
11
4.3772624409448815
21
-5.0574731889763775
0
LINE
8
BLACK
6
CONTINUOUS
10
4.3772624409448815
20
-5.0574731889763775
11
4.3796178740157483
21
-5.0574731889763775
0
LINE
8
BLACK
6
CONTINUOUS
10
4.3796178740157483
20
-5.0574731889763775
11
4.3823153149606302
21
-5.0561244488188972
0
LINE
8
BLACK
6
CONTINUOUS
10
4.3823153149606302
20
-5.0561244488188972
11
4.383512440944882
21
-5.0549272834645667
0
LINE
8
BLACK
6
CONTINUOUS
10
4.383512440944882
20
-5.0549272834645667
11
4.3850279527559053
21
-5.051896299212598
0
LINE
8
BLACK
6
CONTINUOUS
10
4.3850279527559053
20
-5.051896299212598
11
4.3867359842519686
21
-5.0450642519685038
0
LINE
8
BLACK
6
CONTINUOUS
10
4.3867359842519686
20
-5.0450642519685038
11
4.3867359842519686
21
-5.0364175196850391
0
LINE
8
BLACK
6
CONTINUOUS
10
4.3867359842519686
20
-5.0364175196850391
11
4.3850279527559053
21
-5.029585472440945
0
LINE
8
BLACK
6
CONTINUOUS
10
4.3850279527559053
20
-5.029585472440945
11
4.3835124803149608
21
-5.0265544881889763
0
LINE
8
BLACK
6
CONTINUOUS
10
4.3835124803149608
20
-5.0265544881889763
11
4.382315354330709
21
-5.0253573622047245
0
LINE
8
BLACK
6
CONTINUOUS
10
4.382315354330709
20
-5.0253573622047245
11
4.3796178740157483
21
-5.0240086220472442
0
LINE
8
BLACK
6
CONTINUOUS
10
4.3796178740157483
20
-5.0240086220472442
11
4.3772624409448815
21
-5.0240086220472442
0
LINE
8
BLACK
6
CONTINUOUS
10
4.3772624409448815
20
-5.0240086220472442
11
4.3745649606299208
21
-5.0253573622047245
0
LINE
8
BLACK
6
CONTINUOUS
10
4.5350556299212599
20
-5.0182811811023624
11
4.5351908661417326
21
-5.0183946456692912
0
LINE
8
BLACK
6
CONTINUOUS
10
4.5351908661417326
20
-5.0183946456692912
11
4.535366220472441
21
-5.0184148425196851
0
LINE
8
BLACK
6
CONTINUOUS
10
4.535366220472441
20
-5.0184148425196851
11
4.5391157480314961
21
-5.0202896062992126
0
LINE
8
BLACK
6
CONTINUOUS
10
4.5391157480314961
20
-5.0202896062992126
11
4.5398248031496058
21
-5.0208155118110236
0
LINE
8
BLACK
6
CONTINUOUS
10
4.5398248031496058
20
-5.0208155118110236
11
4.5398831496062995
21
-5.0208427165354328
0
LINE
8
BLACK
6
CONTINUOUS
10
4.5398831496062995
20
-5.0208427165354328
11
4.5436326771653546
21
-5.0245922440944879
0
LINE
8
BLACK
6
CONTINUOUS
10
4.5436326771653546
20
-5.0245922440944879
11
4.5442209055118106
21
-5.0254322834645668
0
LINE
8
BLACK
6
CONTINUOUS
10
4.5442209055118106
20
-5.0254322834645668
11
4.544246299212598
21
-5.0257225590551178
0
LINE
8
BLACK
6
CONTINUOUS
10
4.544246299212598
20
-5.0257225590551178
11
4.54440937007874
21
-5.0259640157480314
0
LINE
8
BLACK
6
CONTINUOUS
10
4.54440937007874
20
-5.0259640157480314
11
4.5462841338582676
21
-5.0334630708661416
0
LINE
8
BLACK
6
CONTINUOUS
10
4.5462841338582676
20
-5.0334630708661416
11
4.5463255905511808
21
-5.0340509448818898
0
LINE
8
BLACK
6
CONTINUOUS
10
4.5463255905511808
20
-5.0340509448818898
11
4.5463722834645672
21
-5.034179212598425
0
LINE
8
BLACK
6
CONTINUOUS
10
4.5463722834645672
20
-5.034179212598425
11
4.5463722834645672
21
-5.0473025590551179
0
LINE
8
BLACK
6
CONTINUOUS
10
4.5463722834645672
20
-5.0473025590551179
11
4.5462699212598423
21
-5.047882913385827
0
LINE
8
BLACK
6
CONTINUOUS
10
4.5462699212598423
20
-5.047882913385827
11
4.5462841338582676
21
-5.0480187007874013
0
LINE
8
BLACK
6
CONTINUOUS
10
4.5462841338582676
20
-5.0480187007874013
11
4.54440937007874
21
-5.0555177559055116
0
LINE
8
BLACK
6
CONTINUOUS
10
4.54440937007874
20
-5.0555177559055116
11
4.5439916535433067
21
-5.0564543307086609
0
LINE
8
BLACK
6
CONTINUOUS
10
4.5439916535433067
20
-5.0564543307086609
11
4.5437558267716538
21
-5.056625393700787
0
LINE
8
BLACK
6
CONTINUOUS
10
4.5437558267716538
20
-5.056625393700787
11
4.5436327165354333
21
-5.0568894881889763
0
LINE
8
BLACK
6
CONTINUOUS
10
4.5436327165354333
20
-5.0568894881889763
11
4.5398831496062995
21
-5.0606390944881889
0
LINE
8
BLACK
6
CONTINUOUS
10
4.5398831496062995
20
-5.0606390944881889
11
4.5391600393700786
21
-5.0611453543307086
0
LINE
8
BLACK
6
CONTINUOUS
10
4.5391600393700786
20
-5.0611453543307086
11
4.5391157480314961
21
-5.0611922047244091
0
LINE
8
BLACK
6
CONTINUOUS
10
4.5391157480314961
20
-5.0611922047244091
11
4.535366220472441
21
-5.0630669685039367
0
LINE
8
BLACK
6
CONTINUOUS
10
4.535366220472441
20
-5.0630669685039367
11
4.5343832677165352
21
-5.0633593307086615
0
LINE
8
BLACK
6
CONTINUOUS
10
4.5343832677165352
20
-5.0633593307086615
11
4.5342115748031491
21
-5.0633183070866137
0
LINE
8
BLACK
6
CONTINUOUS
10
4.5342115748031491
20
-5.0633183070866137
11
4.5340457086614174
21
-5.0633787007874016
0
LINE
8
BLACK
6
CONTINUOUS
10
4.5340457086614174
20
-5.0633787007874016
11
4.5265466535433072
21
-5.0633787007874016
0
LINE
8
BLACK
6
CONTINUOUS
10
4.5265466535433072
20
-5.0633787007874016
11
4.5255367322834648
21
-5.0632006299212593
0
LINE
8
BLACK
6
CONTINUOUS
10
4.5255367322834648
20
-5.0632006299212593
11
4.5254014566929133
21
-5.0630871259842518
0
LINE
8
BLACK
6
CONTINUOUS
10
4.5254014566929133
20
-5.0630871259842518
11
4.5252261417322837
21
-5.0630669685039367
0
LINE
8
BLACK
6
CONTINUOUS
10
4.5252261417322837
20
-5.0630669685039367
11
4.5214766141732285
21
-5.0611922047244091
0
LINE
8
BLACK
6
CONTINUOUS
10
4.5214766141732285
20
-5.0611922047244091
11
4.520767559055118
21
-5.0606662992125981
0
LINE
8
BLACK
6
CONTINUOUS
10
4.520767559055118
20
-5.0606662992125981
11
4.5207092125984252
21
-5.0606390944881889
0
LINE
8
BLACK
6
CONTINUOUS
10
4.5207092125984252
20
-5.0606390944881889
11
4.5169596850393701
21
-5.0568895275590551
0
LINE
8
BLACK
6
CONTINUOUS
10
4.5169596850393701
20
-5.0568895275590551
11
4.5163714566929132
21
-5.0560494881889761
0
LINE
8
BLACK
6
CONTINUOUS
10
4.5163714566929132
20
-5.0560494881889761
11
4.5163460629921257
21
-5.0557591732283464
0
LINE
8
BLACK
6
CONTINUOUS
10
4.5163460629921257
20
-5.0557591732283464
11
4.5161829921259837
21
-5.0555177559055116
0
LINE
8
BLACK
6
CONTINUOUS
10
4.5161829921259837
20
-5.0555177559055116
11
4.5143082283464562
21
-5.0480187007874013
0
LINE
8
BLACK
6
CONTINUOUS
10
4.5143082283464562
20
-5.0480187007874013
11
4.5142667322834642
21
-5.0474307874015745
0
LINE
8
BLACK
6
CONTINUOUS
10
4.5142667322834642
20
-5.0474307874015745
11
4.5142200787401574
21
-5.0473025590551179
0
LINE
8
BLACK
6
CONTINUOUS
10
4.5142200787401574
20
-5.0473025590551179
11
4.5142200787401574
21
-5.034179212598425
0
LINE
8
BLACK
6
CONTINUOUS
10
4.5142200787401574
20
-5.034179212598425
11
4.5143224015748027
21
-5.0335988188976373
0
LINE
8
BLACK
6
CONTINUOUS
10
4.5143224015748027
20
-5.0335988188976373
11
4.5143082283464562
21
-5.0334630708661416
0
LINE
8
BLACK
6
CONTINUOUS
10
4.5143082283464562
20
-5.0334630708661416
11
4.5161829921259837
21
-5.0259640157480314
0
LINE
8
BLACK
6
CONTINUOUS
10
4.5161829921259837
20
-5.0259640157480314
11
4.5166007086614171
21
-5.0250274409448821
0
LINE
8
BLACK
6
CONTINUOUS
10
4.5166007086614171
20
-5.0250274409448821
11
4.5168365354330708
21
-5.0248562992125985
0
LINE
8
BLACK
6
CONTINUOUS
10
4.5168365354330708
20
-5.0248562992125985
11
4.5169596850393701
21
-5.0245922440944879
0
LINE
8
BLACK
6
CONTINUOUS
10
4.5169596850393701
20
-5.0245922440944879
11
4.5207092125984252
21
-5.0208427165354328
0
LINE
8
BLACK
6
CONTINUOUS
10
4.5207092125984252
20
-5.0208427165354328
11
4.5214323622047239
21
-5.0203362992125982
0
LINE
8
BLACK
6
CONTINUOUS
10
4.5214323622047239
20
-5.0203362992125982
11
4.5214766141732285
21
-5.0202896062992126
0
LINE
8
BLACK
6
CONTINUOUS
10
4.5214766141732285
20
-5.0202896062992126
11
4.5252261417322837
21
-5.0184148425196851
0
LINE
8
BLACK
6
CONTINUOUS
10
4.5252261417322837
20
-5.0184148425196851
11
4.5262090551181098
21
-5.0181224803149602
0
LINE
8
BLACK
6
CONTINUOUS
10
4.5262090551181098
20
-5.0181224803149602
11
4.5263807480314959
21
-5.0181634645669293
0
LINE
8
BLACK
6
CONTINUOUS
10
4.5263807480314959
20
-5.0181634645669293
11
4.5265466535433072
21
-5.0181031102362201
0
LINE
8
BLACK
6
CONTINUOUS
10
4.5265466535433072
20
-5.0181031102362201
11
4.5340457086614174
21
-5.0181031102362201
0
LINE
8
BLACK
6
CONTINUOUS
10
4.5340457086614174
20
-5.0181031102362201
11
4.5350556299212599
21
-5.0182811811023624
0
LINE
8
BLACK
6
CONTINUOUS
10
4.5245462204724411
20
-5.0253573622047245
11
4.5217138188976378
21
-5.0281897244094491
0
LINE
8
BLACK
6
CONTINUOUS
10
4.5217138188976378
20
-5.0281897244094491
11
4.5201255905511806
21
-5.0345427559055116
0
LINE
8
BLACK
6
CONTINUOUS
10
4.5201255905511806
20
-5.0345427559055116
11
4.5201255905511806
21
-5.0469390157480314
0
LINE
8
BLACK
6
CONTINUOUS
10
4.5201255905511806
20
-5.0469390157480314
11
4.5217138188976378
21
-5.053292007874016
0
LINE
8
BLACK
6
CONTINUOUS
10
4.5217138188976378
20
-5.053292007874016
11
4.5245462204724411
21
-5.0561244488188972
0
LINE
8
BLACK
6
CONTINUOUS
10
4.5245462204724411
20
-5.0561244488188972
11
4.5272437007874018
21
-5.0574731889763775
0
LINE
8
BLACK
6
CONTINUOUS
10
4.5272437007874018
20
-5.0574731889763775
11
4.5333486614173228
21
-5.0574731889763775
0
LINE
8
BLACK
6
CONTINUOUS
10
4.5333486614173228
20
-5.0574731889763775
11
4.5360461023622047
21
-5.0561244488188972
0
LINE
8
BLACK
6
CONTINUOUS
10
4.5360461023622047
20
-5.0561244488188972
11
4.5388785039370081
21
-5.053292007874016
0
LINE
8
BLACK
6
CONTINUOUS
10
4.5388785039370081
20
-5.053292007874016
11
4.5404667716535432
21
-5.0469390157480314
0
LINE
8
BLACK
6
CONTINUOUS
10
4.5404667716535432
20
-5.0469390157480314
11
4.5404667716535432
21
-5.0345427559055116
0
LINE
8
BLACK
6
CONTINUOUS
10
4.5404667716535432
20
-5.0345427559055116
11
4.5388785039370081
21
-5.0281897244094491
0
LINE
8
BLACK
6
CONTINUOUS
10
4.5388785039370081
20
-5.0281897244094491
11
4.5360461417322835
21
-5.0253573622047245
0
LINE
8
BLACK
6
CONTINUOUS
10
4.5360461417322835
20
-5.0253573622047245
11
4.5333486614173228
21
-5.0240086220472442
0
LINE
8
BLACK
6
CONTINUOUS
10
4.5333486614173228
20
-5.0240086220472442
11
4.5272437007874018
21
-5.0240086220472442
0
LINE
8
BLACK
6
CONTINUOUS
10
4.5272437007874018
20
-5.0240086220472442
11
4.5245462204724411
21
-5.0253573622047245
0
LINE
8
BLACK
6
CONTINUOUS
10
4.5705356299212596
20
-5.0182563779527554
11
4.5705999999999998
21
-5.0182546456692911
0
LINE
8
BLACK
6
CONTINUOUS
10
4.5705999999999998
20
-5.0182546456692911
11
4.5762242913385824
21
-5.0201294094488187
0
LINE
8
BLACK
6
CONTINUOUS
10
4.5762242913385824
20
-5.0201294094488187
11
4.577126062992126
21
-5.0206176771653546
0
LINE
8
BLACK
6
CONTINUOUS
10
4.577126062992126
20
-5.0206176771653546
11
4.5772184645669292
21
-5.0207681102362205
0
LINE
8
BLACK
6
CONTINUOUS
10
4.5772184645669292
20
-5.0207681102362205
11
4.5773784645669293
21
-5.0208427165354328
0
LINE
8
BLACK
6
CONTINUOUS
10
4.5773784645669293
20
-5.0208427165354328
11
4.5811279921259844
21
-5.0245922440944879
0
LINE
8
BLACK
6
CONTINUOUS
10
4.5811279921259844
20
-5.0245922440944879
11
4.5816343700787403
21
-5.0253153937007875
0
LINE
8
BLACK
6
CONTINUOUS
10
4.5816343700787403
20
-5.0253153937007875
11
4.5816811023622046
21
-5.0253596456692913
0
LINE
8
BLACK
6
CONTINUOUS
10
4.5816811023622046
20
-5.0253596456692913
11
4.5835558661417322
21
-5.0291091732283464
0
LINE
8
BLACK
6
CONTINUOUS
10
4.5835558661417322
20
-5.0291091732283464
11
4.5837011417322833
21
-5.0295975984251964
0
LINE
8
BLACK
6
CONTINUOUS
10
4.5837011417322833
20
-5.0295975984251964
11
4.5837794488188974
21
-5.0297135433070865
0
LINE
8
BLACK
6
CONTINUOUS
10
4.5837794488188974
20
-5.0297135433070865
11
4.585654212598425
21
-5.0372125984251968
0
LINE
8
BLACK
6
CONTINUOUS
10
4.585654212598425
20
-5.0372125984251968
11
4.5856956692913382
21
-5.0378004724409449
0
LINE
8
BLACK
6
CONTINUOUS
10
4.5856956692913382
20
-5.0378004724409449
11
4.5857423622047246
21
-5.0379287401574802
0
LINE
8
BLACK
6
CONTINUOUS
10
4.5857423622047246
20
-5.0379287401574802
11
4.5857423622047246
21
-5.0435530314960628
0
LINE
8
BLACK
6
CONTINUOUS
10
4.5857423622047246
20
-5.0435530314960628
11
4.5856399999999997
21
-5.0441333858267718
0
LINE
8
BLACK
6
CONTINUOUS
10
4.5856399999999997
20
-5.0441333858267718
11
4.585654212598425
21
-5.0442691732283462
0
LINE
8
BLACK
6
CONTINUOUS
10
4.585654212598425
20
-5.0442691732283462
11
4.5837794488188974
21
-5.0517682283464564
0
LINE
8
BLACK
6
CONTINUOUS
10
4.5837794488188974
20
-5.0517682283464564
11
4.5835718503937004
21
-5.0522336614173229
0
LINE
8
BLACK
6
CONTINUOUS
10
4.5835718503937004
20
-5.0522336614173229
11
4.5835558661417322
21
-5.0523725984251966
0
LINE
8
BLACK
6
CONTINUOUS
10
4.5835558661417322
20
-5.0523725984251966
11
4.5816811023622046
21
-5.0561221259842517
0
LINE
8
BLACK
6
CONTINUOUS
10
4.5816811023622046
20
-5.0561221259842517
11
4.5811552362204724
21
-5.0568311023622048
0
LINE
8
BLACK
6
CONTINUOUS
10
4.5811552362204724
20
-5.0568311023622048
11
4.5811280314960632
21
-5.0568894881889763
0
LINE
8
BLACK
6
CONTINUOUS
10
4.5811280314960632
20
-5.0568894881889763
11
4.5773784645669293
21
-5.0606390944881889
0
LINE
8
BLACK
6
CONTINUOUS
10
4.5773784645669293
20
-5.0606390944881889
11
4.5765384251968504
21
-5.0612272834645671
0
LINE
8
BLACK
6
CONTINUOUS
10
4.5765384251968504
20
-5.0612272834645671
11
4.5763625590551182
21
-5.0612426377952753
0
LINE
8
BLACK
6
CONTINUOUS
10
4.5763625590551182
20
-5.0612426377952753
11
4.5762242913385824
21
-5.061352401574803
0
LINE
8
BLACK
6
CONTINUOUS
10
4.5762242913385824
20
-5.061352401574803
11
4.5705999999999998
21
-5.0632271653543306
0
LINE
8
BLACK
6
CONTINUOUS
10
4.5705999999999998
20
-5.0632271653543306
11
4.5697268110236218
21
-5.0633566141732285
0
LINE
8
BLACK
6
CONTINUOUS
10
4.5697268110236218
20
-5.0633566141732285
11
4.5696662598425197
21
-5.0633787007874016
0
LINE
8
BLACK
6
CONTINUOUS
10
4.5696662598425197
20
-5.0633787007874016
11
4.5659167322834646
21
-5.0633787007874016
0
LINE
8
BLACK
6
CONTINUOUS
10
4.5659167322834646
20
-5.0633787007874016
11
4.565047322834646
21
-5.0632253937007876
0
LINE
8
BLACK
6
CONTINUOUS
10
4.565047322834646
20
-5.0632253937007876
11
4.5649829527559058
21
-5.0632271653543306
0
LINE
8
BLACK
6
CONTINUOUS
10
4.5649829527559058
20
-5.0632271653543306
11
4.5593587007874019
21
-5.061352401574803
0
LINE
8
BLACK
6
CONTINUOUS
10
4.5593587007874019
20
-5.061352401574803
11
4.5584569291338584
21
-5.0608640944881893
0
LINE
8
BLACK
6
CONTINUOUS
10
4.5584569291338584
20
-5.0608640944881893
11
4.5583644881889764
21
-5.0607136614173225
0
LINE
8
BLACK
6
CONTINUOUS
10
4.5583644881889764
20
-5.0607136614173225
11
4.5582044881889763
21
-5.0606390551181102
0
LINE
8
BLACK
6
CONTINUOUS
10
4.5582044881889763
20
-5.0606390551181102
11
4.5563297244094487
21
-5.0587642519685039
0
LINE
8
BLACK
6
CONTINUOUS
10
4.5563297244094487
20
-5.0587642519685039
11
4.5557415354330706
21
-5.057924212598425
0
LINE
8
BLACK
6
CONTINUOUS
10
4.5557415354330706
20
-5.057924212598425
11
4.5555655511811022
21
-5.0559121259842517
0
LINE
8
BLACK
6
CONTINUOUS
10
4.5555655511811022
20
-5.0559121259842517
11
4.5567240551181101
21
-5.0542575984251972
0
LINE
8
BLACK
6
CONTINUOUS
10
4.5567240551181101
20
-5.0542575984251972
11
4.5586750393700788
21
-5.0537348818897634
0
LINE
8
BLACK
6
CONTINUOUS
10
4.5586750393700788
20
-5.0537348818897634
11
4.5605056299212601
21
-5.0545885039370075
0
LINE
8
BLACK
6
CONTINUOUS
10
4.5605056299212601
20
-5.0545885039370075
11
4.5618874803149607
21
-5.0559703937007869
0
LINE
8
BLACK
6
CONTINUOUS
10
4.5618874803149607
20
-5.0559703937007869
11
4.5663958661417325
21
-5.0574731889763775
0
LINE
8
BLACK
6
CONTINUOUS
10
4.5663958661417325
20
-5.0574731889763775
11
4.5691871259842518
21
-5.0574731889763775
0
LINE
8
BLACK
6
CONTINUOUS
10
4.5691871259842518
20
-5.0574731889763775
11
4.5736955118110236
21
-5.0559703543307082
0
LINE
8
BLACK
6
CONTINUOUS
10
4.5736955118110236
20
-5.0559703543307082
11
4.576613307086614
21
-5.0530525196850391
0
LINE
8
BLACK
6
CONTINUOUS
10
4.576613307086614
20
-5.0530525196850391
11
4.5781288188976381
21
-5.0500215354330704
0
LINE
8
BLACK
6
CONTINUOUS
10
4.5781288188976381
20
-5.0500215354330704
11
4.5798368503937006
21
-5.0431894881889763
0
LINE
8
BLACK
6
CONTINUOUS
10
4.5798368503937006
20
-5.0431894881889763
11
4.5798368503937006
21
-5.0382922834645667
0
LINE
8
BLACK
6
CONTINUOUS
10
4.5798368503937006
20
-5.0382922834645667
11
4.5781288188976381
21
-5.0314602362204726
0
LINE
8
BLACK
6
CONTINUOUS
10
4.5781288188976381
20
-5.0314602362204726
11
4.5766133464566927
21
-5.0284292519685039
0
LINE
8
BLACK
6
CONTINUOUS
10
4.5766133464566927
20
-5.0284292519685039
11
4.5736955118110236
21
-5.0255114173228348
0
LINE
8
BLACK
6
CONTINUOUS
10
4.5736955118110236
20
-5.0255114173228348
11
4.5691871259842518
21
-5.0240086220472442
0
LINE
8
BLACK
6
CONTINUOUS
10
4.5691871259842518
20
-5.0240086220472442
11
4.5663958661417325
21
-5.0240086220472442
0
LINE
8
BLACK
6
CONTINUOUS
10
4.5663958661417325
20
-5.0240086220472442
11
4.5618874803149607
21
-5.0255114173228348
0
LINE
8
BLACK
6
CONTINUOUS
10
4.5618874803149607
20
-5.0255114173228348
11
4.5605055905511813
21
-5.0268933070866142
0
LINE
8
BLACK
6
CONTINUOUS
10
4.5605055905511813
20
-5.0268933070866142
11
4.5596655511811024
21
-5.0274814960629923
0
LINE
8
BLACK
6
CONTINUOUS
10
4.5596655511811024
20
-5.0274814960629923
11
4.5576534645669291
21
-5.0276575590551182
0
LINE
8
BLACK
6
CONTINUOUS
10
4.5576534645669291
20
-5.0276575590551182
11
4.555998897637795
21
-5.0264990157480316
0
LINE
8
BLACK
6
CONTINUOUS
10
4.555998897637795
20
-5.0264990157480316
11
4.5554761811023621
21
-5.0245480708661416
0
LINE
8
BLACK
6
CONTINUOUS
10
4.5554761811023621
20
-5.0245480708661416
11
4.5563297637795275
21
-5.0227174803149603
0
LINE
8
BLACK
6
CONTINUOUS
10
4.5563297637795275
20
-5.0227174803149603
11
4.558204527559055
21
-5.0208427165354328
0
LINE
8
BLACK
6
CONTINUOUS
10
4.558204527559055
20
-5.0208427165354328
11
4.559044566929134
21
-5.0202545275590547
0
LINE
8
BLACK
6
CONTINUOUS
10
4.559044566929134
20
-5.0202545275590547
11
4.5592203937007874
21
-5.0202391338582677
0
LINE
8
BLACK
6
CONTINUOUS
10
4.5592203937007874
20
-5.0202391338582677
11
4.5593587007874019
21
-5.0201294094488187
0
LINE
8
BLACK
6
CONTINUOUS
10
4.5593587007874019
20
-5.0201294094488187
11
4.5649829527559058
21
-5.0182546456692911
0
LINE
8
BLACK
6
CONTINUOUS
10
4.5649829527559058
20
-5.0182546456692911
11
4.5658561811023617
21
-5.0181251181102358
0
LINE
8
BLACK
6
CONTINUOUS
10
4.5658561811023617
20
-5.0181251181102358
11
4.5659167322834646
21
-5.0181031102362201
0
LINE
8
BLACK
6
CONTINUOUS
10
4.5659167322834646
20
-5.0181031102362201
11
4.5696662598425197
21
-5.0181031102362201
0
LINE
8
BLACK
6
CONTINUOUS
10
4.5696662598425197
20
-5.0181031102362201
11
4.5705356299212596
21
-5.0182563779527554
0
LINE
8
BLACK
6
CONTINUOUS
10
5.8291187007874017
20
-5.0182328346456693
11
5.8292881102362202
21
-5.0182219291338583
0
LINE
8
BLACK
6
CONTINUOUS
10
5.8292881102362202
20
-5.0182219291338583
11
5.8299787007874011
21
-5.0187293700787396
0
LINE
8
BLACK
6
CONTINUOUS
10
5.8299787007874011
20
-5.0187293700787396
11
5.8307208267716533
21
-5.0191578740157476
0
LINE
8
BLACK
6
CONTINUOUS
10
5.8307208267716533
20
-5.0191578740157476
11
5.830778858267716
21
-5.019317362204724
0
LINE
8
BLACK
6
CONTINUOUS
10
5.830778858267716
20
-5.019317362204724
11
5.8309157480314964
21
-5.0194179527559051
0
LINE
8
BLACK
6
CONTINUOUS
10
5.8309157480314964
20
-5.0194179527559051
11
5.8345030708661412
21
-5.0247989763779524
0
LINE
8
BLACK
6
CONTINUOUS
10
5.8345030708661412
20
-5.0247989763779524
11
5.8377070472440939
21
-5.0280029527559051
0
LINE
8
BLACK
6
CONTINUOUS
10
5.8377070472440939
20
-5.0280029527559051
11
5.8410279921259844
21
-5.0296634251968504
0
LINE
8
BLACK
6
CONTINUOUS
10
5.8410279921259844
20
-5.0296634251968504
11
5.8418516535433067
21
-5.0302743307086617
0
LINE
8
BLACK
6
CONTINUOUS
10
5.8418516535433067
20
-5.0302743307086617
11
5.8426549212598422
21
-5.032127519685039
0
LINE
8
BLACK
6
CONTINUOUS
10
5.8426549212598422
20
-5.032127519685039
11
5.8420790551181101
21
-5.0340635433070862
0
LINE
8
BLACK
6
CONTINUOUS
10
5.8420790551181101
20
-5.0340635433070862
11
5.8403935039370074
21
-5.0351763779527561
0
LINE
8
BLACK
6
CONTINUOUS
10
5.8403935039370074
20
-5.0351763779527561
11
5.8383869685039365
21
-5.0349454724409446
0
LINE
8
BLACK
6
CONTINUOUS
10
5.8383869685039365
20
-5.0349454724409446
11
5.8346374409448813
21
-5.033070708661417
0
LINE
8
BLACK
6
CONTINUOUS
10
5.8346374409448813
20
-5.033070708661417
11
5.8339283464566929
21
-5.0325447637795273
0
LINE
8
BLACK
6
CONTINUOUS
10
5.8339283464566929
20
-5.0325447637795273
11
5.8338700393700789
21
-5.0325175984251969
0
LINE
8
BLACK
6
CONTINUOUS
10
5.8338700393700789
20
-5.0325175984251969
11
5.8314116535433067
21
-5.0300592125984247
0
LINE
8
BLACK
6
CONTINUOUS
10
5.8314116535433067
20
-5.0300592125984247
11
5.8314116535433067
21
-5.0574731889763775
0
LINE
8
BLACK
6
CONTINUOUS
10
5.8314116535433067
20
-5.0574731889763775
11
5.8397074803149609
21
-5.0574731889763775
0
LINE
8
BLACK
6
CONTINUOUS
10
5.8397074803149609
20
-5.0574731889763775
11
5.8407174015748033
21
-5.0576512598425198
0
LINE
8
BLACK
6
CONTINUOUS
10
5.8407174015748033
20
-5.0576512598425198
11
5.8422646456692915
21
-5.058949566929134
0
LINE
8
BLACK
6
CONTINUOUS
10
5.8422646456692915
20
-5.058949566929134
11
5.842615393700787
21
-5.0609387007874016
0
LINE
8
BLACK
6
CONTINUOUS
10
5.842615393700787
20
-5.0609387007874016
11
5.8416054724409445
21
-5.0626878740157482
0
LINE
8
BLACK
6
CONTINUOUS
10
5.8416054724409445
20
-5.0626878740157482
11
5.8397074803149609
21
-5.0633787007874016
0
LINE
8
BLACK
6
CONTINUOUS
10
5.8397074803149609
20
-5.0633787007874016
11
5.8172103149606293
21
-5.0633787007874016
0
LINE
8
BLACK
6
CONTINUOUS
10
5.8172103149606293
20
-5.0633787007874016
11
5.8162003937007869
21
-5.0632006299212593
0
LINE
8
BLACK
6
CONTINUOUS
10
5.8162003937007869
20
-5.0632006299212593
11
5.8146531496062988
21
-5.0619023228346451
0
LINE
8
BLACK
6
CONTINUOUS
10
5.8146531496062988
20
-5.0619023228346451
11
5.8143024015748033
21
-5.0599131889763775
0
LINE
8
BLACK
6
CONTINUOUS
10
5.8143024015748033
20
-5.0599131889763775
11
5.8153123228346457
21
-5.058164015748031
0
LINE
8
BLACK
6
CONTINUOUS
10
5.8153123228346457
20
-5.058164015748031
11
5.8172103149606293
21
-5.0574731889763775
0
LINE
8
BLACK
6
CONTINUOUS
10
5.8172103149606293
20
-5.0574731889763775
11
5.8255061417322835
21
-5.0574731889763775
0
LINE
8
BLACK
6
CONTINUOUS
10
5.8255061417322835
20
-5.0574731889763775
11
5.8255061417322835
21
-5.0210558661417322
0
LINE
8
BLACK
6
CONTINUOUS
10
5.8255061417322835
20
-5.0210558661417322
11
5.8256842125984249
21
-5.0200459448818897
0
LINE
8
BLACK
6
CONTINUOUS
10
5.8256842125984249
20
-5.0200459448818897
11
5.8257933070866139
21
-5.0199158661417318
0
LINE
8
BLACK
6
CONTINUOUS
10
5.8257933070866139
20
-5.0199158661417318
11
5.8258120078740152
21
-5.0197471259842521
0
LINE
8
BLACK
6
CONTINUOUS
10
5.8258120078740152
20
-5.0197471259842521
11
5.8264316141732282
21
-5.0191551968503934
0
LINE
8
BLACK
6
CONTINUOUS
10
5.8264316141732282
20
-5.0191551968503934
11
5.8269825196850391
21
-5.0184987007874016
0
LINE
8
BLACK
6
CONTINUOUS
10
5.8269825196850391
20
-5.0184987007874016
11
5.8271497244094483
21
-5.0184692125984247
0
LINE
8
BLACK
6
CONTINUOUS
10
5.8271497244094483
20
-5.0184692125984247
11
5.8272725196850397
21
-5.0183519291338579
0
LINE
8
BLACK
6
CONTINUOUS
10
5.8272725196850397
20
-5.0183519291338579
11
5.8281276377952755
21
-5.0182967716535432
0
LINE
8
BLACK
6
CONTINUOUS
10
5.8281276377952755
20
-5.0182967716535432
11
5.8289716535433067
21
-5.0181479527559052
0
LINE
8
BLACK
6
CONTINUOUS
10
5.8289716535433067
20
-5.0181479527559052
11
5.8291187007874017
21
-5.0182328346456693
0
LINE
8
BLACK
6
CONTINUOUS
10
5.8688388976377954
20
-5.0182811811023624
11
5.8689741338582673
21
-5.0183946456692912
0
LINE
8
BLACK
6
CONTINUOUS
10
5.8689741338582673
20
-5.0183946456692912
11
5.8691494881889765
21
-5.0184148425196851
0
LINE
8
BLACK
6
CONTINUOUS
10
5.8691494881889765
20
-5.0184148425196851
11
5.8728990157480316
21
-5.0202896062992126
0
LINE
8
BLACK
6
CONTINUOUS
10
5.8728990157480316
20
-5.0202896062992126
11
5.8736080708661413
21
-5.0208155118110236
0
LINE
8
BLACK
6
CONTINUOUS
10
5.8736080708661413
20
-5.0208155118110236
11
5.8736664173228341
21
-5.0208427165354328
0
LINE
8
BLACK
6
CONTINUOUS
10
5.8736664173228341
20
-5.0208427165354328
11
5.8755411811023617
21
-5.0227174803149603
0
LINE
8
BLACK
6
CONTINUOUS
10
5.8755411811023617
20
-5.0227174803149603
11
5.8760474409448822
21
-5.0234405511811024
0
LINE
8
BLACK
6
CONTINUOUS
10
5.8760474409448822
20
-5.0234405511811024
11
5.8760942913385827
21
-5.0234848818897637
0
LINE
8
BLACK
6
CONTINUOUS
10
5.8760942913385827
20
-5.0234848818897637
11
5.8779690551181103
21
-5.0272344094488188
0
LINE
8
BLACK
6
CONTINUOUS
10
5.8779690551181103
20
-5.0272344094488188
11
5.8781143307086614
21
-5.0277228346456688
0
LINE
8
BLACK
6
CONTINUOUS
10
5.8781143307086614
20
-5.0277228346456688
11
5.8781926377952756
21
-5.027838779527559
0
LINE
8
BLACK
6
CONTINUOUS
10
5.8781926377952756
20
-5.027838779527559
11
5.8800674015748031
21
-5.0353378346456692
0
LINE
8
BLACK
6
CONTINUOUS
10
5.8800674015748031
20
-5.0353378346456692
11
5.8801088582677163
21
-5.0359257086614173
0
LINE
8
BLACK
6
CONTINUOUS
10
5.8801088582677163
20
-5.0359257086614173
11
5.8801555511811019
21
-5.0360539763779526
0
LINE
8
BLACK
6
CONTINUOUS
10
5.8801555511811019
20
-5.0360539763779526
11
5.8801555511811019
21
-5.0454277952755904
0
LINE
8
BLACK
6
CONTINUOUS
10
5.8801555511811019
20
-5.0454277952755904
11
5.8800531889763779
21
-5.0460081496062994
0
LINE
8
BLACK
6
CONTINUOUS
10
5.8800531889763779
20
-5.0460081496062994
11
5.8800674015748031
21
-5.0461439370078738
0
LINE
8
BLACK
6
CONTINUOUS
10
5.8800674015748031
20
-5.0461439370078738
11
5.8781926377952756
21
-5.053642992125984
0
LINE
8
BLACK
6
CONTINUOUS
10
5.8781926377952756
20
-5.053642992125984
11
5.8779850393700785
21
-5.0541084251968504
0
LINE
8
BLACK
6
CONTINUOUS
10
5.8779850393700785
20
-5.0541084251968504
11
5.8779690551181103
21
-5.0542473622047241
0
LINE
8
BLACK
6
CONTINUOUS
10
5.8779690551181103
20
-5.0542473622047241
11
5.8760942913385827
21
-5.0579968897637793
0
LINE
8
BLACK
6
CONTINUOUS
10
5.8760942913385827
20
-5.0579968897637793
11
5.875568346456693
21
-5.0587059448818898
0
LINE
8
BLACK
6
CONTINUOUS
10
5.875568346456693
20
-5.0587059448818898
11
5.8755411811023617
21
-5.0587642913385826
0
LINE
8
BLACK
6
CONTINUOUS
10
5.8755411811023617
20
-5.0587642913385826
11
5.8736664566929129
21
-5.0606390551181102
0
LINE
8
BLACK
6
CONTINUOUS
10
5.8736664566929129
20
-5.0606390551181102
11
5.8729432677165354
21
-5.0611454330708661
0
LINE
8
BLACK
6
CONTINUOUS
10
5.8729432677165354
20
-5.0611454330708661
11
5.8728990157480316
21
-5.0611922047244091
0
LINE
8
BLACK
6
CONTINUOUS
10
5.8728990157480316
20
-5.0611922047244091
11
5.8691494881889765
21
-5.0630669685039367
0
LINE
8
BLACK
6
CONTINUOUS
10
5.8691494881889765
20
-5.0630669685039367
11
5.8681665354330708
21
-5.0633593307086615
0
LINE
8
BLACK
6
CONTINUOUS
10
5.8681665354330708
20
-5.0633593307086615
11
5.8679948425196846
21
-5.0633183070866137
0
LINE
8
BLACK
6
CONTINUOUS
10
5.8679948425196846
20
-5.0633183070866137
11
5.867828976377953
21
-5.0633787007874016
0
LINE
8
BLACK
6
CONTINUOUS
10
5.867828976377953
20
-5.0633787007874016
11
5.8640794488188979
21
-5.0633787007874016
0
LINE
8
BLACK
6
CONTINUOUS
10
5.8640794488188979
20
-5.0633787007874016
11
5.8630695275590554
21
-5.0632006299212593
0
LINE
8
BLACK
6
CONTINUOUS
10
5.8630695275590554
20
-5.0632006299212593
11
5.8629342519685039
21
-5.0630871259842518
0
LINE
8
BLACK
6
CONTINUOUS
10
5.8629342519685039
20
-5.0630871259842518
11
5.8627589370078743
21
-5.0630669685039367
0
LINE
8
BLACK
6
CONTINUOUS
10
5.8627589370078743
20
-5.0630669685039367
11
5.8590094094488192
21
-5.0611922047244091
0
LINE
8
BLACK
6
CONTINUOUS
10
5.8590094094488192
20
-5.0611922047244091
11
5.8583002755905511
21
-5.0606662204724406
0
LINE
8
BLACK
6
CONTINUOUS
10
5.8583002755905511
20
-5.0606662204724406
11
5.8582419685039371
21
-5.0606390551181102
0
LINE
8
BLACK
6
CONTINUOUS
10
5.8582419685039371
20
-5.0606390551181102
11
5.8563672047244095
21
-5.0587642519685039
0
LINE
8
BLACK
6
CONTINUOUS
10
5.8563672047244095
20
-5.0587642519685039
11
5.8558609055118112
21
-5.0580411811023618
0
LINE
8
BLACK
6
CONTINUOUS
10
5.8558609055118112
20
-5.0580411811023618
11
5.8558141338582672
21
-5.0579968897637793
0
LINE
8
BLACK
6
CONTINUOUS
10
5.8558141338582672
20
-5.0579968897637793
11
5.8539393700787397
21
-5.0542473622047241
0
LINE
8
BLACK
6
CONTINUOUS
10
5.8539393700787397
20
-5.0542473622047241
11
5.8537940551181098
21
-5.0537588976377954
0
LINE
8
BLACK
6
CONTINUOUS
10
5.8537940551181098
20
-5.0537588976377954
11
5.8537157874015744
21
-5.053642992125984
0
LINE
8
BLACK
6
CONTINUOUS
10
5.8537157874015744
20
-5.053642992125984
11
5.8518410236220468
21
-5.0461439370078738
0
LINE
8
BLACK
6
CONTINUOUS
10
5.8518410236220468
20
-5.0461439370078738
11
5.8517995275590549
21
-5.0455560236220469
0
LINE
8
BLACK
6
CONTINUOUS
10
5.8517995275590549
20
-5.0455560236220469
11
5.8517528740157481
21
-5.0454277952755904
0
LINE
8
BLACK
6
CONTINUOUS
10
5.8517528740157481
20
-5.0454277952755904
11
5.8517528740157481
21
-5.0360539763779526
0
LINE
8
BLACK
6
CONTINUOUS
10
5.8517528740157481
20
-5.0360539763779526
11
5.8518551968503933
21
-5.0354735826771648
0
LINE
8
BLACK
6
CONTINUOUS
10
5.8518551968503933
20
-5.0354735826771648
11
5.8518410236220468
21
-5.0353378346456692
0
LINE
8
BLACK
6
CONTINUOUS
10
5.8518410236220468
20
-5.0353378346456692
11
5.8537157874015744
21
-5.027838779527559
0
LINE
8
BLACK
6
CONTINUOUS
10
5.8537157874015744
20
-5.027838779527559
11
5.8539233464566927
21
-5.0273733070866138
0
LINE
8
BLACK
6
CONTINUOUS
10
5.8539233464566927
20
-5.0273733070866138
11
5.8539393700787397
21
-5.0272344094488188
0
LINE
8
BLACK
6
CONTINUOUS
10
5.8539393700787397
20
-5.0272344094488188
11
5.8558141338582672
21
-5.0234848818897637
0
LINE
8
BLACK
6
CONTINUOUS
10
5.8558141338582672
20
-5.0234848818897637
11
5.8563400393700782
21
-5.0227757874015744
0
LINE
8
BLACK
6
CONTINUOUS
10
5.8563400393700782
20
-5.0227757874015744
11
5.8563672440944883
21
-5.0227174803149603
0
LINE
8
BLACK
6
CONTINUOUS
10
5.8563672440944883
20
-5.0227174803149603
11
5.8582420078740158
21
-5.0208427165354328
0
LINE
8
BLACK
6
CONTINUOUS
10
5.8582420078740158
20
-5.0208427165354328
11
5.858965078740157
21
-5.0203364173228344
0
LINE
8
BLACK
6
CONTINUOUS
10
5.858965078740157
20
-5.0203364173228344
11
5.8590094094488192
21
-5.0202896062992126
0
LINE
8
BLACK
6
CONTINUOUS
10
5.8590094094488192
20
-5.0202896062992126
11
5.8627589370078743
21
-5.0184148425196851
0
LINE
8
BLACK
6
CONTINUOUS
10
5.8627589370078743
20
-5.0184148425196851
11
5.8637418503937004
21
-5.0181224803149602
0
LINE
8
BLACK
6
CONTINUOUS
10
5.8637418503937004
20
-5.0181224803149602
11
5.8639135433070866
21
-5.0181634645669293
0
LINE
8
BLACK
6
CONTINUOUS
10
5.8639135433070866
20
-5.0181634645669293
11
5.8640794488188979
21
-5.0181031102362201
0
LINE
8
BLACK
6
CONTINUOUS
10
5.8640794488188979
20
-5.0181031102362201
11
5.867828976377953
21
-5.0181031102362201
0
LINE
8
BLACK
6
CONTINUOUS
10
5.867828976377953
20
-5.0181031102362201
11
5.8688388976377954
21
-5.0182811811023624
0
LINE
8
BLACK
6
CONTINUOUS
10
5.8620790157480309
20
-5.0253573622047245
11
5.8608818897637791
21
-5.0265544881889763
0
LINE
8
BLACK
6
CONTINUOUS
10
5.8608818897637791
20
-5.0265544881889763
11
5.8593663779527558
21
-5.029585472440945
0
LINE
8
BLACK
6
CONTINUOUS
10
5.8593663779527558
20
-5.029585472440945
11
5.8576583858267712
21
-5.0364175196850391
0
LINE
8
BLACK
6
CONTINUOUS
10
5.8576583858267712
20
-5.0364175196850391
11
5.8576583858267712
21
-5.0450642519685038
0
LINE
8
BLACK
6
CONTINUOUS
10
5.8576583858267712
20
-5.0450642519685038
11
5.8593663779527558
21
-5.051896299212598
0
LINE
8
BLACK
6
CONTINUOUS
10
5.8593663779527558
20
-5.051896299212598
11
5.8608818897637791
21
-5.0549272834645667
0
LINE
8
BLACK
6
CONTINUOUS
10
5.8608818897637791
20
-5.0549272834645667
11
5.8620790157480309
21
-5.0561244488188972
0
LINE
8
BLACK
6
CONTINUOUS
10
5.8620790157480309
20
-5.0561244488188972
11
5.8647764960629916
21
-5.0574731889763775
0
LINE
8
BLACK
6
CONTINUOUS
10
5.8647764960629916
20
-5.0574731889763775
11
5.8671319291338584
21
-5.0574731889763775
0
LINE
8
BLACK
6
CONTINUOUS
10
5.8671319291338584
20
-5.0574731889763775
11
5.8698293700787403
21
-5.0561244488188972
0
LINE
8
BLACK
6
CONTINUOUS
10
5.8698293700787403
20
-5.0561244488188972
11
5.8710264960629921
21
-5.0549272834645667
0
LINE
8
BLACK
6
CONTINUOUS
10
5.8710264960629921
20
-5.0549272834645667
11
5.8725420078740154
21
-5.051896299212598
0
LINE
8
BLACK
6
CONTINUOUS
10
5.8725420078740154
20
-5.051896299212598
11
5.8742500393700787
21
-5.0450642519685038
0
LINE
8
BLACK
6
CONTINUOUS
10
5.8742500393700787
20
-5.0450642519685038
11
5.8742500393700787
21
-5.0364175196850391
0
LINE
8
BLACK
6
CONTINUOUS
10
5.8742500393700787
20
-5.0364175196850391
11
5.8725420078740154
21
-5.029585472440945
0
LINE
8
BLACK
6
CONTINUOUS
10
5.8725420078740154
20
-5.029585472440945
11
5.8710265354330708
21
-5.0265544881889763
0
LINE
8
BLACK
6
CONTINUOUS
10
5.8710265354330708
20
-5.0265544881889763
11
5.869829409448819
21
-5.0253573622047245
0
LINE
8
BLACK
6
CONTINUOUS
10
5.869829409448819
20
-5.0253573622047245
11
5.8671319291338584
21
-5.0240086220472442
0
LINE
8
BLACK
6
CONTINUOUS
10
5.8671319291338584
20
-5.0240086220472442
11
5.8647764960629916
21
-5.0240086220472442
0
LINE
8
BLACK
6
CONTINUOUS
10
5.8647764960629916
20
-5.0240086220472442
11
5.8620790157480309
21
-5.0253573622047245
0
LINE
8
BLACK
6
CONTINUOUS
10
5.9416046456692913
20
-5.0182328346456693
11
5.9417740551181097
21
-5.0182219291338583
0
LINE
8
BLACK
6
CONTINUOUS
10
5.9417740551181097
20
-5.0182219291338583
11
5.9424646456692916
21
-5.0187293700787396
0
LINE
8
BLACK
6
CONTINUOUS
10
5.9424646456692916
20
-5.0187293700787396
11
5.9432067716535428
21
-5.0191578740157476
0
LINE
8
BLACK
6
CONTINUOUS
10
5.9432067716535428
20
-5.0191578740157476
11
5.9432648031496065
21
-5.019317362204724
0
LINE
8
BLACK
6
CONTINUOUS
10
5.9432648031496065
20
-5.019317362204724
11
5.9434016929133859
21
-5.0194179527559051
0
LINE
8
BLACK
6
CONTINUOUS
10
5.9434016929133859
20
-5.0194179527559051
11
5.9469890157480316
21
-5.0247989763779524
0
LINE
8
BLACK
6
CONTINUOUS
10
5.9469890157480316
20
-5.0247989763779524
11
5.9501929921259844
21
-5.0280029527559051
0
LINE
8
BLACK
6
CONTINUOUS
10
5.9501929921259844
20
-5.0280029527559051
11
5.953513937007874
21
-5.0296634251968504
0
LINE
8
BLACK
6
CONTINUOUS
10
5.953513937007874
20
-5.0296634251968504
11
5.9543375984251963
21
-5.0302743307086617
0
LINE
8
BLACK
6
CONTINUOUS
10
5.9543375984251963
20
-5.0302743307086617
11
5.9551408661417318
21
-5.032127519685039
0
LINE
8
BLACK
6
CONTINUOUS
10
5.9551408661417318
20
-5.032127519685039
11
5.9545649999999997
21
-5.0340635433070862
0
LINE
8
BLACK
6
CONTINUOUS
10
5.9545649999999997
20
-5.0340635433070862
11
5.9528794488188979
21
-5.0351763779527561
0
LINE
8
BLACK
6
CONTINUOUS
10
5.9528794488188979
20
-5.0351763779527561
11
5.9508729133858269
21
-5.0349454724409446
0
LINE
8
BLACK
6
CONTINUOUS
10
5.9508729133858269
20
-5.0349454724409446
11
5.9471233858267718
21
-5.033070708661417
0
LINE
8
BLACK
6
CONTINUOUS
10
5.9471233858267718
20
-5.033070708661417
11
5.9464142913385825
21
-5.0325447637795273
0
LINE
8
BLACK
6
CONTINUOUS
10
5.9464142913385825
20
-5.0325447637795273
11
5.9463559842519684
21
-5.0325175984251969
0
LINE
8
BLACK
6
CONTINUOUS
10
5.9463559842519684
20
-5.0325175984251969
11
5.9438975984251963
21
-5.0300592125984247
0
LINE
8
BLACK
6
CONTINUOUS
10
5.9438975984251963
20
-5.0300592125984247
11
5.9438975984251963
21
-5.0574731889763775
0
LINE
8
BLACK
6
CONTINUOUS
10
5.9438975984251963
20
-5.0574731889763775
11
5.9521934251968505
21
-5.0574731889763775
0
LINE
8
BLACK
6
CONTINUOUS
10
5.9521934251968505
20
-5.0574731889763775
11
5.9532033464566929
21
-5.0576512598425198
0
LINE
8
BLACK
6
CONTINUOUS
10
5.9532033464566929
20
-5.0576512598425198
11
5.9547505905511811
21
-5.058949566929134
0
LINE
8
BLACK
6
CONTINUOUS
10
5.9547505905511811
20
-5.058949566929134
11
5.9551013385826774
21
-5.0609387007874016
0
LINE
8
BLACK
6
CONTINUOUS
10
5.9551013385826774
20
-5.0609387007874016
11
5.9540914173228341
21
-5.0626878740157482
0
LINE
8
BLACK
6
CONTINUOUS
10
5.9540914173228341
20
-5.0626878740157482
11
5.9521934251968505
21
-5.0633787007874016
0
LINE
8
BLACK
6
CONTINUOUS
10
5.9521934251968505
20
-5.0633787007874016
11
5.9296962598425198
21
-5.0633787007874016
0
LINE
8
BLACK
6
CONTINUOUS
10
5.9296962598425198
20
-5.0633787007874016
11
5.9286863385826774
21
-5.0632006299212593
0
LINE
8
BLACK
6
CONTINUOUS
10
5.9286863385826774
20
-5.0632006299212593
11
5.9271390944881892
21
-5.0619023228346451
0
LINE
8
BLACK
6
CONTINUOUS
10
5.9271390944881892
20
-5.0619023228346451
11
5.9267883464566928
21
-5.0599131889763775
0
LINE
8
BLACK
6
CONTINUOUS
10
5.9267883464566928
20
-5.0599131889763775
11
5.9277982677165353
21
-5.058164015748031
0
LINE
8
BLACK
6
CONTINUOUS
10
5.9277982677165353
20
-5.058164015748031
11
5.9296962598425198
21
-5.0574731889763775
0
LINE
8
BLACK
6
CONTINUOUS
10
5.9296962598425198
20
-5.0574731889763775
11
5.9379920866141731
21
-5.0574731889763775
0
LINE
8
BLACK
6
CONTINUOUS
10
5.9379920866141731
20
-5.0574731889763775
11
5.9379920866141731
21
-5.0210558661417322
0
LINE
8
BLACK
6
CONTINUOUS
10
5.9379920866141731
20
-5.0210558661417322
11
5.9381701574803145
21
-5.0200459448818897
0
LINE
8
BLACK
6
CONTINUOUS
10
5.9381701574803145
20
-5.0200459448818897
11
5.9382792519685035
21
-5.0199158661417318
0
LINE
8
BLACK
6
CONTINUOUS
10
5.9382792519685035
20
-5.0199158661417318
11
5.9382979527559057
21
-5.0197471259842521
0
LINE
8
BLACK
6
CONTINUOUS
10
5.9382979527559057
20
-5.0197471259842521
11
5.9389175590551178
21
-5.0191551968503934
0
LINE
8
BLACK
6
CONTINUOUS
10
5.9389175590551178
20
-5.0191551968503934
11
5.9394684645669287
21
-5.0184987007874016
0
LINE
8
BLACK
6
CONTINUOUS
10
5.9394684645669287
20
-5.0184987007874016
11
5.9396356692913388
21
-5.0184692125984247
0
LINE
8
BLACK
6
CONTINUOUS
10
5.9396356692913388
20
-5.0184692125984247
11
5.9397584645669292
21
-5.0183519291338579
0
LINE
8
BLACK
6
CONTINUOUS
10
5.9397584645669292
20
-5.0183519291338579
11
5.9406135826771651
21
-5.0182967716535432
0
LINE
8
BLACK
6
CONTINUOUS
10
5.9406135826771651
20
-5.0182967716535432
11
5.9414575984251963
21
-5.0181479527559052
0
LINE
8
BLACK
6
CONTINUOUS
10
5.9414575984251963
20
-5.0181479527559052
11
5.9416046456692913
21
-5.0182328346456693
0
LINE
8
BLACK
6
CONTINUOUS
10
5.981324842519685
20
-5.0182811811023624
11
5.9814600787401577
21
-5.0183946456692912
0
LINE
8
BLACK
6
CONTINUOUS
10
5.9814600787401577
20
-5.0183946456692912
11
5.9816354330708661
21
-5.0184148425196851
0
LINE
8
BLACK
6
CONTINUOUS
10
5.9816354330708661
20
-5.0184148425196851
11
5.9853849606299212
21
-5.0202896062992126
0
LINE
8
BLACK
6
CONTINUOUS
10
5.9853849606299212
20
-5.0202896062992126
11
5.9860940157480318
21
-5.0208155118110236
0
LINE
8
BLACK
6
CONTINUOUS
10
5.9860940157480318
20
-5.0208155118110236
11
5.9861523622047246
21
-5.0208427165354328
0
LINE
8
BLACK
6
CONTINUOUS
10
5.9861523622047246
20
-5.0208427165354328
11
5.9880271259842521
21
-5.0227174803149603
0
LINE
8
BLACK
6
CONTINUOUS
10
5.9880271259842521
20
-5.0227174803149603
11
5.9885333858267717
21
-5.0234405511811024
0
LINE
8
BLACK
6
CONTINUOUS
10
5.9885333858267717
20
-5.0234405511811024
11
5.9885802362204723
21
-5.0234848818897637
0
LINE
8
BLACK
6
CONTINUOUS
10
5.9885802362204723
20
-5.0234848818897637
11
5.9904549999999999
21
-5.0272344094488188
0
LINE
8
BLACK
6
CONTINUOUS
10
5.9904549999999999
20
-5.0272344094488188
11
5.990600275590551
21
-5.0277228346456688
0
LINE
8
BLACK
6
CONTINUOUS
10
5.990600275590551
20
-5.0277228346456688
11
5.9906785826771651
21
-5.027838779527559
0
LINE
8
BLACK
6
CONTINUOUS
10
5.9906785826771651
20
-5.027838779527559
11
5.9925533464566927
21
-5.0353378346456692
0
LINE
8
BLACK
6
CONTINUOUS
10
5.9925533464566927
20
-5.0353378346456692
11
5.9925948031496059
21
-5.0359257086614173
0
LINE
8
BLACK
6
CONTINUOUS
10
5.9925948031496059
20
-5.0359257086614173
11
5.9926414960629923
21
-5.0360539763779526
0
LINE
8
BLACK
6
CONTINUOUS
10
5.9926414960629923
20
-5.0360539763779526
11
5.9926414960629923
21
-5.0454277952755904
0
LINE
8
BLACK
6
CONTINUOUS
10
5.9926414960629923
20
-5.0454277952755904
11
5.9925391338582674
21
-5.0460081496062994
0
LINE
8
BLACK
6
CONTINUOUS
10
5.9925391338582674
20
-5.0460081496062994
11
5.9925533464566927
21
-5.0461439370078738
0
LINE
8
BLACK
6
CONTINUOUS
10
5.9925533464566927
20
-5.0461439370078738
11
5.9906785826771651
21
-5.053642992125984
0
LINE
8
BLACK
6
CONTINUOUS
10
5.9906785826771651
20
-5.053642992125984
11
5.9904709842519681
21
-5.0541084251968504
0
LINE
8
BLACK
6
CONTINUOUS
10
5.9904709842519681
20
-5.0541084251968504
11
5.9904549999999999
21
-5.0542473622047241
0
LINE
8
BLACK
6
CONTINUOUS
10
5.9904549999999999
20
-5.0542473622047241
11
5.9885802362204723
21
-5.0579968897637793
0
LINE
8
BLACK
6
CONTINUOUS
10
5.9885802362204723
20
-5.0579968897637793
11
5.9880542913385826
21
-5.0587059448818898
0
LINE
8
BLACK
6
CONTINUOUS
10
5.9880542913385826
20
-5.0587059448818898
11
5.9880271259842521
21
-5.0587642913385826
0
LINE
8
BLACK
6
CONTINUOUS
10
5.9880271259842521
20
-5.0587642913385826
11
5.9861524015748033
21
-5.0606390551181102
0
LINE
8
BLACK
6
CONTINUOUS
10
5.9861524015748033
20
-5.0606390551181102
11
5.985429212598425
21
-5.0611454330708661
0
LINE
8
BLACK
6
CONTINUOUS
10
5.985429212598425
20
-5.0611454330708661
11
5.9853849606299212
21
-5.0611922047244091
0
LINE
8
BLACK
6
CONTINUOUS
10
5.9853849606299212
20
-5.0611922047244091
11
5.9816354330708661
21
-5.0630669685039367
0
LINE
8
BLACK
6
CONTINUOUS
10
5.9816354330708661
20
-5.0630669685039367
11
5.9806524803149603
21
-5.0633593307086615
0
LINE
8
BLACK
6
CONTINUOUS
10
5.9806524803149603
20
-5.0633593307086615
11
5.9804807874015751
21
-5.0633183070866137
0
LINE
8
BLACK
6
CONTINUOUS
10
5.9804807874015751
20
-5.0633183070866137
11
5.9803149212598425
21
-5.0633787007874016
0
LINE
8
BLACK
6
CONTINUOUS
10
5.9803149212598425
20
-5.0633787007874016
11
5.9765653937007874
21
-5.0633787007874016
0
LINE
8
BLACK
6
CONTINUOUS
10
5.9765653937007874
20
-5.0633787007874016
11
5.975555472440945
21
-5.0632006299212593
0
LINE
8
BLACK
6
CONTINUOUS
10
5.975555472440945
20
-5.0632006299212593
11
5.9754201968503935
21
-5.0630871259842518
0
LINE
8
BLACK
6
CONTINUOUS
10
5.9754201968503935
20
-5.0630871259842518
11
5.9752448818897639
21
-5.0630669685039367
0
LINE
8
BLACK
6
CONTINUOUS
10
5.9752448818897639
20
-5.0630669685039367
11
5.9714953543307088
21
-5.0611922047244091
0
LINE
8
BLACK
6
CONTINUOUS
10
5.9714953543307088
20
-5.0611922047244091
11
5.9707862204724407
21
-5.0606662204724406
0
LINE
8
BLACK
6
CONTINUOUS
10
5.9707862204724407
20
-5.0606662204724406
11
5.9707279133858266
21
-5.0606390551181102
0
LINE
8
BLACK
6
CONTINUOUS
10
5.9707279133858266
20
-5.0606390551181102
11
5.9688531496062991
21
-5.0587642519685039
0
LINE
8
BLACK
6
CONTINUOUS
10
5.9688531496062991
20
-5.0587642519685039
11
5.9683468503937007
21
-5.0580411811023618
0
LINE
8
BLACK
6
CONTINUOUS
10
5.9683468503937007
20
-5.0580411811023618
11
5.9683000787401577
21
-5.0579968897637793
0
LINE
8
BLACK
6
CONTINUOUS
10
5.9683000787401577
20
-5.0579968897637793
11
5.9664253149606301
21
-5.0542473622047241
0
LINE
8
BLACK
6
CONTINUOUS
10
5.9664253149606301
20
-5.0542473622047241
11
5.9662800000000002
21
-5.0537588976377954
0
LINE
8
BLACK
6
CONTINUOUS
10
5.9662800000000002
20
-5.0537588976377954
11
5.9662017322834648
21
-5.053642992125984
0
LINE
8
BLACK
6
CONTINUOUS
10
5.9662017322834648
20
-5.053642992125984
11
5.9643269685039373
21
-5.0461439370078738
0
LINE
8
BLACK
6
CONTINUOUS
10
5.9643269685039373
20
-5.0461439370078738
11
5.9642854724409444
21
-5.0455560236220469
0
LINE
8
BLACK
6
CONTINUOUS
10
5.9642854724409444
20
-5.0455560236220469
11
5.9642388188976376
21
-5.0454277952755904
0
LINE
8
BLACK
6
CONTINUOUS
10
5.9642388188976376
20
-5.0454277952755904
11
5.9642388188976376
21
-5.0360539763779526
0
LINE
8
BLACK
6
CONTINUOUS
10
5.9642388188976376
20
-5.0360539763779526
11
5.9643411417322829
21
-5.0354735826771648
0
LINE
8
BLACK
6
CONTINUOUS
10
5.9643411417322829
20
-5.0354735826771648
11
5.9643269685039373
21
-5.0353378346456692
0
LINE
8
BLACK
6
CONTINUOUS
10
5.9643269685039373
20
-5.0353378346456692
11
5.9662017322834648
21
-5.027838779527559
0
LINE
8
BLACK
6
CONTINUOUS
10
5.9662017322834648
20
-5.027838779527559
11
5.9664092913385822
21
-5.0273733070866138
0
LINE
8
BLACK
6
CONTINUOUS
10
5.9664092913385822
20
-5.0273733070866138
11
5.9664253149606301
21
-5.0272344094488188
0
LINE
8
BLACK
6
CONTINUOUS
10
5.9664253149606301
20
-5.0272344094488188
11
5.9683000787401577
21
-5.0234848818897637
0
LINE
8
BLACK
6
CONTINUOUS
10
5.9683000787401577
20
-5.0234848818897637
11
5.9688259842519686
21
-5.0227757874015744
0
LINE
8
BLACK
6
CONTINUOUS
10
5.9688259842519686
20
-5.0227757874015744
11
5.9688531889763778
21
-5.0227174803149603
0
LINE
8
BLACK
6
CONTINUOUS
10
5.9688531889763778
20
-5.0227174803149603
11
5.9707279527559054
21
-5.0208427165354328
0
LINE
8
BLACK
6
CONTINUOUS
10
5.9707279527559054
20
-5.0208427165354328
11
5.9714510236220475
21
-5.0203364173228344
0
LINE
8
BLACK
6
CONTINUOUS
10
5.9714510236220475
20
-5.0203364173228344
11
5.9714953543307088
21
-5.0202896062992126
0
LINE
8
BLACK
6
CONTINUOUS
10
5.9714953543307088
20
-5.0202896062992126
11
5.9752448818897639
21
-5.0184148425196851
0
LINE
8
BLACK
6
CONTINUOUS
10
5.9752448818897639
20
-5.0184148425196851
11
5.97622779527559
21
-5.0181224803149602
0
LINE
8
BLACK
6
CONTINUOUS
10
5.97622779527559
20
-5.0181224803149602
11
5.9763994881889762
21
-5.0181634645669293
0
LINE
8
BLACK
6
CONTINUOUS
10
5.9763994881889762
20
-5.0181634645669293
11
5.9765653937007874
21
-5.0181031102362201
0
LINE
8
BLACK
6
CONTINUOUS
10
5.9765653937007874
20
-5.0181031102362201
11
5.9803149212598425
21
-5.0181031102362201
0
LINE
8
BLACK
6
CONTINUOUS
10
5.9803149212598425
20
-5.0181031102362201
11
5.981324842519685
21
-5.0182811811023624
0
LINE
8
BLACK
6
CONTINUOUS
10
5.9745649606299214
20
-5.0253573622047245
11
5.9733678346456696
21
-5.0265544881889763
0
LINE
8
BLACK
6
CONTINUOUS
10
5.9733678346456696
20
-5.0265544881889763
11
5.9718523228346454
21
-5.029585472440945
0
LINE
8
BLACK
6
CONTINUOUS
10
5.9718523228346454
20
-5.029585472440945
11
5.9701443307086617
21
-5.0364175196850391
0
LINE
8
BLACK
6
CONTINUOUS
10
5.9701443307086617
20
-5.0364175196850391
11
5.9701443307086617
21
-5.0450642519685038
0
LINE
8
BLACK
6
CONTINUOUS
10
5.9701443307086617
20
-5.0450642519685038
11
5.9718523228346454
21
-5.051896299212598
0
LINE
8
BLACK
6
CONTINUOUS
10
5.9718523228346454
20
-5.051896299212598
11
5.9733678346456696
21
-5.0549272834645667
0
LINE
8
BLACK
6
CONTINUOUS
10
5.9733678346456696
20
-5.0549272834645667
11
5.9745649606299214
21
-5.0561244488188972
0
LINE
8
BLACK
6
CONTINUOUS
10
5.9745649606299214
20
-5.0561244488188972
11
5.977262440944882
21
-5.0574731889763775
0
LINE
8
BLACK
6
CONTINUOUS
10
5.977262440944882
20
-5.0574731889763775
11
5.979617874015748
21
-5.0574731889763775
0
LINE
8
BLACK
6
CONTINUOUS
10
5.979617874015748
20
-5.0574731889763775
11
5.9823153149606298
21
-5.0561244488188972
0
LINE
8
BLACK
6
CONTINUOUS
10
5.9823153149606298
20
-5.0561244488188972
11
5.9835124409448817
21
-5.0549272834645667
0
LINE
8
BLACK
6
CONTINUOUS
10
5.9835124409448817
20
-5.0549272834645667
11
5.9850279527559049
21
-5.051896299212598
0
LINE
8
BLACK
6
CONTINUOUS
10
5.9850279527559049
20
-5.051896299212598
11
5.9867359842519683
21
-5.0450642519685038
0
LINE
8
BLACK
6
CONTINUOUS
10
5.9867359842519683
20
-5.0450642519685038
11
5.9867359842519683
21
-5.0364175196850391
0
LINE
8
BLACK
6
CONTINUOUS
10
5.9867359842519683
20
-5.0364175196850391
11
5.9850279527559049
21
-5.029585472440945
0
LINE
8
BLACK
6
CONTINUOUS
10
5.9850279527559049
20
-5.029585472440945
11
5.9835124803149604
21
-5.0265544881889763
0
LINE
8
BLACK
6
CONTINUOUS
10
5.9835124803149604
20
-5.0265544881889763
11
5.9823153543307086
21
-5.0253573622047245
0
LINE
8
BLACK
6
CONTINUOUS
10
5.9823153543307086
20
-5.0253573622047245
11
5.979617874015748
21
-5.0240086220472442
0
LINE
8
BLACK
6
CONTINUOUS
10
5.979617874015748
20
-5.0240086220472442
11
5.977262440944882
21
-5.0240086220472442
0
LINE
8
BLACK
6
CONTINUOUS
10
5.977262440944882
20
-5.0240086220472442
11
5.9745649606299214
21
-5.0253573622047245
0
LINE
8
BLACK
6
CONTINUOUS
10
6.1350556299212595
20
-5.0182811811023624
11
6.1351908661417323
21
-5.0183946456692912
0
LINE
8
BLACK
6
CONTINUOUS
10
6.1351908661417323
20
-5.0183946456692912
11
6.1353662204724406
21
-5.0184148425196851
0
LINE
8
BLACK
6
CONTINUOUS
10
6.1353662204724406
20
-5.0184148425196851
11
6.1391157480314957
21
-5.0202896062992126
0
LINE
8
BLACK
6
CONTINUOUS
10
6.1391157480314957
20
-5.0202896062992126
11
6.1398248031496063
21
-5.0208155118110236
0
LINE
8
BLACK
6
CONTINUOUS
10
6.1398248031496063
20
-5.0208155118110236
11
6.1398831496062991
21
-5.0208427165354328
0
LINE
8
BLACK
6
CONTINUOUS
10
6.1398831496062991
20
-5.0208427165354328
11
6.1436326771653542
21
-5.0245922440944879
0
LINE
8
BLACK
6
CONTINUOUS
10
6.1436326771653542
20
-5.0245922440944879
11
6.1442209055118111
21
-5.0254322834645668
0
LINE
8
BLACK
6
CONTINUOUS
10
6.1442209055118111
20
-5.0254322834645668
11
6.1442462992125986
21
-5.0257225590551178
0
LINE
8
BLACK
6
CONTINUOUS
10
6.1442462992125986
20
-5.0257225590551178
11
6.1444093700787397
21
-5.0259640157480314
0
LINE
8
BLACK
6
CONTINUOUS
10
6.1444093700787397
20
-5.0259640157480314
11
6.1462841338582672
21
-5.0334630708661416
0
LINE
8
BLACK
6
CONTINUOUS
10
6.1462841338582672
20
-5.0334630708661416
11
6.1463255905511813
21
-5.0340509448818898
0
LINE
8
BLACK
6
CONTINUOUS
10
6.1463255905511813
20
-5.0340509448818898
11
6.1463722834645669
21
-5.034179212598425
0
LINE
8
BLACK
6
CONTINUOUS
10
6.1463722834645669
20
-5.034179212598425
11
6.1463722834645669
21
-5.0473025590551179
0
LINE
8
BLACK
6
CONTINUOUS
10
6.1463722834645669
20
-5.0473025590551179
11
6.146269921259842
21
-5.047882913385827
0
LINE
8
BLACK
6
CONTINUOUS
10
6.146269921259842
20
-5.047882913385827
11
6.1462841338582672
21
-5.0480187007874013
0
LINE
8
BLACK
6
CONTINUOUS
10
6.1462841338582672
20
-5.0480187007874013
11
6.1444093700787397
21
-5.0555177559055116
0
LINE
8
BLACK
6
CONTINUOUS
10
6.1444093700787397
20
-5.0555177559055116
11
6.1439916535433072
21
-5.0564543307086609
0
LINE
8
BLACK
6
CONTINUOUS
10
6.1439916535433072
20
-5.0564543307086609
11
6.1437558267716534
21
-5.056625393700787
0
LINE
8
BLACK
6
CONTINUOUS
10
6.1437558267716534
20
-5.056625393700787
11
6.143632716535433
21
-5.0568894881889763
0
LINE
8
BLACK
6
CONTINUOUS
10
6.143632716535433
20
-5.0568894881889763
11
6.1398831496062991
21
-5.0606390944881889
0
LINE
8
BLACK
6
CONTINUOUS
10
6.1398831496062991
20
-5.0606390944881889
11
6.1391600393700783
21
-5.0611453543307086
0
LINE
8
BLACK
6
CONTINUOUS
10
6.1391600393700783
20
-5.0611453543307086
11
6.1391157480314957
21
-5.0611922047244091
0
LINE
8
BLACK
6
CONTINUOUS
10
6.1391157480314957
20
-5.0611922047244091
11
6.1353662204724406
21
-5.0630669685039367
0
LINE
8
BLACK
6
CONTINUOUS
10
6.1353662204724406
20
-5.0630669685039367
11
6.1343832677165349
21
-5.0633593307086615
0
LINE
8
BLACK
6
CONTINUOUS
10
6.1343832677165349
20
-5.0633593307086615
11
6.1342115748031496
21
-5.0633183070866137
0
LINE
8
BLACK
6
CONTINUOUS
10
6.1342115748031496
20
-5.0633183070866137
11
6.1340457086614171
21
-5.0633787007874016
0
LINE
8
BLACK
6
CONTINUOUS
10
6.1340457086614171
20
-5.0633787007874016
11
6.1265466535433069
21
-5.0633787007874016
0
LINE
8
BLACK
6
CONTINUOUS
10
6.1265466535433069
20
-5.0633787007874016
11
6.1255367322834644
21
-5.0632006299212593
0
LINE
8
BLACK
6
CONTINUOUS
10
6.1255367322834644
20
-5.0632006299212593
11
6.1254014566929129
21
-5.0630871259842518
0
LINE
8
BLACK
6
CONTINUOUS
10
6.1254014566929129
20
-5.0630871259842518
11
6.1252261417322833
21
-5.0630669685039367
0
LINE
8
BLACK
6
CONTINUOUS
10
6.1252261417322833
20
-5.0630669685039367
11
6.1214766141732282
21
-5.0611922047244091
0
LINE
8
BLACK
6
CONTINUOUS
10
6.1214766141732282
20
-5.0611922047244091
11
6.1207675590551176
21
-5.0606662992125981
0
LINE
8
BLACK
6
CONTINUOUS
10
6.1207675590551176
20
-5.0606662992125981
11
6.1207092125984248
21
-5.0606390944881889
0
LINE
8
BLACK
6
CONTINUOUS
10
6.1207092125984248
20
-5.0606390944881889
11
6.1169596850393697
21
-5.0568895275590551
0
LINE
8
BLACK
6
CONTINUOUS
10
6.1169596850393697
20
-5.0568895275590551
11
6.1163714566929128
21
-5.0560494881889761
0
LINE
8
BLACK
6
CONTINUOUS
10
6.1163714566929128
20
-5.0560494881889761
11
6.1163460629921262
21
-5.0557591732283464
0
LINE
8
BLACK
6
CONTINUOUS
10
6.1163460629921262
20
-5.0557591732283464
11
6.1161829921259843
21
-5.0555177559055116
0
LINE
8
BLACK
6
CONTINUOUS
10
6.1161829921259843
20
-5.0555177559055116
11
6.1143082283464567
21
-5.0480187007874013
0
LINE
8
BLACK
6
CONTINUOUS
10
6.1143082283464567
20
-5.0480187007874013
11
6.1142667322834647
21
-5.0474307874015745
0
LINE
8
BLACK
6
CONTINUOUS
10
6.1142667322834647
20
-5.0474307874015745
11
6.114220078740157
21
-5.0473025590551179
0
LINE
8
BLACK
6
CONTINUOUS
10
6.114220078740157
20
-5.0473025590551179
11
6.114220078740157
21
-5.034179212598425
0
LINE
8
BLACK
6
CONTINUOUS
10
6.114220078740157
20
-5.034179212598425
11
6.1143224015748032
21
-5.0335988188976373
0
LINE
8
BLACK
6
CONTINUOUS
10
6.1143224015748032
20
-5.0335988188976373
11
6.1143082283464567
21
-5.0334630708661416
0
LINE
8
BLACK
6
CONTINUOUS
10
6.1143082283464567
20
-5.0334630708661416
11
6.1161829921259843
21
-5.0259640157480314
0
LINE
8
BLACK
6
CONTINUOUS
10
6.1161829921259843
20
-5.0259640157480314
11
6.1166007086614176
21
-5.0250274409448821
0
LINE
8
BLACK
6
CONTINUOUS
10
6.1166007086614176
20
-5.0250274409448821
11
6.1168365354330705
21
-5.0248562992125985
0
LINE
8
BLACK
6
CONTINUOUS
10
6.1168365354330705
20
-5.0248562992125985
11
6.1169596850393697
21
-5.0245922440944879
0
LINE
8
BLACK
6
CONTINUOUS
10
6.1169596850393697
20
-5.0245922440944879
11
6.1207092125984248
21
-5.0208427165354328
0
LINE
8
BLACK
6
CONTINUOUS
10
6.1207092125984248
20
-5.0208427165354328
11
6.1214323622047244
21
-5.0203362992125982
0
LINE
8
BLACK
6
CONTINUOUS
10
6.1214323622047244
20
-5.0203362992125982
11
6.1214766141732282
21
-5.0202896062992126
0
LINE
8
BLACK
6
CONTINUOUS
10
6.1214766141732282
20
-5.0202896062992126
11
6.1252261417322833
21
-5.0184148425196851
0
LINE
8
BLACK
6
CONTINUOUS
10
6.1252261417322833
20
-5.0184148425196851
11
6.1262090551181103
21
-5.0181224803149602
0
LINE
8
BLACK
6
CONTINUOUS
10
6.1262090551181103
20
-5.0181224803149602
11
6.1263807480314956
21
-5.0181634645669293
0
LINE
8
BLACK
6
CONTINUOUS
10
6.1263807480314956
20
-5.0181634645669293
11
6.1265466535433069
21
-5.0181031102362201
0
LINE
8
BLACK
6
CONTINUOUS
10
6.1265466535433069
20
-5.0181031102362201
11
6.1340457086614171
21
-5.0181031102362201
0
LINE
8
BLACK
6
CONTINUOUS
10
6.1340457086614171
20
-5.0181031102362201
11
6.1350556299212595
21
-5.0182811811023624
0
LINE
8
BLACK
6
CONTINUOUS
10
6.1245462204724408
20
-5.0253573622047245
11
6.1217138188976374
21
-5.0281897244094491
0
LINE
8
BLACK
6
CONTINUOUS
10
6.1217138188976374
20
-5.0281897244094491
11
6.1201255905511811
21
-5.0345427559055116
0
LINE
8
BLACK
6
CONTINUOUS
10
6.1201255905511811
20
-5.0345427559055116
11
6.1201255905511811
21
-5.0469390157480314
0
LINE
8
BLACK
6
CONTINUOUS
10
6.1201255905511811
20
-5.0469390157480314
11
6.1217138188976374
21
-5.053292007874016
0
LINE
8
BLACK
6
CONTINUOUS
10
6.1217138188976374
20
-5.053292007874016
11
6.1245462204724408
21
-5.0561244488188972
0
LINE
8
BLACK
6
CONTINUOUS
10
6.1245462204724408
20
-5.0561244488188972
11
6.1272437007874014
21
-5.0574731889763775
0
LINE
8
BLACK
6
CONTINUOUS
10
6.1272437007874014
20
-5.0574731889763775
11
6.1333486614173225
21
-5.0574731889763775
0
LINE
8
BLACK
6
CONTINUOUS
10
6.1333486614173225
20
-5.0574731889763775
11
6.1360461023622044
21
-5.0561244488188972
0
LINE
8
BLACK
6
CONTINUOUS
10
6.1360461023622044
20
-5.0561244488188972
11
6.1388785039370077
21
-5.053292007874016
0
LINE
8
BLACK
6
CONTINUOUS
10
6.1388785039370077
20
-5.053292007874016
11
6.1404667716535428
21
-5.0469390157480314
0
LINE
8
BLACK
6
CONTINUOUS
10
6.1404667716535428
20
-5.0469390157480314
11
6.1404667716535428
21
-5.0345427559055116
0
LINE
8
BLACK
6
CONTINUOUS
10
6.1404667716535428
20
-5.0345427559055116
11
6.1388785039370077
21
-5.0281897244094491
0
LINE
8
BLACK
6
CONTINUOUS
10
6.1388785039370077
20
-5.0281897244094491
11
6.1360461417322831
21
-5.0253573622047245
0
LINE
8
BLACK
6
CONTINUOUS
10
6.1360461417322831
20
-5.0253573622047245
11
6.1333486614173225
21
-5.0240086220472442
0
LINE
8
BLACK
6
CONTINUOUS
10
6.1333486614173225
20
-5.0240086220472442
11
6.1272437007874014
21
-5.0240086220472442
0
LINE
8
BLACK
6
CONTINUOUS
10
6.1272437007874014
20
-5.0240086220472442
11
6.1245462204724408
21
-5.0253573622047245
0
LINE
8
BLACK
6
CONTINUOUS
10
6.1705356299212601
20
-5.0182563779527554
11
6.1705999999999994
21
-5.0182546456692911
0
LINE
8
BLACK
6
CONTINUOUS
10
6.1705999999999994
20
-5.0182546456692911
11
6.176224291338583
21
-5.0201294094488187
0
LINE
8
BLACK
6
CONTINUOUS
10
6.176224291338583
20
-5.0201294094488187
11
6.1771260629921256
21
-5.0206176771653546
0
LINE
8
BLACK
6
CONTINUOUS
10
6.1771260629921256
20
-5.0206176771653546
11
6.1772184645669288
21
-5.0207681102362205
0
LINE
8
BLACK
6
CONTINUOUS
10
6.1772184645669288
20
-5.0207681102362205
11
6.177378464566929
21
-5.0208427165354328
0
LINE
8
BLACK
6
CONTINUOUS
10
6.177378464566929
20
-5.0208427165354328
11
6.1811279921259841
21
-5.0245922440944879
0
LINE
8
BLACK
6
CONTINUOUS
10
6.1811279921259841
20
-5.0245922440944879
11
6.1816343700787399
21
-5.0253153937007875
0
LINE
8
BLACK
6
CONTINUOUS
10
6.1816343700787399
20
-5.0253153937007875
11
6.1816811023622042
21
-5.0253596456692913
0
LINE
8
BLACK
6
CONTINUOUS
10
6.1816811023622042
20
-5.0253596456692913
11
6.1835558661417318
21
-5.0291091732283464
0
LINE
8
BLACK
6
CONTINUOUS
10
6.1835558661417318
20
-5.0291091732283464
11
6.1837011417322829
21
-5.0295975984251964
0
LINE
8
BLACK
6
CONTINUOUS
10
6.1837011417322829
20
-5.0295975984251964
11
6.1837794488188971
21
-5.0297135433070865
0
LINE
8
BLACK
6
CONTINUOUS
10
6.1837794488188971
20
-5.0297135433070865
11
6.1856542125984246
21
-5.0372125984251968
0
LINE
8
BLACK
6
CONTINUOUS
10
6.1856542125984246
20
-5.0372125984251968
11
6.1856956692913387
21
-5.0378004724409449
0
LINE
8
BLACK
6
CONTINUOUS
10
6.1856956692913387
20
-5.0378004724409449
11
6.1857423622047243
21
-5.0379287401574802
0
LINE
8
BLACK
6
CONTINUOUS
10
6.1857423622047243
20
-5.0379287401574802
11
6.1857423622047243
21
-5.0435530314960628
0
LINE
8
BLACK
6
CONTINUOUS
10
6.1857423622047243
20
-5.0435530314960628
11
6.1856400000000002
21
-5.0441333858267718
0
LINE
8
BLACK
6
CONTINUOUS
10
6.1856400000000002
20
-5.0441333858267718
11
6.1856542125984246
21
-5.0442691732283462
0
LINE
8
BLACK
6
CONTINUOUS
10
6.1856542125984246
20
-5.0442691732283462
11
6.1837794488188971
21
-5.0517682283464564
0
LINE
8
BLACK
6
CONTINUOUS
10
6.1837794488188971
20
-5.0517682283464564
11
6.1835718503937009
21
-5.0522336614173229
0
LINE
8
BLACK
6
CONTINUOUS
10
6.1835718503937009
20
-5.0522336614173229
11
6.1835558661417318
21
-5.0523725984251966
0
LINE
8
BLACK
6
CONTINUOUS
10
6.1835558661417318
20
-5.0523725984251966
11
6.1816811023622042
21
-5.0561221259842517
0
LINE
8
BLACK
6
CONTINUOUS
10
6.1816811023622042
20
-5.0561221259842517
11
6.181155236220472
21
-5.0568311023622048
0
LINE
8
BLACK
6
CONTINUOUS
10
6.181155236220472
20
-5.0568311023622048
11
6.1811280314960628
21
-5.0568894881889763
0
LINE
8
BLACK
6
CONTINUOUS
10
6.1811280314960628
20
-5.0568894881889763
11
6.177378464566929
21
-5.0606390944881889
0
LINE
8
BLACK
6
CONTINUOUS
10
6.177378464566929
20
-5.0606390944881889
11
6.17653842519685
21
-5.0612272834645671
0
LINE
8
BLACK
6
CONTINUOUS
10
6.17653842519685
20
-5.0612272834645671
11
6.1763625590551179
21
-5.0612426377952753
0
LINE
8
BLACK
6
CONTINUOUS
10
6.1763625590551179
20
-5.0612426377952753
11
6.176224291338583
21
-5.061352401574803
0
LINE
8
BLACK
6
CONTINUOUS
10
6.176224291338583
20
-5.061352401574803
11
6.1705999999999994
21
-5.0632271653543306
0
LINE
8
BLACK
6
CONTINUOUS
10
6.1705999999999994
20
-5.0632271653543306
11
6.1697268110236223
21
-5.0633566141732285
0
LINE
8
BLACK
6
CONTINUOUS
10
6.1697268110236223
20
-5.0633566141732285
11
6.1696662598425194
21
-5.0633787007874016
0
LINE
8
BLACK
6
CONTINUOUS
10
6.1696662598425194
20
-5.0633787007874016
11
6.1659167322834643
21
-5.0633787007874016
0
LINE
8
BLACK
6
CONTINUOUS
10
6.1659167322834643
20
-5.0633787007874016
11
6.1650473228346456
21
-5.0632253937007876
0
LINE
8
BLACK
6
CONTINUOUS
10
6.1650473228346456
20
-5.0632253937007876
11
6.1649829527559055
21
-5.0632271653543306
0
LINE
8
BLACK
6
CONTINUOUS
10
6.1649829527559055
20
-5.0632271653543306
11
6.1593587007874016
21
-5.061352401574803
0
LINE
8
BLACK
6
CONTINUOUS
10
6.1593587007874016
20
-5.061352401574803
11
6.158456929133858
21
-5.0608640944881893
0
LINE
8
BLACK
6
CONTINUOUS
10
6.158456929133858
20
-5.0608640944881893
11
6.1583644881889761
21
-5.0607136614173225
0
LINE
8
BLACK
6
CONTINUOUS
10
6.1583644881889761
20
-5.0607136614173225
11
6.1582044881889759
21
-5.0606390551181102
0
LINE
8
BLACK
6
CONTINUOUS
10
6.1582044881889759
20
-5.0606390551181102
11
6.1563297244094484
21
-5.0587642519685039
0
LINE
8
BLACK
6
CONTINUOUS
10
6.1563297244094484
20
-5.0587642519685039
11
6.1557415354330711
21
-5.057924212598425
0
LINE
8
BLACK
6
CONTINUOUS
10
6.1557415354330711
20
-5.057924212598425
11
6.1555655511811018
21
-5.0559121259842517
0
LINE
8
BLACK
6
CONTINUOUS
10
6.1555655511811018
20
-5.0559121259842517
11
6.1567240551181097
21
-5.0542575984251972
0
LINE
8
BLACK
6
CONTINUOUS
10
6.1567240551181097
20
-5.0542575984251972
11
6.1586750393700784
21
-5.0537348818897634
0
LINE
8
BLACK
6
CONTINUOUS
10
6.1586750393700784
20
-5.0537348818897634
11
6.1605056299212597
21
-5.0545885039370075
0
LINE
8
BLACK
6
CONTINUOUS
10
6.1605056299212597
20
-5.0545885039370075
11
6.1618874803149604
21
-5.0559703937007869
0
LINE
8
BLACK
6
CONTINUOUS
10
6.1618874803149604
20
-5.0559703937007869
11
6.1663958661417322
21
-5.0574731889763775
0
LINE
8
BLACK
6
CONTINUOUS
10
6.1663958661417322
20
-5.0574731889763775
11
6.1691871259842515
21
-5.0574731889763775
0
LINE
8
BLACK
6
CONTINUOUS
10
6.1691871259842515
20
-5.0574731889763775
11
6.1736955118110233
21
-5.0559703543307082
0
LINE
8
BLACK
6
CONTINUOUS
10
6.1736955118110233
20
-5.0559703543307082
11
6.1766133070866136
21
-5.0530525196850391
0
LINE
8
BLACK
6
CONTINUOUS
10
6.1766133070866136
20
-5.0530525196850391
11
6.1781288188976378
21
-5.0500215354330704
0
LINE
8
BLACK
6
CONTINUOUS
10
6.1781288188976378
20
-5.0500215354330704
11
6.1798368503937002
21
-5.0431894881889763
0
LINE
8
BLACK
6
CONTINUOUS
10
6.1798368503937002
20
-5.0431894881889763
11
6.1798368503937002
21
-5.0382922834645667
0
LINE
8
BLACK
6
CONTINUOUS
10
6.1798368503937002
20
-5.0382922834645667
11
6.1781288188976378
21
-5.0314602362204726
0
LINE
8
BLACK
6
CONTINUOUS
10
6.1781288188976378
20
-5.0314602362204726
11
6.1766133464566924
21
-5.0284292519685039
0
LINE
8
BLACK
6
CONTINUOUS
10
6.1766133464566924
20
-5.0284292519685039
11
6.1736955118110233
21
-5.0255114173228348
0
LINE
8
BLACK
6
CONTINUOUS
10
6.1736955118110233
20
-5.0255114173228348
11
6.1691871259842515
21
-5.0240086220472442
0
LINE
8
BLACK
6
CONTINUOUS
10
6.1691871259842515
20
-5.0240086220472442
11
6.1663958661417322
21
-5.0240086220472442
0
LINE
8
BLACK
6
CONTINUOUS
10
6.1663958661417322
20
-5.0240086220472442
11
6.1618874803149604
21
-5.0255114173228348
0
LINE
8
BLACK
6
CONTINUOUS
10
6.1618874803149604
20
-5.0255114173228348
11
6.160505590551181
21
-5.0268933070866142
0
LINE
8
BLACK
6
CONTINUOUS
10
6.160505590551181
20
-5.0268933070866142
11
6.159665551181102
21
-5.0274814960629923
0
LINE
8
BLACK
6
CONTINUOUS
10
6.159665551181102
20
-5.0274814960629923
11
6.1576534645669287
21
-5.0276575590551182
0
LINE
8
BLACK
6
CONTINUOUS
10
6.1576534645669287
20
-5.0276575590551182
11
6.1559988976377955
21
-5.0264990157480316
0
LINE
8
BLACK
6
CONTINUOUS
10
6.1559988976377955
20
-5.0264990157480316
11
6.1554761811023617
21
-5.0245480708661416
0
LINE
8
BLACK
6
CONTINUOUS
10
6.1554761811023617
20
-5.0245480708661416
11
6.1563297637795271
21
-5.0227174803149603
0
LINE
8
BLACK
6
CONTINUOUS
10
6.1563297637795271
20
-5.0227174803149603
11
6.1582045275590547
21
-5.0208427165354328
0
LINE
8
BLACK
6
CONTINUOUS
10
6.1582045275590547
20
-5.0208427165354328
11
6.1590445669291336
21
-5.0202545275590547
0
LINE
8
BLACK
6
CONTINUOUS
10
6.1590445669291336
20
-5.0202545275590547
11
6.159220393700787
21
-5.0202391338582677
0
LINE
8
BLACK
6
CONTINUOUS
10
6.159220393700787
20
-5.0202391338582677
11
6.1593587007874016
21
-5.0201294094488187
0
LINE
8
BLACK
6
CONTINUOUS
10
6.1593587007874016
20
-5.0201294094488187
11
6.1649829527559055
21
-5.0182546456692911
0
LINE
8
BLACK
6
CONTINUOUS
10
6.1649829527559055
20
-5.0182546456692911
11
6.1658561811023622
21
-5.0181251181102358
0
LINE
8
BLACK
6
CONTINUOUS
10
6.1658561811023622
20
-5.0181251181102358
11
6.1659167322834643
21
-5.0181031102362201
0
LINE
8
BLACK
6
CONTINUOUS
10
6.1659167322834643
20
-5.0181031102362201
11
6.1696662598425194
21
-5.0181031102362201
0
LINE
8
BLACK
6
CONTINUOUS
10
6.1696662598425194
20
-5.0181031102362201
11
6.1705356299212601
21
-5.0182563779527554
0
LINE
8
BLACK
6
CONTINUOUS
10
4.459298858267716
20
-5.0181953543307083
11
4.4595678346456689
21
-5.0181479527559052
0
LINE
8
BLACK
6
CONTINUOUS
10
4.4595678346456689
20
-5.0181479527559052
11
4.4602267716535433
21
-5.0185283858267713
0
LINE
8
BLACK
6
CONTINUOUS
10
4.4602267716535433
20
-5.0185283858267713
11
4.4609429921259842
21
-5.0187854724409444
0
LINE
8
BLACK
6
CONTINUOUS
10
4.4609429921259842
20
-5.0187854724409444
11
4.4610805905511812
21
-5.019021338582677
0
LINE
8
BLACK
6
CONTINUOUS
10
4.4610805905511812
20
-5.019021338582677
11
4.4613170078740154
21
-5.0191578740157476
0
LINE
8
BLACK
6
CONTINUOUS
10
4.4613170078740154
20
-5.0191578740157476
11
4.4615772047244091
21
-5.0198727559055119
0
LINE
8
BLACK
6
CONTINUOUS
10
4.4615772047244091
20
-5.0198727559055119
11
4.4619606692913383
21
-5.0205301574803149
0
LINE
8
BLACK
6
CONTINUOUS
10
4.4619606692913383
20
-5.0205301574803149
11
4.461914409448819
21
-5.0207992519685041
0
LINE
8
BLACK
6
CONTINUOUS
10
4.461914409448819
20
-5.0207992519685041
11
4.4620078346456689
21
-5.0210558661417322
0
LINE
8
BLACK
6
CONTINUOUS
10
4.4620078346456689
20
-5.0210558661417322
11
4.4620078346456689
21
-5.0604259448818896
0
LINE
8
BLACK
6
CONTINUOUS
10
4.4620078346456689
20
-5.0604259448818896
11
4.4618297637795274
21
-5.061435866141732
0
LINE
8
BLACK
6
CONTINUOUS
10
4.4618297637795274
20
-5.061435866141732
11
4.4605314566929133
21
-5.0629831102362202
0
LINE
8
BLACK
6
CONTINUOUS
10
4.4605314566929133
20
-5.0629831102362202
11
4.4585423228346457
21
-5.0633338582677165
0
LINE
8
BLACK
6
CONTINUOUS
10
4.4585423228346457
20
-5.0633338582677165
11
4.4567931496062991
21
-5.0623239370078741
0
LINE
8
BLACK
6
CONTINUOUS
10
4.4567931496062991
20
-5.0623239370078741
11
4.4561023228346457
21
-5.0604259448818896
0
LINE
8
BLACK
6
CONTINUOUS
10
4.4561023228346457
20
-5.0604259448818896
11
4.4561023228346457
21
-5.0321746062992121
0
LINE
8
BLACK
6
CONTINUOUS
10
4.4561023228346457
20
-5.0321746062992121
11
4.4391216141732279
21
-5.0618909055118113
0
LINE
8
BLACK
6
CONTINUOUS
10
4.4391216141732279
20
-5.0618909055118113
11
4.4384659448818899
21
-5.0626794488188978
0
LINE
8
BLACK
6
CONTINUOUS
10
4.4384659448818899
20
-5.0626794488188978
11
4.4382097637795273
21
-5.0627739370078739
0
LINE
8
BLACK
6
CONTINUOUS
10
4.4382097637795273
20
-5.0627739370078739
11
4.4380342913385826
21
-5.0629831102362202
0
LINE
8
BLACK
6
CONTINUOUS
10
4.4380342913385826
20
-5.0629831102362202
11
4.4372848818897639
21
-5.0631152362204723
0
LINE
8
BLACK
6
CONTINUOUS
10
4.4372848818897639
20
-5.0631152362204723
11
4.436571062992126
21
-5.0633786614173228
0
LINE
8
BLACK
6
CONTINUOUS
10
4.436571062992126
20
-5.0633786614173228
11
4.4363140944881891
21
-5.0632864173228347
0
LINE
8
BLACK
6
CONTINUOUS
10
4.4363140944881891
20
-5.0632864173228347
11
4.436045157480315
21
-5.0633338582677165
0
LINE
8
BLACK
6
CONTINUOUS
10
4.436045157480315
20
-5.0633338582677165
11
4.4353861811023618
21
-5.0629533858267717
0
LINE
8
BLACK
6
CONTINUOUS
10
4.4353861811023618
20
-5.0629533858267717
11
4.4346699999999997
21
-5.0626963385826773
0
LINE
8
BLACK
6
CONTINUOUS
10
4.4346699999999997
20
-5.0626963385826773
11
4.4345324015748027
21
-5.062460433070866
0
LINE
8
BLACK
6
CONTINUOUS
10
4.4345324015748027
20
-5.062460433070866
11
4.4342959842519685
21
-5.0623239370078741
0
LINE
8
BLACK
6
CONTINUOUS
10
4.4342959842519685
20
-5.0623239370078741
11
4.434035748031496
21
-5.0616089763779524
0
LINE
8
BLACK
6
CONTINUOUS
10
4.434035748031496
20
-5.0616089763779524
11
4.4336523228346456
21
-5.060951614173228
0
LINE
8
BLACK
6
CONTINUOUS
10
4.4336523228346456
20
-5.060951614173228
11
4.4336985039370074
21
-5.0606824803149602
0
LINE
8
BLACK
6
CONTINUOUS
10
4.4336985039370074
20
-5.0606824803149602
11
4.433605157480315
21
-5.0604259448818896
0
LINE
8
BLACK
6
CONTINUOUS
10
4.433605157480315
20
-5.0604259448818896
11
4.433605157480315
21
-5.0210558661417322
0
LINE
8
BLACK
6
CONTINUOUS
10
4.433605157480315
20
-5.0210558661417322
11
4.4337832283464564
21
-5.0200459448818897
0
LINE
8
BLACK
6
CONTINUOUS
10
4.4337832283464564
20
-5.0200459448818897
11
4.4350815354330706
21
-5.0184987007874016
0
LINE
8
BLACK
6
CONTINUOUS
10
4.4350815354330706
20
-5.0184987007874016
11
4.4370706692913382
21
-5.0181479527559052
0
LINE
8
BLACK
6
CONTINUOUS
10
4.4370706692913382
20
-5.0181479527559052
11
4.4388198425196848
21
-5.0191578740157476
0
LINE
8
BLACK
6
CONTINUOUS
10
4.4388198425196848
20
-5.0191578740157476
11
4.4395106692913382
21
-5.0210558661417322
0
LINE
8
BLACK
6
CONTINUOUS
10
4.4395106692913382
20
-5.0210558661417322
11
4.4395106692913382
21
-5.0493071653543309
0
LINE
8
BLACK
6
CONTINUOUS
10
4.4395106692913382
20
-5.0493071653543309
11
4.456491377952756
21
-5.0195908661417326
0
LINE
8
BLACK
6
CONTINUOUS
10
4.456491377952756
20
-5.0195908661417326
11
4.4571470472440948
21
-5.018802362204724
0
LINE
8
BLACK
6
CONTINUOUS
10
4.4571470472440948
20
-5.018802362204724
11
4.4574031889763779
21
-5.0187078346456691
0
LINE
8
BLACK
6
CONTINUOUS
10
4.4574031889763779
20
-5.0187078346456691
11
4.4575787007874013
21
-5.0184987007874016
0
LINE
8
BLACK
6
CONTINUOUS
10
4.4575787007874013
20
-5.0184987007874016
11
4.4583280708661412
21
-5.0183665354330707
0
LINE
8
BLACK
6
CONTINUOUS
10
4.4583280708661412
20
-5.0183665354330707
11
4.4590419291338579
21
-5.0181031496062989
0
LINE
8
BLACK
6
CONTINUOUS
10
4.4590419291338579
20
-5.0181031496062989
11
4.459298858267716
21
-5.0181953543307083
0
LINE
8
BLACK
6
CONTINUOUS
10
4.5005437007874018
20
-5.0181953543307083
11
4.5008126771653538
21
-5.0181479527559052
0
LINE
8
BLACK
6
CONTINUOUS
10
4.5008126771653538
20
-5.0181479527559052
11
4.5014716141732283
21
-5.0185283858267713
0
LINE
8
BLACK
6
CONTINUOUS
10
4.5014716141732283
20
-5.0185283858267713
11
4.5021878346456692
21
-5.0187854724409444
0
LINE
8
BLACK
6
CONTINUOUS
10
4.5021878346456692
20
-5.0187854724409444
11
4.5023254330708662
21
-5.019021338582677
0
LINE
8
BLACK
6
CONTINUOUS
10
4.5023254330708662
20
-5.019021338582677
11
4.5025618503937004
21
-5.0191578740157476
0
LINE
8
BLACK
6
CONTINUOUS
10
4.5025618503937004
20
-5.0191578740157476
11
4.5028220472440941
21
-5.0198727559055119
0
LINE
8
BLACK
6
CONTINUOUS
10
4.5028220472440941
20
-5.0198727559055119
11
4.5032055118110232
21
-5.0205301574803149
0
LINE
8
BLACK
6
CONTINUOUS
10
4.5032055118110232
20
-5.0205301574803149
11
4.503159251968504
21
-5.0207992519685041
0
LINE
8
BLACK
6
CONTINUOUS
10
4.503159251968504
20
-5.0207992519685041
11
4.5032526771653538
21
-5.0210558661417322
0
LINE
8
BLACK
6
CONTINUOUS
10
4.5032526771653538
20
-5.0210558661417322
11
4.5032526771653538
21
-5.0604259448818896
0
LINE
8
BLACK
6
CONTINUOUS
10
4.5032526771653538
20
-5.0604259448818896
11
4.5030746062992124
21
-5.061435866141732
0
LINE
8
BLACK
6
CONTINUOUS
10
4.5030746062992124
20
-5.061435866141732
11
4.5017762992125983
21
-5.0629831102362202
0
LINE
8
BLACK
6
CONTINUOUS
10
4.5017762992125983
20
-5.0629831102362202
11
4.4997871653543307
21
-5.0633338582677165
0
LINE
8
BLACK
6
CONTINUOUS
10
4.4997871653543307
20
-5.0633338582677165
11
4.4980379921259841
21
-5.0623239370078741
0
LINE
8
BLACK
6
CONTINUOUS
10
4.4980379921259841
20
-5.0623239370078741
11
4.4973471653543307
21
-5.0604259448818896
0
LINE
8
BLACK
6
CONTINUOUS
10
4.4973471653543307
20
-5.0604259448818896
11
4.4973471653543307
21
-5.0321746062992121
0
LINE
8
BLACK
6
CONTINUOUS
10
4.4973471653543307
20
-5.0321746062992121
11
4.4803664566929129
21
-5.0618909055118113
0
LINE
8
BLACK
6
CONTINUOUS
10
4.4803664566929129
20
-5.0618909055118113
11
4.4797107874015749
21
-5.0626794488188978
0
LINE
8
BLACK
6
CONTINUOUS
10
4.4797107874015749
20
-5.0626794488188978
11
4.4794546062992122
21
-5.0627739370078739
0
LINE
8
BLACK
6
CONTINUOUS
10
4.4794546062992122
20
-5.0627739370078739
11
4.4792791338582676
21
-5.0629831102362202
0
LINE
8
BLACK
6
CONTINUOUS
10
4.4792791338582676
20
-5.0629831102362202
11
4.4785297244094489
21
-5.0631152362204723
0
LINE
8
BLACK
6
CONTINUOUS
10
4.4785297244094489
20
-5.0631152362204723
11
4.477815905511811
21
-5.0633786614173228
0
LINE
8
BLACK
6
CONTINUOUS
10
4.477815905511811
20
-5.0633786614173228
11
4.4775589370078741
21
-5.0632864173228347
0
LINE
8
BLACK
6
CONTINUOUS
10
4.4775589370078741
20
-5.0632864173228347
11
4.47729
21
-5.0633338582677165
0
LINE
8
BLACK
6
CONTINUOUS
10
4.47729
20
-5.0633338582677165
11
4.4766310236220468
21
-5.0629533858267717
0
LINE
8
BLACK
6
CONTINUOUS
10
4.4766310236220468
20
-5.0629533858267717
11
4.4759148425196846
21
-5.0626963385826773
0
LINE
8
BLACK
6
CONTINUOUS
10
4.4759148425196846
20
-5.0626963385826773
11
4.4757772440944885
21
-5.062460433070866
0
LINE
8
BLACK
6
CONTINUOUS
10
4.4757772440944885
20
-5.062460433070866
11
4.4755408267716534
21
-5.0623239370078741
0
LINE
8
BLACK
6
CONTINUOUS
10
4.4755408267716534
20
-5.0623239370078741
11
4.475280590551181
21
-5.0616089763779524
0
LINE
8
BLACK
6
CONTINUOUS
10
4.475280590551181
20
-5.0616089763779524
11
4.4748971653543306
21
-5.060951614173228
0
LINE
8
BLACK
6
CONTINUOUS
10
4.4748971653543306
20
-5.060951614173228
11
4.4749433464566932
21
-5.0606824803149602
0
LINE
8
BLACK
6
CONTINUOUS
10
4.4749433464566932
20
-5.0606824803149602
11
4.47485
21
-5.0604259448818896
0
LINE
8
BLACK
6
CONTINUOUS
10
4.47485
20
-5.0604259448818896
11
4.47485
21
-5.0210558661417322
0
LINE
8
BLACK
6
CONTINUOUS
10
4.47485
20
-5.0210558661417322
11
4.4750280708661414
21
-5.0200459448818897
0
LINE
8
BLACK
6
CONTINUOUS
10
4.4750280708661414
20
-5.0200459448818897
11
4.4763263779527556
21
-5.0184987007874016
0
LINE
8
BLACK
6
CONTINUOUS
10
4.4763263779527556
20
-5.0184987007874016
11
4.4783155118110232
21
-5.0181479527559052
0
LINE
8
BLACK
6
CONTINUOUS
10
4.4783155118110232
20
-5.0181479527559052
11
4.4800646850393697
21
-5.0191578740157476
0
LINE
8
BLACK
6
CONTINUOUS
10
4.4800646850393697
20
-5.0191578740157476
11
4.4807555118110232
21
-5.0210558661417322
0
LINE
8
BLACK
6
CONTINUOUS
10
4.4807555118110232
20
-5.0210558661417322
11
4.4807555118110232
21
-5.0493071653543309
0
LINE
8
BLACK
6
CONTINUOUS
10
4.4807555118110232
20
-5.0493071653543309
11
4.4977362204724409
21
-5.0195908661417326
0
LINE
8
BLACK
6
CONTINUOUS
10
4.4977362204724409
20
-5.0195908661417326
11
4.4983918897637798
21
-5.018802362204724
0
LINE
8
BLACK
6
CONTINUOUS
10
4.4983918897637798
20
-5.018802362204724
11
4.4986480314960628
21
-5.0187078346456691
0
LINE
8
BLACK
6
CONTINUOUS
10
4.4986480314960628
20
-5.0187078346456691
11
4.4988235433070862
21
-5.0184987007874016
0
LINE
8
BLACK
6
CONTINUOUS
10
4.4988235433070862
20
-5.0184987007874016
11
4.4995729133858271
21
-5.0183665354330707
0
LINE
8
BLACK
6
CONTINUOUS
10
4.4995729133858271
20
-5.0183665354330707
11
4.5002867716535428
21
-5.0181031496062989
0
LINE
8
BLACK
6
CONTINUOUS
10
4.5002867716535428
20
-5.0181031496062989
11
4.5005437007874018
21
-5.0181953543307083
0
LINE
8
BLACK
6
CONTINUOUS
10
6.0592988582677165
20
-5.0181953543307083
11
6.0595678346456694
21
-5.0181479527559052
0
LINE
8
BLACK
6
CONTINUOUS
10
6.0595678346456694
20
-5.0181479527559052
11
6.060226771653543
21
-5.0185283858267713
0
LINE
8
BLACK
6
CONTINUOUS
10
6.060226771653543
20
-5.0185283858267713
11
6.0609429921259839
21
-5.0187854724409444
0
LINE
8
BLACK
6
CONTINUOUS
10
6.0609429921259839
20
-5.0187854724409444
11
6.0610805905511809
21
-5.019021338582677
0
LINE
8
BLACK
6
CONTINUOUS
10
6.0610805905511809
20
-5.019021338582677
11
6.0613170078740159
21
-5.0191578740157476
0
LINE
8
BLACK
6
CONTINUOUS
10
6.0613170078740159
20
-5.0191578740157476
11
6.0615772047244096
21
-5.0198727559055119
0
LINE
8
BLACK
6
CONTINUOUS
10
6.0615772047244096
20
-5.0198727559055119
11
6.0619606692913388
21
-5.0205301574803149
0
LINE
8
BLACK
6
CONTINUOUS
10
6.0619606692913388
20
-5.0205301574803149
11
6.0619144094488187
21
-5.0207992519685041
0
LINE
8
BLACK
6
CONTINUOUS
10
6.0619144094488187
20
-5.0207992519685041
11
6.0620078346456694
21
-5.0210558661417322
0
LINE
8
BLACK
6
CONTINUOUS
10
6.0620078346456694
20
-5.0210558661417322
11
6.0620078346456694
21
-5.0604259448818896
0
LINE
8
BLACK
6
CONTINUOUS
10
6.0620078346456694
20
-5.0604259448818896
11
6.0618297637795271
21
-5.061435866141732
0
LINE
8
BLACK
6
CONTINUOUS
10
6.0618297637795271
20
-5.061435866141732
11
6.0605314566929129
21
-5.0629831102362202
0
LINE
8
BLACK
6
CONTINUOUS
10
6.0605314566929129
20
-5.0629831102362202
11
6.0585423228346453
21
-5.0633338582677165
0
LINE
8
BLACK
6
CONTINUOUS
10
6.0585423228346453
20
-5.0633338582677165
11
6.0567931496062988
21
-5.0623239370078741
0
LINE
8
BLACK
6
CONTINUOUS
10
6.0567931496062988
20
-5.0623239370078741
11
6.0561023228346453
21
-5.0604259448818896
0
LINE
8
BLACK
6
CONTINUOUS
10
6.0561023228346453
20
-5.0604259448818896
11
6.0561023228346453
21
-5.0321746062992121
0
LINE
8
BLACK
6
CONTINUOUS
10
6.0561023228346453
20
-5.0321746062992121
11
6.0391216141732285
21
-5.0618909055118113
0
LINE
8
BLACK
6
CONTINUOUS
10
6.0391216141732285
20
-5.0618909055118113
11
6.0384659448818896
21
-5.0626794488188978
0
LINE
8
BLACK
6
CONTINUOUS
10
6.0384659448818896
20
-5.0626794488188978
11
6.0382097637795278
21
-5.0627739370078739
0
LINE
8
BLACK
6
CONTINUOUS
10
6.0382097637795278
20
-5.0627739370078739
11
6.0380342913385823
21
-5.0629831102362202
0
LINE
8
BLACK
6
CONTINUOUS
10
6.0380342913385823
20
-5.0629831102362202
11
6.0372848818897635
21
-5.0631152362204723
0
LINE
8
BLACK
6
CONTINUOUS
10
6.0372848818897635
20
-5.0631152362204723
11
6.0365710629921256
21
-5.0633786614173228
0
LINE
8
BLACK
6
CONTINUOUS
10
6.0365710629921256
20
-5.0633786614173228
11
6.0363140944881888
21
-5.0632864173228347
0
LINE
8
BLACK
6
CONTINUOUS
10
6.0363140944881888
20
-5.0632864173228347
11
6.0360451574803147
21
-5.0633338582677165
0
LINE
8
BLACK
6
CONTINUOUS
10
6.0360451574803147
20
-5.0633338582677165
11
6.0353861811023624
21
-5.0629533858267717
0
LINE
8
BLACK
6
CONTINUOUS
10
6.0353861811023624
20
-5.0629533858267717
11
6.0346700000000002
21
-5.0626963385826773
0
LINE
8
BLACK
6
CONTINUOUS
10
6.0346700000000002
20
-5.0626963385826773
11
6.0345324015748032
21
-5.062460433070866
0
LINE
8
BLACK
6
CONTINUOUS
10
6.0345324015748032
20
-5.062460433070866
11
6.0342959842519681
21
-5.0623239370078741
0
LINE
8
BLACK
6
CONTINUOUS
10
6.0342959842519681
20
-5.0623239370078741
11
6.0340357480314957
21
-5.0616089763779524
0
LINE
8
BLACK
6
CONTINUOUS
10
6.0340357480314957
20
-5.0616089763779524
11
6.0336523228346453
21
-5.060951614173228
0
LINE
8
BLACK
6
CONTINUOUS
10
6.0336523228346453
20
-5.060951614173228
11
6.0336985039370079
21
-5.0606824803149602
0
LINE
8
BLACK
6
CONTINUOUS
10
6.0336985039370079
20
-5.0606824803149602
11
6.0336051574803147
21
-5.0604259448818896
0
LINE
8
BLACK
6
CONTINUOUS
10
6.0336051574803147
20
-5.0604259448818896
11
6.0336051574803147
21
-5.0210558661417322
0
LINE
8
BLACK
6
CONTINUOUS
10
6.0336051574803147
20
-5.0210558661417322
11
6.033783228346457
21
-5.0200459448818897
0
LINE
8
BLACK
6
CONTINUOUS
10
6.033783228346457
20
-5.0200459448818897
11
6.0350815354330711
21
-5.0184987007874016
0
LINE
8
BLACK
6
CONTINUOUS
10
6.0350815354330711
20
-5.0184987007874016
11
6.0370706692913387
21
-5.0181479527559052
0
LINE
8
BLACK
6
CONTINUOUS
10
6.0370706692913387
20
-5.0181479527559052
11
6.0388198425196853
21
-5.0191578740157476
0
LINE
8
BLACK
6
CONTINUOUS
10
6.0388198425196853
20
-5.0191578740157476
11
6.0395106692913387
21
-5.0210558661417322
0
LINE
8
BLACK
6
CONTINUOUS
10
6.0395106692913387
20
-5.0210558661417322
11
6.0395106692913387
21
-5.0493071653543309
0
LINE
8
BLACK
6
CONTINUOUS
10
6.0395106692913387
20
-5.0493071653543309
11
6.0564913779527556
21
-5.0195908661417326
0
LINE
8
BLACK
6
CONTINUOUS
10
6.0564913779527556
20
-5.0195908661417326
11
6.0571470472440945
21
-5.018802362204724
0
LINE
8
BLACK
6
CONTINUOUS
10
6.0571470472440945
20
-5.018802362204724
11
6.0574031889763775
21
-5.0187078346456691
0
LINE
8
BLACK
6
CONTINUOUS
10
6.0574031889763775
20
-5.0187078346456691
11
6.0575787007874018
21
-5.0184987007874016
0
LINE
8
BLACK
6
CONTINUOUS
10
6.0575787007874018
20
-5.0184987007874016
11
6.0583280708661418
21
-5.0183665354330707
0
LINE
8
BLACK
6
CONTINUOUS
10
6.0583280708661418
20
-5.0183665354330707
11
6.0590419291338584
21
-5.0181031496062989
0
LINE
8
BLACK
6
CONTINUOUS
10
6.0590419291338584
20
-5.0181031496062989
11
6.0592988582677165
21
-5.0181953543307083
0
LINE
8
BLACK
6
CONTINUOUS
10
6.1005437007874015
20
-5.0181953543307083
11
6.1008126771653544
21
-5.0181479527559052
0
LINE
8
BLACK
6
CONTINUOUS
10
6.1008126771653544
20
-5.0181479527559052
11
6.1014716141732279
21
-5.0185283858267713
0
LINE
8
BLACK
6
CONTINUOUS
10
6.1014716141732279
20
-5.0185283858267713
11
6.1021878346456688
21
-5.0187854724409444
0
LINE
8
BLACK
6
CONTINUOUS
10
6.1021878346456688
20
-5.0187854724409444
11
6.1023254330708658
21
-5.019021338582677
0
LINE
8
BLACK
6
CONTINUOUS
10
6.1023254330708658
20
-5.019021338582677
11
6.1025618503937009
21
-5.0191578740157476
0
LINE
8
BLACK
6
CONTINUOUS
10
6.1025618503937009
20
-5.0191578740157476
11
6.1028220472440946
21
-5.0198727559055119
0
LINE
8
BLACK
6
CONTINUOUS
10
6.1028220472440946
20
-5.0198727559055119
11
6.1032055118110238
21
-5.0205301574803149
0
LINE
8
BLACK
6
CONTINUOUS
10
6.1032055118110238
20
-5.0205301574803149
11
6.1031592519685036
21
-5.0207992519685041
0
LINE
8
BLACK
6
CONTINUOUS
10
6.1031592519685036
20
-5.0207992519685041
11
6.1032526771653544
21
-5.0210558661417322
0
LINE
8
BLACK
6
CONTINUOUS
10
6.1032526771653544
20
-5.0210558661417322
11
6.1032526771653544
21
-5.0604259448818896
0
LINE
8
BLACK
6
CONTINUOUS
10
6.1032526771653544
20
-5.0604259448818896
11
6.1030746062992121
21
-5.061435866141732
0
LINE
8
BLACK
6
CONTINUOUS
10
6.1030746062992121
20
-5.061435866141732
11
6.1017762992125979
21
-5.0629831102362202
0
LINE
8
BLACK
6
CONTINUOUS
10
6.1017762992125979
20
-5.0629831102362202
11
6.0997871653543303
21
-5.0633338582677165
0
LINE
8
BLACK
6
CONTINUOUS
10
6.0997871653543303
20
-5.0633338582677165
11
6.0980379921259837
21
-5.0623239370078741
0
LINE
8
BLACK
6
CONTINUOUS
10
6.0980379921259837
20
-5.0623239370078741
11
6.0973471653543303
21
-5.0604259448818896
0
LINE
8
BLACK
6
CONTINUOUS
10
6.0973471653543303
20
-5.0604259448818896
11
6.0973471653543303
21
-5.0321746062992121
0
LINE
8
BLACK
6
CONTINUOUS
10
6.0973471653543303
20
-5.0321746062992121
11
6.0803664566929134
21
-5.0618909055118113
0
LINE
8
BLACK
6
CONTINUOUS
10
6.0803664566929134
20
-5.0618909055118113
11
6.0797107874015746
21
-5.0626794488188978
0
LINE
8
BLACK
6
CONTINUOUS
10
6.0797107874015746
20
-5.0626794488188978
11
6.0794546062992127
21
-5.0627739370078739
0
LINE
8
BLACK
6
CONTINUOUS
10
6.0794546062992127
20
-5.0627739370078739
11
6.0792791338582672
21
-5.0629831102362202
0
LINE
8
BLACK
6
CONTINUOUS
10
6.0792791338582672
20
-5.0629831102362202
11
6.0785297244094485
21
-5.0631152362204723
0
LINE
8
BLACK
6
CONTINUOUS
10
6.0785297244094485
20
-5.0631152362204723
11
6.0778159055118106
21
-5.0633786614173228
0
LINE
8
BLACK
6
CONTINUOUS
10
6.0778159055118106
20
-5.0633786614173228
11
6.0775589370078738
21
-5.0632864173228347
0
LINE
8
BLACK
6
CONTINUOUS
10
6.0775589370078738
20
-5.0632864173228347
11
6.0772899999999996
21
-5.0633338582677165
0
LINE
8
BLACK
6
CONTINUOUS
10
6.0772899999999996
20
-5.0633338582677165
11
6.0766310236220473
21
-5.0629533858267717
0
LINE
8
BLACK
6
CONTINUOUS
10
6.0766310236220473
20
-5.0629533858267717
11
6.0759148425196852
21
-5.0626963385826773
0
LINE
8
BLACK
6
CONTINUOUS
10
6.0759148425196852
20
-5.0626963385826773
11
6.0757772440944882
21
-5.062460433070866
0
LINE
8
BLACK
6
CONTINUOUS
10
6.0757772440944882
20
-5.062460433070866
11
6.0755408267716531
21
-5.0623239370078741
0
LINE
8
BLACK
6
CONTINUOUS
10
6.0755408267716531
20
-5.0623239370078741
11
6.0752805905511806
21
-5.0616089763779524
0
LINE
8
BLACK
6
CONTINUOUS
10
6.0752805905511806
20
-5.0616089763779524
11
6.0748971653543302
21
-5.060951614173228
0
LINE
8
BLACK
6
CONTINUOUS
10
6.0748971653543302
20
-5.060951614173228
11
6.0749433464566929
21
-5.0606824803149602
0
LINE
8
BLACK
6
CONTINUOUS
10
6.0749433464566929
20
-5.0606824803149602
11
6.0748499999999996
21
-5.0604259448818896
0
LINE
8
BLACK
6
CONTINUOUS
10
6.0748499999999996
20
-5.0604259448818896
11
6.0748499999999996
21
-5.0210558661417322
0
LINE
8
BLACK
6
CONTINUOUS
10
6.0748499999999996
20
-5.0210558661417322
11
6.0750280708661419
21
-5.0200459448818897
0
LINE
8
BLACK
6
CONTINUOUS
10
6.0750280708661419
20
-5.0200459448818897
11
6.0763263779527561
21
-5.0184987007874016
0
LINE
8
BLACK
6
CONTINUOUS
10
6.0763263779527561
20
-5.0184987007874016
11
6.0783155118110237
21
-5.0181479527559052
0
LINE
8
BLACK
6
CONTINUOUS
10
6.0783155118110237
20
-5.0181479527559052
11
6.0800646850393703
21
-5.0191578740157476
0
LINE
8
BLACK
6
CONTINUOUS
10
6.0800646850393703
20
-5.0191578740157476
11
6.0807555118110237
21
-5.0210558661417322
0
LINE
8
BLACK
6
CONTINUOUS
10
6.0807555118110237
20
-5.0210558661417322
11
6.0807555118110237
21
-5.0493071653543309
0
LINE
8
BLACK
6
CONTINUOUS
10
6.0807555118110237
20
-5.0493071653543309
11
6.0977362204724406
21
-5.0195908661417326
0
LINE
8
BLACK
6
CONTINUOUS
10
6.0977362204724406
20
-5.0195908661417326
11
6.0983918897637794
21
-5.018802362204724
0
LINE
8
BLACK
6
CONTINUOUS
10
6.0983918897637794
20
-5.018802362204724
11
6.0986480314960625
21
-5.0187078346456691
0
LINE
8
BLACK
6
CONTINUOUS
10
6.0986480314960625
20
-5.0187078346456691
11
6.0988235433070868
21
-5.0184987007874016
0
LINE
8
BLACK
6
CONTINUOUS
10
6.0988235433070868
20
-5.0184987007874016
11
6.0995729133858267
21
-5.0183665354330707
0
LINE
8
BLACK
6
CONTINUOUS
10
6.0995729133858267
20
-5.0183665354330707
11
6.1002867716535434
21
-5.0181031496062989
0
LINE
8
BLACK
6
CONTINUOUS
10
6.1002867716535434
20
-5.0181031496062989
11
6.1005437007874015
21
-5.0181953543307083
0
LINE
8
BLACK
6
CONTINUOUS
10
4.3186125196850389
20
-5.0189207480314959
11
4.3195077165354325
21
-5.0207313385826771
0
LINE
8
BLACK
6
CONTINUOUS
10
4.3195077165354325
20
-5.0207313385826771
11
4.3190297244094484
21
-5.0226937795275592
0
LINE
8
BLACK
6
CONTINUOUS
10
4.3190297244094484
20
-5.0226937795275592
11
4.306998307086614
21
-5.0407409055118109
0
LINE
8
BLACK
6
CONTINUOUS
10
4.306998307086614
20
-5.0407409055118109
11
4.3190297244094484
21
-5.0587880314960625
0
LINE
8
BLACK
6
CONTINUOUS
10
4.3190297244094484
20
-5.0587880314960625
11
4.3194417716535431
21
-5.059727125984252
0
LINE
8
BLACK
6
CONTINUOUS
10
4.3194417716535431
20
-5.059727125984252
11
4.3192197637795271
21
-5.0617346850393696
0
LINE
8
BLACK
6
CONTINUOUS
10
4.3192197637795271
20
-5.0617346850393696
11
4.3177592519685035
21
-5.0631298818897639
0
LINE
8
BLACK
6
CONTINUOUS
10
4.3177592519685035
20
-5.0631298818897639
11
4.315743661417323
21
-5.0632598425196846
0
LINE
8
BLACK
6
CONTINUOUS
10
4.315743661417323
20
-5.0632598425196846
11
4.3141160236220468
21
-5.0620638188976379
0
LINE
8
BLACK
6
CONTINUOUS
10
4.3141160236220468
20
-5.0620638188976379
11
4.3034495275590547
21
-5.0460640551181104
0
LINE
8
BLACK
6
CONTINUOUS
10
4.3034495275590547
20
-5.0460640551181104
11
4.2927830314960627
21
-5.0620638188976379
0
LINE
8
BLACK
6
CONTINUOUS
10
4.2927830314960627
20
-5.0620638188976379
11
4.2920746456692909
21
-5.0628053543307088
0
LINE
8
BLACK
6
CONTINUOUS
10
4.2920746456692909
20
-5.0628053543307088
11
4.2901361417322832
21
-5.0633725984251967
0
LINE
8
BLACK
6
CONTINUOUS
10
4.2901361417322832
20
-5.0633725984251967
11
4.2882865354330706
21
-5.0625610629921258
0
LINE
8
BLACK
6
CONTINUOUS
10
4.2882865354330706
20
-5.0625610629921258
11
4.287391338582677
21
-5.0607504724409447
0
LINE
8
BLACK
6
CONTINUOUS
10
4.287391338582677
20
-5.0607504724409447
11
4.2878693307086611
21
-5.0587880708661412
0
LINE
8
BLACK
6
CONTINUOUS
10
4.2878693307086611
20
-5.0587880708661412
11
4.2999007480314964
21
-5.0407409055118109
0
LINE
8
BLACK
6
CONTINUOUS
10
4.2999007480314964
20
-5.0407409055118109
11
4.2878693307086611
21
-5.0226937401574805
0
LINE
8
BLACK
6
CONTINUOUS
10
4.2878693307086611
20
-5.0226937401574805
11
4.2874572834645672
21
-5.0217546850393697
0
LINE
8
BLACK
6
CONTINUOUS
10
4.2874572834645672
20
-5.0217546850393697
11
4.2876792913385824
21
-5.0197471259842521
0
LINE
8
BLACK
6
CONTINUOUS
10
4.2876792913385824
20
-5.0197471259842521
11
4.289139803149606
21
-5.0183519291338579
0
LINE
8
BLACK
6
CONTINUOUS
10
4.289139803149606
20
-5.0183519291338579
11
4.2911553937007874
21
-5.0182219685039371
0
LINE
8
BLACK
6
CONTINUOUS
10
4.2911553937007874
20
-5.0182219685039371
11
4.2927830314960627
21
-5.0194179921259838
0
LINE
8
BLACK
6
CONTINUOUS
10
4.2927830314960627
20
-5.0194179921259838
11
4.3034495275590547
21
-5.0354177165354326
0
LINE
8
BLACK
6
CONTINUOUS
10
4.3034495275590547
20
-5.0354177165354326
11
4.3141160236220468
21
-5.0194179921259838
0
LINE
8
BLACK
6
CONTINUOUS
10
4.3141160236220468
20
-5.0194179921259838
11
4.3148244094488186
21
-5.018676456692913
0
LINE
8
BLACK
6
CONTINUOUS
10
4.3148244094488186
20
-5.018676456692913
11
4.3167629133858263
21
-5.018109212598425
0
LINE
8
BLACK
6
CONTINUOUS
10
4.3167629133858263
20
-5.018109212598425
11
4.3186125196850389
21
-5.0189207480314959
0
LINE
8
BLACK
6
CONTINUOUS
10
5.9186125196850394
20
-5.0189207480314959
11
5.9195077165354331
21
-5.0207313385826771
0
LINE
8
BLACK
6
CONTINUOUS
10
5.9195077165354331
20
-5.0207313385826771
11
5.919029724409449
21
-5.0226937795275592
0
LINE
8
BLACK
6
CONTINUOUS
10
5.919029724409449
20
-5.0226937795275592
11
5.9069983070866137
21
-5.0407409055118109
0
LINE
8
BLACK
6
CONTINUOUS
10
5.9069983070866137
20
-5.0407409055118109
11
5.919029724409449
21
-5.0587880314960625
0
LINE
8
BLACK
6
CONTINUOUS
10
5.919029724409449
20
-5.0587880314960625
11
5.9194417716535428
21
-5.059727125984252
0
LINE
8
BLACK
6
CONTINUOUS
10
5.9194417716535428
20
-5.059727125984252
11
5.9192197637795276
21
-5.0617346850393696
0
LINE
8
BLACK
6
CONTINUOUS
10
5.9192197637795276
20
-5.0617346850393696
11
5.9177592519685041
21
-5.0631298818897639
0
LINE
8
BLACK
6
CONTINUOUS
10
5.9177592519685041
20
-5.0631298818897639
11
5.9157436614173227
21
-5.0632598425196846
0
LINE
8
BLACK
6
CONTINUOUS
10
5.9157436614173227
20
-5.0632598425196846
11
5.9141160236220474
21
-5.0620638188976379
0
LINE
8
BLACK
6
CONTINUOUS
10
5.9141160236220474
20
-5.0620638188976379
11
5.9034495275590553
21
-5.0460640551181104
0
LINE
8
BLACK
6
CONTINUOUS
10
5.9034495275590553
20
-5.0460640551181104
11
5.8927830314960632
21
-5.0620638188976379
0
LINE
8
BLACK
6
CONTINUOUS
10
5.8927830314960632
20
-5.0620638188976379
11
5.8920746456692914
21
-5.0628053543307088
0
LINE
8
BLACK
6
CONTINUOUS
10
5.8920746456692914
20
-5.0628053543307088
11
5.8901361417322837
21
-5.0633725984251967
0
LINE
8
BLACK
6
CONTINUOUS
10
5.8901361417322837
20
-5.0633725984251967
11
5.8882865354330711
21
-5.0625610629921258
0
LINE
8
BLACK
6
CONTINUOUS
10
5.8882865354330711
20
-5.0625610629921258
11
5.8873913385826766
21
-5.0607504724409447
0
LINE
8
BLACK
6
CONTINUOUS
10
5.8873913385826766
20
-5.0607504724409447
11
5.8878693307086616
21
-5.0587880708661412
0
LINE
8
BLACK
6
CONTINUOUS
10
5.8878693307086616
20
-5.0587880708661412
11
5.899900748031496
21
-5.0407409055118109
0
LINE
8
BLACK
6
CONTINUOUS
10
5.899900748031496
20
-5.0407409055118109
11
5.8878693307086616
21
-5.0226937401574805
0
LINE
8
BLACK
6
CONTINUOUS
10
5.8878693307086616
20
-5.0226937401574805
11
5.8874572834645669
21
-5.0217546850393697
0
LINE
8
BLACK
6
CONTINUOUS
10
5.8874572834645669
20
-5.0217546850393697
11
5.8876792913385829
21
-5.0197471259842521
0
LINE
8
BLACK
6
CONTINUOUS
10
5.8876792913385829
20
-5.0197471259842521
11
5.8891398031496065
21
-5.0183519291338579
0
LINE
8
BLACK
6
CONTINUOUS
10
5.8891398031496065
20
-5.0183519291338579
11
5.891155393700787
21
-5.0182219685039371
0
LINE
8
BLACK
6
CONTINUOUS
10
5.891155393700787
20
-5.0182219685039371
11
5.8927830314960632
21
-5.0194179921259838
0
LINE
8
BLACK
6
CONTINUOUS
10
5.8927830314960632
20
-5.0194179921259838
11
5.9034495275590553
21
-5.0354177165354326
0
LINE
8
BLACK
6
CONTINUOUS
10
5.9034495275590553
20
-5.0354177165354326
11
5.9141160236220474
21
-5.0194179921259838
0
LINE
8
BLACK
6
CONTINUOUS
10
5.9141160236220474
20
-5.0194179921259838
11
5.9148244094488192
21
-5.018676456692913
0
LINE
8
BLACK
6
CONTINUOUS
10
5.9148244094488192
20
-5.018676456692913
11
5.9167629133858268
21
-5.018109212598425
0
LINE
8
BLACK
6
CONTINUOUS
10
5.9167629133858268
20
-5.018109212598425
11
5.9186125196850394
21
-5.0189207480314959
  0
ENDSEC
  0
EOF
