  0
SECTION
  2
HEADER
  9
$ANGBASE
  50
0.0
  9
$ANGDIR
  70
1
  9
$MEASUREMENT
  70
0
  0
ENDSEC
  0
SECTION
  2
TABLES
  0
TABLE
  2
LTYPE
  70
4
  0
LTYPE
  5
40F
  2
CONTINUOUS
  70
0
  3
Solid line
  72
65
  73
0
  40
0.0
  0
LTYPE
  5
410
  2
DASHDOT
 70
0
  3
Dash Dot ____ _ ____ _
 72
65
 73
4
 40
2.0
 49
1.25
 49
-0.25
 49
0.25
 49
-0.25
  0
LTYPE
  5
411
  2
DASHED
 70
0
  3
Dashed __ __ __ __ __
 72
65
 73
2
 40
0.75
 49
0.5
 49
-0.25
  0
LTYPE
  5
43B
  2
DOTTED
 70
0
  3
Dotted .  .  .  .
 72
65
 73
2
 40
0.2
 49
0.0
 49
-0.2
  0
ENDTAB
  0
TABLE
  2
STYLE
  70
4
  0
STYLE
  2
KICAD
  70
0
  40
0
  41
1
  42
1
  50
0
  71
0
  3
isocp.shx
  0
STYLE
  2
KICADB
  70
0
  40
0
  41
1
  42
1
  50
0
  71
0
  3
isocp.shx
  0
STYLE
  2
KICADI
  70
0
  40
0
  41
1
  42
1
  50
15
  71
0
  3
isocp.shx
  0
STYLE
  2
KICADBI
  70
0
  40
0
  41
1
  42
1
  50
15
  71
0
  3
isocp.shx
  0
ENDTAB
  0
TABLE
  2
LAYER
  70
1
  0
LAYER
  2
BLACK
  70
0
  62
7
  6
CONTINUOUS
  0
ENDTAB
  0
ENDSEC
  0
SECTION
  2
ENTITIES
0
LINE
8
BLACK
6
CONTINUOUS
10
5.1795219291338581
20
-6.866597125984252
11
5.1816835039370082
21
-6.8687587007874011
0
LINE
8
BLACK
6
CONTINUOUS
10
5.1816835039370082
20
-6.8687587007874011
11
5.1824746850393701
21
-6.8717114566929132
0
LINE
8
BLACK
6
CONTINUOUS
10
5.1824746850393701
20
-6.8717114566929132
11
5.1824746850393701
21
-6.8883031496062994
0
LINE
8
BLACK
6
CONTINUOUS
10
5.1824746850393701
20
-6.8883031496062994
11
5.1990663779527555
21
-6.8883031496062994
0
LINE
8
BLACK
6
CONTINUOUS
10
5.1990663779527555
20
-6.8883031496062994
11
5.2020191338582675
21
-6.8890943307086614
0
LINE
8
BLACK
6
CONTINUOUS
10
5.2020191338582675
20
-6.8890943307086614
11
5.2041807086614176
21
-6.8912559055118106
0
LINE
8
BLACK
6
CONTINUOUS
10
5.2041807086614176
20
-6.8912559055118106
11
5.2049718897637796
21
-6.8942086614173226
0
LINE
8
BLACK
6
CONTINUOUS
10
5.2049718897637796
20
-6.8942086614173226
11
5.2041807086614176
21
-6.8971614173228346
0
LINE
8
BLACK
6
CONTINUOUS
10
5.2041807086614176
20
-6.8971614173228346
11
5.2020191338582675
21
-6.8993229921259838
0
LINE
8
BLACK
6
CONTINUOUS
10
5.2020191338582675
20
-6.8993229921259838
11
5.1990663779527555
21
-6.9001141732283466
0
LINE
8
BLACK
6
CONTINUOUS
10
5.1990663779527555
20
-6.9001141732283466
11
5.1824746850393701
21
-6.9001141732283466
0
LINE
8
BLACK
6
CONTINUOUS
10
5.1824746850393701
20
-6.9001141732283466
11
5.1824746850393701
21
-6.9167058267716532
0
LINE
8
BLACK
6
CONTINUOUS
10
5.1824746850393701
20
-6.9167058267716532
11
5.1816835039370082
21
-6.9196585826771653
0
LINE
8
BLACK
6
CONTINUOUS
10
5.1816835039370082
20
-6.9196585826771653
11
5.1795219291338581
21
-6.9218201574803144
0
LINE
8
BLACK
6
CONTINUOUS
10
5.1795219291338581
20
-6.9218201574803144
11
5.1765691732283461
21
-6.9226113385826773
0
LINE
8
BLACK
6
CONTINUOUS
10
5.1765691732283461
20
-6.9226113385826773
11
5.1736164173228349
21
-6.9218201574803144
0
LINE
8
BLACK
6
CONTINUOUS
10
5.1736164173228349
20
-6.9218201574803144
11
5.1714548425196849
21
-6.9196585826771653
0
LINE
8
BLACK
6
CONTINUOUS
10
5.1714548425196849
20
-6.9196585826771653
11
5.1706636614173229
21
-6.9167058267716532
0
LINE
8
BLACK
6
CONTINUOUS
10
5.1706636614173229
20
-6.9167058267716532
11
5.1706636614173229
21
-6.9001141732283466
0
LINE
8
BLACK
6
CONTINUOUS
10
5.1706636614173229
20
-6.9001141732283466
11
5.1540719685039367
21
-6.9001141732283466
0
LINE
8
BLACK
6
CONTINUOUS
10
5.1540719685039367
20
-6.9001141732283466
11
5.1511192125984246
21
-6.8993229921259838
0
LINE
8
BLACK
6
CONTINUOUS
10
5.1511192125984246
20
-6.8993229921259838
11
5.1489576377952755
21
-6.8971614173228346
0
LINE
8
BLACK
6
CONTINUOUS
10
5.1489576377952755
20
-6.8971614173228346
11
5.1481664566929135
21
-6.8942086614173226
0
LINE
8
BLACK
6
CONTINUOUS
10
5.1481664566929135
20
-6.8942086614173226
11
5.1489576377952755
21
-6.8912559055118106
0
LINE
8
BLACK
6
CONTINUOUS
10
5.1489576377952755
20
-6.8912559055118106
11
5.1511192125984246
21
-6.8890943307086614
0
LINE
8
BLACK
6
CONTINUOUS
10
5.1511192125984246
20
-6.8890943307086614
11
5.1540719685039367
21
-6.8883031496062994
0
LINE
8
BLACK
6
CONTINUOUS
10
5.1540719685039367
20
-6.8883031496062994
11
5.1706636614173229
21
-6.8883031496062994
0
LINE
8
BLACK
6
CONTINUOUS
10
5.1706636614173229
20
-6.8883031496062994
11
5.1706636614173229
21
-6.8717114566929132
0
LINE
8
BLACK
6
CONTINUOUS
10
5.1706636614173229
20
-6.8717114566929132
11
5.1714548425196849
21
-6.8687587007874011
0
LINE
8
BLACK
6
CONTINUOUS
10
5.1714548425196849
20
-6.8687587007874011
11
5.1736164173228349
21
-6.866597125984252
0
LINE
8
BLACK
6
CONTINUOUS
10
5.1736164173228349
20
-6.866597125984252
11
5.1765691732283461
21
-6.86580594488189
0
LINE
8
BLACK
6
CONTINUOUS
10
5.1765691732283461
20
-6.86580594488189
11
5.1795219291338581
21
-6.866597125984252
0
LINE
8
BLACK
6
CONTINUOUS
10
5.2582620866141729
20
-6.8525363779527559
11
5.260423661417323
21
-6.8546979527559051
0
LINE
8
BLACK
6
CONTINUOUS
10
5.260423661417323
20
-6.8546979527559051
11
5.261214842519685
21
-6.8576507086614171
0
LINE
8
BLACK
6
CONTINUOUS
10
5.261214842519685
20
-6.8576507086614171
11
5.260423661417323
21
-6.8606034645669292
0
LINE
8
BLACK
6
CONTINUOUS
10
5.260423661417323
20
-6.8606034645669292
11
5.2582620866141729
21
-6.8627650393700783
0
LINE
8
BLACK
6
CONTINUOUS
10
5.2582620866141729
20
-6.8627650393700783
11
5.2553093307086609
21
-6.8635562204724412
0
LINE
8
BLACK
6
CONTINUOUS
10
5.2553093307086609
20
-6.8635562204724412
11
5.2325322834645664
21
-6.8635562204724412
0
LINE
8
BLACK
6
CONTINUOUS
10
5.2325322834645664
20
-6.8635562204724412
11
5.2314270078740153
21
-6.874608818897638
0
LINE
8
BLACK
6
CONTINUOUS
10
5.2314270078740153
20
-6.874608818897638
11
5.2315012598425197
21
-6.8745936220472439
0
LINE
8
BLACK
6
CONTINUOUS
10
5.2315012598425197
20
-6.8745936220472439
11
5.2328121653543302
21
-6.8742424015748034
0
LINE
8
BLACK
6
CONTINUOUS
10
5.2328121653543302
20
-6.8742424015748034
11
5.2468728740157475
21
-6.8742424015748034
0
LINE
8
BLACK
6
CONTINUOUS
10
5.2468728740157475
20
-6.8742424015748034
11
5.248184094488189
21
-6.8745937401574801
0
LINE
8
BLACK
6
CONTINUOUS
10
5.248184094488189
20
-6.8745937401574801
11
5.2495138582677168
21
-6.8748658661417323
0
LINE
8
BLACK
6
CONTINUOUS
10
5.2495138582677168
20
-6.8748658661417323
11
5.2551382283464569
21
-6.8776779921259843
0
LINE
8
BLACK
6
CONTINUOUS
10
5.2551382283464569
20
-6.8776779921259843
11
5.2558496062992122
21
-6.8783088188976373
0
LINE
8
BLACK
6
CONTINUOUS
10
5.2558496062992122
20
-6.8783088188976373
11
5.2566730708661416
21
-6.8787842519685034
0
LINE
8
BLACK
6
CONTINUOUS
10
5.2566730708661416
20
-6.8787842519685034
11
5.2594851968503935
21
-6.8815964173228341
0
LINE
8
BLACK
6
CONTINUOUS
10
5.2594851968503935
20
-6.8815964173228341
11
5.2599605511811021
21
-6.882419803149606
0
LINE
8
BLACK
6
CONTINUOUS
10
5.2599605511811021
20
-6.882419803149606
11
5.260591377952756
21
-6.8831311811023621
0
LINE
8
BLACK
6
CONTINUOUS
10
5.260591377952756
20
-6.8831311811023621
11
5.2634035433070867
21
-6.888755433070866
0
LINE
8
BLACK
6
CONTINUOUS
10
5.2634035433070867
20
-6.888755433070866
11
5.2636757086614168
21
-6.8900854330708663
0
LINE
8
BLACK
6
CONTINUOUS
10
5.2636757086614168
20
-6.8900854330708663
11
5.2640270078740157
21
-6.8913964960629919
0
LINE
8
BLACK
6
CONTINUOUS
10
5.2640270078740157
20
-6.8913964960629919
11
5.2640270078740157
21
-6.9054572440944879
0
LINE
8
BLACK
6
CONTINUOUS
10
5.2640270078740157
20
-6.9054572440944879
11
5.2636757086614168
21
-6.9067682677165356
0
LINE
8
BLACK
6
CONTINUOUS
10
5.2636757086614168
20
-6.9067682677165356
11
5.2634035433070867
21
-6.9080983070866138
0
LINE
8
BLACK
6
CONTINUOUS
10
5.2634035433070867
20
-6.9080983070866138
11
5.260591377952756
21
-6.9137225590551177
0
LINE
8
BLACK
6
CONTINUOUS
10
5.260591377952756
20
-6.9137225590551177
11
5.2599605511811021
21
-6.914433897637795
0
LINE
8
BLACK
6
CONTINUOUS
10
5.2599605511811021
20
-6.914433897637795
11
5.2594851968503935
21
-6.9152573228346457
0
LINE
8
BLACK
6
CONTINUOUS
10
5.2594851968503935
20
-6.9152573228346457
11
5.2566730708661416
21
-6.9180694881889764
0
LINE
8
BLACK
6
CONTINUOUS
10
5.2566730708661416
20
-6.9180694881889764
11
5.2558496062992122
21
-6.9185448818897637
0
LINE
8
BLACK
6
CONTINUOUS
10
5.2558496062992122
20
-6.9185448818897637
11
5.2551382283464569
21
-6.9191757480314955
0
LINE
8
BLACK
6
CONTINUOUS
10
5.2551382283464569
20
-6.9191757480314955
11
5.2495138582677168
21
-6.9219878740157474
0
LINE
8
BLACK
6
CONTINUOUS
10
5.2495138582677168
20
-6.9219878740157474
11
5.248184094488189
21
-6.9222599606299209
0
LINE
8
BLACK
6
CONTINUOUS
10
5.248184094488189
20
-6.9222599606299209
11
5.2468728740157475
21
-6.9226113385826773
0
LINE
8
BLACK
6
CONTINUOUS
10
5.2468728740157475
20
-6.9226113385826773
11
5.2328121653543302
21
-6.9226113385826773
0
LINE
8
BLACK
6
CONTINUOUS
10
5.2328121653543302
20
-6.9226113385826773
11
5.2315012598425197
21
-6.9222600787401571
0
LINE
8
BLACK
6
CONTINUOUS
10
5.2315012598425197
20
-6.9222600787401571
11
5.2301711811023619
21
-6.9219879133858262
0
LINE
8
BLACK
6
CONTINUOUS
10
5.2301711811023619
20
-6.9219879133858262
11
5.2245468503937005
21
-6.9191757480314955
0
LINE
8
BLACK
6
CONTINUOUS
10
5.2245468503937005
20
-6.9191757480314955
11
5.2238354724409444
21
-6.9185449606299212
0
LINE
8
BLACK
6
CONTINUOUS
10
5.2238354724409444
20
-6.9185449606299212
11
5.2230119685039371
21
-6.9180694881889764
0
LINE
8
BLACK
6
CONTINUOUS
10
5.2230119685039371
20
-6.9180694881889764
11
5.2201998425196852
21
-6.9152573228346457
0
LINE
8
BLACK
6
CONTINUOUS
10
5.2201998425196852
20
-6.9152573228346457
11
5.2186714173228346
21
-6.9126099606299212
0
LINE
8
BLACK
6
CONTINUOUS
10
5.2186714173228346
20
-6.9126099606299212
11
5.2186714173228346
21
-6.9095530314960625
0
LINE
8
BLACK
6
CONTINUOUS
10
5.2186714173228346
20
-6.9095530314960625
11
5.2201999212598427
21
-6.9069056692913389
0
LINE
8
BLACK
6
CONTINUOUS
10
5.2201999212598427
20
-6.9069056692913389
11
5.2228472834645672
21
-6.9053772440944883
0
LINE
8
BLACK
6
CONTINUOUS
10
5.2228472834645672
20
-6.9053772440944883
11
5.225904212598425
21
-6.9053772440944883
0
LINE
8
BLACK
6
CONTINUOUS
10
5.225904212598425
20
-6.9053772440944883
11
5.2285515748031495
21
-6.9069057480314955
0
LINE
8
BLACK
6
CONTINUOUS
10
5.2285515748031495
20
-6.9069057480314955
11
5.2306860629921257
21
-6.9090402362204726
0
LINE
8
BLACK
6
CONTINUOUS
10
5.2306860629921257
20
-6.9090402362204726
11
5.2342062204724407
21
-6.9108003149606301
0
LINE
8
BLACK
6
CONTINUOUS
10
5.2342062204724407
20
-6.9108003149606301
11
5.245478818897638
21
-6.9108003149606301
0
LINE
8
BLACK
6
CONTINUOUS
10
5.245478818897638
20
-6.9108003149606301
11
5.2489990157480317
21
-6.9090401968503938
0
LINE
8
BLACK
6
CONTINUOUS
10
5.2489990157480317
20
-6.9090401968503938
11
5.2504558267716535
21
-6.9075833464566925
0
LINE
8
BLACK
6
CONTINUOUS
10
5.2504558267716535
20
-6.9075833464566925
11
5.2522159842519685
21
-6.90406311023622
0
LINE
8
BLACK
6
CONTINUOUS
10
5.2522159842519685
20
-6.90406311023622
11
5.2522159842519685
21
-6.892790590551181
0
LINE
8
BLACK
6
CONTINUOUS
10
5.2522159842519685
20
-6.892790590551181
11
5.2504558267716535
21
-6.8892703543307086
0
LINE
8
BLACK
6
CONTINUOUS
10
5.2504558267716535
20
-6.8892703543307086
11
5.2489990157480317
21
-6.8878135039370081
0
LINE
8
BLACK
6
CONTINUOUS
10
5.2489990157480317
20
-6.8878135039370081
11
5.245478818897638
21
-6.8860534251968506
0
LINE
8
BLACK
6
CONTINUOUS
10
5.245478818897638
20
-6.8860534251968506
11
5.2342062204724407
21
-6.8860534251968506
0
LINE
8
BLACK
6
CONTINUOUS
10
5.2342062204724407
20
-6.8860534251968506
11
5.2306860629921257
21
-6.8878134645669293
0
LINE
8
BLACK
6
CONTINUOUS
10
5.2306860629921257
20
-6.8878134645669293
11
5.2285515748031495
21
-6.8899479921259843
0
LINE
8
BLACK
6
CONTINUOUS
10
5.2285515748031495
20
-6.8899479921259843
11
5.2276292519685041
21
-6.8904804724409443
0
LINE
8
BLACK
6
CONTINUOUS
10
5.2276292519685041
20
-6.8904804724409443
11
5.2268049212598422
21
-6.8911549606299207
0
LINE
8
BLACK
6
CONTINUOUS
10
5.2268049212598422
20
-6.8911549606299207
11
5.2263251968503939
21
-6.8912334251968499
0
LINE
8
BLACK
6
CONTINUOUS
10
5.2263251968503939
20
-6.8912334251968499
11
5.225904212598425
21
-6.8914764960629924
0
LINE
8
BLACK
6
CONTINUOUS
10
5.225904212598425
20
-6.8914764960629924
11
5.2248392125984253
21
-6.8914764960629924
0
LINE
8
BLACK
6
CONTINUOUS
10
5.2248392125984253
20
-6.8914764960629924
11
5.22378811023622
21
-6.8916484251968502
0
LINE
8
BLACK
6
CONTINUOUS
10
5.22378811023622
20
-6.8916484251968502
11
5.2233333464566929
21
-6.8914764960629924
0
LINE
8
BLACK
6
CONTINUOUS
10
5.2233333464566929
20
-6.8914764960629924
11
5.2228472834645672
21
-6.8914764960629924
0
LINE
8
BLACK
6
CONTINUOUS
10
5.2228472834645672
20
-6.8914764960629924
11
5.2219250393700785
21
-6.8909440157480315
0
LINE
8
BLACK
6
CONTINUOUS
10
5.2219250393700785
20
-6.8909440157480315
11
5.2209287007874012
21
-6.8905673622047239
0
LINE
8
BLACK
6
CONTINUOUS
10
5.2209287007874012
20
-6.8905673622047239
11
5.2206208267716532
21
-6.8901910629921259
0
LINE
8
BLACK
6
CONTINUOUS
10
5.2206208267716532
20
-6.8901910629921259
11
5.2201999212598427
21
-6.8899480708661418
0
LINE
8
BLACK
6
CONTINUOUS
10
5.2201999212598427
20
-6.8899480708661418
11
5.219667401574803
21
-6.8890257480314956
0
LINE
8
BLACK
6
CONTINUOUS
10
5.219667401574803
20
-6.8890257480314956
11
5.2189929527559054
21
-6.8882014173228345
0
LINE
8
BLACK
6
CONTINUOUS
10
5.2189929527559054
20
-6.8882014173228345
11
5.2189144488188974
21
-6.8877216929133853
0
LINE
8
BLACK
6
CONTINUOUS
10
5.2189144488188974
20
-6.8877216929133853
11
5.2186714173228346
21
-6.8873007086614173
0
LINE
8
BLACK
6
CONTINUOUS
10
5.2186714173228346
20
-6.8873007086614173
11
5.2186714173228346
21
-6.886235669291338
0
LINE
8
BLACK
6
CONTINUOUS
10
5.2186714173228346
20
-6.886235669291338
11
5.2184994881889759
21
-6.8851846062992124
0
LINE
8
BLACK
6
CONTINUOUS
10
5.2184994881889759
20
-6.8851846062992124
11
5.2213116141732279
21
-6.8570631102362203
0
LINE
8
BLACK
6
CONTINUOUS
10
5.2213116141732279
20
-6.8570631102362203
11
5.2217515354330706
21
-6.8558994488188976
0
LINE
8
BLACK
6
CONTINUOUS
10
5.2217515354330706
20
-6.8558994488188976
11
5.2220735039370076
21
-6.8546979527559051
0
LINE
8
BLACK
6
CONTINUOUS
10
5.2220735039370076
20
-6.8546979527559051
11
5.2222862598425195
21
-6.8544851574803145
0
LINE
8
BLACK
6
CONTINUOUS
10
5.2222862598425195
20
-6.8544851574803145
11
5.2223926771653542
21
-6.8542037401574802
0
LINE
8
BLACK
6
CONTINUOUS
10
5.2223926771653542
20
-6.8542037401574802
11
5.2233553937007873
21
-6.8534160236220467
0
LINE
8
BLACK
6
CONTINUOUS
10
5.2233553937007873
20
-6.8534160236220467
11
5.2242350787401577
21
-6.8525363779527559
0
LINE
8
BLACK
6
CONTINUOUS
10
5.2242350787401577
20
-6.8525363779527559
11
5.2245257086614174
21
-6.8524584645669293
0
LINE
8
BLACK
6
CONTINUOUS
10
5.2245257086614174
20
-6.8524584645669293
11
5.2247586220472444
21
-6.8522679527559056
0
LINE
8
BLACK
6
CONTINUOUS
10
5.2247586220472444
20
-6.8522679527559056
11
5.2259861811023622
21
-6.8520671653543301
0
LINE
8
BLACK
6
CONTINUOUS
10
5.2259861811023622
20
-6.8520671653543301
11
5.2271878346456688
21
-6.851745196850394
0
LINE
8
BLACK
6
CONTINUOUS
10
5.2271878346456688
20
-6.851745196850394
11
5.2553093307086609
21
-6.851745196850394
0
LINE
8
BLACK
6
CONTINUOUS
10
5.2553093307086609
20
-6.851745196850394
11
5.2582620866141729
21
-6.8525363779527559
0
LINE
8
BLACK
6
CONTINUOUS
10
5.316231929133858
20
-6.8520482283464563
11
5.3187829921259837
21
-6.8537325590551177
0
LINE
8
BLACK
6
CONTINUOUS
10
5.3187829921259837
20
-6.8537325590551177
11
5.3201500787401574
21
-6.856466771653543
0
LINE
8
BLACK
6
CONTINUOUS
10
5.3201500787401574
20
-6.856466771653543
11
5.3199669291338578
21
-6.8595181889763781
0
LINE
8
BLACK
6
CONTINUOUS
10
5.3199669291338578
20
-6.8595181889763781
11
5.3002818503937004
21
-6.9185733070866142
0
LINE
8
BLACK
6
CONTINUOUS
10
5.3002818503937004
20
-6.9185733070866142
11
5.2996284645669292
21
-6.9195628740157478
0
LINE
8
BLACK
6
CONTINUOUS
10
5.2996284645669292
20
-6.9195628740157478
11
5.299097952755905
21
-6.9206239763779527
0
LINE
8
BLACK
6
CONTINUOUS
10
5.299097952755905
20
-6.9206239763779527
11
5.2987964960629919
21
-6.9208229921259843
0
LINE
8
BLACK
6
CONTINUOUS
10
5.2987964960629919
20
-6.9208229921259843
11
5.2985975590551178
21
-6.9211243307086612
0
LINE
8
BLACK
6
CONTINUOUS
10
5.2985975590551178
20
-6.9211243307086612
11
5.2975368110236216
21
-6.9216546850393703
0
LINE
8
BLACK
6
CONTINUOUS
10
5.2975368110236216
20
-6.9216546850393703
11
5.2965468897637793
21
-6.922308307086614
0
LINE
8
BLACK
6
CONTINUOUS
10
5.2965468897637793
20
-6.922308307086614
11
5.2961863385826771
21
-6.9223299212598421
0
LINE
8
BLACK
6
CONTINUOUS
10
5.2961863385826771
20
-6.9223299212598421
11
5.2958633464566924
21
-6.9224914566929137
0
LINE
8
BLACK
6
CONTINUOUS
10
5.2958633464566924
20
-6.9224914566929137
11
5.2946795275590546
21
-6.9224203543307086
0
LINE
8
BLACK
6
CONTINUOUS
10
5.2946795275590546
20
-6.9224203543307086
11
5.2934954724409451
21
-6.9224914566929137
0
LINE
8
BLACK
6
CONTINUOUS
10
5.2934954724409451
20
-6.9224914566929137
11
5.2931723622047242
21
-6.9223298818897634
0
LINE
8
BLACK
6
CONTINUOUS
10
5.2931723622047242
20
-6.9223298818897634
11
5.2928119291338582
21
-6.9223082677165353
0
LINE
8
BLACK
6
CONTINUOUS
10
5.2928119291338582
20
-6.9223082677165353
11
5.2918223228346459
21
-6.9216548818897632
0
LINE
8
BLACK
6
CONTINUOUS
10
5.2918223228346459
20
-6.9216548818897632
11
5.2907612598425198
21
-6.9211243700787399
0
LINE
8
BLACK
6
CONTINUOUS
10
5.2907612598425198
20
-6.9211243700787399
11
5.2905622047244094
21
-6.9208229133858268
0
LINE
8
BLACK
6
CONTINUOUS
10
5.2905622047244094
20
-6.9208229133858268
11
5.2902609055118113
21
-6.9206239763779527
0
LINE
8
BLACK
6
CONTINUOUS
10
5.2902609055118113
20
-6.9206239763779527
11
5.2897304330708659
21
-6.9195630708661415
0
LINE
8
BLACK
6
CONTINUOUS
10
5.2897304330708659
20
-6.9195630708661415
11
5.2890769685039372
21
-6.9185733070866142
0
LINE
8
BLACK
6
CONTINUOUS
10
5.2890769685039372
20
-6.9185733070866142
11
5.2693919291338585
21
-6.8595181889763781
0
LINE
8
BLACK
6
CONTINUOUS
10
5.2693919291338585
20
-6.8595181889763781
11
5.2692087401574801
21
-6.856466771653543
0
LINE
8
BLACK
6
CONTINUOUS
10
5.2692087401574801
20
-6.856466771653543
11
5.2705758661417326
21
-6.8537325590551177
0
LINE
8
BLACK
6
CONTINUOUS
10
5.2705758661417326
20
-6.8537325590551177
11
5.2731268897637795
21
-6.8520482677165351
0
LINE
8
BLACK
6
CONTINUOUS
10
5.2731268897637795
20
-6.8520482677165351
11
5.2761783070866137
21
-6.8518650787401576
0
LINE
8
BLACK
6
CONTINUOUS
10
5.2761783070866137
20
-6.8518650787401576
11
5.2789125196850391
21
-6.8532322047244092
0
LINE
8
BLACK
6
CONTINUOUS
10
5.2789125196850391
20
-6.8532322047244092
11
5.2805968110236217
21
-6.8557832283464561
0
LINE
8
BLACK
6
CONTINUOUS
10
5.2805968110236217
20
-6.8557832283464561
11
5.2946794094488192
21
-6.8980309448818895
0
LINE
8
BLACK
6
CONTINUOUS
10
5.2946794094488192
20
-6.8980309448818895
11
5.3087620078740159
21
-6.8557832283464561
0
LINE
8
BLACK
6
CONTINUOUS
10
5.3087620078740159
20
-6.8557832283464561
11
5.3104462992125985
21
-6.8532321653543304
0
LINE
8
BLACK
6
CONTINUOUS
10
5.3104462992125985
20
-6.8532321653543304
11
5.3131805118110238
21
-6.8518650787401576
0
LINE
8
BLACK
6
CONTINUOUS
10
5.3131805118110238
20
-6.8518650787401576
11
5.316231929133858
21
-6.8520482283464563
0
LINE
8
BLACK
6
CONTINUOUS
10
5.1417002755905514
20
-6.8306796850393701
11
5.1419885433070869
21
-6.8313756692913383
0
LINE
8
BLACK
6
CONTINUOUS
10
5.1419885433070869
20
-6.8313756692913383
11
5.1419885433070869
21
-6.8426242519685037
0
LINE
8
BLACK
6
CONTINUOUS
10
5.1419885433070869
20
-6.8426242519685037
11
5.1417002755905514
21
-6.8433202362204719
0
LINE
8
BLACK
6
CONTINUOUS
10
5.1417002755905514
20
-6.8433202362204719
11
5.1410042913385823
21
-6.8436085039370074
0
LINE
8
BLACK
6
CONTINUOUS
10
5.1410042913385823
20
-6.8436085039370074
11
5.140308307086614
21
-6.8433202362204719
0
LINE
8
BLACK
6
CONTINUOUS
10
5.140308307086614
20
-6.8433202362204719
11
5.1400200393700786
21
-6.8426242519685037
0
LINE
8
BLACK
6
CONTINUOUS
10
5.1400200393700786
20
-6.8426242519685037
11
5.1400200393700786
21
-6.8379842125984247
0
LINE
8
BLACK
6
CONTINUOUS
10
5.1400200393700786
20
-6.8379842125984247
11
5.124570039370079
21
-6.8379842125984247
0
LINE
8
BLACK
6
CONTINUOUS
10
5.124570039370079
20
-6.8379842125984247
11
5.1246774015748029
21
-6.8380557874015748
0
LINE
8
BLACK
6
CONTINUOUS
10
5.1246774015748029
20
-6.8380557874015748
11
5.1247337401574802
21
-6.8381399212598426
0
LINE
8
BLACK
6
CONTINUOUS
10
5.1247337401574802
20
-6.8381399212598426
11
5.1248274015748034
21
-6.8381787401574803
0
LINE
8
BLACK
6
CONTINUOUS
10
5.1248274015748034
20
-6.8381787401574803
11
5.1267021259842522
21
-6.8400535039370078
0
LINE
8
BLACK
6
CONTINUOUS
10
5.1267021259842522
20
-6.8400535039370078
11
5.1267640944881885
21
-6.8402031496062987
0
LINE
8
BLACK
6
CONTINUOUS
10
5.1267640944881885
20
-6.8402031496062987
11
5.126886535433071
21
-6.8403093307086609
0
LINE
8
BLACK
6
CONTINUOUS
10
5.126886535433071
20
-6.8403093307086609
11
5.1278238976377954
21
-6.8421840551181097
0
LINE
8
BLACK
6
CONTINUOUS
10
5.1278238976377954
20
-6.8421840551181097
11
5.1278772834645672
21
-6.8429355118110236
0
LINE
8
BLACK
6
CONTINUOUS
10
5.1278772834645672
20
-6.8429355118110236
11
5.1273837007874015
21
-6.8435045669291341
0
LINE
8
BLACK
6
CONTINUOUS
10
5.1273837007874015
20
-6.8435045669291341
11
5.1266322834645672
21
-6.8435579921259837
0
LINE
8
BLACK
6
CONTINUOUS
10
5.1266322834645672
20
-6.8435579921259837
11
5.1260631889763779
21
-6.8430644094488189
0
LINE
8
BLACK
6
CONTINUOUS
10
5.1260631889763779
20
-6.8430644094488189
11
5.125197204724409
21
-6.8413324803149607
0
LINE
8
BLACK
6
CONTINUOUS
10
5.125197204724409
20
-6.8413324803149607
11
5.1235042125984247
21
-6.8396394881889764
0
LINE
8
BLACK
6
CONTINUOUS
10
5.1235042125984247
20
-6.8396394881889764
11
5.1207733070866137
21
-6.8378188976377947
0
LINE
8
BLACK
6
CONTINUOUS
10
5.1207733070866137
20
-6.8378188976377947
11
5.1207169291338586
21
-6.8377347244094491
0
LINE
8
BLACK
6
CONTINUOUS
10
5.1207169291338586
20
-6.8377347244094491
11
5.1206232677165353
21
-6.8376959448818893
0
LINE
8
BLACK
6
CONTINUOUS
10
5.1206232677165353
20
-6.8376959448818893
11
5.1205135433070863
21
-6.8374310629921258
0
LINE
8
BLACK
6
CONTINUOUS
10
5.1205135433070863
20
-6.8374310629921258
11
5.1203540944881887
21
-6.837192992125984
0
LINE
8
BLACK
6
CONTINUOUS
10
5.1203540944881887
20
-6.837192992125984
11
5.12037374015748
21
-6.8370935433070867
0
LINE
8
BLACK
6
CONTINUOUS
10
5.12037374015748
20
-6.8370935433070867
11
5.1203349999999999
21
-6.836999960629921
0
LINE
8
BLACK
6
CONTINUOUS
10
5.1203349999999999
20
-6.836999960629921
11
5.1204446850393701
21
-6.8367351181102363
0
LINE
8
BLACK
6
CONTINUOUS
10
5.1204446850393701
20
-6.8367351181102363
11
5.1205003149606299
21
-6.8364540157480311
0
LINE
8
BLACK
6
CONTINUOUS
10
5.1205003149606299
20
-6.8364540157480311
11
5.1205844488188976
21
-6.8363976377952751
0
LINE
8
BLACK
6
CONTINUOUS
10
5.1205844488188976
20
-6.8363976377952751
11
5.1206232677165353
21
-6.8363039763779527
0
LINE
8
BLACK
6
CONTINUOUS
10
5.1206232677165353
20
-6.8363039763779527
11
5.12088811023622
21
-6.8361942519685037
0
LINE
8
BLACK
6
CONTINUOUS
10
5.12088811023622
20
-6.8361942519685037
11
5.1211262204724406
21
-6.8360348031496061
0
LINE
8
BLACK
6
CONTINUOUS
10
5.1211262204724406
20
-6.8360348031496061
11
5.12122562992126
21
-6.8360544488188975
0
LINE
8
BLACK
6
CONTINUOUS
10
5.12122562992126
20
-6.8360544488188975
11
5.1213192519685036
21
-6.8360157086614173
0
LINE
8
BLACK
6
CONTINUOUS
10
5.1213192519685036
20
-6.8360157086614173
11
5.1400200393700786
21
-6.8360157086614173
0
LINE
8
BLACK
6
CONTINUOUS
10
5.1400200393700786
20
-6.8360157086614173
11
5.1400200393700786
21
-6.8313756692913383
0
LINE
8
BLACK
6
CONTINUOUS
10
5.1400200393700786
20
-6.8313756692913383
11
5.140308307086614
21
-6.8306796850393701
0
LINE
8
BLACK
6
CONTINUOUS
10
5.140308307086614
20
-6.8306796850393701
11
5.1410042913385823
21
-6.8303914173228346
0
LINE
8
BLACK
6
CONTINUOUS
10
5.1410042913385823
20
-6.8303914173228346
11
5.1417002755905514
21
-6.8306796850393701
0
LINE
8
BLACK
6
CONTINUOUS
10
5.1619999999999999
20
-6.8019999999999996
11
5.1020000000000003
21
-6.8019999999999996
0
LINE
8
BLACK
6
CONTINUOUS
10
5.1020000000000003
20
-6.8019999999999996
11
5.1020000000000003
21
-6.742
0
LINE
8
BLACK
6
CONTINUOUS
10
5.1020000000000003
20
-6.742
11
5.1619999999999999
21
-6.742
0
LINE
8
BLACK
6
CONTINUOUS
10
5.1619999999999999
20
-6.742
11
5.1619999999999999
21
-6.8019999999999996
0
LINE
8
BLACK
6
CONTINUOUS
10
5.2619999999999996
20
-6.8019999999999996
11
5.202
21
-6.8019999999999996
0
LINE
8
BLACK
6
CONTINUOUS
10
5.202
20
-6.8019999999999996
11
5.202
21
-6.742
0
LINE
8
BLACK
6
CONTINUOUS
10
5.202
20
-6.742
11
5.2619999999999996
21
-6.742
0
LINE
8
BLACK
6
CONTINUOUS
10
5.2619999999999996
20
-6.742
11
5.2619999999999996
21
-6.8019999999999996
0
LINE
8
BLACK
6
CONTINUOUS
10
5.3620000000000001
20
-6.8019999999999996
11
5.3019999999999996
21
-6.8019999999999996
0
LINE
8
BLACK
6
CONTINUOUS
10
5.3019999999999996
20
-6.8019999999999996
11
5.3019999999999996
21
-6.742
0
LINE
8
BLACK
6
CONTINUOUS
10
5.3019999999999996
20
-6.742
11
5.3620000000000001
21
-6.742
0
LINE
8
BLACK
6
CONTINUOUS
10
5.3620000000000001
20
-6.742
11
5.3620000000000001
21
-6.8019999999999996
0
LINE
8
BLACK
6
CONTINUOUS
10
5.1619999999999999
20
-6.702
11
5.1020000000000003
21
-6.702
0
LINE
8
BLACK
6
CONTINUOUS
10
5.1020000000000003
20
-6.702
11
5.1020000000000003
21
-6.6419999999999995
0
LINE
8
BLACK
6
CONTINUOUS
10
5.1020000000000003
20
-6.6419999999999995
11
5.1619999999999999
21
-6.6419999999999995
0
LINE
8
BLACK
6
CONTINUOUS
10
5.1619999999999999
20
-6.6419999999999995
11
5.1619999999999999
21
-6.702
0
LINE
8
BLACK
6
CONTINUOUS
10
5.2619999999999996
20
-6.702
11
5.202
21
-6.702
0
LINE
8
BLACK
6
CONTINUOUS
10
5.202
20
-6.702
11
5.202
21
-6.6419999999999995
0
LINE
8
BLACK
6
CONTINUOUS
10
5.202
20
-6.6419999999999995
11
5.2619999999999996
21
-6.6419999999999995
0
LINE
8
BLACK
6
CONTINUOUS
10
5.2619999999999996
20
-6.6419999999999995
11
5.2619999999999996
21
-6.702
0
LINE
8
BLACK
6
CONTINUOUS
10
5.3620000000000001
20
-6.702
11
5.3019999999999996
21
-6.702
0
LINE
8
BLACK
6
CONTINUOUS
10
5.3019999999999996
20
-6.702
11
5.3019999999999996
21
-6.6419999999999995
0
LINE
8
BLACK
6
CONTINUOUS
10
5.3019999999999996
20
-6.6419999999999995
11
5.3620000000000001
21
-6.6419999999999995
0
LINE
8
BLACK
6
CONTINUOUS
10
5.3620000000000001
20
-6.6419999999999995
11
5.3620000000000001
21
-6.702
0
LINE
8
BLACK
6
CONTINUOUS
10
5.3823835039370076
20
-6.6191148425196848
11
5.3825127559055117
21
-6.6190920866141729
0
LINE
8
BLACK
6
CONTINUOUS
10
5.3825127559055117
20
-6.6190920866141729
11
5.3826263385826767
21
-6.6191576771653544
0
LINE
8
BLACK
6
CONTINUOUS
10
5.3826263385826767
20
-6.6191576771653544
11
5.3830099212598421
21
-6.6192253149606302
0
LINE
8
BLACK
6
CONTINUOUS
10
5.3830099212598421
20
-6.6192253149606302
11
5.3835975984251965
21
-6.6197184251968499
0
LINE
8
BLACK
6
CONTINUOUS
10
5.3835975984251965
20
-6.6197184251968499
11
5.3842619291338583
21
-6.6201020078740154
0
LINE
8
BLACK
6
CONTINUOUS
10
5.3842619291338583
20
-6.6201020078740154
11
5.3843530314960626
21
-6.6203523228346457
0
LINE
8
BLACK
6
CONTINUOUS
10
5.3843530314960626
20
-6.6203523228346457
11
5.3845571653543303
21
-6.6205236220472443
0
LINE
8
BLACK
6
CONTINUOUS
10
5.3845571653543303
20
-6.6205236220472443
11
5.3846903937007875
21
-6.6212791732283467
0
LINE
8
BLACK
6
CONTINUOUS
10
5.3846903937007875
20
-6.6212791732283467
11
5.3849527559055117
21
-6.6219999999999999
0
LINE
8
BLACK
6
CONTINUOUS
10
5.3849527559055117
20
-6.6219999999999999
11
5.3849527559055117
21
-6.8220000000000001
0
LINE
8
BLACK
6
CONTINUOUS
10
5.3849527559055117
20
-6.8220000000000001
11
5.384885118110236
21
-6.822383503937008
0
LINE
8
BLACK
6
CONTINUOUS
10
5.384885118110236
20
-6.822383503937008
11
5.3849079133858266
21
-6.8225127559055121
0
LINE
8
BLACK
6
CONTINUOUS
10
5.3849079133858266
20
-6.8225127559055121
11
5.3848422834645664
21
-6.8226263385826771
0
LINE
8
BLACK
6
CONTINUOUS
10
5.3848422834645664
20
-6.8226263385826771
11
5.3847746850393703
21
-6.8230099212598425
0
LINE
8
BLACK
6
CONTINUOUS
10
5.3847746850393703
20
-6.8230099212598425
11
5.3842815354330709
21
-6.8235975984251969
0
LINE
8
BLACK
6
CONTINUOUS
10
5.3842815354330709
20
-6.8235975984251969
11
5.3838979921259842
21
-6.8242619291338578
0
LINE
8
BLACK
6
CONTINUOUS
10
5.3838979921259842
20
-6.8242619291338578
11
5.3836476377952751
21
-6.824353031496063
0
LINE
8
BLACK
6
CONTINUOUS
10
5.3836476377952751
20
-6.824353031496063
11
5.3834763779527561
21
-6.8245571653543307
0
LINE
8
BLACK
6
CONTINUOUS
10
5.3834763779527561
20
-6.8245571653543307
11
5.382720787401575
21
-6.824690393700787
0
LINE
8
BLACK
6
CONTINUOUS
10
5.382720787401575
20
-6.824690393700787
11
5.3819999999999997
21
-6.8249527559055121
0
LINE
8
BLACK
6
CONTINUOUS
10
5.3819999999999997
20
-6.8249527559055121
11
5.0819999999999999
21
-6.8249527559055121
0
LINE
8
BLACK
6
CONTINUOUS
10
5.0819999999999999
20
-6.8249527559055121
11
5.0816164566929132
21
-6.8248851181102363
0
LINE
8
BLACK
6
CONTINUOUS
10
5.0816164566929132
20
-6.8248851181102363
11
5.0814872440944878
21
-6.824907913385827
0
LINE
8
BLACK
6
CONTINUOUS
10
5.0814872440944878
20
-6.824907913385827
11
5.0813736220472441
21
-6.8248422834645668
0
LINE
8
BLACK
6
CONTINUOUS
10
5.0813736220472441
20
-6.8248422834645668
11
5.0809900787401574
21
-6.8247746850393698
0
LINE
8
BLACK
6
CONTINUOUS
10
5.0809900787401574
20
-6.8247746850393698
11
5.0804023622047243
21
-6.8242815354330704
0
LINE
8
BLACK
6
CONTINUOUS
10
5.0804023622047243
20
-6.8242815354330704
11
5.0797380708661413
21
-6.8238979921259837
0
LINE
8
BLACK
6
CONTINUOUS
10
5.0797380708661413
20
-6.8238979921259837
11
5.0796469291338582
21
-6.8236476377952755
0
LINE
8
BLACK
6
CONTINUOUS
10
5.0796469291338582
20
-6.8236476377952755
11
5.0794428346456693
21
-6.8234763779527556
0
LINE
8
BLACK
6
CONTINUOUS
10
5.0794428346456693
20
-6.8234763779527556
11
5.0793095669291342
21
-6.8227207874015745
0
LINE
8
BLACK
6
CONTINUOUS
10
5.0793095669291342
20
-6.8227207874015745
11
5.0790472440944878
21
-6.8220000000000001
0
LINE
8
BLACK
6
CONTINUOUS
10
5.0790472440944878
20
-6.8220000000000001
11
5.0790472440944878
21
-6.6219999999999999
0
LINE
8
BLACK
6
CONTINUOUS
10
5.0790472440944878
20
-6.6219999999999999
11
5.0791148425196848
21
-6.6216164566929132
0
LINE
8
BLACK
6
CONTINUOUS
10
5.0791148425196848
20
-6.6216164566929132
11
5.0790920866141729
21
-6.6214872440944879
0
LINE
8
BLACK
6
CONTINUOUS
10
5.0790920866141729
20
-6.6214872440944879
11
5.0791576771653544
21
-6.6213736220472441
0
LINE
8
BLACK
6
CONTINUOUS
10
5.0791576771653544
20
-6.6213736220472441
11
5.0792253149606301
21
-6.6209900787401574
0
LINE
8
BLACK
6
CONTINUOUS
10
5.0792253149606301
20
-6.6209900787401574
11
5.0797184251968499
21
-6.6204023622047243
0
LINE
8
BLACK
6
CONTINUOUS
10
5.0797184251968499
20
-6.6204023622047243
11
5.0801020078740153
21
-6.6197380708661413
0
LINE
8
BLACK
6
CONTINUOUS
10
5.0801020078740153
20
-6.6197380708661413
11
5.0803523228346457
21
-6.6196469291338582
0
LINE
8
BLACK
6
CONTINUOUS
10
5.0803523228346457
20
-6.6196469291338582
11
5.0805236220472443
21
-6.6194428346456693
0
LINE
8
BLACK
6
CONTINUOUS
10
5.0805236220472443
20
-6.6194428346456693
11
5.0812791732283467
21
-6.6193095669291333
0
LINE
8
BLACK
6
CONTINUOUS
10
5.0812791732283467
20
-6.6193095669291333
11
5.0819999999999999
21
-6.6190472440944879
0
LINE
8
BLACK
6
CONTINUOUS
10
5.0819999999999999
20
-6.6190472440944879
11
5.3819999999999997
21
-6.6190472440944879
0
LINE
8
BLACK
6
CONTINUOUS
10
5.3819999999999997
20
-6.6190472440944879
11
5.3823835039370076
21
-6.6191148425196848
0
LINE
8
BLACK
6
CONTINUOUS
10
5.0849527559055119
20
-6.6249527559055119
11
5.0849527559055119
21
-6.819047244094488
0
LINE
8
BLACK
6
CONTINUOUS
10
5.0849527559055119
20
-6.819047244094488
11
5.3790472440944876
21
-6.819047244094488
0
LINE
8
BLACK
6
CONTINUOUS
10
5.3790472440944876
20
-6.819047244094488
11
5.3790472440944876
21
-6.6249527559055119
0
LINE
8
BLACK
6
CONTINUOUS
10
5.3790472440944876
20
-6.6249527559055119
11
5.0849527559055119
21
-6.6249527559055119
0
LINE
8
BLACK
6
CONTINUOUS
10
5.2064514173228345
20
-6.5355875196850395
11
5.2075630708661418
21
-6.5372738582677163
0
LINE
8
BLACK
6
CONTINUOUS
10
5.2075630708661418
20
-6.5372738582677163
11
5.2189134251968499
21
-6.5849453543307082
0
LINE
8
BLACK
6
CONTINUOUS
10
5.2189134251968499
20
-6.5849453543307082
11
5.2271468897637794
21
-6.554069881889764
0
LINE
8
BLACK
6
CONTINUOUS
10
5.2271468897637794
20
-6.554069881889764
11
5.2275791732283468
21
-6.5531399606299212
0
LINE
8
BLACK
6
CONTINUOUS
10
5.2275791732283468
20
-6.5531399606299212
11
5.2278001181102365
21
-6.5529848425196846
0
LINE
8
BLACK
6
CONTINUOUS
10
5.2278001181102365
20
-6.5529848425196846
11
5.2279145275590553
21
-6.5527402755905513
0
LINE
8
BLACK
6
CONTINUOUS
10
5.2279145275590553
20
-6.5527402755905513
11
5.2286072834645667
21
-6.5524182283464567
0
LINE
8
BLACK
6
CONTINUOUS
10
5.2286072834645667
20
-6.5524182283464567
11
5.2292323228346458
21
-6.5519794881889766
0
LINE
8
BLACK
6
CONTINUOUS
10
5.2292323228346458
20
-6.5519794881889766
11
5.2295012204724411
21
-6.5520026771653539
0
LINE
8
BLACK
6
CONTINUOUS
10
5.2295012204724411
20
-6.5520026771653539
11
5.2297461417322832
21
-6.5518888582677164
0
LINE
8
BLACK
6
CONTINUOUS
10
5.2297461417322832
20
-6.5518888582677164
11
5.2304837401574806
21
-6.5520874409448817
0
LINE
8
BLACK
6
CONTINUOUS
10
5.2304837401574806
20
-6.5520874409448817
11
5.2312446456692916
21
-6.5521531102362207
0
LINE
8
BLACK
6
CONTINUOUS
10
5.2312446456692916
20
-6.5521531102362207
11
5.2314357480314957
21
-6.5523437795275585
0
LINE
8
BLACK
6
CONTINUOUS
10
5.2314357480314957
20
-6.5523437795275585
11
5.2316964566929132
21
-6.5524139763779523
0
LINE
8
BLACK
6
CONTINUOUS
10
5.2316964566929132
20
-6.5524139763779523
11
5.2321337795275591
21
-6.5530401181102365
0
LINE
8
BLACK
6
CONTINUOUS
10
5.2321337795275591
20
-6.5530401181102365
11
5.2326745669291341
21
-6.5535796062992127
0
LINE
8
BLACK
6
CONTINUOUS
10
5.2326745669291341
20
-6.5535796062992127
11
5.2326983858267715
21
-6.553848503937008
0
LINE
8
BLACK
6
CONTINUOUS
10
5.2326983858267715
20
-6.553848503937008
11
5.2328530314960631
21
-6.554069881889764
0
LINE
8
BLACK
6
CONTINUOUS
10
5.2328530314960631
20
-6.554069881889764
11
5.2410864960629917
21
-6.5849453543307082
0
LINE
8
BLACK
6
CONTINUOUS
10
5.2410864960629917
20
-6.5849453543307082
11
5.2524368897637794
21
-6.5372738582677163
0
LINE
8
BLACK
6
CONTINUOUS
10
5.2524368897637794
20
-6.5372738582677163
11
5.2528440157480309
21
-6.5363326771653538
0
LINE
8
BLACK
6
CONTINUOUS
10
5.2528440157480309
20
-6.5363326771653538
11
5.2544653937007872
21
-6.5351281889763779
0
LINE
8
BLACK
6
CONTINUOUS
10
5.2544653937007872
20
-6.5351281889763779
11
5.2564816929133853
21
-6.5352477165354328
0
LINE
8
BLACK
6
CONTINUOUS
10
5.2564816929133853
20
-6.5352477165354328
11
5.2579493700787401
21
-6.5366353149606296
0
LINE
8
BLACK
6
CONTINUOUS
10
5.2579493700787401
20
-6.5366353149606296
11
5.2581817716535433
21
-6.5386417322834642
0
LINE
8
BLACK
6
CONTINUOUS
10
5.2581817716535433
20
-6.5386417322834642
11
5.2441210236220472
21
-6.5976968503937004
0
LINE
8
BLACK
6
CONTINUOUS
10
5.2441210236220472
20
-6.5976968503937004
11
5.2437138976377948
21
-6.5986380314960629
0
LINE
8
BLACK
6
CONTINUOUS
10
5.2437138976377948
20
-6.5986380314960629
11
5.2434651968503934
21
-6.5988227559055117
0
LINE
8
BLACK
6
CONTINUOUS
10
5.2434651968503934
20
-6.5988227559055117
11
5.2433339763779525
21
-6.5991033070866143
0
LINE
8
BLACK
6
CONTINUOUS
10
5.2433339763779525
20
-6.5991033070866143
11
5.2426754724409443
21
-6.5994094094488185
0
LINE
8
BLACK
6
CONTINUOUS
10
5.2426754724409443
20
-6.5994094094488185
11
5.2420925196850394
21
-6.5998424803149609
0
LINE
8
BLACK
6
CONTINUOUS
10
5.2420925196850394
20
-6.5998424803149609
11
5.2417833464566925
21
-6.5998241338582675
0
LINE
8
BLACK
6
CONTINUOUS
10
5.2417833464566925
20
-6.5998241338582675
11
5.2415024015748033
21
-6.5999547637795271
0
LINE
8
BLACK
6
CONTINUOUS
10
5.2415024015748033
20
-6.5999547637795271
11
5.2408011417322831
21
-6.5997659448818897
0
LINE
8
BLACK
6
CONTINUOUS
10
5.2408011417322831
20
-6.5997659448818897
11
5.2400762204724405
21
-6.5997229921259839
0
LINE
8
BLACK
6
CONTINUOUS
10
5.2400762204724405
20
-6.5997229921259839
11
5.239851062992126
21
-6.5995101181102358
0
LINE
8
BLACK
6
CONTINUOUS
10
5.239851062992126
20
-6.5995101181102358
11
5.2395520866141734
21
-6.5994296456692911
0
LINE
8
BLACK
6
CONTINUOUS
10
5.2395520866141734
20
-6.5994296456692911
11
5.239136299212598
21
-6.5988343307086614
0
LINE
8
BLACK
6
CONTINUOUS
10
5.239136299212598
20
-6.5988343307086614
11
5.2386085433070866
21
-6.5983353937007871
0
LINE
8
BLACK
6
CONTINUOUS
10
5.2386085433070866
20
-6.5983353937007871
11
5.2385728740157482
21
-6.5980277165354329
0
LINE
8
BLACK
6
CONTINUOUS
10
5.2385728740157482
20
-6.5980277165354329
11
5.2383955118110235
21
-6.5977737401574803
0
LINE
8
BLACK
6
CONTINUOUS
10
5.2383955118110235
20
-6.5977737401574803
11
5.2299999606299208
21
-6.5662905118110233
0
LINE
8
BLACK
6
CONTINUOUS
10
5.2299999606299208
20
-6.5662905118110233
11
5.2216044488188977
21
-6.5977737401574803
0
LINE
8
BLACK
6
CONTINUOUS
10
5.2216044488188977
20
-6.5977737401574803
11
5.2211721653543304
21
-6.5987036614173231
0
LINE
8
BLACK
6
CONTINUOUS
10
5.2211721653543304
20
-6.5987036614173231
11
5.2209185826771654
21
-6.5988816141732283
0
LINE
8
BLACK
6
CONTINUOUS
10
5.2209185826771654
20
-6.5988816141732283
11
5.2207798818897633
21
-6.5991585826771653
0
LINE
8
BLACK
6
CONTINUOUS
10
5.2207798818897633
20
-6.5991585826771653
11
5.2201133464566931
21
-6.5994468897637795
0
LINE
8
BLACK
6
CONTINUOUS
10
5.2201133464566931
20
-6.5994468897637795
11
5.2195190157480313
21
-6.5998641338582678
0
LINE
8
BLACK
6
CONTINUOUS
10
5.2195190157480313
20
-6.5998641338582678
11
5.2192104330708657
21
-6.5998374803149602
0
LINE
8
BLACK
6
CONTINUOUS
10
5.2192104330708657
20
-6.5998374803149602
11
5.2189261023622047
21
-6.5999605118110232
0
LINE
8
BLACK
6
CONTINUOUS
10
5.2189261023622047
20
-6.5999605118110232
11
5.2182301574803152
21
-6.599752913385827
0
LINE
8
BLACK
6
CONTINUOUS
10
5.2182301574803152
20
-6.599752913385827
11
5.2175066929133855
21
-6.5996905118110236
0
LINE
8
BLACK
6
CONTINUOUS
10
5.2175066929133855
20
-6.5996905118110236
11
5.2172873622047247
21
-6.5994716929133856
0
LINE
8
BLACK
6
CONTINUOUS
10
5.2172873622047247
20
-6.5994716929133856
11
5.2169905905511813
21
-6.5993831889763781
0
LINE
8
BLACK
6
CONTINUOUS
10
5.2169905905511813
20
-6.5993831889763781
11
5.2165909448818892
21
-6.5987769685039366
0
LINE
8
BLACK
6
CONTINUOUS
10
5.2165909448818892
20
-6.5987769685039366
11
5.216076771653543
21
-6.5982640157480317
0
LINE
8
BLACK
6
CONTINUOUS
10
5.216076771653543
20
-6.5982640157480317
11
5.21604937007874
21
-6.5979554330708661
0
LINE
8
BLACK
6
CONTINUOUS
10
5.21604937007874
20
-6.5979554330708661
11
5.215878937007874
21
-6.5976968503937004
0
LINE
8
BLACK
6
CONTINUOUS
10
5.215878937007874
20
-6.5976968503937004
11
5.2018181889763779
21
-6.5386417322834642
0
LINE
8
BLACK
6
CONTINUOUS
10
5.2018181889763779
20
-6.5386417322834642
11
5.2017574803149609
21
-6.5376180314960628
0
LINE
8
BLACK
6
CONTINUOUS
10
5.2017574803149609
20
-6.5376180314960628
11
5.2026621259842516
21
-6.5358121259842514
0
LINE
8
BLACK
6
CONTINUOUS
10
5.2026621259842516
20
-6.5358121259842514
11
5.2045159055118111
21
-6.5350101968503935
0
LINE
8
BLACK
6
CONTINUOUS
10
5.2045159055118111
20
-6.5350101968503935
11
5.2064514173228345
21
-6.5355875196850395
0
LINE
8
BLACK
6
CONTINUOUS
10
5.1747669291338578
20
-6.5351831102362201
11
5.1749021653543306
21
-6.5352965748031497
0
LINE
8
BLACK
6
CONTINUOUS
10
5.1749021653543306
20
-6.5352965748031497
11
5.1750775196850389
21
-6.5353167716535427
0
LINE
8
BLACK
6
CONTINUOUS
10
5.1750775196850389
20
-6.5353167716535427
11
5.1807018110236216
21
-6.5381289370078735
0
LINE
8
BLACK
6
CONTINUOUS
10
5.1807018110236216
20
-6.5381289370078735
11
5.1814108661417322
21
-6.5386548425196853
0
LINE
8
BLACK
6
CONTINUOUS
10
5.1814108661417322
20
-6.5386548425196853
11
5.181469212598425
21
-6.5386820472440945
0
LINE
8
BLACK
6
CONTINUOUS
10
5.181469212598425
20
-6.5386820472440945
11
5.1842813779527557
21
-6.5414941732283465
0
LINE
8
BLACK
6
CONTINUOUS
10
5.1842813779527557
20
-6.5414941732283465
11
5.1847877165354328
21
-6.5422172834645664
0
LINE
8
BLACK
6
CONTINUOUS
10
5.1847877165354328
20
-6.5422172834645664
11
5.1848344881889759
21
-6.5422615748031498
0
LINE
8
BLACK
6
CONTINUOUS
10
5.1848344881889759
20
-6.5422615748031498
11
5.1876466141732278
21
-6.5478858661417325
0
LINE
8
BLACK
6
CONTINUOUS
10
5.1876466141732278
20
-6.5478858661417325
11
5.1879390157480314
21
-6.5488688188976374
0
LINE
8
BLACK
6
CONTINUOUS
10
5.1879390157480314
20
-6.5488688188976374
11
5.1878979527559057
21
-6.5490405118110235
0
LINE
8
BLACK
6
CONTINUOUS
10
5.1878979527559057
20
-6.5490405118110235
11
5.1879583464566927
21
-6.5492063779527561
0
LINE
8
BLACK
6
CONTINUOUS
10
5.1879583464566927
20
-6.5492063779527561
11
5.1879583464566927
21
-6.5576428346456694
0
LINE
8
BLACK
6
CONTINUOUS
10
5.1879583464566927
20
-6.5576428346456694
11
5.1877802755905513
21
-6.5586527559055119
0
LINE
8
BLACK
6
CONTINUOUS
10
5.1877802755905513
20
-6.5586527559055119
11
5.187666771653543
21
-6.5587879921259837
0
LINE
8
BLACK
6
CONTINUOUS
10
5.187666771653543
20
-6.5587879921259837
11
5.1876466141732278
21
-6.558963346456693
0
LINE
8
BLACK
6
CONTINUOUS
10
5.1876466141732278
20
-6.558963346456693
11
5.1848344881889759
21
-6.5645876377952757
0
LINE
8
BLACK
6
CONTINUOUS
10
5.1848344881889759
20
-6.5645876377952757
11
5.1843085433070861
21
-6.5652966929133854
0
LINE
8
BLACK
6
CONTINUOUS
10
5.1843085433070861
20
-6.5652966929133854
11
5.1842813779527557
21
-6.565355039370079
0
LINE
8
BLACK
6
CONTINUOUS
10
5.1842813779527557
20
-6.565355039370079
11
5.181469212598425
21
-6.5681672047244097
0
LINE
8
BLACK
6
CONTINUOUS
10
5.181469212598425
20
-6.5681672047244097
11
5.180746102362205
21
-6.5686734645669294
0
LINE
8
BLACK
6
CONTINUOUS
10
5.180746102362205
20
-6.5686734645669294
11
5.1807018110236216
21
-6.5687203149606299
0
LINE
8
BLACK
6
CONTINUOUS
10
5.1807018110236216
20
-6.5687203149606299
11
5.1750775196850389
21
-6.5715324409448819
0
LINE
8
BLACK
6
CONTINUOUS
10
5.1750775196850389
20
-6.5715324409448819
11
5.1740945669291341
21
-6.5718248031496058
0
LINE
8
BLACK
6
CONTINUOUS
10
5.1740945669291341
20
-6.5718248031496058
11
5.1739228740157479
21
-6.5717837795275589
0
LINE
8
BLACK
6
CONTINUOUS
10
5.1739228740157479
20
-6.5717837795275589
11
5.1737570078740154
21
-6.5718441732283459
0
LINE
8
BLACK
6
CONTINUOUS
10
5.1737570078740154
20
-6.5718441732283459
11
5.154212559055118
21
-6.5718441732283459
0
LINE
8
BLACK
6
CONTINUOUS
10
5.154212559055118
20
-6.5718441732283459
11
5.154212559055118
21
-6.5970129133858268
0
LINE
8
BLACK
6
CONTINUOUS
10
5.154212559055118
20
-6.5970129133858268
11
5.1540344881889766
21
-6.5980228346456693
0
LINE
8
BLACK
6
CONTINUOUS
10
5.1540344881889766
20
-6.5980228346456693
11
5.1527361811023624
21
-6.5995700787401574
0
LINE
8
BLACK
6
CONTINUOUS
10
5.1527361811023624
20
-6.5995700787401574
11
5.1507470472440939
21
-6.5999208267716538
0
LINE
8
BLACK
6
CONTINUOUS
10
5.1507470472440939
20
-6.5999208267716538
11
5.1489978740157483
21
-6.5989109055118105
0
LINE
8
BLACK
6
CONTINUOUS
10
5.1489978740157483
20
-6.5989109055118105
11
5.1483070472440939
21
-6.5970129133858268
0
LINE
8
BLACK
6
CONTINUOUS
10
5.1483070472440939
20
-6.5970129133858268
11
5.1483070472440939
21
-6.5379577952755907
0
LINE
8
BLACK
6
CONTINUOUS
10
5.1483070472440939
20
-6.5379577952755907
11
5.1483746456692909
21
-6.5375742519685041
0
LINE
8
BLACK
6
CONTINUOUS
10
5.1483746456692909
20
-6.5375742519685041
11
5.148351889763779
21
-6.5374450393700787
0
LINE
8
BLACK
6
CONTINUOUS
10
5.148351889763779
20
-6.5374450393700787
11
5.1484174803149605
21
-6.5373314173228341
0
LINE
8
BLACK
6
CONTINUOUS
10
5.1484174803149605
20
-6.5373314173228341
11
5.1484851181102362
21
-6.5369478740157483
0
LINE
8
BLACK
6
CONTINUOUS
10
5.1484851181102362
20
-6.5369478740157483
11
5.1489782283464569
21
-6.5363601574803152
0
LINE
8
BLACK
6
CONTINUOUS
10
5.1489782283464569
20
-6.5363601574803152
11
5.1493618110236223
21
-6.5356958661417321
0
LINE
8
BLACK
6
CONTINUOUS
10
5.1493618110236223
20
-6.5356958661417321
11
5.1496121259842518
21
-6.5356047244094491
0
LINE
8
BLACK
6
CONTINUOUS
10
5.1496121259842518
20
-6.5356047244094491
11
5.1497834251968504
21
-6.5354006299212593
0
LINE
8
BLACK
6
CONTINUOUS
10
5.1497834251968504
20
-6.5354006299212593
11
5.1505389763779528
21
-6.5352673622047242
0
LINE
8
BLACK
6
CONTINUOUS
10
5.1505389763779528
20
-6.5352673622047242
11
5.151259803149606
21
-6.5350050393700787
0
LINE
8
BLACK
6
CONTINUOUS
10
5.151259803149606
20
-6.5350050393700787
11
5.1737570078740154
21
-6.5350050393700787
0
LINE
8
BLACK
6
CONTINUOUS
10
5.1737570078740154
20
-6.5350050393700787
11
5.1747669291338578
21
-6.5351831102362201
0
LINE
8
BLACK
6
CONTINUOUS
10
5.154212559055118
20
-6.5659386614173227
11
5.1730599606299208
21
-6.5659386614173227
0
LINE
8
BLACK
6
CONTINUOUS
10
5.1730599606299208
20
-6.5659386614173227
11
5.177632204724409
21
-6.5636525196850393
0
LINE
8
BLACK
6
CONTINUOUS
10
5.177632204724409
20
-6.5636525196850393
11
5.1797666929133861
21
-6.5615180314960631
0
LINE
8
BLACK
6
CONTINUOUS
10
5.1797666929133861
20
-6.5615180314960631
11
5.1820528346456696
21
-6.5569457874015749
0
LINE
8
BLACK
6
CONTINUOUS
10
5.1820528346456696
20
-6.5569457874015749
11
5.1820528346456696
21
-6.5499033858267719
0
LINE
8
BLACK
6
CONTINUOUS
10
5.1820528346456696
20
-6.5499033858267719
11
5.1797667322834648
21
-6.5453311811023625
0
LINE
8
BLACK
6
CONTINUOUS
10
5.1797667322834648
20
-6.5453311811023625
11
5.177632204724409
21
-6.5431966929133853
0
LINE
8
BLACK
6
CONTINUOUS
10
5.177632204724409
20
-6.5431966929133853
11
5.1730599606299208
21
-6.5409105511811019
0
LINE
8
BLACK
6
CONTINUOUS
10
5.1730599606299208
20
-6.5409105511811019
11
5.154212559055118
21
-6.5409105511811019
0
LINE
8
BLACK
6
CONTINUOUS
10
5.154212559055118
20
-6.5409105511811019
11
5.154212559055118
21
-6.5659386614173227
0
LINE
8
BLACK
6
CONTINUOUS
10
5.3013136220472443
20
-6.5351831102362201
11
5.3014488582677162
21
-6.5352965748031497
0
LINE
8
BLACK
6
CONTINUOUS
10
5.3014488582677162
20
-6.5352965748031497
11
5.3016242125984254
21
-6.5353167716535427
0
LINE
8
BLACK
6
CONTINUOUS
10
5.3016242125984254
20
-6.5353167716535427
11
5.3072485039370081
21
-6.5381289370078735
0
LINE
8
BLACK
6
CONTINUOUS
10
5.3072485039370081
20
-6.5381289370078735
11
5.3079575590551178
21
-6.5386548425196853
0
LINE
8
BLACK
6
CONTINUOUS
10
5.3079575590551178
20
-6.5386548425196853
11
5.3080159055118106
21
-6.5386820472440945
0
LINE
8
BLACK
6
CONTINUOUS
10
5.3080159055118106
20
-6.5386820472440945
11
5.3108280708661413
21
-6.5414941732283465
0
LINE
8
BLACK
6
CONTINUOUS
10
5.3108280708661413
20
-6.5414941732283465
11
5.3113344094488184
21
-6.5422172834645664
0
LINE
8
BLACK
6
CONTINUOUS
10
5.3113344094488184
20
-6.5422172834645664
11
5.3113811811023623
21
-6.5422615748031498
0
LINE
8
BLACK
6
CONTINUOUS
10
5.3113811811023623
20
-6.5422615748031498
11
5.3141933070866143
21
-6.5478858661417325
0
LINE
8
BLACK
6
CONTINUOUS
10
5.3141933070866143
20
-6.5478858661417325
11
5.314485708661417
21
-6.5488688188976374
0
LINE
8
BLACK
6
CONTINUOUS
10
5.314485708661417
20
-6.5488688188976374
11
5.3144446456692913
21
-6.5490405118110235
0
LINE
8
BLACK
6
CONTINUOUS
10
5.3144446456692913
20
-6.5490405118110235
11
5.3145050393700783
21
-6.5492063779527561
0
LINE
8
BLACK
6
CONTINUOUS
10
5.3145050393700783
20
-6.5492063779527561
11
5.3145050393700783
21
-6.5576428346456694
0
LINE
8
BLACK
6
CONTINUOUS
10
5.3145050393700783
20
-6.5576428346456694
11
5.3143269685039369
21
-6.5586527559055119
0
LINE
8
BLACK
6
CONTINUOUS
10
5.3143269685039369
20
-6.5586527559055119
11
5.3142134645669294
21
-6.5587879921259837
0
LINE
8
BLACK
6
CONTINUOUS
10
5.3142134645669294
20
-6.5587879921259837
11
5.3141933070866143
21
-6.558963346456693
0
LINE
8
BLACK
6
CONTINUOUS
10
5.3141933070866143
20
-6.558963346456693
11
5.3113811811023623
21
-6.5645876377952757
0
LINE
8
BLACK
6
CONTINUOUS
10
5.3113811811023623
20
-6.5645876377952757
11
5.3108552362204726
21
-6.5652966929133854
0
LINE
8
BLACK
6
CONTINUOUS
10
5.3108552362204726
20
-6.5652966929133854
11
5.3108280708661413
21
-6.565355039370079
0
LINE
8
BLACK
6
CONTINUOUS
10
5.3108280708661413
20
-6.565355039370079
11
5.3080159055118106
21
-6.5681672047244097
0
LINE
8
BLACK
6
CONTINUOUS
10
5.3080159055118106
20
-6.5681672047244097
11
5.3072927952755906
21
-6.5686734645669294
0
LINE
8
BLACK
6
CONTINUOUS
10
5.3072927952755906
20
-6.5686734645669294
11
5.3072485039370081
21
-6.5687203149606299
0
LINE
8
BLACK
6
CONTINUOUS
10
5.3072485039370081
20
-6.5687203149606299
11
5.3016242125984254
21
-6.5715324409448819
0
LINE
8
BLACK
6
CONTINUOUS
10
5.3016242125984254
20
-6.5715324409448819
11
5.3006412598425197
21
-6.5718248031496058
0
LINE
8
BLACK
6
CONTINUOUS
10
5.3006412598425197
20
-6.5718248031496058
11
5.3004695669291335
21
-6.5717837795275589
0
LINE
8
BLACK
6
CONTINUOUS
10
5.3004695669291335
20
-6.5717837795275589
11
5.3003037007874019
21
-6.5718441732283459
0
LINE
8
BLACK
6
CONTINUOUS
10
5.3003037007874019
20
-6.5718441732283459
11
5.2975384645669292
21
-6.5718441732283459
0
LINE
8
BLACK
6
CONTINUOUS
10
5.2975384645669292
20
-6.5718441732283459
11
5.3139712598425195
21
-6.5953196062992125
0
LINE
8
BLACK
6
CONTINUOUS
10
5.3139712598425195
20
-6.5953196062992125
11
5.3144045275590548
21
-6.5962490944881891
0
LINE
8
BLACK
6
CONTINUOUS
10
5.3144045275590548
20
-6.5962490944881891
11
5.3142282283464564
21
-6.5982611811023624
0
LINE
8
BLACK
6
CONTINUOUS
10
5.3142282283464564
20
-6.5982611811023624
11
5.3127998031496064
21
-6.5996892125984248
0
LINE
8
BLACK
6
CONTINUOUS
10
5.3127998031496064
20
-6.5996892125984248
11
5.3107876771653544
21
-6.5998649212598428
0
LINE
8
BLACK
6
CONTINUOUS
10
5.3107876771653544
20
-6.5998649212598428
11
5.309133307086614
21
-6.5987062204724412
0
LINE
8
BLACK
6
CONTINUOUS
10
5.309133307086614
20
-6.5987062204724412
11
5.2903298818897637
21
-6.5718441732283459
0
LINE
8
BLACK
6
CONTINUOUS
10
5.2903298818897637
20
-6.5718441732283459
11
5.2807592519685036
21
-6.5718441732283459
0
LINE
8
BLACK
6
CONTINUOUS
10
5.2807592519685036
20
-6.5718441732283459
11
5.2807592519685036
21
-6.5970129133858268
0
LINE
8
BLACK
6
CONTINUOUS
10
5.2807592519685036
20
-6.5970129133858268
11
5.2805811811023622
21
-6.5980228346456693
0
LINE
8
BLACK
6
CONTINUOUS
10
5.2805811811023622
20
-6.5980228346456693
11
5.279282874015748
21
-6.5995700787401574
0
LINE
8
BLACK
6
CONTINUOUS
10
5.279282874015748
20
-6.5995700787401574
11
5.2772937401574804
21
-6.5999208267716538
0
LINE
8
BLACK
6
CONTINUOUS
10
5.2772937401574804
20
-6.5999208267716538
11
5.2755445669291339
21
-6.5989109055118105
0
LINE
8
BLACK
6
CONTINUOUS
10
5.2755445669291339
20
-6.5989109055118105
11
5.2748537401574804
21
-6.5970129133858268
0
LINE
8
BLACK
6
CONTINUOUS
10
5.2748537401574804
20
-6.5970129133858268
11
5.2748537401574804
21
-6.5379577952755907
0
LINE
8
BLACK
6
CONTINUOUS
10
5.2748537401574804
20
-6.5379577952755907
11
5.2749213385826774
21
-6.5375742519685041
0
LINE
8
BLACK
6
CONTINUOUS
10
5.2749213385826774
20
-6.5375742519685041
11
5.2748985826771655
21
-6.5374450393700787
0
LINE
8
BLACK
6
CONTINUOUS
10
5.2748985826771655
20
-6.5374450393700787
11
5.2749641732283461
21
-6.5373314173228341
0
LINE
8
BLACK
6
CONTINUOUS
10
5.2749641732283461
20
-6.5373314173228341
11
5.2750318110236218
21
-6.5369478740157483
0
LINE
8
BLACK
6
CONTINUOUS
10
5.2750318110236218
20
-6.5369478740157483
11
5.2755249212598425
21
-6.5363601574803152
0
LINE
8
BLACK
6
CONTINUOUS
10
5.2755249212598425
20
-6.5363601574803152
11
5.2759085039370079
21
-6.5356958661417321
0
LINE
8
BLACK
6
CONTINUOUS
10
5.2759085039370079
20
-6.5356958661417321
11
5.2761588188976374
21
-6.5356047244094491
0
LINE
8
BLACK
6
CONTINUOUS
10
5.2761588188976374
20
-6.5356047244094491
11
5.276330118110236
21
-6.5354006299212593
0
LINE
8
BLACK
6
CONTINUOUS
10
5.276330118110236
20
-6.5354006299212593
11
5.2770856692913384
21
-6.5352673622047242
0
LINE
8
BLACK
6
CONTINUOUS
10
5.2770856692913384
20
-6.5352673622047242
11
5.2778064960629916
21
-6.5350050393700787
0
LINE
8
BLACK
6
CONTINUOUS
10
5.2778064960629916
20
-6.5350050393700787
11
5.3003037007874019
21
-6.5350050393700787
0
LINE
8
BLACK
6
CONTINUOUS
10
5.3003037007874019
20
-6.5350050393700787
11
5.3013136220472443
21
-6.5351831102362201
0
LINE
8
BLACK
6
CONTINUOUS
10
5.2807592519685036
20
-6.5659386614173227
11
5.2996066535433073
21
-6.5659386614173227
0
LINE
8
BLACK
6
CONTINUOUS
10
5.2996066535433073
20
-6.5659386614173227
11
5.3041788976377955
21
-6.5636525196850393
0
LINE
8
BLACK
6
CONTINUOUS
10
5.3041788976377955
20
-6.5636525196850393
11
5.3063133858267717
21
-6.5615180314960631
0
LINE
8
BLACK
6
CONTINUOUS
10
5.3063133858267717
20
-6.5615180314960631
11
5.3085995275590552
21
-6.5569457874015749
0
LINE
8
BLACK
6
CONTINUOUS
10
5.3085995275590552
20
-6.5569457874015749
11
5.3085995275590552
21
-6.5499033858267719
0
LINE
8
BLACK
6
CONTINUOUS
10
5.3085995275590552
20
-6.5499033858267719
11
5.3063134251968505
21
-6.5453311811023625
0
LINE
8
BLACK
6
CONTINUOUS
10
5.3063134251968505
20
-6.5453311811023625
11
5.3041788976377955
21
-6.5431966929133853
0
LINE
8
BLACK
6
CONTINUOUS
10
5.3041788976377955
20
-6.5431966929133853
11
5.2996066535433073
21
-6.5409105511811019
0
LINE
8
BLACK
6
CONTINUOUS
10
5.2996066535433073
20
-6.5409105511811019
11
5.2807592519685036
21
-6.5409105511811019
0
LINE
8
BLACK
6
CONTINUOUS
10
5.2807592519685036
20
-6.5409105511811019
11
5.2807592519685036
21
-6.5659386614173227
0
LINE
8
BLACK
6
CONTINUOUS
10
4.4618970866141732
20
-6.4933936220472441
11
4.4628461417322836
21
-6.4934506299212593
0
LINE
8
BLACK
6
CONTINUOUS
10
4.4628461417322836
20
-6.4934506299212593
11
4.4712825984251969
21
-6.4962627559055113
0
LINE
8
BLACK
6
CONTINUOUS
10
4.4712825984251969
20
-6.4962627559055113
11
4.4738336220472439
21
-6.4979470866141726
0
LINE
8
BLACK
6
CONTINUOUS
10
4.4738336220472439
20
-6.4979470866141726
11
4.4752007480314964
21
-6.500681299212598
0
LINE
8
BLACK
6
CONTINUOUS
10
4.4752007480314964
20
-6.500681299212598
11
4.475017559055118
21
-6.5037327165354331
0
LINE
8
BLACK
6
CONTINUOUS
10
4.475017559055118
20
-6.5037327165354331
11
4.4733332283464566
21
-6.5062837795275588
0
LINE
8
BLACK
6
CONTINUOUS
10
4.4733332283464566
20
-6.5062837795275588
11
4.4705990157480313
21
-6.5076508661417325
0
LINE
8
BLACK
6
CONTINUOUS
10
4.4705990157480313
20
-6.5076508661417325
11
4.4675475984251971
21
-6.5074676771653541
0
LINE
8
BLACK
6
CONTINUOUS
10
4.4675475984251971
20
-6.5074676771653541
11
4.4600203937007876
21
-6.5049585826771654
0
LINE
8
BLACK
6
CONTINUOUS
10
4.4600203937007876
20
-6.5049585826771654
11
4.4483120078740157
21
-6.5049585826771654
0
LINE
8
BLACK
6
CONTINUOUS
10
4.4483120078740157
20
-6.5049585826771654
11
4.4447917716535432
21
-6.5067187007874017
0
LINE
8
BLACK
6
CONTINUOUS
10
4.4447917716535432
20
-6.5067187007874017
11
4.443334881889764
21
-6.5081755905511809
0
LINE
8
BLACK
6
CONTINUOUS
10
4.443334881889764
20
-6.5081755905511809
11
4.4415748425196853
21
-6.5116957086614171
0
LINE
8
BLACK
6
CONTINUOUS
10
4.4415748425196853
20
-6.5116957086614171
11
4.4415748425196853
21
-6.5145318897637789
0
LINE
8
BLACK
6
CONTINUOUS
10
4.4415748425196853
20
-6.5145318897637789
11
4.443334881889764
21
-6.5180520078740152
0
LINE
8
BLACK
6
CONTINUOUS
10
4.443334881889764
20
-6.5180520078740152
11
4.4447917716535432
21
-6.5195088976377953
0
LINE
8
BLACK
6
CONTINUOUS
10
4.4447917716535432
20
-6.5195088976377953
11
4.4489791732283468
21
-6.5216025984251971
0
LINE
8
BLACK
6
CONTINUOUS
10
4.4489791732283468
20
-6.5216025984251971
11
4.4595987795275587
21
-6.5242575196850394
0
LINE
8
BLACK
6
CONTINUOUS
10
4.4595987795275587
20
-6.5242575196850394
11
4.4601687401574805
21
-6.5245738976377954
0
LINE
8
BLACK
6
CONTINUOUS
10
4.4601687401574805
20
-6.5245738976377954
11
4.460807519685039
21
-6.5247046456692912
0
LINE
8
BLACK
6
CONTINUOUS
10
4.460807519685039
20
-6.5247046456692912
11
4.4664318503937004
21
-6.5275168110236219
0
LINE
8
BLACK
6
CONTINUOUS
10
4.4664318503937004
20
-6.5275168110236219
11
4.4671432283464565
21
-6.5281476377952758
0
LINE
8
BLACK
6
CONTINUOUS
10
4.4671432283464565
20
-6.5281476377952758
11
4.4679666929133859
21
-6.5286230708661419
0
LINE
8
BLACK
6
CONTINUOUS
10
4.4679666929133859
20
-6.5286230708661419
11
4.4707788188976378
21
-6.5314352362204726
0
LINE
8
BLACK
6
CONTINUOUS
10
4.4707788188976378
20
-6.5314352362204726
11
4.4712541732283464
21
-6.5322586220472436
0
LINE
8
BLACK
6
CONTINUOUS
10
4.4712541732283464
20
-6.5322586220472436
11
4.4718850000000003
21
-6.5329699999999997
0
LINE
8
BLACK
6
CONTINUOUS
10
4.4718850000000003
20
-6.5329699999999997
11
4.474697165354331
21
-6.5385942519685036
0
LINE
8
BLACK
6
CONTINUOUS
10
4.474697165354331
20
-6.5385942519685036
11
4.4749693307086611
21
-6.5399242519685039
0
LINE
8
BLACK
6
CONTINUOUS
10
4.4749693307086611
20
-6.5399242519685039
11
4.47532062992126
21
-6.5412353149606295
0
LINE
8
BLACK
6
CONTINUOUS
10
4.47532062992126
20
-6.5412353149606295
11
4.47532062992126
21
-6.5468596062992122
0
LINE
8
BLACK
6
CONTINUOUS
10
4.47532062992126
20
-6.5468596062992122
11
4.4749693307086611
21
-6.5481706299212599
0
LINE
8
BLACK
6
CONTINUOUS
10
4.4749693307086611
20
-6.5481706299212599
11
4.474697165354331
21
-6.549500669291338
0
LINE
8
BLACK
6
CONTINUOUS
10
4.474697165354331
20
-6.549500669291338
11
4.4718850000000003
21
-6.5551249212598428
0
LINE
8
BLACK
6
CONTINUOUS
10
4.4718850000000003
20
-6.5551249212598428
11
4.4712541732283464
21
-6.5558362598425193
0
LINE
8
BLACK
6
CONTINUOUS
10
4.4712541732283464
20
-6.5558362598425193
11
4.4707788188976378
21
-6.5566596850393699
0
LINE
8
BLACK
6
CONTINUOUS
10
4.4707788188976378
20
-6.5566596850393699
11
4.4679666929133859
21
-6.5594718503937006
0
LINE
8
BLACK
6
CONTINUOUS
10
4.4679666929133859
20
-6.5594718503937006
11
4.4671432283464565
21
-6.5599472440944879
0
LINE
8
BLACK
6
CONTINUOUS
10
4.4671432283464565
20
-6.5599472440944879
11
4.4664318503937004
21
-6.5605781102362206
0
LINE
8
BLACK
6
CONTINUOUS
10
4.4664318503937004
20
-6.5605781102362206
11
4.4608074803149602
21
-6.5633902362204726
0
LINE
8
BLACK
6
CONTINUOUS
10
4.4608074803149602
20
-6.5633902362204726
11
4.4594777165354333
21
-6.5636623228346451
0
LINE
8
BLACK
6
CONTINUOUS
10
4.4594777165354333
20
-6.5636623228346451
11
4.4581664960629919
21
-6.5640137007874015
0
LINE
8
BLACK
6
CONTINUOUS
10
4.4581664960629919
20
-6.5640137007874015
11
4.4441057874015746
21
-6.5640137007874015
0
LINE
8
BLACK
6
CONTINUOUS
10
4.4441057874015746
20
-6.5640137007874015
11
4.4431874409448815
21
-6.5637676377952756
0
LINE
8
BLACK
6
CONTINUOUS
10
4.4431874409448815
20
-6.5637676377952756
11
4.4422383070866145
21
-6.5637106692913383
0
LINE
8
BLACK
6
CONTINUOUS
10
4.4422383070866145
20
-6.5637106692913383
11
4.4338018503937011
21
-6.5608985433070863
0
LINE
8
BLACK
6
CONTINUOUS
10
4.4338018503937011
20
-6.5608985433070863
11
4.4312508267716533
21
-6.559214212598425
0
LINE
8
BLACK
6
CONTINUOUS
10
4.4312508267716533
20
-6.559214212598425
11
4.4298837007874017
21
-6.5564799999999996
0
LINE
8
BLACK
6
CONTINUOUS
10
4.4298837007874017
20
-6.5564799999999996
11
4.4300668503937004
21
-6.5534285826771654
0
LINE
8
BLACK
6
CONTINUOUS
10
4.4300668503937004
20
-6.5534285826771654
11
4.4317511811023618
21
-6.5508775590551176
0
LINE
8
BLACK
6
CONTINUOUS
10
4.4317511811023618
20
-6.5508775590551176
11
4.4344853937007871
21
-6.549510433070866
0
LINE
8
BLACK
6
CONTINUOUS
10
4.4344853937007871
20
-6.549510433070866
11
4.4375368110236222
21
-6.5496935826771656
0
LINE
8
BLACK
6
CONTINUOUS
10
4.4375368110236222
20
-6.5496935826771656
11
4.4450641732283467
21
-6.5522026771653543
0
LINE
8
BLACK
6
CONTINUOUS
10
4.4450641732283467
20
-6.5522026771653543
11
4.4567724409448815
21
-6.5522026771653543
0
LINE
8
BLACK
6
CONTINUOUS
10
4.4567724409448815
20
-6.5522026771653543
11
4.4602926377952752
21
-6.5504425590551181
0
LINE
8
BLACK
6
CONTINUOUS
10
4.4602926377952752
20
-6.5504425590551181
11
4.4617494488188978
21
-6.5489857086614176
0
LINE
8
BLACK
6
CONTINUOUS
10
4.4617494488188978
20
-6.5489857086614176
11
4.4635096062992128
21
-6.5454654724409451
0
LINE
8
BLACK
6
CONTINUOUS
10
4.4635096062992128
20
-6.5454654724409451
11
4.4635096062992128
21
-6.5426294094488187
0
LINE
8
BLACK
6
CONTINUOUS
10
4.4635096062992128
20
-6.5426294094488187
11
4.4617494488188978
21
-6.5391091732283462
0
LINE
8
BLACK
6
CONTINUOUS
10
4.4617494488188978
20
-6.5391091732283462
11
4.4602925984251964
21
-6.5376522834645669
0
LINE
8
BLACK
6
CONTINUOUS
10
4.4602925984251964
20
-6.5376522834645669
11
4.4561052362204725
21
-6.5355586220472439
0
LINE
8
BLACK
6
CONTINUOUS
10
4.4561052362204725
20
-6.5355586220472439
11
4.4454856299212597
21
-6.5329037401574803
0
LINE
8
BLACK
6
CONTINUOUS
10
4.4454856299212597
20
-6.5329037401574803
11
4.4449156692913387
21
-6.5325873228346456
0
LINE
8
BLACK
6
CONTINUOUS
10
4.4449156692913387
20
-6.5325873228346456
11
4.4442768503937007
21
-6.5324566141732285
0
LINE
8
BLACK
6
CONTINUOUS
10
4.4442768503937007
20
-6.5324566141732285
11
4.4386525984251968
21
-6.5296444488188978
0
LINE
8
BLACK
6
CONTINUOUS
10
4.4386525984251968
20
-6.5296444488188978
11
4.4379412204724407
21
-6.5290136220472439
0
LINE
8
BLACK
6
CONTINUOUS
10
4.4379412204724407
20
-6.5290136220472439
11
4.4371178346456688
21
-6.5285382677165353
0
LINE
8
BLACK
6
CONTINUOUS
10
4.4371178346456688
20
-6.5285382677165353
11
4.4343056692913381
21
-6.5257261417322834
0
LINE
8
BLACK
6
CONTINUOUS
10
4.4343056692913381
20
-6.5257261417322834
11
4.433830236220472
21
-6.524902677165354
0
LINE
8
BLACK
6
CONTINUOUS
10
4.433830236220472
20
-6.524902677165354
11
4.433199409448819
21
-6.5241912992125979
0
LINE
8
BLACK
6
CONTINUOUS
10
4.433199409448819
20
-6.5241912992125979
11
4.430387283464567
21
-6.5185670078740152
0
LINE
8
BLACK
6
CONTINUOUS
10
4.430387283464567
20
-6.5185670078740152
11
4.4301151181102361
21
-6.5172371259842521
0
LINE
8
BLACK
6
CONTINUOUS
10
4.4301151181102361
20
-6.5172371259842521
11
4.429763818897638
21
-6.5159259842519681
0
LINE
8
BLACK
6
CONTINUOUS
10
4.429763818897638
20
-6.5159259842519681
11
4.429763818897638
21
-6.5103016535433067
0
LINE
8
BLACK
6
CONTINUOUS
10
4.429763818897638
20
-6.5103016535433067
11
4.4301151181102361
21
-6.5089904724409449
0
LINE
8
BLACK
6
CONTINUOUS
10
4.4301151181102361
20
-6.5089904724409449
11
4.430387283464567
21
-6.5076606299212596
0
LINE
8
BLACK
6
CONTINUOUS
10
4.430387283464567
20
-6.5076606299212596
11
4.433199409448819
21
-6.5020363385826769
0
LINE
8
BLACK
6
CONTINUOUS
10
4.433199409448819
20
-6.5020363385826769
11
4.433830236220472
21
-6.5013249212598421
0
LINE
8
BLACK
6
CONTINUOUS
10
4.433830236220472
20
-6.5013249212598421
11
4.4343056692913381
21
-6.5005014960629923
0
LINE
8
BLACK
6
CONTINUOUS
10
4.4343056692913381
20
-6.5005014960629923
11
4.4371178346456688
21
-6.4976893700787404
0
LINE
8
BLACK
6
CONTINUOUS
10
4.4371178346456688
20
-6.4976893700787404
11
4.4379412204724407
21
-6.4972139763779522
0
LINE
8
BLACK
6
CONTINUOUS
10
4.4379412204724407
20
-6.4972139763779522
11
4.4386525984251968
21
-6.4965831889763779
0
LINE
8
BLACK
6
CONTINUOUS
10
4.4386525984251968
20
-6.4965831889763779
11
4.4442768503937007
21
-6.4937710236220472
0
LINE
8
BLACK
6
CONTINUOUS
10
4.4442768503937007
20
-6.4937710236220472
11
4.445606850393701
21
-6.4934988188976375
0
LINE
8
BLACK
6
CONTINUOUS
10
4.445606850393701
20
-6.4934988188976375
11
4.4469179133858265
21
-6.4931475590551182
0
LINE
8
BLACK
6
CONTINUOUS
10
4.4469179133858265
20
-6.4931475590551182
11
4.4609786614173226
21
-6.4931475590551182
0
LINE
8
BLACK
6
CONTINUOUS
10
4.4609786614173226
20
-6.4931475590551182
11
4.4618970866141732
21
-6.4933936220472441
0
LINE
8
BLACK
6
CONTINUOUS
10
4.5185326771653544
20
-6.4934988582677162
11
4.5198626377952751
21
-6.4937710236220472
0
LINE
8
BLACK
6
CONTINUOUS
10
4.5198626377952751
20
-6.4937710236220472
11
4.5254869291338577
21
-6.4965831889763779
0
LINE
8
BLACK
6
CONTINUOUS
10
4.5254869291338577
20
-6.4965831889763779
11
4.5261982677165351
21
-6.4972139763779522
0
LINE
8
BLACK
6
CONTINUOUS
10
4.5261982677165351
20
-6.4972139763779522
11
4.5270216929133857
21
-6.4976893700787404
0
LINE
8
BLACK
6
CONTINUOUS
10
4.5270216929133857
20
-6.4976893700787404
11
4.5298338582677165
21
-6.5005014960629923
0
LINE
8
BLACK
6
CONTINUOUS
10
4.5298338582677165
20
-6.5005014960629923
11
4.5303092519685038
21
-6.5013249212598421
0
LINE
8
BLACK
6
CONTINUOUS
10
4.5303092519685038
20
-6.5013249212598421
11
4.5309401181102364
21
-6.5020363385826769
0
LINE
8
BLACK
6
CONTINUOUS
10
4.5309401181102364
20
-6.5020363385826769
11
4.5337522440944884
21
-6.5076606692913384
0
LINE
8
BLACK
6
CONTINUOUS
10
4.5337522440944884
20
-6.5076606692913384
11
4.534024330708661
21
-6.5089903937007874
0
LINE
8
BLACK
6
CONTINUOUS
10
4.534024330708661
20
-6.5089903937007874
11
4.5343757086614174
21
-6.5103016535433067
0
LINE
8
BLACK
6
CONTINUOUS
10
4.5343757086614174
20
-6.5103016535433067
11
4.5343757086614174
21
-6.5187381102362201
0
LINE
8
BLACK
6
CONTINUOUS
10
4.5343757086614174
20
-6.5187381102362201
11
4.534024330708661
21
-6.5200493307086616
0
LINE
8
BLACK
6
CONTINUOUS
10
4.534024330708661
20
-6.5200493307086616
11
4.5337522440944884
21
-6.5213790944881884
0
LINE
8
BLACK
6
CONTINUOUS
10
4.5337522440944884
20
-6.5213790944881884
11
4.5309401181102364
21
-6.5270034251968498
0
LINE
8
BLACK
6
CONTINUOUS
10
4.5309401181102364
20
-6.5270034251968498
11
4.5303092519685038
21
-6.5277148031496059
0
LINE
8
BLACK
6
CONTINUOUS
10
4.5303092519685038
20
-6.5277148031496059
11
4.5298338976377952
21
-6.5285382283464566
0
LINE
8
BLACK
6
CONTINUOUS
10
4.5298338976377952
20
-6.5285382283464566
11
4.5270217322834645
21
-6.5313503937007873
0
LINE
8
BLACK
6
CONTINUOUS
10
4.5270217322834645
20
-6.5313503937007873
11
4.5261983070866139
21
-6.5318257480314958
0
LINE
8
BLACK
6
CONTINUOUS
10
4.5261983070866139
20
-6.5318257480314958
11
4.5254869291338577
21
-6.5324566141732285
0
LINE
8
BLACK
6
CONTINUOUS
10
4.5254869291338577
20
-6.5324566141732285
11
4.5198626377952751
21
-6.5352687401574805
0
LINE
8
BLACK
6
CONTINUOUS
10
4.5198626377952751
20
-6.5352687401574805
11
4.518532755905512
21
-6.5355408661417318
0
LINE
8
BLACK
6
CONTINUOUS
10
4.518532755905512
20
-6.5355408661417318
11
4.517221614173228
21
-6.5358922047244095
0
LINE
8
BLACK
6
CONTINUOUS
10
4.517221614173228
20
-6.5358922047244095
11
4.5006299212598426
21
-6.5358922047244095
0
LINE
8
BLACK
6
CONTINUOUS
10
4.5006299212598426
20
-6.5358922047244095
11
4.5006299212598426
21
-6.5581081889763775
0
LINE
8
BLACK
6
CONTINUOUS
10
4.5006299212598426
20
-6.5581081889763775
11
4.4998387401574806
21
-6.5610609448818895
0
LINE
8
BLACK
6
CONTINUOUS
10
4.4998387401574806
20
-6.5610609448818895
11
4.4976771653543306
21
-6.5632225196850396
0
LINE
8
BLACK
6
CONTINUOUS
10
4.4976771653543306
20
-6.5632225196850396
11
4.4947244094488186
21
-6.5640137007874015
0
LINE
8
BLACK
6
CONTINUOUS
10
4.4947244094488186
20
-6.5640137007874015
11
4.4917716535433065
21
-6.5632225196850396
0
LINE
8
BLACK
6
CONTINUOUS
10
4.4917716535433065
20
-6.5632225196850396
11
4.4896100787401574
21
-6.5610609448818895
0
LINE
8
BLACK
6
CONTINUOUS
10
4.4896100787401574
20
-6.5610609448818895
11
4.4888188976377954
21
-6.5581081889763775
0
LINE
8
BLACK
6
CONTINUOUS
10
4.4888188976377954
20
-6.5581081889763775
11
4.4888188976377954
21
-6.4990530708661414
0
LINE
8
BLACK
6
CONTINUOUS
10
4.4888188976377954
20
-6.4990530708661414
11
4.4896100787401574
21
-6.4961003149606293
0
LINE
8
BLACK
6
CONTINUOUS
10
4.4896100787401574
20
-6.4961003149606293
11
4.4917716535433065
21
-6.4939387401574802
0
LINE
8
BLACK
6
CONTINUOUS
10
4.4917716535433065
20
-6.4939387401574802
11
4.4947244094488186
21
-6.4931475590551182
0
LINE
8
BLACK
6
CONTINUOUS
10
4.4947244094488186
20
-6.4931475590551182
11
4.517221614173228
21
-6.4931475590551182
0
LINE
8
BLACK
6
CONTINUOUS
10
4.517221614173228
20
-6.4931475590551182
11
4.5185326771653544
21
-6.4934988582677162
0
LINE
8
BLACK
6
CONTINUOUS
10
4.5006299212598426
20
-6.5240811811023622
11
4.5158275196850397
21
-6.5240811811023622
0
LINE
8
BLACK
6
CONTINUOUS
10
4.5158275196850397
20
-6.5240811811023622
11
4.5193476771653538
21
-6.5223211023622047
0
LINE
8
BLACK
6
CONTINUOUS
10
4.5193476771653538
20
-6.5223211023622047
11
4.5208045669291339
21
-6.5208642125984246
0
LINE
8
BLACK
6
CONTINUOUS
10
4.5208045669291339
20
-6.5208642125984246
11
4.5225646850393701
21
-6.5173440157480309
0
LINE
8
BLACK
6
CONTINUOUS
10
4.5225646850393701
20
-6.5173440157480309
11
4.5225646850393701
21
-6.5116957086614171
0
LINE
8
BLACK
6
CONTINUOUS
10
4.5225646850393701
20
-6.5116957086614171
11
4.5208046062992127
21
-6.5081755511811021
0
LINE
8
BLACK
6
CONTINUOUS
10
4.5208046062992127
20
-6.5081755511811021
11
4.5193477559055113
21
-6.5067187007874017
0
LINE
8
BLACK
6
CONTINUOUS
10
4.5193477559055113
20
-6.5067187007874017
11
4.5158275196850397
21
-6.5049585826771654
0
LINE
8
BLACK
6
CONTINUOUS
10
4.5158275196850397
20
-6.5049585826771654
11
4.5006299212598426
21
-6.5049585826771654
0
LINE
8
BLACK
6
CONTINUOUS
10
4.5006299212598426
20
-6.5049585826771654
11
4.5006299212598426
21
-6.5240811811023622
0
LINE
8
BLACK
6
CONTINUOUS
10
4.5567322834645667
20
-6.4939387401574802
11
4.5588938582677168
21
-6.4961003149606293
0
LINE
8
BLACK
6
CONTINUOUS
10
4.5588938582677168
20
-6.4961003149606293
11
4.5596850393700787
21
-6.4990530708661414
0
LINE
8
BLACK
6
CONTINUOUS
10
4.5596850393700787
20
-6.4990530708661414
11
4.5596850393700787
21
-6.5581081889763775
0
LINE
8
BLACK
6
CONTINUOUS
10
4.5596850393700787
20
-6.5581081889763775
11
4.5588938582677168
21
-6.5610609448818895
0
LINE
8
BLACK
6
CONTINUOUS
10
4.5588938582677168
20
-6.5610609448818895
11
4.5567322834645667
21
-6.5632225196850396
0
LINE
8
BLACK
6
CONTINUOUS
10
4.5567322834645667
20
-6.5632225196850396
11
4.5537795275590547
21
-6.5640137007874015
0
LINE
8
BLACK
6
CONTINUOUS
10
4.5537795275590547
20
-6.5640137007874015
11
4.5508267716535435
21
-6.5632225196850396
0
LINE
8
BLACK
6
CONTINUOUS
10
4.5508267716535435
20
-6.5632225196850396
11
4.5486651968503935
21
-6.5610609448818895
0
LINE
8
BLACK
6
CONTINUOUS
10
4.5486651968503935
20
-6.5610609448818895
11
4.5478740157480315
21
-6.5581081889763775
0
LINE
8
BLACK
6
CONTINUOUS
10
4.5478740157480315
20
-6.5581081889763775
11
4.5478740157480315
21
-6.4990530708661414
0
LINE
8
BLACK
6
CONTINUOUS
10
4.5478740157480315
20
-6.4990530708661414
11
4.5486651968503935
21
-6.4961003149606293
0
LINE
8
BLACK
6
CONTINUOUS
10
4.5486651968503935
20
-6.4961003149606293
11
4.5508267716535435
21
-6.4939387401574802
0
LINE
8
BLACK
6
CONTINUOUS
10
4.5508267716535435
20
-6.4939387401574802
11
4.5537795275590547
21
-6.4931475590551182
0
LINE
8
BLACK
6
CONTINUOUS
10
4.5537795275590547
20
-6.4931475590551182
11
4.5567322834645667
21
-6.4939387401574802
0
LINE
8
BLACK
6
CONTINUOUS
10
4.6129752755905509
20
-6.4939387401574802
11
4.6151368503937009
21
-6.4961003149606293
0
LINE
8
BLACK
6
CONTINUOUS
10
4.6151368503937009
20
-6.4961003149606293
11
4.6159280314960629
21
-6.4990530708661414
0
LINE
8
BLACK
6
CONTINUOUS
10
4.6159280314960629
20
-6.4990530708661414
11
4.6151368503937009
21
-6.5020058267716534
0
LINE
8
BLACK
6
CONTINUOUS
10
4.6151368503937009
20
-6.5020058267716534
11
4.6129752755905509
21
-6.5041674015748034
0
LINE
8
BLACK
6
CONTINUOUS
10
4.6129752755905509
20
-6.5041674015748034
11
4.6100225196850388
21
-6.5049585826771654
0
LINE
8
BLACK
6
CONTINUOUS
10
4.6100225196850388
20
-6.5049585826771654
11
4.5878065354330708
21
-6.5049585826771654
0
LINE
8
BLACK
6
CONTINUOUS
10
4.5878065354330708
20
-6.5049585826771654
11
4.5878065354330708
21
-6.5212690551181103
0
LINE
8
BLACK
6
CONTINUOUS
10
4.5878065354330708
20
-6.5212690551181103
11
4.6015860629921255
21
-6.5212690551181103
0
LINE
8
BLACK
6
CONTINUOUS
10
4.6015860629921255
20
-6.5212690551181103
11
4.6045388188976375
21
-6.5220602362204723
0
LINE
8
BLACK
6
CONTINUOUS
10
4.6045388188976375
20
-6.5220602362204723
11
4.6067003937007875
21
-6.5242218110236223
0
LINE
8
BLACK
6
CONTINUOUS
10
4.6067003937007875
20
-6.5242218110236223
11
4.6074915748031495
21
-6.5271745669291334
0
LINE
8
BLACK
6
CONTINUOUS
10
4.6074915748031495
20
-6.5271745669291334
11
4.6067003937007875
21
-6.5301273228346455
0
LINE
8
BLACK
6
CONTINUOUS
10
4.6067003937007875
20
-6.5301273228346455
11
4.6045388188976375
21
-6.5322888976377955
0
LINE
8
BLACK
6
CONTINUOUS
10
4.6045388188976375
20
-6.5322888976377955
11
4.6015860629921255
21
-6.5330800787401575
0
LINE
8
BLACK
6
CONTINUOUS
10
4.6015860629921255
20
-6.5330800787401575
11
4.5878065354330708
21
-6.5330800787401575
0
LINE
8
BLACK
6
CONTINUOUS
10
4.5878065354330708
20
-6.5330800787401575
11
4.5878065354330708
21
-6.5522026771653543
0
LINE
8
BLACK
6
CONTINUOUS
10
4.5878065354330708
20
-6.5522026771653543
11
4.6100225196850388
21
-6.5522026771653543
0
LINE
8
BLACK
6
CONTINUOUS
10
4.6100225196850388
20
-6.5522026771653543
11
4.6129752755905509
21
-6.5529938582677163
0
LINE
8
BLACK
6
CONTINUOUS
10
4.6129752755905509
20
-6.5529938582677163
11
4.6151368503937009
21
-6.5551554330708663
0
LINE
8
BLACK
6
CONTINUOUS
10
4.6151368503937009
20
-6.5551554330708663
11
4.6159280314960629
21
-6.5581081889763775
0
LINE
8
BLACK
6
CONTINUOUS
10
4.6159280314960629
20
-6.5581081889763775
11
4.6151368503937009
21
-6.5610609448818895
0
LINE
8
BLACK
6
CONTINUOUS
10
4.6151368503937009
20
-6.5610609448818895
11
4.6129752755905509
21
-6.5632225196850396
0
LINE
8
BLACK
6
CONTINUOUS
10
4.6129752755905509
20
-6.5632225196850396
11
4.6100225196850388
21
-6.5640137007874015
0
LINE
8
BLACK
6
CONTINUOUS
10
4.6100225196850388
20
-6.5640137007874015
11
4.5819010236220468
21
-6.5640137007874015
0
LINE
8
BLACK
6
CONTINUOUS
10
4.5819010236220468
20
-6.5640137007874015
11
4.5789482677165356
21
-6.5632225196850396
0
LINE
8
BLACK
6
CONTINUOUS
10
4.5789482677165356
20
-6.5632225196850396
11
4.5767866929133856
21
-6.5610609448818895
0
LINE
8
BLACK
6
CONTINUOUS
10
4.5767866929133856
20
-6.5610609448818895
11
4.5759955118110236
21
-6.5581081889763775
0
LINE
8
BLACK
6
CONTINUOUS
10
4.5759955118110236
20
-6.5581081889763775
11
4.5759955118110236
21
-6.4990530708661414
0
LINE
8
BLACK
6
CONTINUOUS
10
4.5759955118110236
20
-6.4990530708661414
11
4.5767866929133856
21
-6.4961003149606293
0
LINE
8
BLACK
6
CONTINUOUS
10
4.5767866929133856
20
-6.4961003149606293
11
4.5789482677165356
21
-6.4939387401574802
0
LINE
8
BLACK
6
CONTINUOUS
10
4.5789482677165356
20
-6.4939387401574802
11
4.5819010236220468
21
-6.4931475590551182
0
LINE
8
BLACK
6
CONTINUOUS
10
4.5819010236220468
20
-6.4931475590551182
11
4.6100225196850388
21
-6.4931475590551182
0
LINE
8
BLACK
6
CONTINUOUS
10
4.6100225196850388
20
-6.4931475590551182
11
4.6129752755905509
21
-6.4939387401574802
0
LINE
8
BLACK
6
CONTINUOUS
10
4.7097587795275588
20
-6.4934988582677162
11
4.7110887401574804
21
-6.4937710236220472
0
LINE
8
BLACK
6
CONTINUOUS
10
4.7110887401574804
20
-6.4937710236220472
11
4.716713031496063
21
-6.4965831889763779
0
LINE
8
BLACK
6
CONTINUOUS
10
4.716713031496063
20
-6.4965831889763779
11
4.7174243700787404
21
-6.4972139763779522
0
LINE
8
BLACK
6
CONTINUOUS
10
4.7174243700787404
20
-6.4972139763779522
11
4.7182477952755901
21
-6.4976893700787404
0
LINE
8
BLACK
6
CONTINUOUS
10
4.7182477952755901
20
-6.4976893700787404
11
4.7210599606299208
21
-6.5005014960629923
0
LINE
8
BLACK
6
CONTINUOUS
10
4.7210599606299208
20
-6.5005014960629923
11
4.7215353543307081
21
-6.5013249212598421
0
LINE
8
BLACK
6
CONTINUOUS
10
4.7215353543307081
20
-6.5013249212598421
11
4.7221662204724408
21
-6.5020363385826769
0
LINE
8
BLACK
6
CONTINUOUS
10
4.7221662204724408
20
-6.5020363385826769
11
4.7249783464566928
21
-6.5076606692913384
0
LINE
8
BLACK
6
CONTINUOUS
10
4.7249783464566928
20
-6.5076606692913384
11
4.7251090157480311
21
-6.5082993700787402
0
LINE
8
BLACK
6
CONTINUOUS
10
4.7251090157480311
20
-6.5082993700787402
11
4.7254254724409446
21
-6.5088693700787399
0
LINE
8
BLACK
6
CONTINUOUS
10
4.7254254724409446
20
-6.5088693700787399
11
4.7282376377952753
21
-6.5201179527559052
0
LINE
8
BLACK
6
CONTINUOUS
10
4.7282376377952753
20
-6.5201179527559052
11
4.7282253543307089
21
-6.5208464566929134
0
LINE
8
BLACK
6
CONTINUOUS
10
4.7282253543307089
20
-6.5208464566929134
11
4.7284139763779525
21
-6.5215502755905508
0
LINE
8
BLACK
6
CONTINUOUS
10
4.7284139763779525
20
-6.5215502755905508
11
4.7284139763779525
21
-6.5356110236220468
0
LINE
8
BLACK
6
CONTINUOUS
10
4.7284139763779525
20
-6.5356110236220468
11
4.7282253543307089
21
-6.5363148031496063
0
LINE
8
BLACK
6
CONTINUOUS
10
4.7282253543307089
20
-6.5363148031496063
11
4.7282376377952753
21
-6.5370433464566924
0
LINE
8
BLACK
6
CONTINUOUS
10
4.7282376377952753
20
-6.5370433464566924
11
4.7254254724409446
21
-6.5482919291338577
0
LINE
8
BLACK
6
CONTINUOUS
10
4.7254254724409446
20
-6.5482919291338577
11
4.7251090157480311
21
-6.5488619291338583
0
LINE
8
BLACK
6
CONTINUOUS
10
4.7251090157480311
20
-6.5488619291338583
11
4.7249783464566928
21
-6.5495005905511814
0
LINE
8
BLACK
6
CONTINUOUS
10
4.7249783464566928
20
-6.5495005905511814
11
4.7221662204724408
21
-6.5551249212598428
0
LINE
8
BLACK
6
CONTINUOUS
10
4.7221662204724408
20
-6.5551249212598428
11
4.7215353543307081
21
-6.555836299212598
0
LINE
8
BLACK
6
CONTINUOUS
10
4.7215353543307081
20
-6.555836299212598
11
4.7210599999999996
21
-6.5566597244094487
0
LINE
8
BLACK
6
CONTINUOUS
10
4.7210599999999996
20
-6.5566597244094487
11
4.7182478346456689
21
-6.5594718897637794
0
LINE
8
BLACK
6
CONTINUOUS
10
4.7182478346456689
20
-6.5594718897637794
11
4.7174244094488191
21
-6.5599472440944879
0
LINE
8
BLACK
6
CONTINUOUS
10
4.7174244094488191
20
-6.5599472440944879
11
4.716713031496063
21
-6.5605781102362206
0
LINE
8
BLACK
6
CONTINUOUS
10
4.716713031496063
20
-6.5605781102362206
11
4.7110887401574804
21
-6.5633902362204726
0
LINE
8
BLACK
6
CONTINUOUS
10
4.7110887401574804
20
-6.5633902362204726
11
4.7097588582677163
21
-6.5636623622047239
0
LINE
8
BLACK
6
CONTINUOUS
10
4.7097588582677163
20
-6.5636623622047239
11
4.7084477165354333
21
-6.5640137007874015
0
LINE
8
BLACK
6
CONTINUOUS
10
4.7084477165354333
20
-6.5640137007874015
11
4.7028234251968506
21
-6.5640137007874015
0
LINE
8
BLACK
6
CONTINUOUS
10
4.7028234251968506
20
-6.5640137007874015
11
4.7015121653543304
21
-6.5636623228346451
0
LINE
8
BLACK
6
CONTINUOUS
10
4.7015121653543304
20
-6.5636623228346451
11
4.7001824409448814
21
-6.5633902362204726
0
LINE
8
BLACK
6
CONTINUOUS
10
4.7001824409448814
20
-6.5633902362204726
11
4.6945581102362199
21
-6.5605781102362206
0
LINE
8
BLACK
6
CONTINUOUS
10
4.6945581102362199
20
-6.5605781102362206
11
4.693846692913386
21
-6.5599472440944879
0
LINE
8
BLACK
6
CONTINUOUS
10
4.693846692913386
20
-6.5599472440944879
11
4.6930233070866141
21
-6.5594718897637794
0
LINE
8
BLACK
6
CONTINUOUS
10
4.6930233070866141
20
-6.5594718897637794
11
4.6902111417322834
21
-6.5566597244094487
0
LINE
8
BLACK
6
CONTINUOUS
10
4.6902111417322834
20
-6.5566597244094487
11
4.6897357086614173
21
-6.5558362598425193
0
LINE
8
BLACK
6
CONTINUOUS
10
4.6897357086614173
20
-6.5558362598425193
11
4.6891049212598421
21
-6.5551249212598428
0
LINE
8
BLACK
6
CONTINUOUS
10
4.6891049212598421
20
-6.5551249212598428
11
4.6862927559055114
21
-6.5495006299212593
0
LINE
8
BLACK
6
CONTINUOUS
10
4.6862927559055114
20
-6.5495006299212593
11
4.6861620078740156
21
-6.5488618503937008
0
LINE
8
BLACK
6
CONTINUOUS
10
4.6861620078740156
20
-6.5488618503937008
11
4.6858456299212596
21
-6.548291889763779
0
LINE
8
BLACK
6
CONTINUOUS
10
4.6858456299212596
20
-6.548291889763779
11
4.6830335039370077
21
-6.5370433070866136
0
LINE
8
BLACK
6
CONTINUOUS
10
4.6830335039370077
20
-6.5370433070866136
11
4.6830457480314962
21
-6.5363148425196851
0
LINE
8
BLACK
6
CONTINUOUS
10
4.6830457480314962
20
-6.5363148425196851
11
4.6828571653543305
21
-6.5356110236220468
0
LINE
8
BLACK
6
CONTINUOUS
10
4.6828571653543305
20
-6.5356110236220468
11
4.6828571653543305
21
-6.5215502755905508
0
LINE
8
BLACK
6
CONTINUOUS
10
4.6828571653543305
20
-6.5215502755905508
11
4.6830457480314962
21
-6.5208464173228347
0
LINE
8
BLACK
6
CONTINUOUS
10
4.6830457480314962
20
-6.5208464173228347
11
4.6830335039370077
21
-6.520117992125984
0
LINE
8
BLACK
6
CONTINUOUS
10
4.6830335039370077
20
-6.520117992125984
11
4.6858456299212596
21
-6.5088693700787399
0
LINE
8
BLACK
6
CONTINUOUS
10
4.6858456299212596
20
-6.5088693700787399
11
4.6861620078740156
21
-6.5082993700787402
0
LINE
8
BLACK
6
CONTINUOUS
10
4.6861620078740156
20
-6.5082993700787402
11
4.6862927559055114
21
-6.5076606299212596
0
LINE
8
BLACK
6
CONTINUOUS
10
4.6862927559055114
20
-6.5076606299212596
11
4.6891049212598421
21
-6.5020363385826769
0
LINE
8
BLACK
6
CONTINUOUS
10
4.6891049212598421
20
-6.5020363385826769
11
4.6897357086614173
21
-6.5013249606299208
0
LINE
8
BLACK
6
CONTINUOUS
10
4.6897357086614173
20
-6.5013249606299208
11
4.6902111811023621
21
-6.5005014960629923
0
LINE
8
BLACK
6
CONTINUOUS
10
4.6902111811023621
20
-6.5005014960629923
11
4.6930233464566928
21
-6.4976893700787404
0
LINE
8
BLACK
6
CONTINUOUS
10
4.6930233464566928
20
-6.4976893700787404
11
4.6938467322834647
21
-6.4972139763779522
0
LINE
8
BLACK
6
CONTINUOUS
10
4.6938467322834647
20
-6.4972139763779522
11
4.6945581102362199
21
-6.4965831889763779
0
LINE
8
BLACK
6
CONTINUOUS
10
4.6945581102362199
20
-6.4965831889763779
11
4.7001823622047247
21
-6.4937710236220472
0
LINE
8
BLACK
6
CONTINUOUS
10
4.7001823622047247
20
-6.4937710236220472
11
4.7015123622047241
21
-6.4934988188976375
0
LINE
8
BLACK
6
CONTINUOUS
10
4.7015123622047241
20
-6.4934988188976375
11
4.7028234251968506
21
-6.4931475590551182
0
LINE
8
BLACK
6
CONTINUOUS
10
4.7028234251968506
20
-6.4931475590551182
11
4.7084477165354333
21
-6.4931475590551182
0
LINE
8
BLACK
6
CONTINUOUS
10
4.7084477165354333
20
-6.4931475590551182
11
4.7097587795275588
21
-6.4934988582677162
0
LINE
8
BLACK
6
CONTINUOUS
10
4.7006972834645664
20
-6.5067187007874017
11
4.6992404330708659
21
-6.5081755118110234
0
LINE
8
BLACK
6
CONTINUOUS
10
4.6992404330708659
20
-6.5081755118110234
11
4.6971466929133854
21
-6.512362913385827
0
LINE
8
BLACK
6
CONTINUOUS
10
4.6971466929133854
20
-6.512362913385827
11
4.6946681889763777
21
-6.522277165354331
0
LINE
8
BLACK
6
CONTINUOUS
10
4.6946681889763777
20
-6.522277165354331
11
4.6946681889763777
21
-6.5348840944881887
0
LINE
8
BLACK
6
CONTINUOUS
10
4.6946681889763777
20
-6.5348840944881887
11
4.6971466929133854
21
-6.544798307086614
0
LINE
8
BLACK
6
CONTINUOUS
10
4.6971466929133854
20
-6.544798307086614
11
4.6992404330708659
21
-6.5489857086614176
0
LINE
8
BLACK
6
CONTINUOUS
10
4.6992404330708659
20
-6.5489857086614176
11
4.7006972834645664
21
-6.5504425590551181
0
LINE
8
BLACK
6
CONTINUOUS
10
4.7006972834645664
20
-6.5504425590551181
11
4.7042175196850389
21
-6.5522026771653543
0
LINE
8
BLACK
6
CONTINUOUS
10
4.7042175196850389
20
-6.5522026771653543
11
4.7070536220472441
21
-6.5522026771653543
0
LINE
8
BLACK
6
CONTINUOUS
10
4.7070536220472441
20
-6.5522026771653543
11
4.7105737795275591
21
-6.5504425984251968
0
LINE
8
BLACK
6
CONTINUOUS
10
4.7105737795275591
20
-6.5504425984251968
11
4.7120306692913383
21
-6.5489857086614176
0
LINE
8
BLACK
6
CONTINUOUS
10
4.7120306692913383
20
-6.5489857086614176
11
4.7141243307086613
21
-6.5447983858267715
0
LINE
8
BLACK
6
CONTINUOUS
10
4.7141243307086613
20
-6.5447983858267715
11
4.7166029527559052
21
-6.53488405511811
0
LINE
8
BLACK
6
CONTINUOUS
10
4.7166029527559052
20
-6.53488405511811
11
4.7166029527559052
21
-6.5222772047244089
0
LINE
8
BLACK
6
CONTINUOUS
10
4.7166029527559052
20
-6.5222772047244089
11
4.7141243307086613
21
-6.5123628740157482
0
LINE
8
BLACK
6
CONTINUOUS
10
4.7141243307086613
20
-6.5123628740157482
11
4.712030708661417
21
-6.5081755511811021
0
LINE
8
BLACK
6
CONTINUOUS
10
4.712030708661417
20
-6.5081755511811021
11
4.7105738582677166
21
-6.5067187007874017
0
LINE
8
BLACK
6
CONTINUOUS
10
4.7105738582677166
20
-6.5067187007874017
11
4.7070536220472441
21
-6.5049585826771654
0
LINE
8
BLACK
6
CONTINUOUS
10
4.7070536220472441
20
-6.5049585826771654
11
4.7042175196850389
21
-6.5049585826771654
0
LINE
8
BLACK
6
CONTINUOUS
10
4.7042175196850389
20
-6.5049585826771654
11
4.7006972834645664
21
-6.5067187007874017
0
LINE
8
BLACK
6
CONTINUOUS
10
4.7620670078740153
20
-6.4931980708661419
11
4.7622585826771653
21
-6.4931597637795271
0
LINE
8
BLACK
6
CONTINUOUS
10
4.7622585826771653
20
-6.4931597637795271
11
4.7635327165354333
21
-6.4935907874015744
0
LINE
8
BLACK
6
CONTINUOUS
10
4.7635327165354333
20
-6.4935907874015744
11
4.76483125984252
21
-6.4939387401574802
0
LINE
8
BLACK
6
CONTINUOUS
10
4.76483125984252
20
-6.4939387401574802
11
4.7649692913385824
21
-6.4940767716535435
0
LINE
8
BLACK
6
CONTINUOUS
10
4.7649692913385824
20
-6.4940767716535435
11
4.7651542913385825
21
-6.4941393700787398
0
LINE
8
BLACK
6
CONTINUOUS
10
4.7651542913385825
20
-6.4941393700787398
11
4.7660421653543308
21
-6.495149645669291
0
LINE
8
BLACK
6
CONTINUOUS
10
4.7660421653543308
20
-6.495149645669291
11
4.7669928346456691
21
-6.4961003149606293
0
LINE
8
BLACK
6
CONTINUOUS
10
4.7669928346456691
20
-6.4961003149606293
11
4.7670433464566928
21
-6.4962888188976375
0
LINE
8
BLACK
6
CONTINUOUS
10
4.7670433464566928
20
-6.4962888188976375
11
4.7671722834645669
21
-6.4964355511811025
0
LINE
8
BLACK
6
CONTINUOUS
10
4.7671722834645669
20
-6.4964355511811025
11
4.7674360236220474
21
-6.4977544094488184
0
LINE
8
BLACK
6
CONTINUOUS
10
4.7674360236220474
20
-6.4977544094488184
11
4.7677840157480311
21
-6.4990530708661414
0
LINE
8
BLACK
6
CONTINUOUS
10
4.7677840157480311
20
-6.4990530708661414
11
4.7677840157480311
21
-6.5522026771653543
0
LINE
8
BLACK
6
CONTINUOUS
10
4.7677840157480311
20
-6.5522026771653543
11
4.7787514173228347
21
-6.5522026771653543
0
LINE
8
BLACK
6
CONTINUOUS
10
4.7787514173228347
20
-6.5522026771653543
11
4.7817041732283467
21
-6.5529938582677163
0
LINE
8
BLACK
6
CONTINUOUS
10
4.7817041732283467
20
-6.5529938582677163
11
4.7838657480314959
21
-6.5551554330708663
0
LINE
8
BLACK
6
CONTINUOUS
10
4.7838657480314959
20
-6.5551554330708663
11
4.7846569291338579
21
-6.5581081889763775
0
LINE
8
BLACK
6
CONTINUOUS
10
4.7846569291338579
20
-6.5581081889763775
11
4.7838657480314959
21
-6.5610609448818895
0
LINE
8
BLACK
6
CONTINUOUS
10
4.7838657480314959
20
-6.5610609448818895
11
4.7817041732283467
21
-6.5632225196850396
0
LINE
8
BLACK
6
CONTINUOUS
10
4.7817041732283467
20
-6.5632225196850396
11
4.7787514173228347
21
-6.5640137007874015
0
LINE
8
BLACK
6
CONTINUOUS
10
4.7787514173228347
20
-6.5640137007874015
11
4.761878503937008
21
-6.5640137007874015
0
LINE
8
BLACK
6
CONTINUOUS
10
4.761878503937008
20
-6.5640137007874015
11
4.74500562992126
21
-6.5640137007874015
0
LINE
8
BLACK
6
CONTINUOUS
10
4.74500562992126
20
-6.5640137007874015
11
4.7420528740157479
21
-6.5632225196850396
0
LINE
8
BLACK
6
CONTINUOUS
10
4.7420528740157479
20
-6.5632225196850396
11
4.7398912992125979
21
-6.5610609448818895
0
LINE
8
BLACK
6
CONTINUOUS
10
4.7398912992125979
20
-6.5610609448818895
11
4.7391001181102359
21
-6.5581081889763775
0
LINE
8
BLACK
6
CONTINUOUS
10
4.7391001181102359
20
-6.5581081889763775
11
4.7398912992125979
21
-6.5551554330708663
0
LINE
8
BLACK
6
CONTINUOUS
10
4.7398912992125979
20
-6.5551554330708663
11
4.7420528740157479
21
-6.5529938582677163
0
LINE
8
BLACK
6
CONTINUOUS
10
4.7420528740157479
20
-6.5529938582677163
11
4.74500562992126
21
-6.5522026771653543
0
LINE
8
BLACK
6
CONTINUOUS
10
4.74500562992126
20
-6.5522026771653543
11
4.7559729921259839
21
-6.5522026771653543
0
LINE
8
BLACK
6
CONTINUOUS
10
4.7559729921259839
20
-6.5522026771653543
11
4.7559729921259839
21
-6.5161224015748029
0
LINE
8
BLACK
6
CONTINUOUS
10
4.7559729921259839
20
-6.5161224015748029
11
4.7548057480314956
21
-6.5172896456692913
0
LINE
8
BLACK
6
CONTINUOUS
10
4.7548057480314956
20
-6.5172896456692913
11
4.7539822834645671
21
-6.5177650393700786
0
LINE
8
BLACK
6
CONTINUOUS
10
4.7539822834645671
20
-6.5177650393700786
11
4.7532709448818897
21
-6.5183958661417325
0
LINE
8
BLACK
6
CONTINUOUS
10
4.7532709448818897
20
-6.5183958661417325
11
4.7476466535433071
21
-6.5212080314960632
0
LINE
8
BLACK
6
CONTINUOUS
10
4.7476466535433071
20
-6.5212080314960632
11
4.7446518110236218
21
-6.5218209055118113
0
LINE
8
BLACK
6
CONTINUOUS
10
4.7446518110236218
20
-6.5218209055118113
11
4.7417517716535436
21
-6.520854212598425
0
LINE
8
BLACK
6
CONTINUOUS
10
4.7417517716535436
20
-6.520854212598425
11
4.7397235826771649
21
-6.5185670078740152
0
LINE
8
BLACK
6
CONTINUOUS
10
4.7397235826771649
20
-6.5185670078740152
11
4.7391107086614168
21
-6.5155721653543308
0
LINE
8
BLACK
6
CONTINUOUS
10
4.7391107086614168
20
-6.5155721653543308
11
4.7400774015748031
21
-6.5126721259842517
0
LINE
8
BLACK
6
CONTINUOUS
10
4.7400774015748031
20
-6.5126721259842517
11
4.7423646062992129
21
-6.5106439370078739
0
LINE
8
BLACK
6
CONTINUOUS
10
4.7423646062992129
20
-6.5106439370078739
11
4.7471317322834645
21
-6.50826031496063
0
LINE
8
BLACK
6
CONTINUOUS
10
4.7471317322834645
20
-6.50826031496063
11
4.751664842519685
21
-6.5037272047244095
0
LINE
8
BLACK
6
CONTINUOUS
10
4.751664842519685
20
-6.5037272047244095
11
4.7569648425196851
21
-6.4957772834645668
0
LINE
8
BLACK
6
CONTINUOUS
10
4.7569648425196851
20
-6.4957772834645668
11
4.7579748031496063
21
-6.4948896456692911
0
LINE
8
BLACK
6
CONTINUOUS
10
4.7579748031496063
20
-6.4948896456692911
11
4.7589257480314959
21
-6.4939387401574802
0
LINE
8
BLACK
6
CONTINUOUS
10
4.7589257480314959
20
-6.4939387401574802
11
4.7591143307086616
21
-6.4938881889763778
0
LINE
8
BLACK
6
CONTINUOUS
10
4.7591143307086616
20
-6.4938881889763778
11
4.7592610236220469
21
-6.4937592913385824
0
LINE
8
BLACK
6
CONTINUOUS
10
4.7592610236220469
20
-6.4937592913385824
11
4.7605799606299213
21
-6.4934954724409444
0
LINE
8
BLACK
6
CONTINUOUS
10
4.7605799606299213
20
-6.4934954724409444
11
4.761878503937008
21
-6.4931475590551182
0
LINE
8
BLACK
6
CONTINUOUS
10
4.761878503937008
20
-6.4931475590551182
11
4.7620670078740153
21
-6.4931980708661419
0
LINE
8
BLACK
6
CONTINUOUS
10
4.6723534251968504
20
-6.4941393700787398
11
4.6743714173228348
21
-6.4964355905511812
0
LINE
8
BLACK
6
CONTINUOUS
10
4.6743714173228348
20
-6.4964355905511812
11
4.6749709055118105
21
-6.4994331496062987
0
LINE
8
BLACK
6
CONTINUOUS
10
4.6749709055118105
20
-6.4994331496062987
11
4.6739913385826775
21
-6.5023288582677168
0
LINE
8
BLACK
6
CONTINUOUS
10
4.6739913385826775
20
-6.5023288582677168
11
4.6564901574803148
21
-6.5285806299212599
0
LINE
8
BLACK
6
CONTINUOUS
10
4.6564901574803148
20
-6.5285806299212599
11
4.6739913385826775
21
-6.554832401574803
0
LINE
8
BLACK
6
CONTINUOUS
10
4.6739913385826775
20
-6.554832401574803
11
4.6749709055118105
21
-6.5577281102362202
0
LINE
8
BLACK
6
CONTINUOUS
10
4.6749709055118105
20
-6.5577281102362202
11
4.6743714173228348
21
-6.5607256692913385
0
LINE
8
BLACK
6
CONTINUOUS
10
4.6743714173228348
20
-6.5607256692913385
11
4.6723534251968504
21
-6.5630218897637791
0
LINE
8
BLACK
6
CONTINUOUS
10
4.6723534251968504
20
-6.5630218897637791
11
4.6694577165354332
21
-6.564001456692913
0
LINE
8
BLACK
6
CONTINUOUS
10
4.6694577165354332
20
-6.564001456692913
11
4.6664601574803148
21
-6.5634019685039364
0
LINE
8
BLACK
6
CONTINUOUS
10
4.6664601574803148
20
-6.5634019685039364
11
4.664163976377953
21
-6.5613839763779529
0
LINE
8
BLACK
6
CONTINUOUS
10
4.664163976377953
20
-6.5613839763779529
11
4.6493925984251971
21
-6.5392269291338581
0
LINE
8
BLACK
6
CONTINUOUS
10
4.6493925984251971
20
-6.5392269291338581
11
4.6346212598425192
21
-6.5613839763779529
0
LINE
8
BLACK
6
CONTINUOUS
10
4.6346212598425192
20
-6.5613839763779529
11
4.6323250393700786
21
-6.5634019685039364
0
LINE
8
BLACK
6
CONTINUOUS
10
4.6323250393700786
20
-6.5634019685039364
11
4.6293274803149602
21
-6.564001456692913
0
LINE
8
BLACK
6
CONTINUOUS
10
4.6293274803149602
20
-6.564001456692913
11
4.626431771653543
21
-6.5630218897637791
0
LINE
8
BLACK
6
CONTINUOUS
10
4.626431771653543
20
-6.5630218897637791
11
4.6244137795275586
21
-6.5607256692913385
0
LINE
8
BLACK
6
CONTINUOUS
10
4.6244137795275586
20
-6.5607256692913385
11
4.6238142913385829
21
-6.5577281102362202
0
LINE
8
BLACK
6
CONTINUOUS
10
4.6238142913385829
20
-6.5577281102362202
11
4.6247938582677168
21
-6.554832401574803
0
LINE
8
BLACK
6
CONTINUOUS
10
4.6247938582677168
20
-6.554832401574803
11
4.6422950393700786
21
-6.5285806299212599
0
LINE
8
BLACK
6
CONTINUOUS
10
4.6422950393700786
20
-6.5285806299212599
11
4.6247938582677168
21
-6.5023288582677168
0
LINE
8
BLACK
6
CONTINUOUS
10
4.6247938582677168
20
-6.5023288582677168
11
4.6238142913385829
21
-6.4994331496062987
0
LINE
8
BLACK
6
CONTINUOUS
10
4.6238142913385829
20
-6.4994331496062987
11
4.6244137795275586
21
-6.4964355905511812
0
LINE
8
BLACK
6
CONTINUOUS
10
4.6244137795275586
20
-6.4964355905511812
11
4.626431771653543
21
-6.4941393700787398
0
LINE
8
BLACK
6
CONTINUOUS
10
4.626431771653543
20
-6.4941393700787398
11
4.6293274803149602
21
-6.4931598031496058
0
LINE
8
BLACK
6
CONTINUOUS
10
4.6293274803149602
20
-6.4931598031496058
11
4.6323250393700786
21
-6.4937592913385824
0
LINE
8
BLACK
6
CONTINUOUS
10
4.6323250393700786
20
-6.4937592913385824
11
4.6346212598425192
21
-6.4957772834645668
0
LINE
8
BLACK
6
CONTINUOUS
10
4.6346212598425192
20
-6.4957772834645668
11
4.6493925984251971
21
-6.5179342913385829
0
LINE
8
BLACK
6
CONTINUOUS
10
4.6493925984251971
20
-6.5179342913385829
11
4.664163976377953
21
-6.4957772834645668
0
LINE
8
BLACK
6
CONTINUOUS
10
4.664163976377953
20
-6.4957772834645668
11
4.6664601574803148
21
-6.4937592913385824
0
LINE
8
BLACK
6
CONTINUOUS
10
4.6664601574803148
20
-6.4937592913385824
11
4.6694577165354332
21
-6.4931598031496058
0
LINE
8
BLACK
6
CONTINUOUS
10
4.6694577165354332
20
-6.4931598031496058
11
4.6723534251968504
21
-6.4941393700787398
0
LINE
8
BLACK
6
CONTINUOUS
10
4.8168162598425193
20
-6.4934289370078737
11
4.8171768110236215
21
-6.4934505905511806
0
LINE
8
BLACK
6
CONTINUOUS
10
4.8171768110236215
20
-6.4934505905511806
11
4.8181667322834647
21
-6.4941041732283464
0
LINE
8
BLACK
6
CONTINUOUS
10
4.8181667322834647
20
-6.4941041732283464
11
4.8192274803149608
21
-6.4946345669291334
0
LINE
8
BLACK
6
CONTINUOUS
10
4.8192274803149608
20
-6.4946345669291334
11
4.8194264173228349
21
-6.4949358661417325
0
LINE
8
BLACK
6
CONTINUOUS
10
4.8194264173228349
20
-6.4949358661417325
11
4.8197278740157481
21
-6.4951349212598419
0
LINE
8
BLACK
6
CONTINUOUS
10
4.8197278740157481
20
-6.4951349212598419
11
4.8202583858267714
21
-6.4961959842519681
0
LINE
8
BLACK
6
CONTINUOUS
10
4.8202583858267714
20
-6.4961959842519681
11
4.8209117716535435
21
-6.4971855905511813
0
LINE
8
BLACK
6
CONTINUOUS
10
4.8209117716535435
20
-6.4971855905511813
11
4.8405968503937009
21
-6.5562407086614174
0
LINE
8
BLACK
6
CONTINUOUS
10
4.8405968503937009
20
-6.5562407086614174
11
4.8407799999999996
21
-6.5592921259842516
0
LINE
8
BLACK
6
CONTINUOUS
10
4.8407799999999996
20
-6.5592921259842516
11
4.8394129133858268
21
-6.5620263385826769
0
LINE
8
BLACK
6
CONTINUOUS
10
4.8394129133858268
20
-6.5620263385826769
11
4.8368618503937011
21
-6.5637106692913383
0
LINE
8
BLACK
6
CONTINUOUS
10
4.8368618503937011
20
-6.5637106692913383
11
4.833810433070866
21
-6.5638938188976379
0
LINE
8
BLACK
6
CONTINUOUS
10
4.833810433070866
20
-6.5638938188976379
11
4.8310762204724407
21
-6.5625267322834642
0
LINE
8
BLACK
6
CONTINUOUS
10
4.8310762204724407
20
-6.5625267322834642
11
4.8293919291338581
21
-6.5599756692913385
0
LINE
8
BLACK
6
CONTINUOUS
10
4.8293919291338581
20
-6.5599756692913385
11
4.8251136614173227
21
-6.5471408267716535
0
LINE
8
BLACK
6
CONTINUOUS
10
4.8251136614173227
20
-6.5471408267716535
11
4.8055050393700789
21
-6.5471408267716535
0
LINE
8
BLACK
6
CONTINUOUS
10
4.8055050393700789
20
-6.5471408267716535
11
4.8012267322834647
21
-6.5599756692913385
0
LINE
8
BLACK
6
CONTINUOUS
10
4.8012267322834647
20
-6.5599756692913385
11
4.7995424409448821
21
-6.5625266929133854
0
LINE
8
BLACK
6
CONTINUOUS
10
4.7995424409448821
20
-6.5625266929133854
11
4.7968082283464568
21
-6.5638938188976379
0
LINE
8
BLACK
6
CONTINUOUS
10
4.7968082283464568
20
-6.5638938188976379
11
4.7937568110236217
21
-6.5637106299212595
0
LINE
8
BLACK
6
CONTINUOUS
10
4.7937568110236217
20
-6.5637106299212595
11
4.7912057874015748
21
-6.5620263385826769
0
LINE
8
BLACK
6
CONTINUOUS
10
4.7912057874015748
20
-6.5620263385826769
11
4.7898386614173223
21
-6.5592921259842516
0
LINE
8
BLACK
6
CONTINUOUS
10
4.7898386614173223
20
-6.5592921259842516
11
4.7900218503937007
21
-6.5562407086614174
0
LINE
8
BLACK
6
CONTINUOUS
10
4.7900218503937007
20
-6.5562407086614174
11
4.8097068897637794
21
-6.4971855905511813
0
LINE
8
BLACK
6
CONTINUOUS
10
4.8097068897637794
20
-6.4971855905511813
11
4.810360354330709
21
-6.4961957874015743
0
LINE
8
BLACK
6
CONTINUOUS
10
4.810360354330709
20
-6.4961957874015743
11
4.8108908267716535
21
-6.4951349212598419
0
LINE
8
BLACK
6
CONTINUOUS
10
4.8108908267716535
20
-6.4951349212598419
11
4.8111921259842516
21
-6.49493594488189
0
LINE
8
BLACK
6
CONTINUOUS
10
4.8111921259842516
20
-6.49493594488189
11
4.811391181102362
21
-6.4946345275590547
0
LINE
8
BLACK
6
CONTINUOUS
10
4.811391181102362
20
-6.4946345275590547
11
4.8124522440944881
21
-6.4941039763779527
0
LINE
8
BLACK
6
CONTINUOUS
10
4.8124522440944881
20
-6.4941039763779527
11
4.8134418503937004
21
-6.4934506299212593
0
LINE
8
BLACK
6
CONTINUOUS
10
4.8134418503937004
20
-6.4934506299212593
11
4.8138022834645664
21
-6.4934289763779525
0
LINE
8
BLACK
6
CONTINUOUS
10
4.8138022834645664
20
-6.4934289763779525
11
4.8141253937007873
21
-6.4932674409448818
0
LINE
8
BLACK
6
CONTINUOUS
10
4.8141253937007873
20
-6.4932674409448818
11
4.8153094488188977
21
-6.4933385039370073
0
LINE
8
BLACK
6
CONTINUOUS
10
4.8153094488188977
20
-6.4933385039370073
11
4.8164932677165355
21
-6.4932674409448818
0
LINE
8
BLACK
6
CONTINUOUS
10
4.8164932677165355
20
-6.4932674409448818
11
4.8168162598425193
21
-6.4934289370078737
0
LINE
8
BLACK
6
CONTINUOUS
10
4.8094420472440946
20
-6.5353298031496063
11
4.8211766535433069
21
-6.5353298031496063
0
LINE
8
BLACK
6
CONTINUOUS
10
4.8211766535433069
20
-6.5353298031496063
11
4.8153093307086614
21
-6.5177279133858264
0
LINE
8
BLACK
6
CONTINUOUS
10
4.8153093307086614
20
-6.5177279133858264
11
4.8094420472440946
21
-6.5353298031496063
0
LINE
8
BLACK
6
CONTINUOUS
10
5.4487948425196846
20
-6.32707
11
5.449743897637795
21
-6.3271270078740152
0
LINE
8
BLACK
6
CONTINUOUS
10
5.449743897637795
20
-6.3271270078740152
11
5.4581803543307084
21
-6.329939133858268
0
LINE
8
BLACK
6
CONTINUOUS
10
5.4581803543307084
20
-6.329939133858268
11
5.4607313779527562
21
-6.3316234645669294
0
LINE
8
BLACK
6
CONTINUOUS
10
5.4607313779527562
20
-6.3316234645669294
11
5.4620985039370078
21
-6.3343576771653538
0
LINE
8
BLACK
6
CONTINUOUS
10
5.4620985039370078
20
-6.3343576771653538
11
5.4619153149606294
21
-6.3374090944881889
0
LINE
8
BLACK
6
CONTINUOUS
10
5.4619153149606294
20
-6.3374090944881889
11
5.4602309842519681
21
-6.3399601574803146
0
LINE
8
BLACK
6
CONTINUOUS
10
5.4602309842519681
20
-6.3399601574803146
11
5.4574967716535427
21
-6.3413272440944883
0
LINE
8
BLACK
6
CONTINUOUS
10
5.4574967716535427
20
-6.3413272440944883
11
5.4544453543307085
21
-6.34114405511811
0
LINE
8
BLACK
6
CONTINUOUS
10
5.4544453543307085
20
-6.34114405511811
11
5.4469181496062991
21
-6.3386349606299213
0
LINE
8
BLACK
6
CONTINUOUS
10
5.4469181496062991
20
-6.3386349606299213
11
5.4352097637795271
21
-6.3386349606299213
0
LINE
8
BLACK
6
CONTINUOUS
10
5.4352097637795271
20
-6.3386349606299213
11
5.4316895275590547
21
-6.3403950787401575
0
LINE
8
BLACK
6
CONTINUOUS
10
5.4316895275590547
20
-6.3403950787401575
11
5.4302326377952754
21
-6.3418519685039367
0
LINE
8
BLACK
6
CONTINUOUS
10
5.4302326377952754
20
-6.3418519685039367
11
5.4284725984251967
21
-6.345372086614173
0
LINE
8
BLACK
6
CONTINUOUS
10
5.4284725984251967
20
-6.345372086614173
11
5.4284725984251967
21
-6.3482082677165357
0
LINE
8
BLACK
6
CONTINUOUS
10
5.4284725984251967
20
-6.3482082677165357
11
5.4302326377952754
21
-6.3517283858267719
0
LINE
8
BLACK
6
CONTINUOUS
10
5.4302326377952754
20
-6.3517283858267719
11
5.4316895275590547
21
-6.3531852755905511
0
LINE
8
BLACK
6
CONTINUOUS
10
5.4316895275590547
20
-6.3531852755905511
11
5.4358769291338582
21
-6.3552789763779529
0
LINE
8
BLACK
6
CONTINUOUS
10
5.4358769291338582
20
-6.3552789763779529
11
5.446496535433071
21
-6.3579338976377953
0
LINE
8
BLACK
6
CONTINUOUS
10
5.446496535433071
20
-6.3579338976377953
11
5.447066496062992
21
-6.3582502755905512
0
LINE
8
BLACK
6
CONTINUOUS
10
5.447066496062992
20
-6.3582502755905512
11
5.4477052755905513
21
-6.358381023622047
0
LINE
8
BLACK
6
CONTINUOUS
10
5.4477052755905513
20
-6.358381023622047
11
5.4533296062992127
21
-6.3611931889763778
0
LINE
8
BLACK
6
CONTINUOUS
10
5.4533296062992127
20
-6.3611931889763778
11
5.4540409842519688
21
-6.3618240157480317
0
LINE
8
BLACK
6
CONTINUOUS
10
5.4540409842519688
20
-6.3618240157480317
11
5.4548644488188973
21
-6.3622994488188978
0
LINE
8
BLACK
6
CONTINUOUS
10
5.4548644488188973
20
-6.3622994488188978
11
5.4576765748031493
21
-6.3651116141732285
0
LINE
8
BLACK
6
CONTINUOUS
10
5.4576765748031493
20
-6.3651116141732285
11
5.4581519291338578
21
-6.3659349999999995
0
LINE
8
BLACK
6
CONTINUOUS
10
5.4581519291338578
20
-6.3659349999999995
11
5.4587827559055118
21
-6.3666463779527556
0
LINE
8
BLACK
6
CONTINUOUS
10
5.4587827559055118
20
-6.3666463779527556
11
5.4615949212598425
21
-6.3722706299212595
0
LINE
8
BLACK
6
CONTINUOUS
10
5.4615949212598425
20
-6.3722706299212595
11
5.4618670866141734
21
-6.3736006299212598
0
LINE
8
BLACK
6
CONTINUOUS
10
5.4618670866141734
20
-6.3736006299212598
11
5.4622183858267714
21
-6.3749116929133853
0
LINE
8
BLACK
6
CONTINUOUS
10
5.4622183858267714
20
-6.3749116929133853
11
5.4622183858267714
21
-6.380535984251968
0
LINE
8
BLACK
6
CONTINUOUS
10
5.4622183858267714
20
-6.380535984251968
11
5.4618670866141734
21
-6.3818470078740157
0
LINE
8
BLACK
6
CONTINUOUS
10
5.4618670866141734
20
-6.3818470078740157
11
5.4615949212598425
21
-6.3831770472440947
0
LINE
8
BLACK
6
CONTINUOUS
10
5.4615949212598425
20
-6.3831770472440947
11
5.4587827559055118
21
-6.3888012992125987
0
LINE
8
BLACK
6
CONTINUOUS
10
5.4587827559055118
20
-6.3888012992125987
11
5.4581519291338578
21
-6.3895126377952751
0
LINE
8
BLACK
6
CONTINUOUS
10
5.4581519291338578
20
-6.3895126377952751
11
5.4576765748031493
21
-6.3903360629921258
0
LINE
8
BLACK
6
CONTINUOUS
10
5.4576765748031493
20
-6.3903360629921258
11
5.4548644488188973
21
-6.3931482283464565
0
LINE
8
BLACK
6
CONTINUOUS
10
5.4548644488188973
20
-6.3931482283464565
11
5.4540409842519688
21
-6.3936236220472438
0
LINE
8
BLACK
6
CONTINUOUS
10
5.4540409842519688
20
-6.3936236220472438
11
5.4533296062992127
21
-6.3942544881889765
0
LINE
8
BLACK
6
CONTINUOUS
10
5.4533296062992127
20
-6.3942544881889765
11
5.4477052362204725
21
-6.3970666141732284
0
LINE
8
BLACK
6
CONTINUOUS
10
5.4477052362204725
20
-6.3970666141732284
11
5.4463754724409448
21
-6.3973387007874019
0
LINE
8
BLACK
6
CONTINUOUS
10
5.4463754724409448
20
-6.3973387007874019
11
5.4450642519685042
21
-6.3976900787401574
0
LINE
8
BLACK
6
CONTINUOUS
10
5.4450642519685042
20
-6.3976900787401574
11
5.4310035433070869
21
-6.3976900787401574
0
LINE
8
BLACK
6
CONTINUOUS
10
5.4310035433070869
20
-6.3976900787401574
11
5.4300851968503938
21
-6.3974440157480315
0
LINE
8
BLACK
6
CONTINUOUS
10
5.4300851968503938
20
-6.3974440157480315
11
5.4291360629921259
21
-6.3973870472440941
0
LINE
8
BLACK
6
CONTINUOUS
10
5.4291360629921259
20
-6.3973870472440941
11
5.4206996062992125
21
-6.3945749212598422
0
LINE
8
BLACK
6
CONTINUOUS
10
5.4206996062992125
20
-6.3945749212598422
11
5.4181485826771656
21
-6.3928905905511808
0
LINE
8
BLACK
6
CONTINUOUS
10
5.4181485826771656
20
-6.3928905905511808
11
5.4167814566929131
21
-6.3901563779527555
0
LINE
8
BLACK
6
CONTINUOUS
10
5.4167814566929131
20
-6.3901563779527555
11
5.4169646062992127
21
-6.3871049606299213
0
LINE
8
BLACK
6
CONTINUOUS
10
5.4169646062992127
20
-6.3871049606299213
11
5.4186489370078741
21
-6.3845539370078734
0
LINE
8
BLACK
6
CONTINUOUS
10
5.4186489370078741
20
-6.3845539370078734
11
5.4213831496062994
21
-6.3831868110236218
0
LINE
8
BLACK
6
CONTINUOUS
10
5.4213831496062994
20
-6.3831868110236218
11
5.4244345669291336
21
-6.3833699606299215
0
LINE
8
BLACK
6
CONTINUOUS
10
5.4244345669291336
20
-6.3833699606299215
11
5.4319619291338581
21
-6.3858790551181102
0
LINE
8
BLACK
6
CONTINUOUS
10
5.4319619291338581
20
-6.3858790551181102
11
5.4436701968503938
21
-6.3858790551181102
0
LINE
8
BLACK
6
CONTINUOUS
10
5.4436701968503938
20
-6.3858790551181102
11
5.4471903937007875
21
-6.3841189370078739
0
LINE
8
BLACK
6
CONTINUOUS
10
5.4471903937007875
20
-6.3841189370078739
11
5.4486472047244092
21
-6.3826620866141734
0
LINE
8
BLACK
6
CONTINUOUS
10
5.4486472047244092
20
-6.3826620866141734
11
5.4504073622047242
21
-6.379141850393701
0
LINE
8
BLACK
6
CONTINUOUS
10
5.4504073622047242
20
-6.379141850393701
11
5.4504073622047242
21
-6.3763057874015745
0
LINE
8
BLACK
6
CONTINUOUS
10
5.4504073622047242
20
-6.3763057874015745
11
5.4486472047244092
21
-6.372785551181102
0
LINE
8
BLACK
6
CONTINUOUS
10
5.4486472047244092
20
-6.372785551181102
11
5.4471903543307088
21
-6.3713286614173228
0
LINE
8
BLACK
6
CONTINUOUS
10
5.4471903543307088
20
-6.3713286614173228
11
5.4430029921259839
21
-6.3692349999999998
0
LINE
8
BLACK
6
CONTINUOUS
10
5.4430029921259839
20
-6.3692349999999998
11
5.4323833858267712
21
-6.3665801181102362
0
LINE
8
BLACK
6
CONTINUOUS
10
5.4323833858267712
20
-6.3665801181102362
11
5.4318134251968502
21
-6.3662637007874014
0
LINE
8
BLACK
6
CONTINUOUS
10
5.4318134251968502
20
-6.3662637007874014
11
5.4311746062992121
21
-6.3661329921259844
0
LINE
8
BLACK
6
CONTINUOUS
10
5.4311746062992121
20
-6.3661329921259844
11
5.4255503543307082
21
-6.3633208267716537
0
LINE
8
BLACK
6
CONTINUOUS
10
5.4255503543307082
20
-6.3633208267716537
11
5.424838976377953
21
-6.3626899999999997
0
LINE
8
BLACK
6
CONTINUOUS
10
5.424838976377953
20
-6.3626899999999997
11
5.4240155905511811
21
-6.3622146456692912
0
LINE
8
BLACK
6
CONTINUOUS
10
5.4240155905511811
20
-6.3622146456692912
11
5.4212034251968504
21
-6.3594025196850392
0
LINE
8
BLACK
6
CONTINUOUS
10
5.4212034251968504
20
-6.3594025196850392
11
5.4207279921259843
21
-6.3585790551181098
0
LINE
8
BLACK
6
CONTINUOUS
10
5.4207279921259843
20
-6.3585790551181098
11
5.4200971653543304
21
-6.3578676771653546
0
LINE
8
BLACK
6
CONTINUOUS
10
5.4200971653543304
20
-6.3578676771653546
11
5.4172850393700784
21
-6.3522433858267719
0
LINE
8
BLACK
6
CONTINUOUS
10
5.4172850393700784
20
-6.3522433858267719
11
5.4170128740157475
21
-6.3509135039370079
0
LINE
8
BLACK
6
CONTINUOUS
10
5.4170128740157475
20
-6.3509135039370079
11
5.4166615748031495
21
-6.349602362204724
0
LINE
8
BLACK
6
CONTINUOUS
10
5.4166615748031495
20
-6.349602362204724
11
5.4166615748031495
21
-6.3439780314960625
0
LINE
8
BLACK
6
CONTINUOUS
10
5.4166615748031495
20
-6.3439780314960625
11
5.4170128740157475
21
-6.3426668503937007
0
LINE
8
BLACK
6
CONTINUOUS
10
5.4170128740157475
20
-6.3426668503937007
11
5.4172850393700784
21
-6.3413370078740154
0
LINE
8
BLACK
6
CONTINUOUS
10
5.4172850393700784
20
-6.3413370078740154
11
5.4200971653543304
21
-6.3357127165354328
0
LINE
8
BLACK
6
CONTINUOUS
10
5.4200971653543304
20
-6.3357127165354328
11
5.4207279921259843
21
-6.3350012992125979
0
LINE
8
BLACK
6
CONTINUOUS
10
5.4207279921259843
20
-6.3350012992125979
11
5.4212034251968504
21
-6.3341778740157482
0
LINE
8
BLACK
6
CONTINUOUS
10
5.4212034251968504
20
-6.3341778740157482
11
5.4240155905511811
21
-6.3313657480314962
0
LINE
8
BLACK
6
CONTINUOUS
10
5.4240155905511811
20
-6.3313657480314962
11
5.424838976377953
21
-6.3308903543307089
0
LINE
8
BLACK
6
CONTINUOUS
10
5.424838976377953
20
-6.3308903543307089
11
5.4255503543307082
21
-6.3302595669291337
0
LINE
8
BLACK
6
CONTINUOUS
10
5.4255503543307082
20
-6.3302595669291337
11
5.4311746062992121
21
-6.327447401574803
0
LINE
8
BLACK
6
CONTINUOUS
10
5.4311746062992121
20
-6.327447401574803
11
5.4325046062992124
21
-6.3271751968503933
0
LINE
8
BLACK
6
CONTINUOUS
10
5.4325046062992124
20
-6.3271751968503933
11
5.4338156692913389
21
-6.326823937007874
0
LINE
8
BLACK
6
CONTINUOUS
10
5.4338156692913389
20
-6.326823937007874
11
5.4478764173228349
21
-6.326823937007874
0
LINE
8
BLACK
6
CONTINUOUS
10
5.4478764173228349
20
-6.326823937007874
11
5.4487948425196846
21
-6.32707
0
LINE
8
BLACK
6
CONTINUOUS
10
5.50503779527559
20
-6.32707
11
5.5059868503937004
21
-6.3271270078740152
0
LINE
8
BLACK
6
CONTINUOUS
10
5.5059868503937004
20
-6.3271270078740152
11
5.5144233070866138
21
-6.329939133858268
0
LINE
8
BLACK
6
CONTINUOUS
10
5.5144233070866138
20
-6.329939133858268
11
5.5169743307086616
21
-6.3316234645669294
0
LINE
8
BLACK
6
CONTINUOUS
10
5.5169743307086616
20
-6.3316234645669294
11
5.5183414566929132
21
-6.3343576771653538
0
LINE
8
BLACK
6
CONTINUOUS
10
5.5183414566929132
20
-6.3343576771653538
11
5.5181582677165357
21
-6.3374090944881889
0
LINE
8
BLACK
6
CONTINUOUS
10
5.5181582677165357
20
-6.3374090944881889
11
5.5164739370078735
21
-6.3399601574803146
0
LINE
8
BLACK
6
CONTINUOUS
10
5.5164739370078735
20
-6.3399601574803146
11
5.513739724409449
21
-6.3413272440944883
0
LINE
8
BLACK
6
CONTINUOUS
10
5.513739724409449
20
-6.3413272440944883
11
5.5106883070866139
21
-6.34114405511811
0
LINE
8
BLACK
6
CONTINUOUS
10
5.5106883070866139
20
-6.34114405511811
11
5.5031611023622045
21
-6.3386349606299213
0
LINE
8
BLACK
6
CONTINUOUS
10
5.5031611023622045
20
-6.3386349606299213
11
5.4914527165354325
21
-6.3386349606299213
0
LINE
8
BLACK
6
CONTINUOUS
10
5.4914527165354325
20
-6.3386349606299213
11
5.4879324803149609
21
-6.3403950787401575
0
LINE
8
BLACK
6
CONTINUOUS
10
5.4879324803149609
20
-6.3403950787401575
11
5.4864755905511808
21
-6.3418519685039367
0
LINE
8
BLACK
6
CONTINUOUS
10
5.4864755905511808
20
-6.3418519685039367
11
5.4847155511811021
21
-6.345372086614173
0
LINE
8
BLACK
6
CONTINUOUS
10
5.4847155511811021
20
-6.345372086614173
11
5.4847155511811021
21
-6.3482082677165357
0
LINE
8
BLACK
6
CONTINUOUS
10
5.4847155511811021
20
-6.3482082677165357
11
5.4864755905511808
21
-6.3517283858267719
0
LINE
8
BLACK
6
CONTINUOUS
10
5.4864755905511808
20
-6.3517283858267719
11
5.4879324803149609
21
-6.3531852755905511
0
LINE
8
BLACK
6
CONTINUOUS
10
5.4879324803149609
20
-6.3531852755905511
11
5.4921198818897636
21
-6.3552789763779529
0
LINE
8
BLACK
6
CONTINUOUS
10
5.4921198818897636
20
-6.3552789763779529
11
5.5027394881889764
21
-6.3579338976377953
0
LINE
8
BLACK
6
CONTINUOUS
10
5.5027394881889764
20
-6.3579338976377953
11
5.5033094488188974
21
-6.3582502755905512
0
LINE
8
BLACK
6
CONTINUOUS
10
5.5033094488188974
20
-6.3582502755905512
11
5.5039482283464567
21
-6.358381023622047
0
LINE
8
BLACK
6
CONTINUOUS
10
5.5039482283464567
20
-6.358381023622047
11
5.5095725590551181
21
-6.3611931889763778
0
LINE
8
BLACK
6
CONTINUOUS
10
5.5095725590551181
20
-6.3611931889763778
11
5.5102839370078742
21
-6.3618240157480317
0
LINE
8
BLACK
6
CONTINUOUS
10
5.5102839370078742
20
-6.3618240157480317
11
5.5111074015748027
21
-6.3622994488188978
0
LINE
8
BLACK
6
CONTINUOUS
10
5.5111074015748027
20
-6.3622994488188978
11
5.5139195275590547
21
-6.3651116141732285
0
LINE
8
BLACK
6
CONTINUOUS
10
5.5139195275590547
20
-6.3651116141732285
11
5.5143948818897632
21
-6.3659349999999995
0
LINE
8
BLACK
6
CONTINUOUS
10
5.5143948818897632
20
-6.3659349999999995
11
5.5150257086614172
21
-6.3666463779527556
0
LINE
8
BLACK
6
CONTINUOUS
10
5.5150257086614172
20
-6.3666463779527556
11
5.5178378740157479
21
-6.3722706299212595
0
LINE
8
BLACK
6
CONTINUOUS
10
5.5178378740157479
20
-6.3722706299212595
11
5.5181100393700788
21
-6.3736006299212598
0
LINE
8
BLACK
6
CONTINUOUS
10
5.5181100393700788
20
-6.3736006299212598
11
5.5184613385826768
21
-6.3749116929133853
0
LINE
8
BLACK
6
CONTINUOUS
10
5.5184613385826768
20
-6.3749116929133853
11
5.5184613385826768
21
-6.380535984251968
0
LINE
8
BLACK
6
CONTINUOUS
10
5.5184613385826768
20
-6.380535984251968
11
5.5181100393700788
21
-6.3818470078740157
0
LINE
8
BLACK
6
CONTINUOUS
10
5.5181100393700788
20
-6.3818470078740157
11
5.5178378740157479
21
-6.3831770472440947
0
LINE
8
BLACK
6
CONTINUOUS
10
5.5178378740157479
20
-6.3831770472440947
11
5.5150257086614172
21
-6.3888012992125987
0
LINE
8
BLACK
6
CONTINUOUS
10
5.5150257086614172
20
-6.3888012992125987
11
5.5143948818897632
21
-6.3895126377952751
0
LINE
8
BLACK
6
CONTINUOUS
10
5.5143948818897632
20
-6.3895126377952751
11
5.5139195275590547
21
-6.3903360629921258
0
LINE
8
BLACK
6
CONTINUOUS
10
5.5139195275590547
20
-6.3903360629921258
11
5.5111074015748027
21
-6.3931482283464565
0
LINE
8
BLACK
6
CONTINUOUS
10
5.5111074015748027
20
-6.3931482283464565
11
5.5102839370078742
21
-6.3936236220472438
0
LINE
8
BLACK
6
CONTINUOUS
10
5.5102839370078742
20
-6.3936236220472438
11
5.5095725590551181
21
-6.3942544881889765
0
LINE
8
BLACK
6
CONTINUOUS
10
5.5095725590551181
20
-6.3942544881889765
11
5.5039481889763779
21
-6.3970666141732284
0
LINE
8
BLACK
6
CONTINUOUS
10
5.5039481889763779
20
-6.3970666141732284
11
5.5026184251968502
21
-6.3973387007874019
0
LINE
8
BLACK
6
CONTINUOUS
10
5.5026184251968502
20
-6.3973387007874019
11
5.5013072047244096
21
-6.3976900787401574
0
LINE
8
BLACK
6
CONTINUOUS
10
5.5013072047244096
20
-6.3976900787401574
11
5.4872464960629923
21
-6.3976900787401574
0
LINE
8
BLACK
6
CONTINUOUS
10
5.4872464960629923
20
-6.3976900787401574
11
5.4863281496062992
21
-6.3974440157480315
0
LINE
8
BLACK
6
CONTINUOUS
10
5.4863281496062992
20
-6.3974440157480315
11
5.4853790157480313
21
-6.3973870472440941
0
LINE
8
BLACK
6
CONTINUOUS
10
5.4853790157480313
20
-6.3973870472440941
11
5.476942559055118
21
-6.3945749212598422
0
LINE
8
BLACK
6
CONTINUOUS
10
5.476942559055118
20
-6.3945749212598422
11
5.474391535433071
21
-6.3928905905511808
0
LINE
8
BLACK
6
CONTINUOUS
10
5.474391535433071
20
-6.3928905905511808
11
5.4730244094488185
21
-6.3901563779527555
0
LINE
8
BLACK
6
CONTINUOUS
10
5.4730244094488185
20
-6.3901563779527555
11
5.4732075590551181
21
-6.3871049606299213
0
LINE
8
BLACK
6
CONTINUOUS
10
5.4732075590551181
20
-6.3871049606299213
11
5.4748918897637795
21
-6.3845539370078734
0
LINE
8
BLACK
6
CONTINUOUS
10
5.4748918897637795
20
-6.3845539370078734
11
5.4776261023622048
21
-6.3831868110236218
0
LINE
8
BLACK
6
CONTINUOUS
10
5.4776261023622048
20
-6.3831868110236218
11
5.480677519685039
21
-6.3833699606299215
0
LINE
8
BLACK
6
CONTINUOUS
10
5.480677519685039
20
-6.3833699606299215
11
5.4882048818897635
21
-6.3858790551181102
0
LINE
8
BLACK
6
CONTINUOUS
10
5.4882048818897635
20
-6.3858790551181102
11
5.4999131496062992
21
-6.3858790551181102
0
LINE
8
BLACK
6
CONTINUOUS
10
5.4999131496062992
20
-6.3858790551181102
11
5.5034333464566929
21
-6.3841189370078739
0
LINE
8
BLACK
6
CONTINUOUS
10
5.5034333464566929
20
-6.3841189370078739
11
5.5048901574803146
21
-6.3826620866141734
0
LINE
8
BLACK
6
CONTINUOUS
10
5.5048901574803146
20
-6.3826620866141734
11
5.5066503149606296
21
-6.379141850393701
0
LINE
8
BLACK
6
CONTINUOUS
10
5.5066503149606296
20
-6.379141850393701
11
5.5066503149606296
21
-6.3763057874015745
0
LINE
8
BLACK
6
CONTINUOUS
10
5.5066503149606296
20
-6.3763057874015745
11
5.5048901574803146
21
-6.372785551181102
0
LINE
8
BLACK
6
CONTINUOUS
10
5.5048901574803146
20
-6.372785551181102
11
5.5034333070866142
21
-6.3713286614173228
0
LINE
8
BLACK
6
CONTINUOUS
10
5.5034333070866142
20
-6.3713286614173228
11
5.4992459448818893
21
-6.3692349999999998
0
LINE
8
BLACK
6
CONTINUOUS
10
5.4992459448818893
20
-6.3692349999999998
11
5.4886263385826775
21
-6.3665801181102362
0
LINE
8
BLACK
6
CONTINUOUS
10
5.4886263385826775
20
-6.3665801181102362
11
5.4880563779527556
21
-6.3662637007874014
0
LINE
8
BLACK
6
CONTINUOUS
10
5.4880563779527556
20
-6.3662637007874014
11
5.4874175590551184
21
-6.3661329921259844
0
LINE
8
BLACK
6
CONTINUOUS
10
5.4874175590551184
20
-6.3661329921259844
11
5.4817933070866136
21
-6.3633208267716537
0
LINE
8
BLACK
6
CONTINUOUS
10
5.4817933070866136
20
-6.3633208267716537
11
5.4810819291338584
21
-6.3626899999999997
0
LINE
8
BLACK
6
CONTINUOUS
10
5.4810819291338584
20
-6.3626899999999997
11
5.4802585433070865
21
-6.3622146456692912
0
LINE
8
BLACK
6
CONTINUOUS
10
5.4802585433070865
20
-6.3622146456692912
11
5.4774463779527558
21
-6.3594025196850392
0
LINE
8
BLACK
6
CONTINUOUS
10
5.4774463779527558
20
-6.3594025196850392
11
5.4769709448818897
21
-6.3585790551181098
0
LINE
8
BLACK
6
CONTINUOUS
10
5.4769709448818897
20
-6.3585790551181098
11
5.4763401181102358
21
-6.3578676771653546
0
LINE
8
BLACK
6
CONTINUOUS
10
5.4763401181102358
20
-6.3578676771653546
11
5.4735279921259838
21
-6.3522433858267719
0
LINE
8
BLACK
6
CONTINUOUS
10
5.4735279921259838
20
-6.3522433858267719
11
5.4732558267716538
21
-6.3509135039370079
0
LINE
8
BLACK
6
CONTINUOUS
10
5.4732558267716538
20
-6.3509135039370079
11
5.4729045275590549
21
-6.349602362204724
0
LINE
8
BLACK
6
CONTINUOUS
10
5.4729045275590549
20
-6.349602362204724
11
5.4729045275590549
21
-6.3439780314960625
0
LINE
8
BLACK
6
CONTINUOUS
10
5.4729045275590549
20
-6.3439780314960625
11
5.4732558267716538
21
-6.3426668503937007
0
LINE
8
BLACK
6
CONTINUOUS
10
5.4732558267716538
20
-6.3426668503937007
11
5.4735279921259838
21
-6.3413370078740154
0
LINE
8
BLACK
6
CONTINUOUS
10
5.4735279921259838
20
-6.3413370078740154
11
5.4763401181102358
21
-6.3357127165354328
0
LINE
8
BLACK
6
CONTINUOUS
10
5.4763401181102358
20
-6.3357127165354328
11
5.4769709448818897
21
-6.3350012992125979
0
LINE
8
BLACK
6
CONTINUOUS
10
5.4769709448818897
20
-6.3350012992125979
11
5.4774463779527558
21
-6.3341778740157482
0
LINE
8
BLACK
6
CONTINUOUS
10
5.4774463779527558
20
-6.3341778740157482
11
5.4802585433070865
21
-6.3313657480314962
0
LINE
8
BLACK
6
CONTINUOUS
10
5.4802585433070865
20
-6.3313657480314962
11
5.4810819291338584
21
-6.3308903543307089
0
LINE
8
BLACK
6
CONTINUOUS
10
5.4810819291338584
20
-6.3308903543307089
11
5.4817933070866136
21
-6.3302595669291337
0
LINE
8
BLACK
6
CONTINUOUS
10
5.4817933070866136
20
-6.3302595669291337
11
5.4874175590551184
21
-6.327447401574803
0
LINE
8
BLACK
6
CONTINUOUS
10
5.4874175590551184
20
-6.327447401574803
11
5.4887475590551178
21
-6.3271751968503933
0
LINE
8
BLACK
6
CONTINUOUS
10
5.4887475590551178
20
-6.3271751968503933
11
5.4900586220472443
21
-6.326823937007874
0
LINE
8
BLACK
6
CONTINUOUS
10
5.4900586220472443
20
-6.326823937007874
11
5.5041193700787403
21
-6.326823937007874
0
LINE
8
BLACK
6
CONTINUOUS
10
5.5041193700787403
20
-6.326823937007874
11
5.50503779527559
21
-6.32707
0
LINE
8
BLACK
6
CONTINUOUS
10
5.6010434645669287
20
-6.3468602755905508
11
5.6023734251968502
21
-6.3471324409448817
0
LINE
8
BLACK
6
CONTINUOUS
10
5.6023734251968502
20
-6.3471324409448817
11
5.6079977165354329
21
-6.3499446062992124
0
LINE
8
BLACK
6
CONTINUOUS
10
5.6079977165354329
20
-6.3499446062992124
11
5.6087090551181102
21
-6.3505753937007876
0
LINE
8
BLACK
6
CONTINUOUS
10
5.6087090551181102
20
-6.3505753937007876
11
5.6095324803149609
21
-6.3510507874015749
0
LINE
8
BLACK
6
CONTINUOUS
10
5.6095324803149609
20
-6.3510507874015749
11
5.6123446456692916
21
-6.3538629133858269
0
LINE
8
BLACK
6
CONTINUOUS
10
5.6123446456692916
20
-6.3538629133858269
11
5.6128200393700789
21
-6.3546863385826766
0
LINE
8
BLACK
6
CONTINUOUS
10
5.6128200393700789
20
-6.3546863385826766
11
5.6134509055118107
21
-6.3553977559055115
0
LINE
8
BLACK
6
CONTINUOUS
10
5.6134509055118107
20
-6.3553977559055115
11
5.6162630314960627
21
-6.3610220866141729
0
LINE
8
BLACK
6
CONTINUOUS
10
5.6162630314960627
20
-6.3610220866141729
11
5.6165351181102361
21
-6.3623518110236219
0
LINE
8
BLACK
6
CONTINUOUS
10
5.6165351181102361
20
-6.3623518110236219
11
5.6168864960629916
21
-6.3636630708661412
0
LINE
8
BLACK
6
CONTINUOUS
10
5.6168864960629916
20
-6.3636630708661412
11
5.6168864960629916
21
-6.380535984251968
0
LINE
8
BLACK
6
CONTINUOUS
10
5.6168864960629916
20
-6.380535984251968
11
5.6165351181102361
21
-6.3818472047244095
0
LINE
8
BLACK
6
CONTINUOUS
10
5.6165351181102361
20
-6.3818472047244095
11
5.6162630314960627
21
-6.3831769685039372
0
LINE
8
BLACK
6
CONTINUOUS
10
5.6162630314960627
20
-6.3831769685039372
11
5.6134509055118107
21
-6.3888012992125987
0
LINE
8
BLACK
6
CONTINUOUS
10
5.6134509055118107
20
-6.3888012992125987
11
5.6128200393700789
21
-6.3895126771653539
0
LINE
8
BLACK
6
CONTINUOUS
10
5.6128200393700789
20
-6.3895126771653539
11
5.6123446850393703
21
-6.3903361023622045
0
LINE
8
BLACK
6
CONTINUOUS
10
5.6123446850393703
20
-6.3903361023622045
11
5.6095325196850396
21
-6.3931482677165352
0
LINE
8
BLACK
6
CONTINUOUS
10
5.6095325196850396
20
-6.3931482677165352
11
5.608709094488189
21
-6.3936236220472438
0
LINE
8
BLACK
6
CONTINUOUS
10
5.608709094488189
20
-6.3936236220472438
11
5.6079977165354329
21
-6.3942544881889765
0
LINE
8
BLACK
6
CONTINUOUS
10
5.6079977165354329
20
-6.3942544881889765
11
5.6023734251968502
21
-6.3970666141732284
0
LINE
8
BLACK
6
CONTINUOUS
10
5.6023734251968502
20
-6.3970666141732284
11
5.6010435433070862
21
-6.3973387401574806
0
LINE
8
BLACK
6
CONTINUOUS
10
5.6010435433070862
20
-6.3973387401574806
11
5.5997324015748031
21
-6.3976900787401574
0
LINE
8
BLACK
6
CONTINUOUS
10
5.5997324015748031
20
-6.3976900787401574
11
5.5912959448818897
21
-6.3976900787401574
0
LINE
8
BLACK
6
CONTINUOUS
10
5.5912959448818897
20
-6.3976900787401574
11
5.5899846850393695
21
-6.3973387007874019
0
LINE
8
BLACK
6
CONTINUOUS
10
5.5899846850393695
20
-6.3973387007874019
11
5.5886549606299214
21
-6.3970666141732284
0
LINE
8
BLACK
6
CONTINUOUS
10
5.5886549606299214
20
-6.3970666141732284
11
5.58303062992126
21
-6.3942544881889765
0
LINE
8
BLACK
6
CONTINUOUS
10
5.58303062992126
20
-6.3942544881889765
11
5.5823192125984251
21
-6.3936236220472438
0
LINE
8
BLACK
6
CONTINUOUS
10
5.5823192125984251
20
-6.3936236220472438
11
5.5814958267716532
21
-6.3931482677165352
0
LINE
8
BLACK
6
CONTINUOUS
10
5.5814958267716532
20
-6.3931482677165352
11
5.5786836614173225
21
-6.3903361023622045
0
LINE
8
BLACK
6
CONTINUOUS
10
5.5786836614173225
20
-6.3903361023622045
11
5.5782082677165352
21
-6.3895126771653539
0
LINE
8
BLACK
6
CONTINUOUS
10
5.5782082677165352
20
-6.3895126771653539
11
5.5775774409448822
21
-6.3888012992125987
0
LINE
8
BLACK
6
CONTINUOUS
10
5.5775774409448822
20
-6.3888012992125987
11
5.5747653149606302
21
-6.383177007874016
0
LINE
8
BLACK
6
CONTINUOUS
10
5.5747653149606302
20
-6.383177007874016
11
5.5744931496062993
21
-6.381847125984252
0
LINE
8
BLACK
6
CONTINUOUS
10
5.5744931496062993
20
-6.381847125984252
11
5.5741418503937004
21
-6.380535984251968
0
LINE
8
BLACK
6
CONTINUOUS
10
5.5741418503937004
20
-6.380535984251968
11
5.5741418503937004
21
-6.3636630708661412
0
LINE
8
BLACK
6
CONTINUOUS
10
5.5741418503937004
20
-6.3636630708661412
11
5.5744931496062993
21
-6.3623518897637794
0
LINE
8
BLACK
6
CONTINUOUS
10
5.5744931496062993
20
-6.3623518897637794
11
5.5747653149606302
21
-6.3610220472440941
0
LINE
8
BLACK
6
CONTINUOUS
10
5.5747653149606302
20
-6.3610220472440941
11
5.5775774409448822
21
-6.3553977559055115
0
LINE
8
BLACK
6
CONTINUOUS
10
5.5775774409448822
20
-6.3553977559055115
11
5.5782082677165352
21
-6.3546863385826766
0
LINE
8
BLACK
6
CONTINUOUS
10
5.5782082677165352
20
-6.3546863385826766
11
5.5786837007874013
21
-6.3538629133858269
0
LINE
8
BLACK
6
CONTINUOUS
10
5.5786837007874013
20
-6.3538629133858269
11
5.581495866141732
21
-6.3510507874015749
0
LINE
8
BLACK
6
CONTINUOUS
10
5.581495866141732
20
-6.3510507874015749
11
5.5823192519685039
21
-6.3505753937007876
0
LINE
8
BLACK
6
CONTINUOUS
10
5.5823192519685039
20
-6.3505753937007876
11
5.58303062992126
21
-6.3499446062992124
0
LINE
8
BLACK
6
CONTINUOUS
10
5.58303062992126
20
-6.3499446062992124
11
5.5886548818897639
21
-6.3471324409448817
0
LINE
8
BLACK
6
CONTINUOUS
10
5.5886548818897639
20
-6.3471324409448817
11
5.5899848818897633
21
-6.346860236220472
0
LINE
8
BLACK
6
CONTINUOUS
10
5.5899848818897633
20
-6.346860236220472
11
5.5912959448818897
21
-6.3465089763779527
0
LINE
8
BLACK
6
CONTINUOUS
10
5.5912959448818897
20
-6.3465089763779527
11
5.5997324015748031
21
-6.3465089763779527
0
LINE
8
BLACK
6
CONTINUOUS
10
5.5997324015748031
20
-6.3465089763779527
11
5.6010434645669287
21
-6.3468602755905508
0
LINE
8
BLACK
6
CONTINUOUS
10
5.5891698031496064
20
-6.3600801181102362
11
5.5877129133858263
21
-6.3615370078740154
0
LINE
8
BLACK
6
CONTINUOUS
10
5.5877129133858263
20
-6.3615370078740154
11
5.5859528740157476
21
-6.3650571259842517
0
LINE
8
BLACK
6
CONTINUOUS
10
5.5859528740157476
20
-6.3650571259842517
11
5.5859528740157476
21
-6.3791418897637797
0
LINE
8
BLACK
6
CONTINUOUS
10
5.5859528740157476
20
-6.3791418897637797
11
5.5877129133858263
21
-6.3826620472440947
0
LINE
8
BLACK
6
CONTINUOUS
10
5.5877129133858263
20
-6.3826620472440947
11
5.5891698031496064
21
-6.3841189370078739
0
LINE
8
BLACK
6
CONTINUOUS
10
5.5891698031496064
20
-6.3841189370078739
11
5.5926900393700789
21
-6.3858790551181102
0
LINE
8
BLACK
6
CONTINUOUS
10
5.5926900393700789
20
-6.3858790551181102
11
5.598338307086614
21
-6.3858790551181102
0
LINE
8
BLACK
6
CONTINUOUS
10
5.598338307086614
20
-6.3858790551181102
11
5.6018584645669289
21
-6.3841189763779527
0
LINE
8
BLACK
6
CONTINUOUS
10
5.6018584645669289
20
-6.3841189763779527
11
5.6033153543307082
21
-6.3826620866141734
0
LINE
8
BLACK
6
CONTINUOUS
10
5.6033153543307082
20
-6.3826620866141734
11
5.6050754724409444
21
-6.3791418897637797
0
LINE
8
BLACK
6
CONTINUOUS
10
5.6050754724409444
20
-6.3791418897637797
11
5.6050754724409444
21
-6.3650571259842517
0
LINE
8
BLACK
6
CONTINUOUS
10
5.6050754724409444
20
-6.3650571259842517
11
5.6033153937007869
21
-6.3615369685039367
0
LINE
8
BLACK
6
CONTINUOUS
10
5.6033153937007869
20
-6.3615369685039367
11
5.6018585433070864
21
-6.3600801181102362
0
LINE
8
BLACK
6
CONTINUOUS
10
5.6018585433070864
20
-6.3600801181102362
11
5.598338307086614
21
-6.35832
0
LINE
8
BLACK
6
CONTINUOUS
10
5.598338307086614
20
-6.35832
11
5.5926900393700789
21
-6.35832
0
LINE
8
BLACK
6
CONTINUOUS
10
5.5926900393700789
20
-6.35832
11
5.5891698031496064
21
-6.3600801181102362
0
LINE
8
BLACK
6
CONTINUOUS
10
5.7000150787401571
20
-6.3468602755905508
11
5.7013450393700786
21
-6.3471324409448817
0
LINE
8
BLACK
6
CONTINUOUS
10
5.7013450393700786
20
-6.3471324409448817
11
5.7069693307086613
21
-6.3499446062992124
0
LINE
8
BLACK
6
CONTINUOUS
10
5.7069693307086613
20
-6.3499446062992124
11
5.7076806692913387
21
-6.3505753937007876
0
LINE
8
BLACK
6
CONTINUOUS
10
5.7076806692913387
20
-6.3505753937007876
11
5.7085040944881884
21
-6.3510507874015749
0
LINE
8
BLACK
6
CONTINUOUS
10
5.7085040944881884
20
-6.3510507874015749
11
5.7113162598425191
21
-6.3538629133858269
0
LINE
8
BLACK
6
CONTINUOUS
10
5.7113162598425191
20
-6.3538629133858269
11
5.7117916535433073
21
-6.3546863385826766
0
LINE
8
BLACK
6
CONTINUOUS
10
5.7117916535433073
20
-6.3546863385826766
11
5.7124225196850391
21
-6.3553977559055115
0
LINE
8
BLACK
6
CONTINUOUS
10
5.7124225196850391
20
-6.3553977559055115
11
5.7152346456692911
21
-6.3610220866141729
0
LINE
8
BLACK
6
CONTINUOUS
10
5.7152346456692911
20
-6.3610220866141729
11
5.7155067322834645
21
-6.3623518110236219
0
LINE
8
BLACK
6
CONTINUOUS
10
5.7155067322834645
20
-6.3623518110236219
11
5.71585811023622
21
-6.3636630708661412
0
LINE
8
BLACK
6
CONTINUOUS
10
5.71585811023622
20
-6.3636630708661412
11
5.71585811023622
21
-6.380535984251968
0
LINE
8
BLACK
6
CONTINUOUS
10
5.71585811023622
20
-6.380535984251968
11
5.7155067322834645
21
-6.3818472047244095
0
LINE
8
BLACK
6
CONTINUOUS
10
5.7155067322834645
20
-6.3818472047244095
11
5.7152346456692911
21
-6.3831769685039372
0
LINE
8
BLACK
6
CONTINUOUS
10
5.7152346456692911
20
-6.3831769685039372
11
5.7124225196850391
21
-6.3888012992125987
0
LINE
8
BLACK
6
CONTINUOUS
10
5.7124225196850391
20
-6.3888012992125987
11
5.7117916535433073
21
-6.3895126771653539
0
LINE
8
BLACK
6
CONTINUOUS
10
5.7117916535433073
20
-6.3895126771653539
11
5.7113162992125979
21
-6.3903361023622045
0
LINE
8
BLACK
6
CONTINUOUS
10
5.7113162992125979
20
-6.3903361023622045
11
5.7085041338582672
21
-6.3931482677165352
0
LINE
8
BLACK
6
CONTINUOUS
10
5.7085041338582672
20
-6.3931482677165352
11
5.7076807086614174
21
-6.3936236220472438
0
LINE
8
BLACK
6
CONTINUOUS
10
5.7076807086614174
20
-6.3936236220472438
11
5.7069693307086613
21
-6.3942544881889765
0
LINE
8
BLACK
6
CONTINUOUS
10
5.7069693307086613
20
-6.3942544881889765
11
5.7013450393700786
21
-6.3970666141732284
0
LINE
8
BLACK
6
CONTINUOUS
10
5.7013450393700786
20
-6.3970666141732284
11
5.7000151574803146
21
-6.3973387401574806
0
LINE
8
BLACK
6
CONTINUOUS
10
5.7000151574803146
20
-6.3973387401574806
11
5.6987040157480315
21
-6.3976900787401574
0
LINE
8
BLACK
6
CONTINUOUS
10
5.6987040157480315
20
-6.3976900787401574
11
5.6902675590551182
21
-6.3976900787401574
0
LINE
8
BLACK
6
CONTINUOUS
10
5.6902675590551182
20
-6.3976900787401574
11
5.6889562992125979
21
-6.3973387007874019
0
LINE
8
BLACK
6
CONTINUOUS
10
5.6889562992125979
20
-6.3973387007874019
11
5.6876265748031498
21
-6.3970666141732284
0
LINE
8
BLACK
6
CONTINUOUS
10
5.6876265748031498
20
-6.3970666141732284
11
5.6820022440944884
21
-6.3942544881889765
0
LINE
8
BLACK
6
CONTINUOUS
10
5.6820022440944884
20
-6.3942544881889765
11
5.6812908267716535
21
-6.3936236220472438
0
LINE
8
BLACK
6
CONTINUOUS
10
5.6812908267716535
20
-6.3936236220472438
11
5.6804674409448817
21
-6.3931482677165352
0
LINE
8
BLACK
6
CONTINUOUS
10
5.6804674409448817
20
-6.3931482677165352
11
5.6776552755905509
21
-6.3903361023622045
0
LINE
8
BLACK
6
CONTINUOUS
10
5.6776552755905509
20
-6.3903361023622045
11
5.6771798818897636
21
-6.3895126771653539
0
LINE
8
BLACK
6
CONTINUOUS
10
5.6771798818897636
20
-6.3895126771653539
11
5.6765490551181097
21
-6.3888012992125987
0
LINE
8
BLACK
6
CONTINUOUS
10
5.6765490551181097
20
-6.3888012992125987
11
5.6737369291338577
21
-6.383177007874016
0
LINE
8
BLACK
6
CONTINUOUS
10
5.6737369291338577
20
-6.383177007874016
11
5.6734647637795277
21
-6.381847125984252
0
LINE
8
BLACK
6
CONTINUOUS
10
5.6734647637795277
20
-6.381847125984252
11
5.6731134645669288
21
-6.380535984251968
0
LINE
8
BLACK
6
CONTINUOUS
10
5.6731134645669288
20
-6.380535984251968
11
5.6731134645669288
21
-6.3636630708661412
0
LINE
8
BLACK
6
CONTINUOUS
10
5.6731134645669288
20
-6.3636630708661412
11
5.6734647637795277
21
-6.3623518897637794
0
LINE
8
BLACK
6
CONTINUOUS
10
5.6734647637795277
20
-6.3623518897637794
11
5.6737369291338577
21
-6.3610220472440941
0
LINE
8
BLACK
6
CONTINUOUS
10
5.6737369291338577
20
-6.3610220472440941
11
5.6765490551181097
21
-6.3553977559055115
0
LINE
8
BLACK
6
CONTINUOUS
10
5.6765490551181097
20
-6.3553977559055115
11
5.6771798818897636
21
-6.3546863385826766
0
LINE
8
BLACK
6
CONTINUOUS
10
5.6771798818897636
20
-6.3546863385826766
11
5.6776553149606297
21
-6.3538629133858269
0
LINE
8
BLACK
6
CONTINUOUS
10
5.6776553149606297
20
-6.3538629133858269
11
5.6804674803149604
21
-6.3510507874015749
0
LINE
8
BLACK
6
CONTINUOUS
10
5.6804674803149604
20
-6.3510507874015749
11
5.6812908661417323
21
-6.3505753937007876
0
LINE
8
BLACK
6
CONTINUOUS
10
5.6812908661417323
20
-6.3505753937007876
11
5.6820022440944884
21
-6.3499446062992124
0
LINE
8
BLACK
6
CONTINUOUS
10
5.6820022440944884
20
-6.3499446062992124
11
5.6876264960629923
21
-6.3471324409448817
0
LINE
8
BLACK
6
CONTINUOUS
10
5.6876264960629923
20
-6.3471324409448817
11
5.6889564960629917
21
-6.346860236220472
0
LINE
8
BLACK
6
CONTINUOUS
10
5.6889564960629917
20
-6.346860236220472
11
5.6902675590551182
21
-6.3465089763779527
0
LINE
8
BLACK
6
CONTINUOUS
10
5.6902675590551182
20
-6.3465089763779527
11
5.6987040157480315
21
-6.3465089763779527
0
LINE
8
BLACK
6
CONTINUOUS
10
5.6987040157480315
20
-6.3465089763779527
11
5.7000150787401571
21
-6.3468602755905508
0
LINE
8
BLACK
6
CONTINUOUS
10
5.6881414173228348
20
-6.3600801181102362
11
5.6866845275590547
21
-6.3615370078740154
0
LINE
8
BLACK
6
CONTINUOUS
10
5.6866845275590547
20
-6.3615370078740154
11
5.684924488188976
21
-6.3650571259842517
0
LINE
8
BLACK
6
CONTINUOUS
10
5.684924488188976
20
-6.3650571259842517
11
5.684924488188976
21
-6.3791418897637797
0
LINE
8
BLACK
6
CONTINUOUS
10
5.684924488188976
20
-6.3791418897637797
11
5.6866845275590547
21
-6.3826620472440947
0
LINE
8
BLACK
6
CONTINUOUS
10
5.6866845275590547
20
-6.3826620472440947
11
5.6881414173228348
21
-6.3841189370078739
0
LINE
8
BLACK
6
CONTINUOUS
10
5.6881414173228348
20
-6.3841189370078739
11
5.6916616535433073
21
-6.3858790551181102
0
LINE
8
BLACK
6
CONTINUOUS
10
5.6916616535433073
20
-6.3858790551181102
11
5.6973099212598424
21
-6.3858790551181102
0
LINE
8
BLACK
6
CONTINUOUS
10
5.6973099212598424
20
-6.3858790551181102
11
5.7008300787401573
21
-6.3841189763779527
0
LINE
8
BLACK
6
CONTINUOUS
10
5.7008300787401573
20
-6.3841189763779527
11
5.7022869685039366
21
-6.3826620866141734
0
LINE
8
BLACK
6
CONTINUOUS
10
5.7022869685039366
20
-6.3826620866141734
11
5.7040470866141728
21
-6.3791418897637797
0
LINE
8
BLACK
6
CONTINUOUS
10
5.7040470866141728
20
-6.3791418897637797
11
5.7040470866141728
21
-6.3650571259842517
0
LINE
8
BLACK
6
CONTINUOUS
10
5.7040470866141728
20
-6.3650571259842517
11
5.7022870078740153
21
-6.3615369685039367
0
LINE
8
BLACK
6
CONTINUOUS
10
5.7022870078740153
20
-6.3615369685039367
11
5.7008301574803149
21
-6.3600801181102362
0
LINE
8
BLACK
6
CONTINUOUS
10
5.7008301574803149
20
-6.3600801181102362
11
5.6973099212598424
21
-6.35832
0
LINE
8
BLACK
6
CONTINUOUS
10
5.6973099212598424
20
-6.35832
11
5.6916616535433073
21
-6.35832
0
LINE
8
BLACK
6
CONTINUOUS
10
5.6916616535433073
20
-6.35832
11
5.6881414173228348
21
-6.3600801181102362
0
LINE
8
BLACK
6
CONTINUOUS
10
5.806876732283464
20
-6.3271752362204721
11
5.8082066929133855
21
-6.327447401574803
0
LINE
8
BLACK
6
CONTINUOUS
10
5.8082066929133855
20
-6.327447401574803
11
5.8138309842519682
21
-6.3302595669291337
0
LINE
8
BLACK
6
CONTINUOUS
10
5.8138309842519682
20
-6.3302595669291337
11
5.816118188976378
21
-6.3322877559055115
0
LINE
8
BLACK
6
CONTINUOUS
10
5.816118188976378
20
-6.3322877559055115
11
5.8170848818897634
21
-6.3351877952755906
0
LINE
8
BLACK
6
CONTINUOUS
10
5.8170848818897634
20
-6.3351877952755906
11
5.8164720078740153
21
-6.338182637795275
0
LINE
8
BLACK
6
CONTINUOUS
10
5.8164720078740153
20
-6.338182637795275
11
5.8144438188976375
21
-6.3404698425196848
0
LINE
8
BLACK
6
CONTINUOUS
10
5.8144438188976375
20
-6.3404698425196848
11
5.8115437795275593
21
-6.3414365354330711
0
LINE
8
BLACK
6
CONTINUOUS
10
5.8115437795275593
20
-6.3414365354330711
11
5.8085488976377952
21
-6.340823661417323
0
LINE
8
BLACK
6
CONTINUOUS
10
5.8085488976377952
20
-6.340823661417323
11
5.8041715748031493
21
-6.3386349606299213
0
LINE
8
BLACK
6
CONTINUOUS
10
5.8041715748031493
20
-6.3386349606299213
11
5.7980875984251963
21
-6.3386349606299213
0
LINE
8
BLACK
6
CONTINUOUS
10
5.7980875984251963
20
-6.3386349606299213
11
5.7918827952755905
21
-6.3407031889763781
0
LINE
8
BLACK
6
CONTINUOUS
10
5.7918827952755905
20
-6.3407031889763781
11
5.7879219291338577
21
-6.3446640551181099
0
LINE
8
BLACK
6
CONTINUOUS
10
5.7879219291338577
20
-6.3446640551181099
11
5.7858281889763781
21
-6.3488514566929135
0
LINE
8
BLACK
6
CONTINUOUS
10
5.7858281889763781
20
-6.3488514566929135
11
5.7833496850393695
21
-6.3587656692913388
0
LINE
8
BLACK
6
CONTINUOUS
10
5.7833496850393695
20
-6.3587656692913388
11
5.7833496850393695
21
-6.3657483070866139
0
LINE
8
BLACK
6
CONTINUOUS
10
5.7833496850393695
20
-6.3657483070866139
11
5.7858281889763781
21
-6.3756625196850392
0
LINE
8
BLACK
6
CONTINUOUS
10
5.7858281889763781
20
-6.3756625196850392
11
5.7879219291338577
21
-6.3798499212598427
0
LINE
8
BLACK
6
CONTINUOUS
10
5.7879219291338577
20
-6.3798499212598427
11
5.7918827559055117
21
-6.3838107874015746
0
LINE
8
BLACK
6
CONTINUOUS
10
5.7918827559055117
20
-6.3838107874015746
11
5.7980875984251963
21
-6.3858790551181102
0
LINE
8
BLACK
6
CONTINUOUS
10
5.7980875984251963
20
-6.3858790551181102
11
5.8017951181102365
21
-6.3858790551181102
0
LINE
8
BLACK
6
CONTINUOUS
10
5.8017951181102365
20
-6.3858790551181102
11
5.8079999212598423
21
-6.3838107874015746
0
LINE
8
BLACK
6
CONTINUOUS
10
5.8079999212598423
20
-6.3838107874015746
11
5.8080965748031499
21
-6.3837141338582679
0
LINE
8
BLACK
6
CONTINUOUS
10
5.8080965748031499
20
-6.3837141338582679
11
5.8080965748031499
21
-6.372380748031496
0
LINE
8
BLACK
6
CONTINUOUS
10
5.8080965748031499
20
-6.372380748031496
11
5.8027535039370077
21
-6.372380748031496
0
LINE
8
BLACK
6
CONTINUOUS
10
5.8027535039370077
20
-6.372380748031496
11
5.7998007480314957
21
-6.371589566929134
0
LINE
8
BLACK
6
CONTINUOUS
10
5.7998007480314957
20
-6.371589566929134
11
5.7976391732283465
21
-6.369427992125984
0
LINE
8
BLACK
6
CONTINUOUS
10
5.7976391732283465
20
-6.369427992125984
11
5.7968479921259846
21
-6.366475236220472
0
LINE
8
BLACK
6
CONTINUOUS
10
5.7968479921259846
20
-6.366475236220472
11
5.7976391732283465
21
-6.3635224803149608
0
LINE
8
BLACK
6
CONTINUOUS
10
5.7976391732283465
20
-6.3635224803149608
11
5.7998007480314957
21
-6.3613609055118108
0
LINE
8
BLACK
6
CONTINUOUS
10
5.7998007480314957
20
-6.3613609055118108
11
5.8027535039370077
21
-6.3605697244094488
0
LINE
8
BLACK
6
CONTINUOUS
10
5.8027535039370077
20
-6.3605697244094488
11
5.8140020866141731
21
-6.3605697244094488
0
LINE
8
BLACK
6
CONTINUOUS
10
5.8140020866141731
20
-6.3605697244094488
11
5.8169548425196851
21
-6.3613609055118108
0
LINE
8
BLACK
6
CONTINUOUS
10
5.8169548425196851
20
-6.3613609055118108
11
5.8191164173228342
21
-6.3635224803149608
0
LINE
8
BLACK
6
CONTINUOUS
10
5.8191164173228342
20
-6.3635224803149608
11
5.8199075984251971
21
-6.366475236220472
0
LINE
8
BLACK
6
CONTINUOUS
10
5.8199075984251971
20
-6.366475236220472
11
5.8199075984251971
21
-6.3861602755905507
0
LINE
8
BLACK
6
CONTINUOUS
10
5.8199075984251971
20
-6.3861602755905507
11
5.8197063779527554
21
-6.3869112204724408
0
LINE
8
BLACK
6
CONTINUOUS
10
5.8197063779527554
20
-6.3869112204724408
11
5.8197063779527554
21
-6.3876887007874013
0
LINE
8
BLACK
6
CONTINUOUS
10
5.8197063779527554
20
-6.3876887007874013
11
5.8193176377952751
21
-6.3883619685039372
0
LINE
8
BLACK
6
CONTINUOUS
10
5.8193176377952751
20
-6.3883619685039372
11
5.8191164173228342
21
-6.3891130314960627
0
LINE
8
BLACK
6
CONTINUOUS
10
5.8191164173228342
20
-6.3891130314960627
11
5.8185666535433072
21
-6.3896627559055119
0
LINE
8
BLACK
6
CONTINUOUS
10
5.8185666535433072
20
-6.3896627559055119
11
5.8181779527559057
21
-6.3903360629921258
0
LINE
8
BLACK
6
CONTINUOUS
10
5.8181779527559057
20
-6.3903360629921258
11
5.8153658267716537
21
-6.3931482283464565
0
LINE
8
BLACK
6
CONTINUOUS
10
5.8153658267716537
20
-6.3931482283464565
11
5.81419031496063
21
-6.3938268897637798
0
LINE
8
BLACK
6
CONTINUOUS
10
5.81419031496063
20
-6.3938268897637798
11
5.8130574409448821
21
-6.3945749212598422
0
LINE
8
BLACK
6
CONTINUOUS
10
5.8130574409448821
20
-6.3945749212598422
11
5.8046209842519687
21
-6.3973870472440941
0
LINE
8
BLACK
6
CONTINUOUS
10
5.8046209842519687
20
-6.3973870472440941
11
5.8036718110236221
21
-6.3974440157480315
0
LINE
8
BLACK
6
CONTINUOUS
10
5.8036718110236221
20
-6.3974440157480315
11
5.8027535039370077
21
-6.3976900787401574
0
LINE
8
BLACK
6
CONTINUOUS
10
5.8027535039370077
20
-6.3976900787401574
11
5.7971292125984251
21
-6.3976900787401574
0
LINE
8
BLACK
6
CONTINUOUS
10
5.7971292125984251
20
-6.3976900787401574
11
5.796210866141732
21
-6.3974440157480315
0
LINE
8
BLACK
6
CONTINUOUS
10
5.796210866141732
20
-6.3974440157480315
11
5.7952617322834641
21
-6.3973870472440941
0
LINE
8
BLACK
6
CONTINUOUS
10
5.7952617322834641
20
-6.3973870472440941
11
5.7868252755905507
21
-6.3945749212598422
0
LINE
8
BLACK
6
CONTINUOUS
10
5.7868252755905507
20
-6.3945749212598422
11
5.7856924803149603
21
-6.3938269685039373
0
LINE
8
BLACK
6
CONTINUOUS
10
5.7856924803149603
20
-6.3938269685039373
11
5.7845169291338578
21
-6.3931482677165352
0
LINE
8
BLACK
6
CONTINUOUS
10
5.7845169291338578
20
-6.3931482677165352
11
5.7788926377952752
21
-6.3875239370078738
0
LINE
8
BLACK
6
CONTINUOUS
10
5.7788926377952752
20
-6.3875239370078738
11
5.7784172047244091
21
-6.3867005118110232
0
LINE
8
BLACK
6
CONTINUOUS
10
5.7784172047244091
20
-6.3867005118110232
11
5.7777864173228348
21
-6.3859891338582679
0
LINE
8
BLACK
6
CONTINUOUS
10
5.7777864173228348
20
-6.3859891338582679
11
5.7749742519685041
21
-6.3803648425196853
0
LINE
8
BLACK
6
CONTINUOUS
10
5.7749742519685041
20
-6.3803648425196853
11
5.7748435039370074
21
-6.379726062992126
0
LINE
8
BLACK
6
CONTINUOUS
10
5.7748435039370074
20
-6.379726062992126
11
5.7745271259842514
21
-6.379156102362205
0
LINE
8
BLACK
6
CONTINUOUS
10
5.7745271259842514
20
-6.379156102362205
11
5.7717149999999995
21
-6.3679075196850397
0
LINE
8
BLACK
6
CONTINUOUS
10
5.7717149999999995
20
-6.3679075196850397
11
5.771727244094488
21
-6.3671790551181102
0
LINE
8
BLACK
6
CONTINUOUS
10
5.771727244094488
20
-6.3671790551181102
11
5.7715386614173223
21
-6.366475236220472
0
LINE
8
BLACK
6
CONTINUOUS
10
5.7715386614173223
20
-6.366475236220472
11
5.7715386614173223
21
-6.3580387795275586
0
LINE
8
BLACK
6
CONTINUOUS
10
5.7715386614173223
20
-6.3580387795275586
11
5.771727244094488
21
-6.3573349212598425
0
LINE
8
BLACK
6
CONTINUOUS
10
5.771727244094488
20
-6.3573349212598425
11
5.7717149999999995
21
-6.3566064960629918
0
LINE
8
BLACK
6
CONTINUOUS
10
5.7717149999999995
20
-6.3566064960629918
11
5.7745271259842514
21
-6.3453579133858264
0
LINE
8
BLACK
6
CONTINUOUS
10
5.7745271259842514
20
-6.3453579133858264
11
5.7748435039370074
21
-6.3447879133858267
0
LINE
8
BLACK
6
CONTINUOUS
10
5.7748435039370074
20
-6.3447879133858267
11
5.7749742519685041
21
-6.3441491732283462
0
LINE
8
BLACK
6
CONTINUOUS
10
5.7749742519685041
20
-6.3441491732283462
11
5.7777864173228348
21
-6.3385248818897635
0
LINE
8
BLACK
6
CONTINUOUS
10
5.7777864173228348
20
-6.3385248818897635
11
5.7784172047244091
21
-6.3378135039370074
0
LINE
8
BLACK
6
CONTINUOUS
10
5.7784172047244091
20
-6.3378135039370074
11
5.7788926377952752
21
-6.3369900787401576
0
LINE
8
BLACK
6
CONTINUOUS
10
5.7788926377952752
20
-6.3369900787401576
11
5.7845169291338578
21
-6.331365787401575
0
LINE
8
BLACK
6
CONTINUOUS
10
5.7845169291338578
20
-6.331365787401575
11
5.7856924803149603
21
-6.3306870472440941
0
LINE
8
BLACK
6
CONTINUOUS
10
5.7856924803149603
20
-6.3306870472440941
11
5.7868252755905507
21
-6.3299391732283459
0
LINE
8
BLACK
6
CONTINUOUS
10
5.7868252755905507
20
-6.3299391732283459
11
5.7952616929133853
21
-6.3271270078740152
0
LINE
8
BLACK
6
CONTINUOUS
10
5.7952616929133853
20
-6.3271270078740152
11
5.7962107480314957
21
-6.32707
0
LINE
8
BLACK
6
CONTINUOUS
10
5.7962107480314957
20
-6.32707
11
5.7971292125984251
21
-6.326823937007874
0
LINE
8
BLACK
6
CONTINUOUS
10
5.7971292125984251
20
-6.326823937007874
11
5.8055656692913384
21
-6.326823937007874
0
LINE
8
BLACK
6
CONTINUOUS
10
5.8055656692913384
20
-6.326823937007874
11
5.806876732283464
21
-6.3271752362204721
0
LINE
8
BLACK
6
CONTINUOUS
10
5.8760099606299212
20
-6.327615118110236
11
5.8781715354330704
21
-6.3297766929133861
0
LINE
8
BLACK
6
CONTINUOUS
10
5.8781715354330704
20
-6.3297766929133861
11
5.8789627165354332
21
-6.3327294488188972
0
LINE
8
BLACK
6
CONTINUOUS
10
5.8789627165354332
20
-6.3327294488188972
11
5.8789627165354332
21
-6.3917845669291333
0
LINE
8
BLACK
6
CONTINUOUS
10
5.8789627165354332
20
-6.3917845669291333
11
5.8789591732283464
21
-6.3917976377952757
0
LINE
8
BLACK
6
CONTINUOUS
10
5.8789591732283464
20
-6.3917976377952757
11
5.8789626771653545
21
-6.3918108661417321
0
LINE
8
BLACK
6
CONTINUOUS
10
5.8789626771653545
20
-6.3918108661417321
11
5.8785628740157483
21
-6.3932766535433068
0
LINE
8
BLACK
6
CONTINUOUS
10
5.8785628740157483
20
-6.3932766535433068
11
5.8781715354330704
21
-6.3947373228346454
0
LINE
8
BLACK
6
CONTINUOUS
10
5.8781715354330704
20
-6.3947373228346454
11
5.8781619291338583
21
-6.3947468897637796
0
LINE
8
BLACK
6
CONTINUOUS
10
5.8781619291338583
20
-6.3947468897637796
11
5.8781583464566927
21
-6.3947600787401573
0
LINE
8
BLACK
6
CONTINUOUS
10
5.8781583464566927
20
-6.3947600787401573
11
5.877079409448819
21
-6.3958294094488188
0
LINE
8
BLACK
6
CONTINUOUS
10
5.877079409448819
20
-6.3958294094488188
11
5.8760099606299212
21
-6.3968988976377954
0
LINE
8
BLACK
6
CONTINUOUS
10
5.8760099606299212
20
-6.3968988976377954
11
5.8759968110236223
21
-6.3969024015748026
0
LINE
8
BLACK
6
CONTINUOUS
10
5.8759968110236223
20
-6.3969024015748026
11
5.8759871653543305
21
-6.3969120078740156
0
LINE
8
BLACK
6
CONTINUOUS
10
5.8759871653543305
20
-6.3969120078740156
11
5.8745177952755903
21
-6.3972987007874016
0
LINE
8
BLACK
6
CONTINUOUS
10
5.8745177952755903
20
-6.3972987007874016
11
5.8730572047244092
21
-6.3976900787401574
0
LINE
8
BLACK
6
CONTINUOUS
10
5.8730572047244092
20
-6.3976900787401574
11
5.873044094488189
21
-6.3976865354330705
0
LINE
8
BLACK
6
CONTINUOUS
10
5.873044094488189
20
-6.3976865354330705
11
5.8730309055118113
21
-6.3976900393700786
0
LINE
8
BLACK
6
CONTINUOUS
10
5.8730309055118113
20
-6.3976900393700786
11
5.871565078740157
21
-6.3972902362204724
0
LINE
8
BLACK
6
CONTINUOUS
10
5.871565078740157
20
-6.3972902362204724
11
5.8701044488188971
21
-6.3968988976377954
0
LINE
8
BLACK
6
CONTINUOUS
10
5.8701044488188971
20
-6.3968988976377954
11
5.8700948425196851
21
-6.3968892913385824
0
LINE
8
BLACK
6
CONTINUOUS
10
5.8700948425196851
20
-6.3968892913385824
11
5.8700816929133861
21
-6.3968857086614168
0
LINE
8
BLACK
6
CONTINUOUS
10
5.8700816929133861
20
-6.3968857086614168
11
5.8690145275590551
21
-6.3958089763779524
0
LINE
8
BLACK
6
CONTINUOUS
10
5.8690145275590551
20
-6.3958089763779524
11
5.867942874015748
21
-6.3947373228346454
0
LINE
8
BLACK
6
CONTINUOUS
10
5.867942874015748
20
-6.3947373228346454
11
5.8679393307086611
21
-6.3947241338582677
0
LINE
8
BLACK
6
CONTINUOUS
10
5.8679393307086611
20
-6.3947241338582677
11
5.8679298031496065
21
-6.3947145275590547
0
LINE
8
BLACK
6
CONTINUOUS
10
5.8679298031496065
20
-6.3947145275590547
11
5.8452169291338585
21
-6.3549669685039367
0
LINE
8
BLACK
6
CONTINUOUS
10
5.8452169291338585
20
-6.3549669685039367
11
5.8452169291338585
21
-6.3917845669291333
0
LINE
8
BLACK
6
CONTINUOUS
10
5.8452169291338585
20
-6.3917845669291333
11
5.8444257480314956
21
-6.3947373228346454
0
LINE
8
BLACK
6
CONTINUOUS
10
5.8444257480314956
20
-6.3947373228346454
11
5.8422641732283465
21
-6.3968988976377954
0
LINE
8
BLACK
6
CONTINUOUS
10
5.8422641732283465
20
-6.3968988976377954
11
5.8393114173228344
21
-6.3976900787401574
0
LINE
8
BLACK
6
CONTINUOUS
10
5.8393114173228344
20
-6.3976900787401574
11
5.8363586614173224
21
-6.3968988976377954
0
LINE
8
BLACK
6
CONTINUOUS
10
5.8363586614173224
20
-6.3968988976377954
11
5.8341970866141732
21
-6.3947373228346454
0
LINE
8
BLACK
6
CONTINUOUS
10
5.8341970866141732
20
-6.3947373228346454
11
5.8334059055118113
21
-6.3917845669291333
0
LINE
8
BLACK
6
CONTINUOUS
10
5.8334059055118113
20
-6.3917845669291333
11
5.8334059055118113
21
-6.3327294488188972
0
LINE
8
BLACK
6
CONTINUOUS
10
5.8334059055118113
20
-6.3327294488188972
11
5.8334094094488185
21
-6.332716338582677
0
LINE
8
BLACK
6
CONTINUOUS
10
5.8334094094488185
20
-6.332716338582677
11
5.83340594488189
21
-6.3327031496062993
0
LINE
8
BLACK
6
CONTINUOUS
10
5.83340594488189
20
-6.3327031496062993
11
5.8338057086614175
21
-6.3312373228346459
0
LINE
8
BLACK
6
CONTINUOUS
10
5.8338057086614175
20
-6.3312373228346459
11
5.8341970866141732
21
-6.3297766929133861
0
LINE
8
BLACK
6
CONTINUOUS
10
5.8341970866141732
20
-6.3297766929133861
11
5.8342066535433066
21
-6.3297670866141731
0
LINE
8
BLACK
6
CONTINUOUS
10
5.8342066535433066
20
-6.3297670866141731
11
5.8342102755905509
21
-6.3297539370078741
0
LINE
8
BLACK
6
CONTINUOUS
10
5.8342102755905509
20
-6.3297539370078741
11
5.8352869685039366
21
-6.3286867716535431
0
LINE
8
BLACK
6
CONTINUOUS
10
5.8352869685039366
20
-6.3286867716535431
11
5.8363586614173224
21
-6.327615118110236
0
LINE
8
BLACK
6
CONTINUOUS
10
5.8363586614173224
20
-6.327615118110236
11
5.8363718110236222
21
-6.3276115748031492
0
LINE
8
BLACK
6
CONTINUOUS
10
5.8363718110236222
20
-6.3276115748031492
11
5.8363814566929131
21
-6.3276020472440946
0
LINE
8
BLACK
6
CONTINUOUS
10
5.8363814566929131
20
-6.3276020472440946
11
5.8378466141732286
21
-6.3272164173228349
0
LINE
8
BLACK
6
CONTINUOUS
10
5.8378466141732286
20
-6.3272164173228349
11
5.8393114173228344
21
-6.326823937007874
0
LINE
8
BLACK
6
CONTINUOUS
10
5.8393114173228344
20
-6.326823937007874
11
5.8393244881889759
21
-6.3268274409448821
0
LINE
8
BLACK
6
CONTINUOUS
10
5.8393244881889759
20
-6.3268274409448821
11
5.8393377165354332
21
-6.3268239763779528
0
LINE
8
BLACK
6
CONTINUOUS
10
5.8393377165354332
20
-6.3268239763779528
11
5.8408035039370079
21
-6.3272237401574802
0
LINE
8
BLACK
6
CONTINUOUS
10
5.8408035039370079
20
-6.3272237401574802
11
5.8422641732283465
21
-6.327615118110236
0
LINE
8
BLACK
6
CONTINUOUS
10
5.8422641732283465
20
-6.327615118110236
11
5.8422737401574798
21
-6.3276246850393703
0
LINE
8
BLACK
6
CONTINUOUS
10
5.8422737401574798
20
-6.3276246850393703
11
5.8422869291338584
21
-6.3276283070866137
0
LINE
8
BLACK
6
CONTINUOUS
10
5.8422869291338584
20
-6.3276283070866137
11
5.8433540551181098
21
-6.3287050000000002
0
LINE
8
BLACK
6
CONTINUOUS
10
5.8433540551181098
20
-6.3287050000000002
11
5.8444257480314956
21
-6.3297766929133861
0
LINE
8
BLACK
6
CONTINUOUS
10
5.8444257480314956
20
-6.3297766929133861
11
5.8444292519685037
21
-6.329789842519685
0
LINE
8
BLACK
6
CONTINUOUS
10
5.8444292519685037
20
-6.329789842519685
11
5.8444388188976379
21
-6.3297994881889759
0
LINE
8
BLACK
6
CONTINUOUS
10
5.8444388188976379
20
-6.3297994881889759
11
5.867151692913386
21
-6.3695469291338584
0
LINE
8
BLACK
6
CONTINUOUS
10
5.867151692913386
20
-6.3695469291338584
11
5.867151692913386
21
-6.3327294488188972
0
LINE
8
BLACK
6
CONTINUOUS
10
5.867151692913386
20
-6.3327294488188972
11
5.867942874015748
21
-6.3297766929133861
0
LINE
8
BLACK
6
CONTINUOUS
10
5.867942874015748
20
-6.3297766929133861
11
5.8701044488188971
21
-6.327615118110236
0
LINE
8
BLACK
6
CONTINUOUS
10
5.8701044488188971
20
-6.327615118110236
11
5.8730572047244092
21
-6.326823937007874
0
LINE
8
BLACK
6
CONTINUOUS
10
5.8730572047244092
20
-6.326823937007874
11
5.8760099606299212
21
-6.327615118110236
0
LINE
8
BLACK
6
CONTINUOUS
10
5.9161578740157479
20
-6.32707
11
5.9171069291338583
21
-6.3271270078740152
0
LINE
8
BLACK
6
CONTINUOUS
10
5.9171069291338583
20
-6.3271270078740152
11
5.9255433858267716
21
-6.329939133858268
0
LINE
8
BLACK
6
CONTINUOUS
10
5.9255433858267716
20
-6.329939133858268
11
5.9266762598425196
21
-6.3306871259842517
0
LINE
8
BLACK
6
CONTINUOUS
10
5.9266762598425196
20
-6.3306871259842517
11
5.9278517322834645
21
-6.331365787401575
0
LINE
8
BLACK
6
CONTINUOUS
10
5.9278517322834645
20
-6.331365787401575
11
5.9334760236220472
21
-6.3369900787401576
0
LINE
8
BLACK
6
CONTINUOUS
10
5.9334760236220472
20
-6.3369900787401576
11
5.9339514173228345
21
-6.3378135039370074
0
LINE
8
BLACK
6
CONTINUOUS
10
5.9339514173228345
20
-6.3378135039370074
11
5.9345822440944884
21
-6.3385248818897635
0
LINE
8
BLACK
6
CONTINUOUS
10
5.9345822440944884
20
-6.3385248818897635
11
5.9373944094488191
21
-6.3441491338582674
0
LINE
8
BLACK
6
CONTINUOUS
10
5.9373944094488191
20
-6.3441491338582674
11
5.9375251181102362
21
-6.3447879527559055
0
LINE
8
BLACK
6
CONTINUOUS
10
5.9375251181102362
20
-6.3447879527559055
11
5.9378415354330709
21
-6.3453579133858264
0
LINE
8
BLACK
6
CONTINUOUS
10
5.9378415354330709
20
-6.3453579133858264
11
5.9406536614173229
21
-6.3566064960629918
0
LINE
8
BLACK
6
CONTINUOUS
10
5.9406536614173229
20
-6.3566064960629918
11
5.9406413779527556
21
-6.3573349212598425
0
LINE
8
BLACK
6
CONTINUOUS
10
5.9406413779527556
20
-6.3573349212598425
11
5.9408300000000001
21
-6.3580387795275586
0
LINE
8
BLACK
6
CONTINUOUS
10
5.9408300000000001
20
-6.3580387795275586
11
5.9408300000000001
21
-6.366475236220472
0
LINE
8
BLACK
6
CONTINUOUS
10
5.9408300000000001
20
-6.366475236220472
11
5.9406413779527556
21
-6.3671790551181102
0
LINE
8
BLACK
6
CONTINUOUS
10
5.9406413779527556
20
-6.3671790551181102
11
5.9406536614173229
21
-6.3679075196850397
0
LINE
8
BLACK
6
CONTINUOUS
10
5.9406536614173229
20
-6.3679075196850397
11
5.9378415354330709
21
-6.379156102362205
0
LINE
8
BLACK
6
CONTINUOUS
10
5.9378415354330709
20
-6.379156102362205
11
5.9375251181102362
21
-6.3797260236220472
0
LINE
8
BLACK
6
CONTINUOUS
10
5.9375251181102362
20
-6.3797260236220472
11
5.9373944094488191
21
-6.380364881889764
0
LINE
8
BLACK
6
CONTINUOUS
10
5.9373944094488191
20
-6.380364881889764
11
5.9345822440944884
21
-6.3859891338582679
0
LINE
8
BLACK
6
CONTINUOUS
10
5.9345822440944884
20
-6.3859891338582679
11
5.9339514173228345
21
-6.3867005118110232
0
LINE
8
BLACK
6
CONTINUOUS
10
5.9339514173228345
20
-6.3867005118110232
11
5.9334760236220472
21
-6.3875239370078738
0
LINE
8
BLACK
6
CONTINUOUS
10
5.9334760236220472
20
-6.3875239370078738
11
5.9278517322834645
21
-6.3931482677165352
0
LINE
8
BLACK
6
CONTINUOUS
10
5.9278517322834645
20
-6.3931482677165352
11
5.9266762598425196
21
-6.3938268897637798
0
LINE
8
BLACK
6
CONTINUOUS
10
5.9266762598425196
20
-6.3938268897637798
11
5.9255433858267716
21
-6.3945749212598422
0
LINE
8
BLACK
6
CONTINUOUS
10
5.9255433858267716
20
-6.3945749212598422
11
5.9171069291338583
21
-6.3973870472440941
0
LINE
8
BLACK
6
CONTINUOUS
10
5.9171069291338583
20
-6.3973870472440941
11
5.9161577559055116
21
-6.3974440157480315
0
LINE
8
BLACK
6
CONTINUOUS
10
5.9161577559055116
20
-6.3974440157480315
11
5.9152394488188973
21
-6.3976900787401574
0
LINE
8
BLACK
6
CONTINUOUS
10
5.9152394488188973
20
-6.3976900787401574
11
5.9011787007874013
21
-6.3976900787401574
0
LINE
8
BLACK
6
CONTINUOUS
10
5.9011787007874013
20
-6.3976900787401574
11
5.8982259448818892
21
-6.3968988976377954
0
LINE
8
BLACK
6
CONTINUOUS
10
5.8982259448818892
20
-6.3968988976377954
11
5.8960643700787401
21
-6.3947373228346454
0
LINE
8
BLACK
6
CONTINUOUS
10
5.8960643700787401
20
-6.3947373228346454
11
5.8952731889763781
21
-6.3917845669291333
0
LINE
8
BLACK
6
CONTINUOUS
10
5.8952731889763781
20
-6.3917845669291333
11
5.8952731889763781
21
-6.3327294488188972
0
LINE
8
BLACK
6
CONTINUOUS
10
5.8952731889763781
20
-6.3327294488188972
11
5.8960643700787401
21
-6.3297766929133861
0
LINE
8
BLACK
6
CONTINUOUS
10
5.8960643700787401
20
-6.3297766929133861
11
5.8982259448818892
21
-6.327615118110236
0
LINE
8
BLACK
6
CONTINUOUS
10
5.8982259448818892
20
-6.327615118110236
11
5.9011787007874013
21
-6.326823937007874
0
LINE
8
BLACK
6
CONTINUOUS
10
5.9011787007874013
20
-6.326823937007874
11
5.9152394488188973
21
-6.326823937007874
0
LINE
8
BLACK
6
CONTINUOUS
10
5.9152394488188973
20
-6.326823937007874
11
5.9161578740157479
21
-6.32707
0
LINE
8
BLACK
6
CONTINUOUS
10
5.9070842125984253
20
-6.3858790551181102
11
5.9142810629921261
21
-6.3858790551181102
0
LINE
8
BLACK
6
CONTINUOUS
10
5.9142810629921261
20
-6.3858790551181102
11
5.9204858661417319
21
-6.3838107874015746
0
LINE
8
BLACK
6
CONTINUOUS
10
5.9204858661417319
20
-6.3838107874015746
11
5.9244467322834646
21
-6.3798499212598427
0
LINE
8
BLACK
6
CONTINUOUS
10
5.9244467322834646
20
-6.3798499212598427
11
5.9265403937007877
21
-6.3756625196850392
0
LINE
8
BLACK
6
CONTINUOUS
10
5.9265403937007877
20
-6.3756625196850392
11
5.9290189763779528
21
-6.3657483070866139
0
LINE
8
BLACK
6
CONTINUOUS
10
5.9290189763779528
20
-6.3657483070866139
11
5.9290189763779528
21
-6.3587656692913388
0
LINE
8
BLACK
6
CONTINUOUS
10
5.9290189763779528
20
-6.3587656692913388
11
5.9265403937007877
21
-6.3488514566929135
0
LINE
8
BLACK
6
CONTINUOUS
10
5.9265403937007877
20
-6.3488514566929135
11
5.9244467322834646
21
-6.3446640944881887
0
LINE
8
BLACK
6
CONTINUOUS
10
5.9244467322834646
20
-6.3446640944881887
11
5.9204858267716531
21
-6.3407031889763781
0
LINE
8
BLACK
6
CONTINUOUS
10
5.9204858267716531
20
-6.3407031889763781
11
5.9142811811023623
21
-6.3386349606299213
0
LINE
8
BLACK
6
CONTINUOUS
10
5.9142811811023623
20
-6.3386349606299213
11
5.9070842125984253
21
-6.3386349606299213
0
LINE
8
BLACK
6
CONTINUOUS
10
5.9070842125984253
20
-6.3386349606299213
11
5.9070842125984253
21
-6.3858790551181102
0
LINE
8
BLACK
6
CONTINUOUS
10
5.3953639763779524
20
-6.2319912598425198
11
5.3963130314960628
21
-6.232048267716535
0
LINE
8
BLACK
6
CONTINUOUS
10
5.3963130314960628
20
-6.232048267716535
11
5.4047494881889762
21
-6.2348603937007869
0
LINE
8
BLACK
6
CONTINUOUS
10
5.4047494881889762
20
-6.2348603937007869
11
5.4058823622047241
21
-6.2356083858267715
0
LINE
8
BLACK
6
CONTINUOUS
10
5.4058823622047241
20
-6.2356083858267715
11
5.407057834645669
21
-6.2362870472440948
0
LINE
8
BLACK
6
CONTINUOUS
10
5.407057834645669
20
-6.2362870472440948
11
5.409869960629921
21
-6.2390991732283467
0
LINE
8
BLACK
6
CONTINUOUS
10
5.409869960629921
20
-6.2390991732283467
11
5.4113984251968503
21
-6.2417465354330703
0
LINE
8
BLACK
6
CONTINUOUS
10
5.4113984251968503
20
-6.2417465354330703
11
5.4113984251968503
21
-6.244803464566929
0
LINE
8
BLACK
6
CONTINUOUS
10
5.4113984251968503
20
-6.244803464566929
11
5.409869960629921
21
-6.2474508267716535
0
LINE
8
BLACK
6
CONTINUOUS
10
5.409869960629921
20
-6.2474508267716535
11
5.4072225984251965
21
-6.2489792913385829
0
LINE
8
BLACK
6
CONTINUOUS
10
5.4072225984251965
20
-6.2489792913385829
11
5.4041656692913387
21
-6.2489792913385829
0
LINE
8
BLACK
6
CONTINUOUS
10
5.4041656692913387
20
-6.2489792913385829
11
5.4015183070866142
21
-6.2474508267716535
0
LINE
8
BLACK
6
CONTINUOUS
10
5.4015183070866142
20
-6.2474508267716535
11
5.3996919291338585
21
-6.2456244488188979
0
LINE
8
BLACK
6
CONTINUOUS
10
5.3996919291338585
20
-6.2456244488188979
11
5.3934872834645669
21
-6.2435562204724411
0
LINE
8
BLACK
6
CONTINUOUS
10
5.3934872834645669
20
-6.2435562204724411
11
5.3897796456692912
21
-6.2435562204724411
0
LINE
8
BLACK
6
CONTINUOUS
10
5.3897796456692912
20
-6.2435562204724411
11
5.3835748425196845
21
-6.2456244488188979
0
LINE
8
BLACK
6
CONTINUOUS
10
5.3835748425196845
20
-6.2456244488188979
11
5.3796139763779527
21
-6.2495853149606297
0
LINE
8
BLACK
6
CONTINUOUS
10
5.3796139763779527
20
-6.2495853149606297
11
5.3775202362204721
21
-6.2537727165354333
0
LINE
8
BLACK
6
CONTINUOUS
10
5.3775202362204721
20
-6.2537727165354333
11
5.3750417322834645
21
-6.2636869291338577
0
LINE
8
BLACK
6
CONTINUOUS
10
5.3750417322834645
20
-6.2636869291338577
11
5.3750417322834645
21
-6.2706695669291337
0
LINE
8
BLACK
6
CONTINUOUS
10
5.3750417322834645
20
-6.2706695669291337
11
5.3775202362204721
21
-6.280583779527559
0
LINE
8
BLACK
6
CONTINUOUS
10
5.3775202362204721
20
-6.280583779527559
11
5.3796139763779527
21
-6.2847711811023617
0
LINE
8
BLACK
6
CONTINUOUS
10
5.3796139763779527
20
-6.2847711811023617
11
5.3835748031496058
21
-6.2887320472440944
0
LINE
8
BLACK
6
CONTINUOUS
10
5.3835748031496058
20
-6.2887320472440944
11
5.3897796456692912
21
-6.29080031496063
0
LINE
8
BLACK
6
CONTINUOUS
10
5.3897796456692912
20
-6.29080031496063
11
5.3934871653543306
21
-6.29080031496063
0
LINE
8
BLACK
6
CONTINUOUS
10
5.3934871653543306
20
-6.29080031496063
11
5.3996919685039373
21
-6.2887320472440944
0
LINE
8
BLACK
6
CONTINUOUS
10
5.3996919685039373
20
-6.2887320472440944
11
5.4015182677165354
21
-6.2869057480314963
0
LINE
8
BLACK
6
CONTINUOUS
10
5.4015182677165354
20
-6.2869057480314963
11
5.4041656299212599
21
-6.2853772440944882
0
LINE
8
BLACK
6
CONTINUOUS
10
5.4041656299212599
20
-6.2853772440944882
11
5.4072225590551177
21
-6.2853772440944882
0
LINE
8
BLACK
6
CONTINUOUS
10
5.4072225590551177
20
-6.2853772440944882
11
5.4098699212598422
21
-6.2869056692913388
0
LINE
8
BLACK
6
CONTINUOUS
10
5.4098699212598422
20
-6.2869056692913388
11
5.4113984251968503
21
-6.2895530314960633
0
LINE
8
BLACK
6
CONTINUOUS
10
5.4113984251968503
20
-6.2895530314960633
11
5.4113984251968503
21
-6.2926099606299211
0
LINE
8
BLACK
6
CONTINUOUS
10
5.4113984251968503
20
-6.2926099606299211
11
5.4098699999999997
21
-6.2952573228346456
0
LINE
8
BLACK
6
CONTINUOUS
10
5.4098699999999997
20
-6.2952573228346456
11
5.4070578740157478
21
-6.2980694881889763
0
LINE
8
BLACK
6
CONTINUOUS
10
5.4070578740157478
20
-6.2980694881889763
11
5.4058823622047241
21
-6.2987481496062987
0
LINE
8
BLACK
6
CONTINUOUS
10
5.4058823622047241
20
-6.2987481496062987
11
5.4047494881889762
21
-6.299496181102362
0
LINE
8
BLACK
6
CONTINUOUS
10
5.4047494881889762
20
-6.299496181102362
11
5.3963130314960628
21
-6.3023083070866139
0
LINE
8
BLACK
6
CONTINUOUS
10
5.3963130314960628
20
-6.3023083070866139
11
5.3953638582677161
21
-6.3023652755905513
0
LINE
8
BLACK
6
CONTINUOUS
10
5.3953638582677161
20
-6.3023652755905513
11
5.3944455511811018
21
-6.3026113385826772
0
LINE
8
BLACK
6
CONTINUOUS
10
5.3944455511811018
20
-6.3026113385826772
11
5.3888212598425191
21
-6.3026113385826772
0
LINE
8
BLACK
6
CONTINUOUS
10
5.3888212598425191
20
-6.3026113385826772
11
5.3879029133858269
21
-6.3023652755905513
0
LINE
8
BLACK
6
CONTINUOUS
10
5.3879029133858269
20
-6.3023652755905513
11
5.386953779527559
21
-6.3023083070866139
0
LINE
8
BLACK
6
CONTINUOUS
10
5.386953779527559
20
-6.3023083070866139
11
5.3785173228346457
21
-6.299496181102362
0
LINE
8
BLACK
6
CONTINUOUS
10
5.3785173228346457
20
-6.299496181102362
11
5.3773845275590553
21
-6.2987482283464562
0
LINE
8
BLACK
6
CONTINUOUS
10
5.3773845275590553
20
-6.2987482283464562
11
5.3762089763779528
21
-6.298069527559055
0
LINE
8
BLACK
6
CONTINUOUS
10
5.3762089763779528
20
-6.298069527559055
11
5.3705846850393701
21
-6.2924451968503936
0
LINE
8
BLACK
6
CONTINUOUS
10
5.3705846850393701
20
-6.2924451968503936
11
5.3701092519685041
21
-6.291621771653543
0
LINE
8
BLACK
6
CONTINUOUS
10
5.3701092519685041
20
-6.291621771653543
11
5.3694784645669289
21
-6.2909103937007869
0
LINE
8
BLACK
6
CONTINUOUS
10
5.3694784645669289
20
-6.2909103937007869
11
5.3666662992125982
21
-6.2852861023622042
0
LINE
8
BLACK
6
CONTINUOUS
10
5.3666662992125982
20
-6.2852861023622042
11
5.3665355511811024
21
-6.2846473228346458
0
LINE
8
BLACK
6
CONTINUOUS
10
5.3665355511811024
20
-6.2846473228346458
11
5.3662191732283464
21
-6.2840773622047239
0
LINE
8
BLACK
6
CONTINUOUS
10
5.3662191732283464
20
-6.2840773622047239
11
5.3634070472440944
21
-6.2728287795275586
0
LINE
8
BLACK
6
CONTINUOUS
10
5.3634070472440944
20
-6.2728287795275586
11
5.363419291338583
21
-6.27210031496063
0
LINE
8
BLACK
6
CONTINUOUS
10
5.363419291338583
20
-6.27210031496063
11
5.3632307086614173
21
-6.2713964960629918
0
LINE
8
BLACK
6
CONTINUOUS
10
5.3632307086614173
20
-6.2713964960629918
11
5.3632307086614173
21
-6.2629600393700784
0
LINE
8
BLACK
6
CONTINUOUS
10
5.3632307086614173
20
-6.2629600393700784
11
5.363419291338583
21
-6.2622561811023623
0
LINE
8
BLACK
6
CONTINUOUS
10
5.363419291338583
20
-6.2622561811023623
11
5.3634070472440944
21
-6.2615277559055116
0
LINE
8
BLACK
6
CONTINUOUS
10
5.3634070472440944
20
-6.2615277559055116
11
5.3662191732283464
21
-6.2502791732283463
0
LINE
8
BLACK
6
CONTINUOUS
10
5.3662191732283464
20
-6.2502791732283463
11
5.3665355511811024
21
-6.2497091732283465
0
LINE
8
BLACK
6
CONTINUOUS
10
5.3665355511811024
20
-6.2497091732283465
11
5.3666662992125982
21
-6.249070433070866
0
LINE
8
BLACK
6
CONTINUOUS
10
5.3666662992125982
20
-6.249070433070866
11
5.3694784645669289
21
-6.2434461417322833
0
LINE
8
BLACK
6
CONTINUOUS
10
5.3694784645669289
20
-6.2434461417322833
11
5.3701092519685041
21
-6.2427347637795272
0
LINE
8
BLACK
6
CONTINUOUS
10
5.3701092519685041
20
-6.2427347637795272
11
5.3705846850393701
21
-6.2419113385826774
0
LINE
8
BLACK
6
CONTINUOUS
10
5.3705846850393701
20
-6.2419113385826774
11
5.3762089763779528
21
-6.2362870472440948
0
LINE
8
BLACK
6
CONTINUOUS
10
5.3762089763779528
20
-6.2362870472440948
11
5.3773845275590553
21
-6.235608307086614
0
LINE
8
BLACK
6
CONTINUOUS
10
5.3773845275590553
20
-6.235608307086614
11
5.3785173228346457
21
-6.2348604330708657
0
LINE
8
BLACK
6
CONTINUOUS
10
5.3785173228346457
20
-6.2348604330708657
11
5.3869537401574803
21
-6.232048267716535
0
LINE
8
BLACK
6
CONTINUOUS
10
5.3869537401574803
20
-6.232048267716535
11
5.3879027952755907
21
-6.2319912598425198
0
LINE
8
BLACK
6
CONTINUOUS
10
5.3879027952755907
20
-6.2319912598425198
11
5.3888212598425191
21
-6.2317451968503939
0
LINE
8
BLACK
6
CONTINUOUS
10
5.3888212598425191
20
-6.2317451968503939
11
5.3944455511811018
21
-6.2317451968503939
0
LINE
8
BLACK
6
CONTINUOUS
10
5.3944455511811018
20
-6.2317451968503939
11
5.3953639763779524
21
-6.2319912598425198
0
LINE
8
BLACK
6
CONTINUOUS
10
5.4339562204724405
20
-6.2325363779527558
11
5.4361177952755906
21
-6.234697952755905
0
LINE
8
BLACK
6
CONTINUOUS
10
5.4361177952755906
20
-6.234697952755905
11
5.4369089763779526
21
-6.237650708661417
0
LINE
8
BLACK
6
CONTINUOUS
10
5.4369089763779526
20
-6.237650708661417
11
5.4369089763779526
21
-6.29080031496063
0
LINE
8
BLACK
6
CONTINUOUS
10
5.4369089763779526
20
-6.29080031496063
11
5.4591249606299215
21
-6.29080031496063
0
LINE
8
BLACK
6
CONTINUOUS
10
5.4591249606299215
20
-6.29080031496063
11
5.4620777165354326
21
-6.291591496062992
0
LINE
8
BLACK
6
CONTINUOUS
10
5.4620777165354326
20
-6.291591496062992
11
5.4642392913385827
21
-6.293753070866142
0
LINE
8
BLACK
6
CONTINUOUS
10
5.4642392913385827
20
-6.293753070866142
11
5.4650304724409446
21
-6.2967058267716531
0
LINE
8
BLACK
6
CONTINUOUS
10
5.4650304724409446
20
-6.2967058267716531
11
5.4642392913385827
21
-6.2996585826771652
0
LINE
8
BLACK
6
CONTINUOUS
10
5.4642392913385827
20
-6.2996585826771652
11
5.4620777165354326
21
-6.3018201574803152
0
LINE
8
BLACK
6
CONTINUOUS
10
5.4620777165354326
20
-6.3018201574803152
11
5.4591249606299215
21
-6.3026113385826772
0
LINE
8
BLACK
6
CONTINUOUS
10
5.4591249606299215
20
-6.3026113385826772
11
5.4310034645669294
21
-6.3026113385826772
0
LINE
8
BLACK
6
CONTINUOUS
10
5.4310034645669294
20
-6.3026113385826772
11
5.4280507086614174
21
-6.3018201574803152
0
LINE
8
BLACK
6
CONTINUOUS
10
5.4280507086614174
20
-6.3018201574803152
11
5.4258891338582673
21
-6.2996585826771652
0
LINE
8
BLACK
6
CONTINUOUS
10
5.4258891338582673
20
-6.2996585826771652
11
5.4250979527559053
21
-6.2967058267716531
0
LINE
8
BLACK
6
CONTINUOUS
10
5.4250979527559053
20
-6.2967058267716531
11
5.4250979527559053
21
-6.237650708661417
0
LINE
8
BLACK
6
CONTINUOUS
10
5.4250979527559053
20
-6.237650708661417
11
5.4258891338582673
21
-6.234697952755905
0
LINE
8
BLACK
6
CONTINUOUS
10
5.4258891338582673
20
-6.234697952755905
11
5.4280507086614174
21
-6.2325363779527558
0
LINE
8
BLACK
6
CONTINUOUS
10
5.4280507086614174
20
-6.2325363779527558
11
5.4310034645669294
21
-6.2317451968503939
0
LINE
8
BLACK
6
CONTINUOUS
10
5.4310034645669294
20
-6.2317451968503939
11
5.4339562204724405
21
-6.2325363779527558
0
LINE
8
BLACK
6
CONTINUOUS
10
5.4817627559055113
20
-6.2325363779527558
11
5.4839243307086614
21
-6.234697952755905
0
LINE
8
BLACK
6
CONTINUOUS
10
5.4839243307086614
20
-6.234697952755905
11
5.4847155118110233
21
-6.237650708661417
0
LINE
8
BLACK
6
CONTINUOUS
10
5.4847155118110233
20
-6.237650708661417
11
5.4847155118110233
21
-6.2571393307086609
0
LINE
8
BLACK
6
CONTINUOUS
10
5.4847155118110233
20
-6.2571393307086609
11
5.5083799606299211
21
-6.2334748818897641
0
LINE
8
BLACK
6
CONTINUOUS
10
5.5083799606299211
20
-6.2334748818897641
11
5.5110273228346456
21
-6.2319464173228347
0
LINE
8
BLACK
6
CONTINUOUS
10
5.5110273228346456
20
-6.2319464173228347
11
5.5140842519685034
21
-6.2319464173228347
0
LINE
8
BLACK
6
CONTINUOUS
10
5.5140842519685034
20
-6.2319464173228347
11
5.5167316141732279
21
-6.2334748818897641
0
LINE
8
BLACK
6
CONTINUOUS
10
5.5167316141732279
20
-6.2334748818897641
11
5.5182600787401572
21
-6.2361222440944877
0
LINE
8
BLACK
6
CONTINUOUS
10
5.5182600787401572
20
-6.2361222440944877
11
5.5182600787401572
21
-6.2391791732283464
0
LINE
8
BLACK
6
CONTINUOUS
10
5.5182600787401572
20
-6.2391791732283464
11
5.5167316141732279
21
-6.2418265354330709
0
LINE
8
BLACK
6
CONTINUOUS
10
5.5167316141732279
20
-6.2418265354330709
11
5.4950439370078739
21
-6.2635141732283461
0
LINE
8
BLACK
6
CONTINUOUS
10
5.4950439370078739
20
-6.2635141732283461
11
5.5172801968503933
21
-6.2931625196850396
0
LINE
8
BLACK
6
CONTINUOUS
10
5.5172801968503933
20
-6.2931625196850396
11
5.5184188976377948
21
-6.2959994488188977
0
LINE
8
BLACK
6
CONTINUOUS
10
5.5184188976377948
20
-6.2959994488188977
11
5.5179866141732283
21
-6.2990256692913382
0
LINE
8
BLACK
6
CONTINUOUS
10
5.5179866141732283
20
-6.2990256692913382
11
5.5160990944881885
21
-6.3014302362204724
0
LINE
8
BLACK
6
CONTINUOUS
10
5.5160990944881885
20
-6.3014302362204724
11
5.5132622047244091
21
-6.3025689763779527
0
LINE
8
BLACK
6
CONTINUOUS
10
5.5132622047244091
20
-6.3025689763779527
11
5.5102359842519686
21
-6.3021366535433065
0
LINE
8
BLACK
6
CONTINUOUS
10
5.5102359842519686
20
-6.3021366535433065
11
5.5078313779527557
21
-6.3002491338582676
0
LINE
8
BLACK
6
CONTINUOUS
10
5.5078313779527557
20
-6.3002491338582676
11
5.4866074803149605
21
-6.2719506299212595
0
LINE
8
BLACK
6
CONTINUOUS
10
5.4866074803149605
20
-6.2719506299212595
11
5.4847155118110233
21
-6.2738426377952754
0
LINE
8
BLACK
6
CONTINUOUS
10
5.4847155118110233
20
-6.2738426377952754
11
5.4847155118110233
21
-6.2967058267716531
0
LINE
8
BLACK
6
CONTINUOUS
10
5.4847155118110233
20
-6.2967058267716531
11
5.4839243307086614
21
-6.2996585826771652
0
LINE
8
BLACK
6
CONTINUOUS
10
5.4839243307086614
20
-6.2996585826771652
11
5.4817627559055113
21
-6.3018201574803152
0
LINE
8
BLACK
6
CONTINUOUS
10
5.4817627559055113
20
-6.3018201574803152
11
5.4788100000000002
21
-6.3026113385826772
0
LINE
8
BLACK
6
CONTINUOUS
10
5.4788100000000002
20
-6.3026113385826772
11
5.4758572440944882
21
-6.3018201574803152
0
LINE
8
BLACK
6
CONTINUOUS
10
5.4758572440944882
20
-6.3018201574803152
11
5.4736956692913381
21
-6.2996585826771652
0
LINE
8
BLACK
6
CONTINUOUS
10
5.4736956692913381
20
-6.2996585826771652
11
5.4729044881889761
21
-6.2967058267716531
0
LINE
8
BLACK
6
CONTINUOUS
10
5.4729044881889761
20
-6.2967058267716531
11
5.4729044881889761
21
-6.237650708661417
0
LINE
8
BLACK
6
CONTINUOUS
10
5.4729044881889761
20
-6.237650708661417
11
5.4736956692913381
21
-6.234697952755905
0
LINE
8
BLACK
6
CONTINUOUS
10
5.4736956692913381
20
-6.234697952755905
11
5.4758572440944882
21
-6.2325363779527558
0
LINE
8
BLACK
6
CONTINUOUS
10
5.4758572440944882
20
-6.2325363779527558
11
5.4788100000000002
21
-6.2317451968503939
0
LINE
8
BLACK
6
CONTINUOUS
10
5.4788100000000002
20
-6.2317451968503939
11
5.4817627559055113
21
-6.2325363779527558
0
LINE
8
BLACK
6
CONTINUOUS
10
5.6010434645669287
20
-6.2517815354330706
11
5.6023734251968502
21
-6.2520537007874015
0
LINE
8
BLACK
6
CONTINUOUS
10
5.6023734251968502
20
-6.2520537007874015
11
5.6079977165354329
21
-6.2548658661417322
0
LINE
8
BLACK
6
CONTINUOUS
10
5.6079977165354329
20
-6.2548658661417322
11
5.6087090551181102
21
-6.2554966535433065
0
LINE
8
BLACK
6
CONTINUOUS
10
5.6087090551181102
20
-6.2554966535433065
11
5.6095324803149609
21
-6.2559720472440947
0
LINE
8
BLACK
6
CONTINUOUS
10
5.6095324803149609
20
-6.2559720472440947
11
5.6123446456692916
21
-6.2587841732283467
0
LINE
8
BLACK
6
CONTINUOUS
10
5.6123446456692916
20
-6.2587841732283467
11
5.6128200393700789
21
-6.2596075984251964
0
LINE
8
BLACK
6
CONTINUOUS
10
5.6128200393700789
20
-6.2596075984251964
11
5.6134509055118107
21
-6.2603190157480313
0
LINE
8
BLACK
6
CONTINUOUS
10
5.6134509055118107
20
-6.2603190157480313
11
5.6162630314960627
21
-6.2659433464566927
0
LINE
8
BLACK
6
CONTINUOUS
10
5.6162630314960627
20
-6.2659433464566927
11
5.6165351181102361
21
-6.2672730708661417
0
LINE
8
BLACK
6
CONTINUOUS
10
5.6165351181102361
20
-6.2672730708661417
11
5.6168864960629916
21
-6.2685843307086611
0
LINE
8
BLACK
6
CONTINUOUS
10
5.6168864960629916
20
-6.2685843307086611
11
5.6168864960629916
21
-6.2854572440944878
0
LINE
8
BLACK
6
CONTINUOUS
10
5.6168864960629916
20
-6.2854572440944878
11
5.6165351181102361
21
-6.2867684645669293
0
LINE
8
BLACK
6
CONTINUOUS
10
5.6165351181102361
20
-6.2867684645669293
11
5.6162630314960627
21
-6.2880982283464562
0
LINE
8
BLACK
6
CONTINUOUS
10
5.6162630314960627
20
-6.2880982283464562
11
5.6134509055118107
21
-6.2937225590551176
0
LINE
8
BLACK
6
CONTINUOUS
10
5.6134509055118107
20
-6.2937225590551176
11
5.6128200393700789
21
-6.2944339370078737
0
LINE
8
BLACK
6
CONTINUOUS
10
5.6128200393700789
20
-6.2944339370078737
11
5.6123446850393703
21
-6.2952573622047243
0
LINE
8
BLACK
6
CONTINUOUS
10
5.6123446850393703
20
-6.2952573622047243
11
5.6095325196850396
21
-6.298069527559055
0
LINE
8
BLACK
6
CONTINUOUS
10
5.6095325196850396
20
-6.298069527559055
11
5.608709094488189
21
-6.2985448818897636
0
LINE
8
BLACK
6
CONTINUOUS
10
5.608709094488189
20
-6.2985448818897636
11
5.6079977165354329
21
-6.2991757480314963
0
LINE
8
BLACK
6
CONTINUOUS
10
5.6079977165354329
20
-6.2991757480314963
11
5.6023734251968502
21
-6.3019878740157482
0
LINE
8
BLACK
6
CONTINUOUS
10
5.6023734251968502
20
-6.3019878740157482
11
5.6010435433070862
21
-6.3022599999999995
0
LINE
8
BLACK
6
CONTINUOUS
10
5.6010435433070862
20
-6.3022599999999995
11
5.5997324015748031
21
-6.3026113385826772
0
LINE
8
BLACK
6
CONTINUOUS
10
5.5997324015748031
20
-6.3026113385826772
11
5.5912959448818897
21
-6.3026113385826772
0
LINE
8
BLACK
6
CONTINUOUS
10
5.5912959448818897
20
-6.3026113385826772
11
5.5899846850393695
21
-6.3022599606299208
0
LINE
8
BLACK
6
CONTINUOUS
10
5.5899846850393695
20
-6.3022599606299208
11
5.5886549606299214
21
-6.3019878740157482
0
LINE
8
BLACK
6
CONTINUOUS
10
5.5886549606299214
20
-6.3019878740157482
11
5.58303062992126
21
-6.2991757480314963
0
LINE
8
BLACK
6
CONTINUOUS
10
5.58303062992126
20
-6.2991757480314963
11
5.5823192125984251
21
-6.2985448818897636
0
LINE
8
BLACK
6
CONTINUOUS
10
5.5823192125984251
20
-6.2985448818897636
11
5.5814958267716532
21
-6.298069527559055
0
LINE
8
BLACK
6
CONTINUOUS
10
5.5814958267716532
20
-6.298069527559055
11
5.5786836614173225
21
-6.2952573622047243
0
LINE
8
BLACK
6
CONTINUOUS
10
5.5786836614173225
20
-6.2952573622047243
11
5.5782082677165352
21
-6.2944339370078737
0
LINE
8
BLACK
6
CONTINUOUS
10
5.5782082677165352
20
-6.2944339370078737
11
5.5775774409448822
21
-6.2937225590551176
0
LINE
8
BLACK
6
CONTINUOUS
10
5.5775774409448822
20
-6.2937225590551176
11
5.5747653149606302
21
-6.2880982677165349
0
LINE
8
BLACK
6
CONTINUOUS
10
5.5747653149606302
20
-6.2880982677165349
11
5.5744931496062993
21
-6.2867683858267718
0
LINE
8
BLACK
6
CONTINUOUS
10
5.5744931496062993
20
-6.2867683858267718
11
5.5741418503937004
21
-6.2854572440944878
0
LINE
8
BLACK
6
CONTINUOUS
10
5.5741418503937004
20
-6.2854572440944878
11
5.5741418503937004
21
-6.2685843307086611
0
LINE
8
BLACK
6
CONTINUOUS
10
5.5741418503937004
20
-6.2685843307086611
11
5.5744931496062993
21
-6.2672731496062992
0
LINE
8
BLACK
6
CONTINUOUS
10
5.5744931496062993
20
-6.2672731496062992
11
5.5747653149606302
21
-6.265943307086614
0
LINE
8
BLACK
6
CONTINUOUS
10
5.5747653149606302
20
-6.265943307086614
11
5.5775774409448822
21
-6.2603190157480313
0
LINE
8
BLACK
6
CONTINUOUS
10
5.5775774409448822
20
-6.2603190157480313
11
5.5782082677165352
21
-6.2596075984251964
0
LINE
8
BLACK
6
CONTINUOUS
10
5.5782082677165352
20
-6.2596075984251964
11
5.5786837007874013
21
-6.2587841732283467
0
LINE
8
BLACK
6
CONTINUOUS
10
5.5786837007874013
20
-6.2587841732283467
11
5.581495866141732
21
-6.2559720472440947
0
LINE
8
BLACK
6
CONTINUOUS
10
5.581495866141732
20
-6.2559720472440947
11
5.5823192519685039
21
-6.2554966535433065
0
LINE
8
BLACK
6
CONTINUOUS
10
5.5823192519685039
20
-6.2554966535433065
11
5.58303062992126
21
-6.2548658661417322
0
LINE
8
BLACK
6
CONTINUOUS
10
5.58303062992126
20
-6.2548658661417322
11
5.5886548818897639
21
-6.2520537007874015
0
LINE
8
BLACK
6
CONTINUOUS
10
5.5886548818897639
20
-6.2520537007874015
11
5.5899848818897633
21
-6.2517814960629918
0
LINE
8
BLACK
6
CONTINUOUS
10
5.5899848818897633
20
-6.2517814960629918
11
5.5912959448818897
21
-6.2514302362204726
0
LINE
8
BLACK
6
CONTINUOUS
10
5.5912959448818897
20
-6.2514302362204726
11
5.5997324015748031
21
-6.2514302362204726
0
LINE
8
BLACK
6
CONTINUOUS
10
5.5997324015748031
20
-6.2514302362204726
11
5.6010434645669287
21
-6.2517815354330706
0
LINE
8
BLACK
6
CONTINUOUS
10
5.5891698031496064
20
-6.265001377952756
11
5.5877129133858263
21
-6.2664582677165352
0
LINE
8
BLACK
6
CONTINUOUS
10
5.5877129133858263
20
-6.2664582677165352
11
5.5859528740157476
21
-6.2699783858267715
0
LINE
8
BLACK
6
CONTINUOUS
10
5.5859528740157476
20
-6.2699783858267715
11
5.5859528740157476
21
-6.2840631496062986
0
LINE
8
BLACK
6
CONTINUOUS
10
5.5859528740157476
20
-6.2840631496062986
11
5.5877129133858263
21
-6.2875833070866136
0
LINE
8
BLACK
6
CONTINUOUS
10
5.5877129133858263
20
-6.2875833070866136
11
5.5891698031496064
21
-6.2890401968503937
0
LINE
8
BLACK
6
CONTINUOUS
10
5.5891698031496064
20
-6.2890401968503937
11
5.5926900393700789
21
-6.29080031496063
0
LINE
8
BLACK
6
CONTINUOUS
10
5.5926900393700789
20
-6.29080031496063
11
5.598338307086614
21
-6.29080031496063
0
LINE
8
BLACK
6
CONTINUOUS
10
5.598338307086614
20
-6.29080031496063
11
5.6018584645669289
21
-6.2890402362204725
0
LINE
8
BLACK
6
CONTINUOUS
10
5.6018584645669289
20
-6.2890402362204725
11
5.6033153543307082
21
-6.2875833464566924
0
LINE
8
BLACK
6
CONTINUOUS
10
5.6033153543307082
20
-6.2875833464566924
11
5.6050754724409444
21
-6.2840631496062986
0
LINE
8
BLACK
6
CONTINUOUS
10
5.6050754724409444
20
-6.2840631496062986
11
5.6050754724409444
21
-6.2699783858267715
0
LINE
8
BLACK
6
CONTINUOUS
10
5.6050754724409444
20
-6.2699783858267715
11
5.6033153937007869
21
-6.2664582283464565
0
LINE
8
BLACK
6
CONTINUOUS
10
5.6033153937007869
20
-6.2664582283464565
11
5.6018585433070864
21
-6.265001377952756
0
LINE
8
BLACK
6
CONTINUOUS
10
5.6018585433070864
20
-6.265001377952756
11
5.598338307086614
21
-6.2632412598425198
0
LINE
8
BLACK
6
CONTINUOUS
10
5.598338307086614
20
-6.2632412598425198
11
5.5926900393700789
21
-6.2632412598425198
0
LINE
8
BLACK
6
CONTINUOUS
10
5.5926900393700789
20
-6.2632412598425198
11
5.5891698031496064
21
-6.265001377952756
0
LINE
8
BLACK
6
CONTINUOUS
10
5.7000150787401571
20
-6.2517815354330706
11
5.7013450393700786
21
-6.2520537007874015
0
LINE
8
BLACK
6
CONTINUOUS
10
5.7013450393700786
20
-6.2520537007874015
11
5.7069693307086613
21
-6.2548658661417322
0
LINE
8
BLACK
6
CONTINUOUS
10
5.7069693307086613
20
-6.2548658661417322
11
5.7076806692913387
21
-6.2554966535433065
0
LINE
8
BLACK
6
CONTINUOUS
10
5.7076806692913387
20
-6.2554966535433065
11
5.7085040944881884
21
-6.2559720472440947
0
LINE
8
BLACK
6
CONTINUOUS
10
5.7085040944881884
20
-6.2559720472440947
11
5.7113162598425191
21
-6.2587841732283467
0
LINE
8
BLACK
6
CONTINUOUS
10
5.7113162598425191
20
-6.2587841732283467
11
5.7117916535433073
21
-6.2596075984251964
0
LINE
8
BLACK
6
CONTINUOUS
10
5.7117916535433073
20
-6.2596075984251964
11
5.7124225196850391
21
-6.2603190157480313
0
LINE
8
BLACK
6
CONTINUOUS
10
5.7124225196850391
20
-6.2603190157480313
11
5.7152346456692911
21
-6.2659433464566927
0
LINE
8
BLACK
6
CONTINUOUS
10
5.7152346456692911
20
-6.2659433464566927
11
5.7155067322834645
21
-6.2672730708661417
0
LINE
8
BLACK
6
CONTINUOUS
10
5.7155067322834645
20
-6.2672730708661417
11
5.71585811023622
21
-6.2685843307086611
0
LINE
8
BLACK
6
CONTINUOUS
10
5.71585811023622
20
-6.2685843307086611
11
5.71585811023622
21
-6.2854572440944878
0
LINE
8
BLACK
6
CONTINUOUS
10
5.71585811023622
20
-6.2854572440944878
11
5.7155067322834645
21
-6.2867684645669293
0
LINE
8
BLACK
6
CONTINUOUS
10
5.7155067322834645
20
-6.2867684645669293
11
5.7152346456692911
21
-6.2880982283464562
0
LINE
8
BLACK
6
CONTINUOUS
10
5.7152346456692911
20
-6.2880982283464562
11
5.7124225196850391
21
-6.2937225590551176
0
LINE
8
BLACK
6
CONTINUOUS
10
5.7124225196850391
20
-6.2937225590551176
11
5.7117916535433073
21
-6.2944339370078737
0
LINE
8
BLACK
6
CONTINUOUS
10
5.7117916535433073
20
-6.2944339370078737
11
5.7113162992125979
21
-6.2952573622047243
0
LINE
8
BLACK
6
CONTINUOUS
10
5.7113162992125979
20
-6.2952573622047243
11
5.7085041338582672
21
-6.298069527559055
0
LINE
8
BLACK
6
CONTINUOUS
10
5.7085041338582672
20
-6.298069527559055
11
5.7076807086614174
21
-6.2985448818897636
0
LINE
8
BLACK
6
CONTINUOUS
10
5.7076807086614174
20
-6.2985448818897636
11
5.7069693307086613
21
-6.2991757480314963
0
LINE
8
BLACK
6
CONTINUOUS
10
5.7069693307086613
20
-6.2991757480314963
11
5.7013450393700786
21
-6.3019878740157482
0
LINE
8
BLACK
6
CONTINUOUS
10
5.7013450393700786
20
-6.3019878740157482
11
5.7000151574803146
21
-6.3022599999999995
0
LINE
8
BLACK
6
CONTINUOUS
10
5.7000151574803146
20
-6.3022599999999995
11
5.6987040157480315
21
-6.3026113385826772
0
LINE
8
BLACK
6
CONTINUOUS
10
5.6987040157480315
20
-6.3026113385826772
11
5.6902675590551182
21
-6.3026113385826772
0
LINE
8
BLACK
6
CONTINUOUS
10
5.6902675590551182
20
-6.3026113385826772
11
5.6889562992125979
21
-6.3022599606299208
0
LINE
8
BLACK
6
CONTINUOUS
10
5.6889562992125979
20
-6.3022599606299208
11
5.6876265748031498
21
-6.3019878740157482
0
LINE
8
BLACK
6
CONTINUOUS
10
5.6876265748031498
20
-6.3019878740157482
11
5.6820022440944884
21
-6.2991757480314963
0
LINE
8
BLACK
6
CONTINUOUS
10
5.6820022440944884
20
-6.2991757480314963
11
5.6812908267716535
21
-6.2985448818897636
0
LINE
8
BLACK
6
CONTINUOUS
10
5.6812908267716535
20
-6.2985448818897636
11
5.6804674409448817
21
-6.298069527559055
0
LINE
8
BLACK
6
CONTINUOUS
10
5.6804674409448817
20
-6.298069527559055
11
5.6776552755905509
21
-6.2952573622047243
0
LINE
8
BLACK
6
CONTINUOUS
10
5.6776552755905509
20
-6.2952573622047243
11
5.6771798818897636
21
-6.2944339370078737
0
LINE
8
BLACK
6
CONTINUOUS
10
5.6771798818897636
20
-6.2944339370078737
11
5.6765490551181097
21
-6.2937225590551176
0
LINE
8
BLACK
6
CONTINUOUS
10
5.6765490551181097
20
-6.2937225590551176
11
5.6737369291338577
21
-6.2880982677165349
0
LINE
8
BLACK
6
CONTINUOUS
10
5.6737369291338577
20
-6.2880982677165349
11
5.6734647637795277
21
-6.2867683858267718
0
LINE
8
BLACK
6
CONTINUOUS
10
5.6734647637795277
20
-6.2867683858267718
11
5.6731134645669288
21
-6.2854572440944878
0
LINE
8
BLACK
6
CONTINUOUS
10
5.6731134645669288
20
-6.2854572440944878
11
5.6731134645669288
21
-6.2685843307086611
0
LINE
8
BLACK
6
CONTINUOUS
10
5.6731134645669288
20
-6.2685843307086611
11
5.6734647637795277
21
-6.2672731496062992
0
LINE
8
BLACK
6
CONTINUOUS
10
5.6734647637795277
20
-6.2672731496062992
11
5.6737369291338577
21
-6.265943307086614
0
LINE
8
BLACK
6
CONTINUOUS
10
5.6737369291338577
20
-6.265943307086614
11
5.6765490551181097
21
-6.2603190157480313
0
LINE
8
BLACK
6
CONTINUOUS
10
5.6765490551181097
20
-6.2603190157480313
11
5.6771798818897636
21
-6.2596075984251964
0
LINE
8
BLACK
6
CONTINUOUS
10
5.6771798818897636
20
-6.2596075984251964
11
5.6776553149606297
21
-6.2587841732283467
0
LINE
8
BLACK
6
CONTINUOUS
10
5.6776553149606297
20
-6.2587841732283467
11
5.6804674803149604
21
-6.2559720472440947
0
LINE
8
BLACK
6
CONTINUOUS
10
5.6804674803149604
20
-6.2559720472440947
11
5.6812908661417323
21
-6.2554966535433065
0
LINE
8
BLACK
6
CONTINUOUS
10
5.6812908661417323
20
-6.2554966535433065
11
5.6820022440944884
21
-6.2548658661417322
0
LINE
8
BLACK
6
CONTINUOUS
10
5.6820022440944884
20
-6.2548658661417322
11
5.6876264960629923
21
-6.2520537007874015
0
LINE
8
BLACK
6
CONTINUOUS
10
5.6876264960629923
20
-6.2520537007874015
11
5.6889564960629917
21
-6.2517814960629918
0
LINE
8
BLACK
6
CONTINUOUS
10
5.6889564960629917
20
-6.2517814960629918
11
5.6902675590551182
21
-6.2514302362204726
0
LINE
8
BLACK
6
CONTINUOUS
10
5.6902675590551182
20
-6.2514302362204726
11
5.6987040157480315
21
-6.2514302362204726
0
LINE
8
BLACK
6
CONTINUOUS
10
5.6987040157480315
20
-6.2514302362204726
11
5.7000150787401571
21
-6.2517815354330706
0
LINE
8
BLACK
6
CONTINUOUS
10
5.6881414173228348
20
-6.265001377952756
11
5.6866845275590547
21
-6.2664582677165352
0
LINE
8
BLACK
6
CONTINUOUS
10
5.6866845275590547
20
-6.2664582677165352
11
5.684924488188976
21
-6.2699783858267715
0
LINE
8
BLACK
6
CONTINUOUS
10
5.684924488188976
20
-6.2699783858267715
11
5.684924488188976
21
-6.2840631496062986
0
LINE
8
BLACK
6
CONTINUOUS
10
5.684924488188976
20
-6.2840631496062986
11
5.6866845275590547
21
-6.2875833070866136
0
LINE
8
BLACK
6
CONTINUOUS
10
5.6866845275590547
20
-6.2875833070866136
11
5.6881414173228348
21
-6.2890401968503937
0
LINE
8
BLACK
6
CONTINUOUS
10
5.6881414173228348
20
-6.2890401968503937
11
5.6916616535433073
21
-6.29080031496063
0
LINE
8
BLACK
6
CONTINUOUS
10
5.6916616535433073
20
-6.29080031496063
11
5.6973099212598424
21
-6.29080031496063
0
LINE
8
BLACK
6
CONTINUOUS
10
5.6973099212598424
20
-6.29080031496063
11
5.7008300787401573
21
-6.2890402362204725
0
LINE
8
BLACK
6
CONTINUOUS
10
5.7008300787401573
20
-6.2890402362204725
11
5.7022869685039366
21
-6.2875833464566924
0
LINE
8
BLACK
6
CONTINUOUS
10
5.7022869685039366
20
-6.2875833464566924
11
5.7040470866141728
21
-6.2840631496062986
0
LINE
8
BLACK
6
CONTINUOUS
10
5.7040470866141728
20
-6.2840631496062986
11
5.7040470866141728
21
-6.2699783858267715
0
LINE
8
BLACK
6
CONTINUOUS
10
5.7040470866141728
20
-6.2699783858267715
11
5.7022870078740153
21
-6.2664582283464565
0
LINE
8
BLACK
6
CONTINUOUS
10
5.7022870078740153
20
-6.2664582283464565
11
5.7008301574803149
21
-6.265001377952756
0
LINE
8
BLACK
6
CONTINUOUS
10
5.7008301574803149
20
-6.265001377952756
11
5.6973099212598424
21
-6.2632412598425198
0
LINE
8
BLACK
6
CONTINUOUS
10
5.6973099212598424
20
-6.2632412598425198
11
5.6916616535433073
21
-6.2632412598425198
0
LINE
8
BLACK
6
CONTINUOUS
10
5.6916616535433073
20
-6.2632412598425198
11
5.6881414173228348
21
-6.265001377952756
0
LINE
8
BLACK
6
CONTINUOUS
10
5.820862677165354
20
-6.232076456692913
11
5.8221237401574806
21
-6.2322992125984253
0
LINE
8
BLACK
6
CONTINUOUS
10
5.8221237401574806
20
-6.2322992125984253
11
5.8223251574803152
21
-6.2324683070866138
0
LINE
8
BLACK
6
CONTINUOUS
10
5.8223251574803152
20
-6.2324683070866138
11
5.8225791338582678
21
-6.2325363779527558
0
LINE
8
BLACK
6
CONTINUOUS
10
5.8225791338582678
20
-6.2325363779527558
11
5.8234842913385823
21
-6.2334415354330703
0
LINE
8
BLACK
6
CONTINUOUS
10
5.8234842913385823
20
-6.2334415354330703
11
5.8244648818897637
21
-6.2342648425196847
0
LINE
8
BLACK
6
CONTINUOUS
10
5.8244648818897637
20
-6.2342648425196847
11
5.8245547244094489
21
-6.234511968503937
0
LINE
8
BLACK
6
CONTINUOUS
10
5.8245547244094489
20
-6.234511968503937
11
5.8247407086614169
21
-6.234697952755905
0
LINE
8
BLACK
6
CONTINUOUS
10
5.8247407086614169
20
-6.234697952755905
11
5.8250720472440944
21
-6.2359345275590554
0
LINE
8
BLACK
6
CONTINUOUS
10
5.8250720472440944
20
-6.2359345275590554
11
5.8255095669291341
21
-6.2371377165354334
0
LINE
8
BLACK
6
CONTINUOUS
10
5.8255095669291341
20
-6.2371377165354334
11
5.8254638188976378
21
-6.237396653543307
0
LINE
8
BLACK
6
CONTINUOUS
10
5.8254638188976378
20
-6.237396653543307
11
5.8255318897637798
21
-6.237650708661417
0
LINE
8
BLACK
6
CONTINUOUS
10
5.8255318897637798
20
-6.237650708661417
11
5.8255318897637798
21
-6.2967058267716531
0
LINE
8
BLACK
6
CONTINUOUS
10
5.8255318897637798
20
-6.2967058267716531
11
5.8247407086614169
21
-6.2996585826771652
0
LINE
8
BLACK
6
CONTINUOUS
10
5.8247407086614169
20
-6.2996585826771652
11
5.8225791338582678
21
-6.3018201574803152
0
LINE
8
BLACK
6
CONTINUOUS
10
5.8225791338582678
20
-6.3018201574803152
11
5.8196263779527557
21
-6.3026113385826772
0
LINE
8
BLACK
6
CONTINUOUS
10
5.8196263779527557
20
-6.3026113385826772
11
5.8166736220472437
21
-6.3018201574803152
0
LINE
8
BLACK
6
CONTINUOUS
10
5.8166736220472437
20
-6.3018201574803152
11
5.8145120472440945
21
-6.2996585826771652
0
LINE
8
BLACK
6
CONTINUOUS
10
5.8145120472440945
20
-6.2996585826771652
11
5.8137208661417326
21
-6.2967058267716531
0
LINE
8
BLACK
6
CONTINUOUS
10
5.8137208661417326
20
-6.2967058267716531
11
5.8137208661417326
21
-6.2642701574803148
0
LINE
8
BLACK
6
CONTINUOUS
10
5.8137208661417326
20
-6.2642701574803148
11
5.8052927952755908
21
-6.28233031496063
0
LINE
8
BLACK
6
CONTINUOUS
10
5.8052927952755908
20
-6.28233031496063
11
5.8049578740157477
21
-6.2827291732283461
0
LINE
8
BLACK
6
CONTINUOUS
10
5.8049578740157477
20
-6.2827291732283461
11
5.804779842519685
21
-6.2832188188976374
0
LINE
8
BLACK
6
CONTINUOUS
10
5.804779842519685
20
-6.2832188188976374
11
5.8039900393700785
21
-6.2838818897637791
0
LINE
8
BLACK
6
CONTINUOUS
10
5.8039900393700785
20
-6.2838818897637791
11
5.8033271653543306
21
-6.2846714566929132
0
LINE
8
BLACK
6
CONTINUOUS
10
5.8033271653543306
20
-6.2846714566929132
11
5.8028376771653543
21
-6.2848494094488183
0
LINE
8
BLACK
6
CONTINUOUS
10
5.8028376771653543
20
-6.2848494094488183
11
5.8024387007874019
21
-6.2851844488188977
0
LINE
8
BLACK
6
CONTINUOUS
10
5.8024387007874019
20
-6.2851844488188977
11
5.8014231102362199
21
-6.285363818897638
0
LINE
8
BLACK
6
CONTINUOUS
10
5.8014231102362199
20
-6.285363818897638
11
5.8004542913385828
21
-6.2857161417322835
0
LINE
8
BLACK
6
CONTINUOUS
10
5.8004542913385828
20
-6.2857161417322835
11
5.7999414173228345
21
-6.2856255511811021
0
LINE
8
BLACK
6
CONTINUOUS
10
5.7999414173228345
20
-6.2856255511811021
11
5.7994283858267712
21
-6.2857161811023623
0
LINE
8
BLACK
6
CONTINUOUS
10
5.7994283858267712
20
-6.2857161811023623
11
5.7984590944881891
21
-6.2853637007874017
0
LINE
8
BLACK
6
CONTINUOUS
10
5.7984590944881891
20
-6.2853637007874017
11
5.7974439763779531
21
-6.285184409448819
0
LINE
8
BLACK
6
CONTINUOUS
10
5.7974439763779531
20
-6.285184409448819
11
5.797045118110236
21
-6.2848495275590546
0
LINE
8
BLACK
6
CONTINUOUS
10
5.797045118110236
20
-6.2848495275590546
11
5.7965555118110235
21
-6.2846714960629919
0
LINE
8
BLACK
6
CONTINUOUS
10
5.7965555118110235
20
-6.2846714960629919
11
5.795892401574803
21
-6.2838816929133854
0
LINE
8
BLACK
6
CONTINUOUS
10
5.795892401574803
20
-6.2838816929133854
11
5.795102834645669
21
-6.2832187795275587
0
LINE
8
BLACK
6
CONTINUOUS
10
5.795102834645669
20
-6.2832187795275587
11
5.7949248031496063
21
-6.2827292125984249
0
LINE
8
BLACK
6
CONTINUOUS
10
5.7949248031496063
20
-6.2827292125984249
11
5.7945898818897632
21
-6.28233031496063
0
LINE
8
BLACK
6
CONTINUOUS
10
5.7945898818897632
20
-6.28233031496063
11
5.7861618110236215
21
-6.264270118110236
0
LINE
8
BLACK
6
CONTINUOUS
10
5.7861618110236215
20
-6.264270118110236
11
5.7861618110236215
21
-6.2967058267716531
0
LINE
8
BLACK
6
CONTINUOUS
10
5.7861618110236215
20
-6.2967058267716531
11
5.7853706299212595
21
-6.2996585826771652
0
LINE
8
BLACK
6
CONTINUOUS
10
5.7853706299212595
20
-6.2996585826771652
11
5.7832090551181103
21
-6.3018201574803152
0
LINE
8
BLACK
6
CONTINUOUS
10
5.7832090551181103
20
-6.3018201574803152
11
5.7802562992125983
21
-6.3026113385826772
0
LINE
8
BLACK
6
CONTINUOUS
10
5.7802562992125983
20
-6.3026113385826772
11
5.7773035433070863
21
-6.3018201574803152
0
LINE
8
BLACK
6
CONTINUOUS
10
5.7773035433070863
20
-6.3018201574803152
11
5.7751419685039371
21
-6.2996585826771652
0
LINE
8
BLACK
6
CONTINUOUS
10
5.7751419685039371
20
-6.2996585826771652
11
5.7743507874015743
21
-6.2967058267716531
0
LINE
8
BLACK
6
CONTINUOUS
10
5.7743507874015743
20
-6.2967058267716531
11
5.7743507874015743
21
-6.237650708661417
0
LINE
8
BLACK
6
CONTINUOUS
10
5.7743507874015743
20
-6.237650708661417
11
5.7744188188976375
21
-6.2373966929133857
0
LINE
8
BLACK
6
CONTINUOUS
10
5.7744188188976375
20
-6.2373966929133857
11
5.7743731102362199
21
-6.2371377559055112
0
LINE
8
BLACK
6
CONTINUOUS
10
5.7743731102362199
20
-6.2371377559055112
11
5.7748105511811021
21
-6.2359346850393695
0
LINE
8
BLACK
6
CONTINUOUS
10
5.7748105511811021
20
-6.2359346850393695
11
5.7751419685039371
21
-6.234697952755905
0
LINE
8
BLACK
6
CONTINUOUS
10
5.7751419685039371
20
-6.234697952755905
11
5.7753279133858264
21
-6.234511968503937
0
LINE
8
BLACK
6
CONTINUOUS
10
5.7753279133858264
20
-6.234511968503937
11
5.7754177952755903
21
-6.2342648818897635
0
LINE
8
BLACK
6
CONTINUOUS
10
5.7754177952755903
20
-6.2342648818897635
11
5.7763981102362205
21
-6.2334417716535429
0
LINE
8
BLACK
6
CONTINUOUS
10
5.7763981102362205
20
-6.2334417716535429
11
5.7773035433070863
21
-6.2325363779527558
0
LINE
8
BLACK
6
CONTINUOUS
10
5.7773035433070863
20
-6.2325363779527558
11
5.7775575590551176
21
-6.2324683070866138
0
LINE
8
BLACK
6
CONTINUOUS
10
5.7775575590551176
20
-6.2324683070866138
11
5.7777589370078735
21
-6.2322992519685041
0
LINE
8
BLACK
6
CONTINUOUS
10
5.7777589370078735
20
-6.2322992519685041
11
5.779019527559055
21
-6.2320765748031492
0
LINE
8
BLACK
6
CONTINUOUS
10
5.779019527559055
20
-6.2320765748031492
11
5.7802562992125983
21
-6.2317451968503939
0
LINE
8
BLACK
6
CONTINUOUS
10
5.7802562992125983
20
-6.2317451968503939
11
5.7805102755905509
21
-6.2318132283464562
0
LINE
8
BLACK
6
CONTINUOUS
10
5.7805102755905509
20
-6.2318132283464562
11
5.7807692519685041
21
-6.2317675196850395
0
LINE
8
BLACK
6
CONTINUOUS
10
5.7807692519685041
20
-6.2317675196850395
11
5.781972283464567
21
-6.2322049606299208
0
LINE
8
BLACK
6
CONTINUOUS
10
5.781972283464567
20
-6.2322049606299208
11
5.7832090551181103
21
-6.2325363779527558
0
LINE
8
BLACK
6
CONTINUOUS
10
5.7832090551181103
20
-6.2325363779527558
11
5.7833949999999996
21
-6.2327223228346451
0
LINE
8
BLACK
6
CONTINUOUS
10
5.7833949999999996
20
-6.2327223228346451
11
5.7836421259842519
21
-6.232812204724409
0
LINE
8
BLACK
6
CONTINUOUS
10
5.7836421259842519
20
-6.232812204724409
11
5.7844651968503937
21
-6.2337925196850392
0
LINE
8
BLACK
6
CONTINUOUS
10
5.7844651968503937
20
-6.2337925196850392
11
5.7853706299212595
21
-6.234697952755905
0
LINE
8
BLACK
6
CONTINUOUS
10
5.7853706299212595
20
-6.234697952755905
11
5.7854386614173228
21
-6.2349519685039372
0
LINE
8
BLACK
6
CONTINUOUS
10
5.7854386614173228
20
-6.2349519685039372
11
5.7856077559055112
21
-6.2351533464566931
0
LINE
8
BLACK
6
CONTINUOUS
10
5.7856077559055112
20
-6.2351533464566931
11
5.799941338582677
21
-6.2658681496062991
0
LINE
8
BLACK
6
CONTINUOUS
10
5.799941338582677
20
-6.2658681496062991
11
5.8142749212598428
21
-6.2351533464566931
0
LINE
8
BLACK
6
CONTINUOUS
10
5.8142749212598428
20
-6.2351533464566931
11
5.8144439763779525
21
-6.2349519685039372
0
LINE
8
BLACK
6
CONTINUOUS
10
5.8144439763779525
20
-6.2349519685039372
11
5.8145120472440945
21
-6.234697952755905
0
LINE
8
BLACK
6
CONTINUOUS
10
5.8145120472440945
20
-6.234697952755905
11
5.8154173228346453
21
-6.2337926377952755
0
LINE
8
BLACK
6
CONTINUOUS
10
5.8154173228346453
20
-6.2337926377952755
11
5.8162405511811022
21
-6.2328121653543302
0
LINE
8
BLACK
6
CONTINUOUS
10
5.8162405511811022
20
-6.2328121653543302
11
5.8164876771653544
21
-6.2327222834645664
0
LINE
8
BLACK
6
CONTINUOUS
10
5.8164876771653544
20
-6.2327222834645664
11
5.8166736220472437
21
-6.2325363779527558
0
LINE
8
BLACK
6
CONTINUOUS
10
5.8166736220472437
20
-6.2325363779527558
11
5.8179099606299207
21
-6.2322050787401571
0
LINE
8
BLACK
6
CONTINUOUS
10
5.8179099606299207
20
-6.2322050787401571
11
5.8191134251968499
21
-6.2317674803149607
0
LINE
8
BLACK
6
CONTINUOUS
10
5.8191134251968499
20
-6.2317674803149607
11
5.8193724409448819
21
-6.2318132283464562
0
LINE
8
BLACK
6
CONTINUOUS
10
5.8193724409448819
20
-6.2318132283464562
11
5.8196263779527557
21
-6.2317451968503939
0
LINE
8
BLACK
6
CONTINUOUS
10
5.8196263779527557
20
-6.2317451968503939
11
5.820862677165354
21
-6.232076456692913
0
LINE
8
BLACK
6
CONTINUOUS
10
5.8715561417322837
20
-6.2320964960629919
11
5.8728861023622043
21
-6.2323686614173228
0
LINE
8
BLACK
6
CONTINUOUS
10
5.8728861023622043
20
-6.2323686614173228
11
5.878510393700787
21
-6.2351808267716535
0
LINE
8
BLACK
6
CONTINUOUS
10
5.878510393700787
20
-6.2351808267716535
11
5.8792217322834643
21
-6.2358116141732278
0
LINE
8
BLACK
6
CONTINUOUS
10
5.8792217322834643
20
-6.2358116141732278
11
5.8800451968503937
21
-6.2362870472440948
0
LINE
8
BLACK
6
CONTINUOUS
10
5.8800451968503937
20
-6.2362870472440948
11
5.8856694881889764
21
-6.2419113385826774
0
LINE
8
BLACK
6
CONTINUOUS
10
5.8856694881889764
20
-6.2419113385826774
11
5.8856951181102364
21
-6.2419557480314962
0
LINE
8
BLACK
6
CONTINUOUS
10
5.8856951181102364
20
-6.2419557480314962
11
5.8857391338582676
21
-6.2419821653543304
0
LINE
8
BLACK
6
CONTINUOUS
10
5.8857391338582676
20
-6.2419821653543304
11
5.8864575590551178
21
-6.2432763385826773
0
LINE
8
BLACK
6
CONTINUOUS
10
5.8864575590551178
20
-6.2432763385826773
11
5.8871979527559057
21
-6.2445587007874011
0
LINE
8
BLACK
6
CONTINUOUS
10
5.8871979527559057
20
-6.2445587007874011
11
5.8871979527559057
21
-6.2446099999999998
0
LINE
8
BLACK
6
CONTINUOUS
10
5.8871979527559057
20
-6.2446099999999998
11
5.8872228346456694
21
-6.2446548425196848
0
LINE
8
BLACK
6
CONTINUOUS
10
5.8872228346456694
20
-6.2446548425196848
11
5.8900350000000001
21
-6.2559034251968502
0
LINE
8
BLACK
6
CONTINUOUS
10
5.8900350000000001
20
-6.2559034251968502
11
5.8900227165354329
21
-6.2566319291338583
0
LINE
8
BLACK
6
CONTINUOUS
10
5.8900227165354329
20
-6.2566319291338583
11
5.8902113385826773
21
-6.2573357480314957
0
LINE
8
BLACK
6
CONTINUOUS
10
5.8902113385826773
20
-6.2573357480314957
11
5.8902113385826773
21
-6.2770207874015744
0
LINE
8
BLACK
6
CONTINUOUS
10
5.8902113385826773
20
-6.2770207874015744
11
5.8900227165354329
21
-6.2777245669291339
0
LINE
8
BLACK
6
CONTINUOUS
10
5.8900227165354329
20
-6.2777245669291339
11
5.8900350000000001
21
-6.27845311023622
0
LINE
8
BLACK
6
CONTINUOUS
10
5.8900350000000001
20
-6.27845311023622
11
5.8872228346456694
21
-6.2897016929133853
0
LINE
8
BLACK
6
CONTINUOUS
10
5.8872228346456694
20
-6.2897016929133853
11
5.8871979527559057
21
-6.2897464960629916
0
LINE
8
BLACK
6
CONTINUOUS
10
5.8871979527559057
20
-6.2897464960629916
11
5.8871979527559057
21
-6.2897977952755904
0
LINE
8
BLACK
6
CONTINUOUS
10
5.8871979527559057
20
-6.2897977952755904
11
5.8864578740157478
21
-6.2910796062992125
0
LINE
8
BLACK
6
CONTINUOUS
10
5.8864578740157478
20
-6.2910796062992125
11
5.8857391338582676
21
-6.2923743700787398
0
LINE
8
BLACK
6
CONTINUOUS
10
5.8857391338582676
20
-6.2923743700787398
11
5.8856951181102364
21
-6.2924007480314961
0
LINE
8
BLACK
6
CONTINUOUS
10
5.8856951181102364
20
-6.2924007480314961
11
5.8856694881889764
21
-6.2924451968503936
0
LINE
8
BLACK
6
CONTINUOUS
10
5.8856694881889764
20
-6.2924451968503936
11
5.8800451968503937
21
-6.298069527559055
0
LINE
8
BLACK
6
CONTINUOUS
10
5.8800451968503937
20
-6.298069527559055
11
5.8792217716535431
21
-6.2985448818897636
0
LINE
8
BLACK
6
CONTINUOUS
10
5.8792217716535431
20
-6.2985448818897636
11
5.878510393700787
21
-6.2991757480314963
0
LINE
8
BLACK
6
CONTINUOUS
10
5.878510393700787
20
-6.2991757480314963
11
5.8728861023622043
21
-6.3019878740157482
0
LINE
8
BLACK
6
CONTINUOUS
10
5.8728861023622043
20
-6.3019878740157482
11
5.8715562204724412
21
-6.3022599999999995
0
LINE
8
BLACK
6
CONTINUOUS
10
5.8715562204724412
20
-6.3022599999999995
11
5.8702450787401572
21
-6.3026113385826772
0
LINE
8
BLACK
6
CONTINUOUS
10
5.8702450787401572
20
-6.3026113385826772
11
5.8589964960629919
21
-6.3026113385826772
0
LINE
8
BLACK
6
CONTINUOUS
10
5.8589964960629919
20
-6.3026113385826772
11
5.8576852362204725
21
-6.3022599606299208
0
LINE
8
BLACK
6
CONTINUOUS
10
5.8576852362204725
20
-6.3022599606299208
11
5.8563555118110235
21
-6.3019878740157482
0
LINE
8
BLACK
6
CONTINUOUS
10
5.8563555118110235
20
-6.3019878740157482
11
5.8507311811023621
21
-6.2991757480314963
0
LINE
8
BLACK
6
CONTINUOUS
10
5.8507311811023621
20
-6.2991757480314963
11
5.8500197637795273
21
-6.2985448818897636
0
LINE
8
BLACK
6
CONTINUOUS
10
5.8500197637795273
20
-6.2985448818897636
11
5.8491963779527554
21
-6.298069527559055
0
LINE
8
BLACK
6
CONTINUOUS
10
5.8491963779527554
20
-6.298069527559055
11
5.843572047244094
21
-6.2924451968503936
0
LINE
8
BLACK
6
CONTINUOUS
10
5.843572047244094
20
-6.2924451968503936
11
5.8435463779527561
21
-6.2924007480314961
0
LINE
8
BLACK
6
CONTINUOUS
10
5.8435463779527561
20
-6.2924007480314961
11
5.8435024015748027
21
-6.2923743700787398
0
LINE
8
BLACK
6
CONTINUOUS
10
5.8435024015748027
20
-6.2923743700787398
11
5.8427842125984251
21
-6.29108062992126
0
LINE
8
BLACK
6
CONTINUOUS
10
5.8427842125984251
20
-6.29108062992126
11
5.8420435826771655
21
-6.2897978346456691
0
LINE
8
BLACK
6
CONTINUOUS
10
5.8420435826771655
20
-6.2897978346456691
11
5.8420435826771655
21
-6.2897464566929129
0
LINE
8
BLACK
6
CONTINUOUS
10
5.8420435826771655
20
-6.2897464566929129
11
5.8420187007874018
21
-6.2897016535433066
0
LINE
8
BLACK
6
CONTINUOUS
10
5.8420187007874018
20
-6.2897016535433066
11
5.8392065748031499
21
-6.2784530708661412
0
LINE
8
BLACK
6
CONTINUOUS
10
5.8392065748031499
20
-6.2784530708661412
11
5.8392188188976375
21
-6.2777246062992127
0
LINE
8
BLACK
6
CONTINUOUS
10
5.8392188188976375
20
-6.2777246062992127
11
5.8390302362204727
21
-6.2770207874015744
0
LINE
8
BLACK
6
CONTINUOUS
10
5.8390302362204727
20
-6.2770207874015744
11
5.8390302362204727
21
-6.2573357480314957
0
LINE
8
BLACK
6
CONTINUOUS
10
5.8390302362204727
20
-6.2573357480314957
11
5.8392188188976375
21
-6.2566318897637796
0
LINE
8
BLACK
6
CONTINUOUS
10
5.8392188188976375
20
-6.2566318897637796
11
5.8392065748031499
21
-6.2559034645669289
0
LINE
8
BLACK
6
CONTINUOUS
10
5.8392065748031499
20
-6.2559034645669289
11
5.8420187007874018
21
-6.2446548818897636
0
LINE
8
BLACK
6
CONTINUOUS
10
5.8420187007874018
20
-6.2446548818897636
11
5.8420435826771655
21
-6.2446100393700785
0
LINE
8
BLACK
6
CONTINUOUS
10
5.8420435826771655
20
-6.2446100393700785
11
5.8420435826771655
21
-6.2445587007874011
0
LINE
8
BLACK
6
CONTINUOUS
10
5.8420435826771655
20
-6.2445587007874011
11
5.8427842125984251
21
-6.2432758661417322
0
LINE
8
BLACK
6
CONTINUOUS
10
5.8427842125984251
20
-6.2432758661417322
11
5.8435024015748027
21
-6.2419821653543304
0
LINE
8
BLACK
6
CONTINUOUS
10
5.8435024015748027
20
-6.2419821653543304
11
5.8435463779527561
21
-6.2419557480314962
0
LINE
8
BLACK
6
CONTINUOUS
10
5.8435463779527561
20
-6.2419557480314962
11
5.843572047244094
21
-6.2419113385826774
0
LINE
8
BLACK
6
CONTINUOUS
10
5.843572047244094
20
-6.2419113385826774
11
5.8491963779527554
21
-6.2362870472440948
0
LINE
8
BLACK
6
CONTINUOUS
10
5.8491963779527554
20
-6.2362870472440948
11
5.8500197637795273
21
-6.2358116141732278
0
LINE
8
BLACK
6
CONTINUOUS
10
5.8500197637795273
20
-6.2358116141732278
11
5.8507311811023621
21
-6.2351808267716535
0
LINE
8
BLACK
6
CONTINUOUS
10
5.8507311811023621
20
-6.2351808267716535
11
5.856355433070866
21
-6.2323686614173228
0
LINE
8
BLACK
6
CONTINUOUS
10
5.856355433070866
20
-6.2323686614173228
11
5.8576854330708663
21
-6.2320964566929131
0
LINE
8
BLACK
6
CONTINUOUS
10
5.8576854330708663
20
-6.2320964566929131
11
5.8589964960629919
21
-6.2317451968503939
0
LINE
8
BLACK
6
CONTINUOUS
10
5.8589964960629919
20
-6.2317451968503939
11
5.8702450787401572
21
-6.2317451968503939
0
LINE
8
BLACK
6
CONTINUOUS
10
5.8702450787401572
20
-6.2317451968503939
11
5.8715561417322837
21
-6.2320964960629919
0
LINE
8
BLACK
6
CONTINUOUS
10
5.8568703543307086
20
-6.2453162992125986
11
5.8530803149606294
21
-6.2491063779527556
0
LINE
8
BLACK
6
CONTINUOUS
10
5.8530803149606294
20
-6.2491063779527556
11
5.8508412598425199
21
-6.2580626377952751
0
LINE
8
BLACK
6
CONTINUOUS
10
5.8508412598425199
20
-6.2580626377952751
11
5.8508412598425199
21
-6.2762938582677164
0
LINE
8
BLACK
6
CONTINUOUS
10
5.8508412598425199
20
-6.2762938582677164
11
5.8530803149606294
21
-6.2852501574803146
0
LINE
8
BLACK
6
CONTINUOUS
10
5.8530803149606294
20
-6.2852501574803146
11
5.8568703543307086
21
-6.2890401968503937
0
LINE
8
BLACK
6
CONTINUOUS
10
5.8568703543307086
20
-6.2890401968503937
11
5.8603905905511811
21
-6.29080031496063
0
LINE
8
BLACK
6
CONTINUOUS
10
5.8603905905511811
20
-6.29080031496063
11
5.8688509842519681
21
-6.29080031496063
0
LINE
8
BLACK
6
CONTINUOUS
10
5.8688509842519681
20
-6.29080031496063
11
5.872371141732283
21
-6.2890402362204725
0
LINE
8
BLACK
6
CONTINUOUS
10
5.872371141732283
20
-6.2890402362204725
11
5.8761611811023622
21
-6.2852501574803146
0
LINE
8
BLACK
6
CONTINUOUS
10
5.8761611811023622
20
-6.2852501574803146
11
5.8784003149606301
21
-6.2762938188976376
0
LINE
8
BLACK
6
CONTINUOUS
10
5.8784003149606301
20
-6.2762938188976376
11
5.8784003149606301
21
-6.2580626771653538
0
LINE
8
BLACK
6
CONTINUOUS
10
5.8784003149606301
20
-6.2580626771653538
11
5.8761611811023622
21
-6.2491063385826768
0
LINE
8
BLACK
6
CONTINUOUS
10
5.8761611811023622
20
-6.2491063385826768
11
5.8723711811023618
21
-6.2453163385826773
0
LINE
8
BLACK
6
CONTINUOUS
10
5.8723711811023618
20
-6.2453163385826773
11
5.8688509842519681
21
-6.2435562204724411
0
LINE
8
BLACK
6
CONTINUOUS
10
5.8688509842519681
20
-6.2435562204724411
11
5.8603905905511811
21
-6.2435562204724411
0
LINE
8
BLACK
6
CONTINUOUS
10
5.8603905905511811
20
-6.2435562204724411
11
5.8568703543307086
21
-6.2453162992125986
0
LINE
8
BLACK
6
CONTINUOUS
10
5.9330307874015746
20
-6.2319912598425198
11
5.933979842519685
21
-6.232048267716535
0
LINE
8
BLACK
6
CONTINUOUS
10
5.933979842519685
20
-6.232048267716535
11
5.9424162992125984
21
-6.2348603937007869
0
LINE
8
BLACK
6
CONTINUOUS
10
5.9424162992125984
20
-6.2348603937007869
11
5.9449673228346454
21
-6.2365447244094483
0
LINE
8
BLACK
6
CONTINUOUS
10
5.9449673228346454
20
-6.2365447244094483
11
5.9463344488188978
21
-6.2392789370078736
0
LINE
8
BLACK
6
CONTINUOUS
10
5.9463344488188978
20
-6.2392789370078736
11
5.9461512598425195
21
-6.2423303543307087
0
LINE
8
BLACK
6
CONTINUOUS
10
5.9461512598425195
20
-6.2423303543307087
11
5.9444669291338581
21
-6.2448814173228344
0
LINE
8
BLACK
6
CONTINUOUS
10
5.9444669291338581
20
-6.2448814173228344
11
5.9417327165354328
21
-6.2462485039370081
0
LINE
8
BLACK
6
CONTINUOUS
10
5.9417327165354328
20
-6.2462485039370081
11
5.9386812992125986
21
-6.2460653149606298
0
LINE
8
BLACK
6
CONTINUOUS
10
5.9386812992125986
20
-6.2460653149606298
11
5.9311540944881891
21
-6.2435562204724411
0
LINE
8
BLACK
6
CONTINUOUS
10
5.9311540944881891
20
-6.2435562204724411
11
5.9194457086614172
21
-6.2435562204724411
0
LINE
8
BLACK
6
CONTINUOUS
10
5.9194457086614172
20
-6.2435562204724411
11
5.9159254724409447
21
-6.2453163385826773
0
LINE
8
BLACK
6
CONTINUOUS
10
5.9159254724409447
20
-6.2453163385826773
11
5.9144685826771655
21
-6.2467732283464565
0
LINE
8
BLACK
6
CONTINUOUS
10
5.9144685826771655
20
-6.2467732283464565
11
5.9127085433070867
21
-6.2502933464566928
0
LINE
8
BLACK
6
CONTINUOUS
10
5.9127085433070867
20
-6.2502933464566928
11
5.9127085433070867
21
-6.2531295275590546
0
LINE
8
BLACK
6
CONTINUOUS
10
5.9127085433070867
20
-6.2531295275590546
11
5.9144685826771655
21
-6.2566496456692908
0
LINE
8
BLACK
6
CONTINUOUS
10
5.9144685826771655
20
-6.2566496456692908
11
5.9159254724409447
21
-6.2581065354330709
0
LINE
8
BLACK
6
CONTINUOUS
10
5.9159254724409447
20
-6.2581065354330709
11
5.9201128740157483
21
-6.2602002362204727
0
LINE
8
BLACK
6
CONTINUOUS
10
5.9201128740157483
20
-6.2602002362204727
11
5.9307324803149601
21
-6.2628551574803151
0
LINE
8
BLACK
6
CONTINUOUS
10
5.9307324803149601
20
-6.2628551574803151
11
5.931302440944882
21
-6.263171535433071
0
LINE
8
BLACK
6
CONTINUOUS
10
5.931302440944882
20
-6.263171535433071
11
5.9319412204724404
21
-6.2633022834645669
0
LINE
8
BLACK
6
CONTINUOUS
10
5.9319412204724404
20
-6.2633022834645669
11
5.9375655511811019
21
-6.2661144488188976
0
LINE
8
BLACK
6
CONTINUOUS
10
5.9375655511811019
20
-6.2661144488188976
11
5.938276929133858
21
-6.2667452755905506
0
LINE
8
BLACK
6
CONTINUOUS
10
5.938276929133858
20
-6.2667452755905506
11
5.9391003937007874
21
-6.2672207086614176
0
LINE
8
BLACK
6
CONTINUOUS
10
5.9391003937007874
20
-6.2672207086614176
11
5.9419125196850393
21
-6.2700328740157483
0
LINE
8
BLACK
6
CONTINUOUS
10
5.9419125196850393
20
-6.2700328740157483
11
5.9423878740157479
21
-6.2708562598425193
0
LINE
8
BLACK
6
CONTINUOUS
10
5.9423878740157479
20
-6.2708562598425193
11
5.9430187007874018
21
-6.2715676377952754
0
LINE
8
BLACK
6
CONTINUOUS
10
5.9430187007874018
20
-6.2715676377952754
11
5.9458308661417325
21
-6.2771918897637793
0
LINE
8
BLACK
6
CONTINUOUS
10
5.9458308661417325
20
-6.2771918897637793
11
5.9461030314960626
21
-6.2785218897637796
0
LINE
8
BLACK
6
CONTINUOUS
10
5.9461030314960626
20
-6.2785218897637796
11
5.9464543307086615
21
-6.2798329527559051
0
LINE
8
BLACK
6
CONTINUOUS
10
5.9464543307086615
20
-6.2798329527559051
11
5.9464543307086615
21
-6.2854572440944878
0
LINE
8
BLACK
6
CONTINUOUS
10
5.9464543307086615
20
-6.2854572440944878
11
5.9461030314960626
21
-6.2867682677165355
0
LINE
8
BLACK
6
CONTINUOUS
10
5.9461030314960626
20
-6.2867682677165355
11
5.9458308661417325
21
-6.2880983070866137
0
LINE
8
BLACK
6
CONTINUOUS
10
5.9458308661417325
20
-6.2880983070866137
11
5.9430187007874018
21
-6.2937225590551176
0
LINE
8
BLACK
6
CONTINUOUS
10
5.9430187007874018
20
-6.2937225590551176
11
5.9423878740157479
21
-6.2944338976377949
0
LINE
8
BLACK
6
CONTINUOUS
10
5.9423878740157479
20
-6.2944338976377949
11
5.9419125196850393
21
-6.2952573228346456
0
LINE
8
BLACK
6
CONTINUOUS
10
5.9419125196850393
20
-6.2952573228346456
11
5.9391003937007874
21
-6.2980694881889763
0
LINE
8
BLACK
6
CONTINUOUS
10
5.9391003937007874
20
-6.2980694881889763
11
5.938276929133858
21
-6.2985448818897636
0
LINE
8
BLACK
6
CONTINUOUS
10
5.938276929133858
20
-6.2985448818897636
11
5.9375655511811019
21
-6.2991757480314963
0
LINE
8
BLACK
6
CONTINUOUS
10
5.9375655511811019
20
-6.2991757480314963
11
5.9319411811023617
21
-6.3019878740157482
0
LINE
8
BLACK
6
CONTINUOUS
10
5.9319411811023617
20
-6.3019878740157482
11
5.9306114173228348
21
-6.3022599606299208
0
LINE
8
BLACK
6
CONTINUOUS
10
5.9306114173228348
20
-6.3022599606299208
11
5.9293001968503933
21
-6.3026113385826772
0
LINE
8
BLACK
6
CONTINUOUS
10
5.9293001968503933
20
-6.3026113385826772
11
5.915239488188976
21
-6.3026113385826772
0
LINE
8
BLACK
6
CONTINUOUS
10
5.915239488188976
20
-6.3026113385826772
11
5.914321141732283
21
-6.3023652755905513
0
LINE
8
BLACK
6
CONTINUOUS
10
5.914321141732283
20
-6.3023652755905513
11
5.913372007874016
21
-6.3023083070866139
0
LINE
8
BLACK
6
CONTINUOUS
10
5.913372007874016
20
-6.3023083070866139
11
5.9049355511811026
21
-6.299496181102362
0
LINE
8
BLACK
6
CONTINUOUS
10
5.9049355511811026
20
-6.299496181102362
11
5.9023845275590547
21
-6.2978118503937006
0
LINE
8
BLACK
6
CONTINUOUS
10
5.9023845275590547
20
-6.2978118503937006
11
5.9010174015748031
21
-6.2950776377952753
0
LINE
8
BLACK
6
CONTINUOUS
10
5.9010174015748031
20
-6.2950776377952753
11
5.9012005511811019
21
-6.2920262204724411
0
LINE
8
BLACK
6
CONTINUOUS
10
5.9012005511811019
20
-6.2920262204724411
11
5.9028848818897632
21
-6.2894751968503932
0
LINE
8
BLACK
6
CONTINUOUS
10
5.9028848818897632
20
-6.2894751968503932
11
5.9056190944881886
21
-6.2881080708661417
0
LINE
8
BLACK
6
CONTINUOUS
10
5.9056190944881886
20
-6.2881080708661417
11
5.9086705118110237
21
-6.2882912204724404
0
LINE
8
BLACK
6
CONTINUOUS
10
5.9086705118110237
20
-6.2882912204724404
11
5.9161978740157481
21
-6.29080031496063
0
LINE
8
BLACK
6
CONTINUOUS
10
5.9161978740157481
20
-6.29080031496063
11
5.9279061417322829
21
-6.29080031496063
0
LINE
8
BLACK
6
CONTINUOUS
10
5.9279061417322829
20
-6.29080031496063
11
5.9314263385826766
21
-6.2890401968503937
0
LINE
8
BLACK
6
CONTINUOUS
10
5.9314263385826766
20
-6.2890401968503937
11
5.9328831496062993
21
-6.2875833464566924
0
LINE
8
BLACK
6
CONTINUOUS
10
5.9328831496062993
20
-6.2875833464566924
11
5.9346433070866143
21
-6.2840631102362208
0
LINE
8
BLACK
6
CONTINUOUS
10
5.9346433070866143
20
-6.2840631102362208
11
5.9346433070866143
21
-6.2812270472440943
0
LINE
8
BLACK
6
CONTINUOUS
10
5.9346433070866143
20
-6.2812270472440943
11
5.9328831496062993
21
-6.2777068110236218
0
LINE
8
BLACK
6
CONTINUOUS
10
5.9328831496062993
20
-6.2777068110236218
11
5.9314262992125979
21
-6.2762499212598426
0
LINE
8
BLACK
6
CONTINUOUS
10
5.9314262992125979
20
-6.2762499212598426
11
5.927238937007874
21
-6.2741562598425196
0
LINE
8
BLACK
6
CONTINUOUS
10
5.927238937007874
20
-6.2741562598425196
11
5.9166193307086612
21
-6.271501377952756
0
LINE
8
BLACK
6
CONTINUOUS
10
5.9166193307086612
20
-6.271501377952756
11
5.9160493700787402
21
-6.2711849606299213
0
LINE
8
BLACK
6
CONTINUOUS
10
5.9160493700787402
20
-6.2711849606299213
11
5.9154105511811022
21
-6.2710542519685042
0
LINE
8
BLACK
6
CONTINUOUS
10
5.9154105511811022
20
-6.2710542519685042
11
5.9097862992125982
21
-6.2682420866141735
0
LINE
8
BLACK
6
CONTINUOUS
10
5.9097862992125982
20
-6.2682420866141735
11
5.9090749212598421
21
-6.2676112598425195
0
LINE
8
BLACK
6
CONTINUOUS
10
5.9090749212598421
20
-6.2676112598425195
11
5.9082515354330711
21
-6.267135905511811
0
LINE
8
BLACK
6
CONTINUOUS
10
5.9082515354330711
20
-6.267135905511811
11
5.9054393700787404
21
-6.264323779527559
0
LINE
8
BLACK
6
CONTINUOUS
10
5.9054393700787404
20
-6.264323779527559
11
5.9049639370078735
21
-6.2635003149606296
0
LINE
8
BLACK
6
CONTINUOUS
10
5.9049639370078735
20
-6.2635003149606296
11
5.9043331102362204
21
-6.2627889370078735
0
LINE
8
BLACK
6
CONTINUOUS
10
5.9043331102362204
20
-6.2627889370078735
11
5.9015209842519685
21
-6.2571646456692909
0
LINE
8
BLACK
6
CONTINUOUS
10
5.9015209842519685
20
-6.2571646456692909
11
5.9012488188976375
21
-6.2558347637795277
0
LINE
8
BLACK
6
CONTINUOUS
10
5.9012488188976375
20
-6.2558347637795277
11
5.9008975196850395
21
-6.2545236220472438
0
LINE
8
BLACK
6
CONTINUOUS
10
5.9008975196850395
20
-6.2545236220472438
11
5.9008975196850395
21
-6.2488992913385824
0
LINE
8
BLACK
6
CONTINUOUS
10
5.9008975196850395
20
-6.2488992913385824
11
5.9012488188976375
21
-6.2475881102362205
0
LINE
8
BLACK
6
CONTINUOUS
10
5.9012488188976375
20
-6.2475881102362205
11
5.9015209842519685
21
-6.2462582677165353
0
LINE
8
BLACK
6
CONTINUOUS
10
5.9015209842519685
20
-6.2462582677165353
11
5.9043331102362204
21
-6.2406339763779526
0
LINE
8
BLACK
6
CONTINUOUS
10
5.9043331102362204
20
-6.2406339763779526
11
5.9049639370078735
21
-6.2399225590551177
0
LINE
8
BLACK
6
CONTINUOUS
10
5.9049639370078735
20
-6.2399225590551177
11
5.9054393700787404
21
-6.239099133858268
0
LINE
8
BLACK
6
CONTINUOUS
10
5.9054393700787404
20
-6.239099133858268
11
5.9082515354330711
21
-6.236287007874016
0
LINE
8
BLACK
6
CONTINUOUS
10
5.9082515354330711
20
-6.236287007874016
11
5.9090749212598421
21
-6.2358116141732278
0
LINE
8
BLACK
6
CONTINUOUS
10
5.9090749212598421
20
-6.2358116141732278
11
5.9097862992125982
21
-6.2351808267716535
0
LINE
8
BLACK
6
CONTINUOUS
10
5.9097862992125982
20
-6.2351808267716535
11
5.9154105511811022
21
-6.2323686614173228
0
LINE
8
BLACK
6
CONTINUOUS
10
5.9154105511811022
20
-6.2323686614173228
11
5.9167405511811024
21
-6.2320964566929131
0
LINE
8
BLACK
6
CONTINUOUS
10
5.9167405511811024
20
-6.2320964566929131
11
5.918051614173228
21
-6.2317451968503939
0
LINE
8
BLACK
6
CONTINUOUS
10
5.918051614173228
20
-6.2317451968503939
11
5.932112362204724
21
-6.2317451968503939
0
LINE
8
BLACK
6
CONTINUOUS
10
5.932112362204724
20
-6.2317451968503939
11
5.9330307874015746
21
-6.2319912598425198
0
LINE
8
BLACK
6
CONTINUOUS
10
5.9688108661417321
20
-6.2325363779527558
11
5.9709724409448821
21
-6.234697952755905
0
LINE
8
BLACK
6
CONTINUOUS
10
5.9709724409448821
20
-6.234697952755905
11
5.9717636220472441
21
-6.237650708661417
0
LINE
8
BLACK
6
CONTINUOUS
10
5.9717636220472441
20
-6.237650708661417
11
5.9717636220472441
21
-6.2967058267716531
0
LINE
8
BLACK
6
CONTINUOUS
10
5.9717636220472441
20
-6.2967058267716531
11
5.9709724409448821
21
-6.2996585826771652
0
LINE
8
BLACK
6
CONTINUOUS
10
5.9709724409448821
20
-6.2996585826771652
11
5.9688108661417321
21
-6.3018201574803152
0
LINE
8
BLACK
6
CONTINUOUS
10
5.9688108661417321
20
-6.3018201574803152
11
5.96585811023622
21
-6.3026113385826772
0
LINE
8
BLACK
6
CONTINUOUS
10
5.96585811023622
20
-6.3026113385826772
11
5.9629053543307089
21
-6.3018201574803152
0
LINE
8
BLACK
6
CONTINUOUS
10
5.9629053543307089
20
-6.3018201574803152
11
5.9607437795275588
21
-6.2996585826771652
0
LINE
8
BLACK
6
CONTINUOUS
10
5.9607437795275588
20
-6.2996585826771652
11
5.9599525984251969
21
-6.2967058267716531
0
LINE
8
BLACK
6
CONTINUOUS
10
5.9599525984251969
20
-6.2967058267716531
11
5.9599525984251969
21
-6.237650708661417
0
LINE
8
BLACK
6
CONTINUOUS
10
5.9599525984251969
20
-6.237650708661417
11
5.9607437795275588
21
-6.234697952755905
0
LINE
8
BLACK
6
CONTINUOUS
10
5.9607437795275588
20
-6.234697952755905
11
5.9629053543307089
21
-6.2325363779527558
0
LINE
8
BLACK
6
CONTINUOUS
10
5.9629053543307089
20
-6.2325363779527558
11
5.96585811023622
21
-6.2317451968503939
0
LINE
8
BLACK
6
CONTINUOUS
10
5.96585811023622
20
-6.2317451968503939
11
5.9688108661417321
21
-6.2325363779527558
0
LINE
8
BLACK
6
CONTINUOUS
10
4.4500000000000002
20
-6.2648511811023617
11
4.3899999999999997
21
-6.2648511811023617
0
LINE
8
BLACK
6
CONTINUOUS
10
4.3899999999999997
20
-6.2648511811023617
11
4.3899999999999997
21
-6.2048511811023621
0
LINE
8
BLACK
6
CONTINUOUS
10
4.3899999999999997
20
-6.2048511811023621
11
4.4500000000000002
21
-6.2048511811023621
0
LINE
8
BLACK
6
CONTINUOUS
10
4.4500000000000002
20
-6.2048511811023621
11
4.4500000000000002
21
-6.2648511811023617
0
LINE
8
BLACK
6
CONTINUOUS
10
4.5499999999999998
20
-6.2648511811023617
11
4.4900000000000002
21
-6.2648511811023617
0
LINE
8
BLACK
6
CONTINUOUS
10
4.4900000000000002
20
-6.2648511811023617
11
4.4900000000000002
21
-6.2048511811023621
0
LINE
8
BLACK
6
CONTINUOUS
10
4.4900000000000002
20
-6.2048511811023621
11
4.5499999999999998
21
-6.2048511811023621
0
LINE
8
BLACK
6
CONTINUOUS
10
4.5499999999999998
20
-6.2048511811023621
11
4.5499999999999998
21
-6.2648511811023617
0
LINE
8
BLACK
6
CONTINUOUS
10
4.4500000000000002
20
-6.1648511811023621
11
4.3899999999999997
21
-6.1648511811023621
0
LINE
8
BLACK
6
CONTINUOUS
10
4.3899999999999997
20
-6.1648511811023621
11
4.3899999999999997
21
-6.1048511811023625
0
LINE
8
BLACK
6
CONTINUOUS
10
4.3899999999999997
20
-6.1048511811023625
11
4.4500000000000002
21
-6.1048511811023625
0
LINE
8
BLACK
6
CONTINUOUS
10
4.4500000000000002
20
-6.1048511811023625
11
4.4500000000000002
21
-6.1648511811023621
0
LINE
8
BLACK
6
CONTINUOUS
10
4.5499999999999998
20
-6.1648511811023621
11
4.4900000000000002
21
-6.1648511811023621
0
LINE
8
BLACK
6
CONTINUOUS
10
4.4900000000000002
20
-6.1648511811023621
11
4.4900000000000002
21
-6.1048511811023625
0
LINE
8
BLACK
6
CONTINUOUS
10
4.4900000000000002
20
-6.1048511811023625
11
4.5499999999999998
21
-6.1048511811023625
0
LINE
8
BLACK
6
CONTINUOUS
10
4.5499999999999998
20
-6.1048511811023625
11
4.5499999999999998
21
-6.1648511811023621
0
LINE
8
BLACK
6
CONTINUOUS
10
4.4500000000000002
20
-6.0648511811023624
11
4.3899999999999997
21
-6.0648511811023624
0
LINE
8
BLACK
6
CONTINUOUS
10
4.3899999999999997
20
-6.0648511811023624
11
4.3899999999999997
21
-6.0048511811023619
0
LINE
8
BLACK
6
CONTINUOUS
10
4.3899999999999997
20
-6.0048511811023619
11
4.4500000000000002
21
-6.0048511811023619
0
LINE
8
BLACK
6
CONTINUOUS
10
4.4500000000000002
20
-6.0048511811023619
11
4.4500000000000002
21
-6.0648511811023624
0
LINE
8
BLACK
6
CONTINUOUS
10
4.5499999999999998
20
-6.0648511811023624
11
4.4900000000000002
21
-6.0648511811023624
0
LINE
8
BLACK
6
CONTINUOUS
10
4.4900000000000002
20
-6.0648511811023624
11
4.4900000000000002
21
-6.0048511811023619
0
LINE
8
BLACK
6
CONTINUOUS
10
4.4900000000000002
20
-6.0048511811023619
11
4.5499999999999998
21
-6.0048511811023619
0
LINE
8
BLACK
6
CONTINUOUS
10
4.5499999999999998
20
-6.0048511811023619
11
4.5499999999999998
21
-6.0648511811023624
0
LINE
8
BLACK
6
CONTINUOUS
10
4.5703835039370082
20
-5.9819660236220473
11
4.5705127559055114
21
-5.9819432677165354
0
LINE
8
BLACK
6
CONTINUOUS
10
4.5705127559055114
20
-5.9819432677165354
11
4.5706263385826773
21
-5.982008858267716
0
LINE
8
BLACK
6
CONTINUOUS
10
4.5706263385826773
20
-5.982008858267716
11
4.5710099212598427
21
-5.9820764960629917
0
LINE
8
BLACK
6
CONTINUOUS
10
4.5710099212598427
20
-5.9820764960629917
11
4.5715975984251971
21
-5.9825696062992124
0
LINE
8
BLACK
6
CONTINUOUS
10
4.5715975984251971
20
-5.9825696062992124
11
4.572261929133858
21
-5.9829531889763778
0
LINE
8
BLACK
6
CONTINUOUS
10
4.572261929133858
20
-5.9829531889763778
11
4.5723530314960632
21
-5.9832035039370082
0
LINE
8
BLACK
6
CONTINUOUS
10
4.5723530314960632
20
-5.9832035039370082
11
4.5725571653543309
21
-5.9833748031496059
0
LINE
8
BLACK
6
CONTINUOUS
10
4.5725571653543309
20
-5.9833748031496059
11
4.5726903937007872
21
-5.9841303543307083
0
LINE
8
BLACK
6
CONTINUOUS
10
4.5726903937007872
20
-5.9841303543307083
11
4.5729527559055114
21
-5.9848511811023624
0
LINE
8
BLACK
6
CONTINUOUS
10
4.5729527559055114
20
-5.9848511811023624
11
4.5729527559055114
21
-6.2848511811023622
0
LINE
8
BLACK
6
CONTINUOUS
10
4.5729527559055114
20
-6.2848511811023622
11
4.5728851181102357
21
-6.2852346850393701
0
LINE
8
BLACK
6
CONTINUOUS
10
4.5728851181102357
20
-6.2852346850393701
11
4.5729079133858264
21
-6.2853639370078742
0
LINE
8
BLACK
6
CONTINUOUS
10
4.5729079133858264
20
-6.2853639370078742
11
4.572842283464567
21
-6.2854775196850392
0
LINE
8
BLACK
6
CONTINUOUS
10
4.572842283464567
20
-6.2854775196850392
11
4.57277468503937
21
-6.2858611023622046
0
LINE
8
BLACK
6
CONTINUOUS
10
4.57277468503937
20
-6.2858611023622046
11
4.5722815354330706
21
-6.286448779527559
0
LINE
8
BLACK
6
CONTINUOUS
10
4.5722815354330706
20
-6.286448779527559
11
4.5718979921259839
21
-6.2871131102362208
0
LINE
8
BLACK
6
CONTINUOUS
10
4.5718979921259839
20
-6.2871131102362208
11
4.5716476377952757
21
-6.2872042125984251
0
LINE
8
BLACK
6
CONTINUOUS
10
4.5716476377952757
20
-6.2872042125984251
11
4.5714763779527559
21
-6.2874083464566928
0
LINE
8
BLACK
6
CONTINUOUS
10
4.5714763779527559
20
-6.2874083464566928
11
4.5707207874015747
21
-6.2875415748031491
0
LINE
8
BLACK
6
CONTINUOUS
10
4.5707207874015747
20
-6.2875415748031491
11
4.5700000000000003
21
-6.2878039370078742
0
LINE
8
BLACK
6
CONTINUOUS
10
4.5700000000000003
20
-6.2878039370078742
11
4.3700000000000001
21
-6.2878039370078742
0
LINE
8
BLACK
6
CONTINUOUS
10
4.3700000000000001
20
-6.2878039370078742
11
4.3696164566929134
21
-6.2877362992125985
0
LINE
8
BLACK
6
CONTINUOUS
10
4.3696164566929134
20
-6.2877362992125985
11
4.3694872440944881
21
-6.2877590944881891
0
LINE
8
BLACK
6
CONTINUOUS
10
4.3694872440944881
20
-6.2877590944881891
11
4.3693736220472443
21
-6.2876934645669289
0
LINE
8
BLACK
6
CONTINUOUS
10
4.3693736220472443
20
-6.2876934645669289
11
4.3689900787401577
21
-6.2876258661417319
0
LINE
8
BLACK
6
CONTINUOUS
10
4.3689900787401577
20
-6.2876258661417319
11
4.3684023622047246
21
-6.2871327165354325
0
LINE
8
BLACK
6
CONTINUOUS
10
4.3684023622047246
20
-6.2871327165354325
11
4.3677380708661415
21
-6.2867491732283467
0
LINE
8
BLACK
6
CONTINUOUS
10
4.3677380708661415
20
-6.2867491732283467
11
4.3676469291338584
21
-6.2864988188976376
0
LINE
8
BLACK
6
CONTINUOUS
10
4.3676469291338584
20
-6.2864988188976376
11
4.3674428346456695
21
-6.2863275590551178
0
LINE
8
BLACK
6
CONTINUOUS
10
4.3674428346456695
20
-6.2863275590551178
11
4.3673095669291335
21
-6.2855719685039366
0
LINE
8
BLACK
6
CONTINUOUS
10
4.3673095669291335
20
-6.2855719685039366
11
4.3670472440944881
21
-6.2848511811023622
0
LINE
8
BLACK
6
CONTINUOUS
10
4.3670472440944881
20
-6.2848511811023622
11
4.3670472440944881
21
-5.9848511811023624
0
LINE
8
BLACK
6
CONTINUOUS
10
4.3670472440944881
20
-5.9848511811023624
11
4.3671148425196851
21
-5.9844676377952757
0
LINE
8
BLACK
6
CONTINUOUS
10
4.3671148425196851
20
-5.9844676377952757
11
4.3670920866141731
21
-5.9843384251968503
0
LINE
8
BLACK
6
CONTINUOUS
10
4.3670920866141731
20
-5.9843384251968503
11
4.3671576771653546
21
-5.9842248031496066
0
LINE
8
BLACK
6
CONTINUOUS
10
4.3671576771653546
20
-5.9842248031496066
11
4.3672253149606295
21
-5.9838412598425199
0
LINE
8
BLACK
6
CONTINUOUS
10
4.3672253149606295
20
-5.9838412598425199
11
4.3677184251968502
21
-5.9832535433070868
0
LINE
8
BLACK
6
CONTINUOUS
10
4.3677184251968502
20
-5.9832535433070868
11
4.3681020078740156
21
-5.9825892519685038
0
LINE
8
BLACK
6
CONTINUOUS
10
4.3681020078740156
20
-5.9825892519685038
11
4.3683523228346459
21
-5.9824981102362207
0
LINE
8
BLACK
6
CONTINUOUS
10
4.3683523228346459
20
-5.9824981102362207
11
4.3685236220472436
21
-5.9822940157480318
0
LINE
8
BLACK
6
CONTINUOUS
10
4.3685236220472436
20
-5.9822940157480318
11
4.369279173228346
21
-5.9821607480314958
0
LINE
8
BLACK
6
CONTINUOUS
10
4.369279173228346
20
-5.9821607480314958
11
4.3700000000000001
21
-5.9818984251968503
0
LINE
8
BLACK
6
CONTINUOUS
10
4.3700000000000001
20
-5.9818984251968503
11
4.5700000000000003
21
-5.9818984251968503
0
LINE
8
BLACK
6
CONTINUOUS
10
4.5700000000000003
20
-5.9818984251968503
11
4.5703835039370082
21
-5.9819660236220473
0
LINE
8
BLACK
6
CONTINUOUS
10
4.3729527559055121
20
-5.9878039370078735
11
4.3729527559055121
21
-6.2818984251968502
0
LINE
8
BLACK
6
CONTINUOUS
10
4.3729527559055121
20
-6.2818984251968502
11
4.5670472440944883
21
-6.2818984251968502
0
LINE
8
BLACK
6
CONTINUOUS
10
4.5670472440944883
20
-6.2818984251968502
11
4.5670472440944883
21
-5.9878039370078735
0
LINE
8
BLACK
6
CONTINUOUS
10
4.5670472440944883
20
-5.9878039370078735
11
4.3729527559055121
21
-5.9878039370078735
0
LINE
8
BLACK
6
CONTINUOUS
10
4.6340183464566929
20
-6.2408953543307089
11
4.6341535826771656
21
-6.2410088188976376
0
LINE
8
BLACK
6
CONTINUOUS
10
4.6341535826771656
20
-6.2410088188976376
11
4.634328937007874
21
-6.2410290157480315
0
LINE
8
BLACK
6
CONTINUOUS
10
4.634328937007874
20
-6.2410290157480315
11
4.6399532283464566
21
-6.2438411811023622
0
LINE
8
BLACK
6
CONTINUOUS
10
4.6399532283464566
20
-6.2438411811023622
11
4.6406622834645672
21
-6.2443670866141732
0
LINE
8
BLACK
6
CONTINUOUS
10
4.6406622834645672
20
-6.2443670866141732
11
4.64072062992126
21
-6.2443942913385824
0
LINE
8
BLACK
6
CONTINUOUS
10
4.64072062992126
20
-6.2443942913385824
11
4.6435327952755907
21
-6.2472064566929131
0
LINE
8
BLACK
6
CONTINUOUS
10
4.6435327952755907
20
-6.2472064566929131
11
4.6440391732283466
21
-6.2479296062992127
0
LINE
8
BLACK
6
CONTINUOUS
10
4.6440391732283466
20
-6.2479296062992127
11
4.6440859055118109
21
-6.2479738582677165
0
LINE
8
BLACK
6
CONTINUOUS
10
4.6440859055118109
20
-6.2479738582677165
11
4.6468980314960628
21
-6.2535981496062991
0
LINE
8
BLACK
6
CONTINUOUS
10
4.6468980314960628
20
-6.2535981496062991
11
4.6471904330708664
21
-6.2545811023622049
0
LINE
8
BLACK
6
CONTINUOUS
10
4.6471904330708664
20
-6.2545811023622049
11
4.6471493700787398
21
-6.2547527952755901
0
LINE
8
BLACK
6
CONTINUOUS
10
4.6471493700787398
20
-6.2547527952755901
11
4.6472097637795278
21
-6.2549186614173227
0
LINE
8
BLACK
6
CONTINUOUS
10
4.6472097637795278
20
-6.2549186614173227
11
4.6472097637795278
21
-6.2689794094488187
0
LINE
8
BLACK
6
CONTINUOUS
10
4.6472097637795278
20
-6.2689794094488187
11
4.6470564566929129
21
-6.2698487795275586
0
LINE
8
BLACK
6
CONTINUOUS
10
4.6470564566929129
20
-6.2698487795275586
11
4.6470582283464568
21
-6.2699131496062988
0
LINE
8
BLACK
6
CONTINUOUS
10
4.6470582283464568
20
-6.2699131496062988
11
4.6442461023622048
21
-6.2783495669291334
0
LINE
8
BLACK
6
CONTINUOUS
10
4.6442461023622048
20
-6.2783495669291334
11
4.6437578346456689
21
-6.2792513385826769
0
LINE
8
BLACK
6
CONTINUOUS
10
4.6437578346456689
20
-6.2792513385826769
11
4.6420368503937004
21
-6.2803086220472437
0
LINE
8
BLACK
6
CONTINUOUS
10
4.6420368503937004
20
-6.2803086220472437
11
4.6400388976377949
21
-6.2800123622047241
0
LINE
8
BLACK
6
CONTINUOUS
10
4.6400388976377949
20
-6.2800123622047241
11
4.6386988188976375
21
-6.2785011417322831
0
LINE
8
BLACK
6
CONTINUOUS
10
4.6386988188976375
20
-6.2785011417322831
11
4.6386436614173228
21
-6.2764820866141733
0
LINE
8
BLACK
6
CONTINUOUS
10
4.6386436614173228
20
-6.2764820866141733
11
4.6413042519685037
21
-6.2685002755905508
0
LINE
8
BLACK
6
CONTINUOUS
10
4.6413042519685037
20
-6.2685002755905508
11
4.6413042519685037
21
-6.2556156692913385
0
LINE
8
BLACK
6
CONTINUOUS
10
4.6413042519685037
20
-6.2556156692913385
11
4.6390181102362202
21
-6.2510434251968503
0
LINE
8
BLACK
6
CONTINUOUS
10
4.6390181102362202
20
-6.2510434251968503
11
4.6368835826771653
21
-6.2489088976377953
0
LINE
8
BLACK
6
CONTINUOUS
10
4.6368835826771653
20
-6.2489088976377953
11
4.6323113779527558
21
-6.2466227952755906
0
LINE
8
BLACK
6
CONTINUOUS
10
4.6323113779527558
20
-6.2466227952755906
11
4.6280811811023623
21
-6.2466227952755906
0
LINE
8
BLACK
6
CONTINUOUS
10
4.6280811811023623
20
-6.2466227952755906
11
4.6235089370078741
21
-6.2489088976377953
0
LINE
8
BLACK
6
CONTINUOUS
10
4.6235089370078741
20
-6.2489088976377953
11
4.6213743700787404
21
-6.2510434645669291
0
LINE
8
BLACK
6
CONTINUOUS
10
4.6213743700787404
20
-6.2510434645669291
11
4.6189214960629918
21
-6.2559492125984253
0
LINE
8
BLACK
6
CONTINUOUS
10
4.6189214960629918
20
-6.2559492125984253
11
4.6161879921259841
21
-6.2668833858267714
0
LINE
8
BLACK
6
CONTINUOUS
10
4.6161879921259841
20
-6.2668833858267714
11
4.6159803937007871
21
-6.2673488188976378
0
LINE
8
BLACK
6
CONTINUOUS
10
4.6159803937007871
20
-6.2673488188976378
11
4.6159644094488188
21
-6.2674877559055115
0
LINE
8
BLACK
6
CONTINUOUS
10
4.6159644094488188
20
-6.2674877559055115
11
4.6131522440944881
21
-6.2731120472440942
0
LINE
8
BLACK
6
CONTINUOUS
10
4.6131522440944881
20
-6.2731120472440942
11
4.6126263779527559
21
-6.2738209842519685
0
LINE
8
BLACK
6
CONTINUOUS
10
4.6126263779527559
20
-6.2738209842519685
11
4.6125991338582679
21
-6.2738794488188976
0
LINE
8
BLACK
6
CONTINUOUS
10
4.6125991338582679
20
-6.2738794488188976
11
4.609787007874016
21
-6.2766916141732283
0
LINE
8
BLACK
6
CONTINUOUS
10
4.609787007874016
20
-6.2766916141732283
11
4.6090638582677164
21
-6.2771979527559054
0
LINE
8
BLACK
6
CONTINUOUS
10
4.6090638582677164
20
-6.2771979527559054
11
4.6090196062992126
21
-6.2772447244094485
0
LINE
8
BLACK
6
CONTINUOUS
10
4.6090196062992126
20
-6.2772447244094485
11
4.6033953149606299
21
-6.2800568503937004
0
LINE
8
BLACK
6
CONTINUOUS
10
4.6033953149606299
20
-6.2800568503937004
11
4.6024123622047242
21
-6.2803492125984253
0
LINE
8
BLACK
6
CONTINUOUS
10
4.6024123622047242
20
-6.2803492125984253
11
4.6022406692913389
21
-6.2803081889763774
0
LINE
8
BLACK
6
CONTINUOUS
10
4.6022406692913389
20
-6.2803081889763774
11
4.6020748031496064
21
-6.2803685826771654
0
LINE
8
BLACK
6
CONTINUOUS
10
4.6020748031496064
20
-6.2803685826771654
11
4.596450472440945
21
-6.2803685826771654
0
LINE
8
BLACK
6
CONTINUOUS
10
4.596450472440945
20
-6.2803685826771654
11
4.5954405511811025
21
-6.2801905118110231
0
LINE
8
BLACK
6
CONTINUOUS
10
4.5954405511811025
20
-6.2801905118110231
11
4.595305275590551
21
-6.2800770078740156
0
LINE
8
BLACK
6
CONTINUOUS
10
4.595305275590551
20
-6.2800770078740156
11
4.5951299606299214
21
-6.2800568503937004
0
LINE
8
BLACK
6
CONTINUOUS
10
4.5951299606299214
20
-6.2800568503937004
11
4.5895056692913387
21
-6.2772447244094485
0
LINE
8
BLACK
6
CONTINUOUS
10
4.5895056692913387
20
-6.2772447244094485
11
4.5887965748031494
21
-6.2767188188976375
0
LINE
8
BLACK
6
CONTINUOUS
10
4.5887965748031494
20
-6.2767188188976375
11
4.5887382677165354
21
-6.2766916141732283
0
LINE
8
BLACK
6
CONTINUOUS
10
4.5887382677165354
20
-6.2766916141732283
11
4.5859261417322834
21
-6.2738794488188976
0
LINE
8
BLACK
6
CONTINUOUS
10
4.5859261417322834
20
-6.2738794488188976
11
4.5854197244094488
21
-6.2731562598425192
0
LINE
8
BLACK
6
CONTINUOUS
10
4.5854197244094488
20
-6.2731562598425192
11
4.5853730314960632
21
-6.2731120472440942
0
LINE
8
BLACK
6
CONTINUOUS
10
4.5853730314960632
20
-6.2731120472440942
11
4.5825608661417325
21
-6.2674877559055115
0
LINE
8
BLACK
6
CONTINUOUS
10
4.5825608661417325
20
-6.2674877559055115
11
4.5822685039370077
21
-6.2665048425196845
0
LINE
8
BLACK
6
CONTINUOUS
10
4.5822685039370077
20
-6.2665048425196845
11
4.5823094881889759
21
-6.2663331102362205
0
LINE
8
BLACK
6
CONTINUOUS
10
4.5823094881889759
20
-6.2663331102362205
11
4.5822491338582676
21
-6.266167244094488
0
LINE
8
BLACK
6
CONTINUOUS
10
4.5822491338582676
20
-6.266167244094488
11
4.5822491338582676
21
-6.252106496062992
0
LINE
8
BLACK
6
CONTINUOUS
10
4.5822491338582676
20
-6.252106496062992
11
4.5824024015748028
21
-6.2512370866141733
0
LINE
8
BLACK
6
CONTINUOUS
10
4.5824024015748028
20
-6.2512370866141733
11
4.5824006692913386
21
-6.2511727559055119
0
LINE
8
BLACK
6
CONTINUOUS
10
4.5824006692913386
20
-6.2511727559055119
11
4.5852128346456693
21
-6.2427362992125985
0
LINE
8
BLACK
6
CONTINUOUS
10
4.5852128346456693
20
-6.2427362992125985
11
4.5857011023622043
21
-6.241834527559055
0
LINE
8
BLACK
6
CONTINUOUS
10
4.5857011023622043
20
-6.241834527559055
11
4.5874220866141728
21
-6.2407772440944882
0
LINE
8
BLACK
6
CONTINUOUS
10
4.5874220866141728
20
-6.2407772440944882
11
4.5894200787401571
21
-6.2410735039370078
0
LINE
8
BLACK
6
CONTINUOUS
10
4.5894200787401571
20
-6.2410735039370078
11
4.5907601181102358
21
-6.2425847637795275
0
LINE
8
BLACK
6
CONTINUOUS
10
4.5907601181102358
20
-6.2425847637795275
11
4.5908152755905514
21
-6.2446038188976374
0
LINE
8
BLACK
6
CONTINUOUS
10
4.5908152755905514
20
-6.2446038188976374
11
4.5881546456692917
21
-6.2525856299212599
0
LINE
8
BLACK
6
CONTINUOUS
10
4.5881546456692917
20
-6.2525856299212599
11
4.5881546456692917
21
-6.2654701574803147
0
LINE
8
BLACK
6
CONTINUOUS
10
4.5881546456692917
20
-6.2654701574803147
11
4.5904407874015751
21
-6.2700424409448816
0
LINE
8
BLACK
6
CONTINUOUS
10
4.5904407874015751
20
-6.2700424409448816
11
4.5925752755905513
21
-6.2721769685039366
0
LINE
8
BLACK
6
CONTINUOUS
10
4.5925752755905513
20
-6.2721769685039366
11
4.5971475196850395
21
-6.2744630708661413
0
LINE
8
BLACK
6
CONTINUOUS
10
4.5971475196850395
20
-6.2744630708661413
11
4.6013777559055118
21
-6.2744630708661413
0
LINE
8
BLACK
6
CONTINUOUS
10
4.6013777559055118
20
-6.2744630708661413
11
4.6059499606299212
21
-6.2721769685039366
0
LINE
8
BLACK
6
CONTINUOUS
10
4.6059499606299212
20
-6.2721769685039366
11
4.6080844488188974
21
-6.2700424409448816
0
LINE
8
BLACK
6
CONTINUOUS
10
4.6080844488188974
20
-6.2700424409448816
11
4.6105373622047239
21
-6.2651366535433066
0
LINE
8
BLACK
6
CONTINUOUS
10
4.6105373622047239
20
-6.2651366535433066
11
4.6132709055118113
21
-6.2542025196850393
0
LINE
8
BLACK
6
CONTINUOUS
10
4.6132709055118113
20
-6.2542025196850393
11
4.6134784645669287
21
-6.2537370472440941
0
LINE
8
BLACK
6
CONTINUOUS
10
4.6134784645669287
20
-6.2537370472440941
11
4.6134944881889766
21
-6.2535981496062991
0
LINE
8
BLACK
6
CONTINUOUS
10
4.6134944881889766
20
-6.2535981496062991
11
4.6163066535433073
21
-6.2479738582677165
0
LINE
8
BLACK
6
CONTINUOUS
10
4.6163066535433073
20
-6.2479738582677165
11
4.6168325590551182
21
-6.2472647637795271
0
LINE
8
BLACK
6
CONTINUOUS
10
4.6168325590551182
20
-6.2472647637795271
11
4.6168597637795274
21
-6.2472064566929131
0
LINE
8
BLACK
6
CONTINUOUS
10
4.6168597637795274
20
-6.2472064566929131
11
4.6196719291338582
21
-6.2443942913385824
0
LINE
8
BLACK
6
CONTINUOUS
10
4.6196719291338582
20
-6.2443942913385824
11
4.6203950787401578
21
-6.2438878740157477
0
LINE
8
BLACK
6
CONTINUOUS
10
4.6203950787401578
20
-6.2438878740157477
11
4.6204393307086615
21
-6.2438411811023622
0
LINE
8
BLACK
6
CONTINUOUS
10
4.6204393307086615
20
-6.2438411811023622
11
4.6260636220472442
21
-6.2410290157480315
0
LINE
8
BLACK
6
CONTINUOUS
10
4.6260636220472442
20
-6.2410290157480315
11
4.6270465354330703
21
-6.2407366535433066
0
LINE
8
BLACK
6
CONTINUOUS
10
4.6270465354330703
20
-6.2407366535433066
11
4.6272182283464565
21
-6.2407776377952757
0
LINE
8
BLACK
6
CONTINUOUS
10
4.6272182283464565
20
-6.2407776377952757
11
4.6273841338582677
21
-6.2407172834645666
0
LINE
8
BLACK
6
CONTINUOUS
10
4.6273841338582677
20
-6.2407172834645666
11
4.6330084251968504
21
-6.2407172834645666
0
LINE
8
BLACK
6
CONTINUOUS
10
4.6330084251968504
20
-6.2407172834645666
11
4.6340183464566929
21
-6.2408953543307089
0
LINE
8
BLACK
6
CONTINUOUS
10
4.6058968503937008
20
-6.1818402755905506
11
4.6060320866141735
21
-6.1819537401574802
0
LINE
8
BLACK
6
CONTINUOUS
10
4.6060320866141735
20
-6.1819537401574802
11
4.6062074409448819
21
-6.1819739370078741
0
LINE
8
BLACK
6
CONTINUOUS
10
4.6062074409448819
20
-6.1819739370078741
11
4.6118317322834645
21
-6.1847860629921261
0
LINE
8
BLACK
6
CONTINUOUS
10
4.6118317322834645
20
-6.1847860629921261
11
4.6125407874015751
21
-6.1853119685039371
0
LINE
8
BLACK
6
CONTINUOUS
10
4.6125407874015751
20
-6.1853119685039371
11
4.6125991338582679
21
-6.1853391732283463
0
LINE
8
BLACK
6
CONTINUOUS
10
4.6125991338582679
20
-6.1853391732283463
11
4.6154112992125986
21
-6.188151338582677
0
LINE
8
BLACK
6
CONTINUOUS
10
4.6154112992125986
20
-6.188151338582677
11
4.6159176771653545
21
-6.1888744881889766
0
LINE
8
BLACK
6
CONTINUOUS
10
4.6159176771653545
20
-6.1888744881889766
11
4.6159644094488188
21
-6.1889187401574803
0
LINE
8
BLACK
6
CONTINUOUS
10
4.6159644094488188
20
-6.1889187401574803
11
4.6187765354330708
21
-6.194543031496063
0
LINE
8
BLACK
6
CONTINUOUS
10
4.6187765354330708
20
-6.194543031496063
11
4.6190689370078744
21
-6.1955259842519688
0
LINE
8
BLACK
6
CONTINUOUS
10
4.6190689370078744
20
-6.1955259842519688
11
4.6190278740157478
21
-6.195697677165354
0
LINE
8
BLACK
6
CONTINUOUS
10
4.6190278740157478
20
-6.195697677165354
11
4.6190882677165357
21
-6.1958635433070866
0
LINE
8
BLACK
6
CONTINUOUS
10
4.6190882677165357
20
-6.1958635433070866
11
4.6190882677165357
21
-6.2154079921259839
0
LINE
8
BLACK
6
CONTINUOUS
10
4.6190882677165357
20
-6.2154079921259839
11
4.6442570078740157
21
-6.2154079921259839
0
LINE
8
BLACK
6
CONTINUOUS
10
4.6442570078740157
20
-6.2154079921259839
11
4.6452669291338582
21
-6.2155860629921262
0
LINE
8
BLACK
6
CONTINUOUS
10
4.6452669291338582
20
-6.2155860629921262
11
4.6468141732283463
21
-6.2168843700787404
0
LINE
8
BLACK
6
CONTINUOUS
10
4.6468141732283463
20
-6.2168843700787404
11
4.6471649212598427
21
-6.218873503937008
0
LINE
8
BLACK
6
CONTINUOUS
10
4.6471649212598427
20
-6.218873503937008
11
4.6461550000000003
21
-6.2206226771653546
0
LINE
8
BLACK
6
CONTINUOUS
10
4.6461550000000003
20
-6.2206226771653546
11
4.6442570078740157
21
-6.221313503937008
0
LINE
8
BLACK
6
CONTINUOUS
10
4.6442570078740157
20
-6.221313503937008
11
4.5852018897637796
21
-6.221313503937008
0
LINE
8
BLACK
6
CONTINUOUS
10
4.5852018897637796
20
-6.221313503937008
11
4.584818346456693
21
-6.2212458661417323
0
LINE
8
BLACK
6
CONTINUOUS
10
4.584818346456693
20
-6.2212458661417323
11
4.5846891338582676
21
-6.2212686614173229
0
LINE
8
BLACK
6
CONTINUOUS
10
4.5846891338582676
20
-6.2212686614173229
11
4.5845755118110239
21
-6.2212030314960627
0
LINE
8
BLACK
6
CONTINUOUS
10
4.5845755118110239
20
-6.2212030314960627
11
4.5841919685039372
21
-6.2211354330708657
0
LINE
8
BLACK
6
CONTINUOUS
10
4.5841919685039372
20
-6.2211354330708657
11
4.5836042519685041
21
-6.2206422834645672
0
LINE
8
BLACK
6
CONTINUOUS
10
4.5836042519685041
20
-6.2206422834645672
11
4.582939960629921
21
-6.2202587401574805
0
LINE
8
BLACK
6
CONTINUOUS
10
4.582939960629921
20
-6.2202587401574805
11
4.582848818897638
21
-6.2200083858267714
0
LINE
8
BLACK
6
CONTINUOUS
10
4.582848818897638
20
-6.2200083858267714
11
4.582644724409449
21
-6.2198371259842515
0
LINE
8
BLACK
6
CONTINUOUS
10
4.582644724409449
20
-6.2198371259842515
11
4.582511456692913
21
-6.2190815354330704
0
LINE
8
BLACK
6
CONTINUOUS
10
4.582511456692913
20
-6.2190815354330704
11
4.5822491338582676
21
-6.218360748031496
0
LINE
8
BLACK
6
CONTINUOUS
10
4.5822491338582676
20
-6.218360748031496
11
4.5822491338582676
21
-6.1958635433070866
0
LINE
8
BLACK
6
CONTINUOUS
10
4.5822491338582676
20
-6.1958635433070866
11
4.582427204724409
21
-6.1948536220472441
0
LINE
8
BLACK
6
CONTINUOUS
10
4.582427204724409
20
-6.1948536220472441
11
4.5825406692913386
21
-6.1947183464566926
0
LINE
8
BLACK
6
CONTINUOUS
10
4.5825406692913386
20
-6.1947183464566926
11
4.5825608661417325
21
-6.194543031496063
0
LINE
8
BLACK
6
CONTINUOUS
10
4.5825608661417325
20
-6.194543031496063
11
4.5853730314960632
21
-6.1889187401574803
0
LINE
8
BLACK
6
CONTINUOUS
10
4.5853730314960632
20
-6.1889187401574803
11
4.5858989370078742
21
-6.188209645669291
0
LINE
8
BLACK
6
CONTINUOUS
10
4.5858989370078742
20
-6.188209645669291
11
4.5859261417322834
21
-6.188151338582677
0
LINE
8
BLACK
6
CONTINUOUS
10
4.5859261417322834
20
-6.188151338582677
11
4.5887382677165354
21
-6.1853391732283463
0
LINE
8
BLACK
6
CONTINUOUS
10
4.5887382677165354
20
-6.1853391732283463
11
4.5894613779527562
21
-6.1848327952755904
0
LINE
8
BLACK
6
CONTINUOUS
10
4.5894613779527562
20
-6.1848327952755904
11
4.5895056692913387
21
-6.1847860629921261
0
LINE
8
BLACK
6
CONTINUOUS
10
4.5895056692913387
20
-6.1847860629921261
11
4.5951299606299214
21
-6.1819739370078741
0
LINE
8
BLACK
6
CONTINUOUS
10
4.5951299606299214
20
-6.1819739370078741
11
4.5961129133858263
21
-6.1816815354330705
0
LINE
8
BLACK
6
CONTINUOUS
10
4.5961129133858263
20
-6.1816815354330705
11
4.5962846062992124
21
-6.1817225590551184
0
LINE
8
BLACK
6
CONTINUOUS
10
4.5962846062992124
20
-6.1817225590551184
11
4.596450472440945
21
-6.1816622047244092
0
LINE
8
BLACK
6
CONTINUOUS
10
4.596450472440945
20
-6.1816622047244092
11
4.6048869291338583
21
-6.1816622047244092
0
LINE
8
BLACK
6
CONTINUOUS
10
4.6048869291338583
20
-6.1816622047244092
11
4.6058968503937008
21
-6.1818402755905506
0
LINE
8
BLACK
6
CONTINUOUS
10
4.5925752755905513
20
-6.1898537795275592
11
4.5904407874015751
21
-6.1919883070866142
0
LINE
8
BLACK
6
CONTINUOUS
10
4.5904407874015751
20
-6.1919883070866142
11
4.5881546456692917
21
-6.1965605905511811
0
LINE
8
BLACK
6
CONTINUOUS
10
4.5881546456692917
20
-6.1965605905511811
11
4.5881546456692917
21
-6.2154079921259839
0
LINE
8
BLACK
6
CONTINUOUS
10
4.5881546456692917
20
-6.2154079921259839
11
4.6131827559055116
21
-6.2154079921259839
0
LINE
8
BLACK
6
CONTINUOUS
10
4.6131827559055116
20
-6.2154079921259839
11
4.6131827559055116
21
-6.1965605511811024
0
LINE
8
BLACK
6
CONTINUOUS
10
4.6131827559055116
20
-6.1965605511811024
11
4.6108966141732282
21
-6.1919883070866142
0
LINE
8
BLACK
6
CONTINUOUS
10
4.6108966141732282
20
-6.1919883070866142
11
4.6087621259842519
21
-6.189853818897638
0
LINE
8
BLACK
6
CONTINUOUS
10
4.6087621259842519
20
-6.189853818897638
11
4.6041898818897637
21
-6.1875677165354332
0
LINE
8
BLACK
6
CONTINUOUS
10
4.6041898818897637
20
-6.1875677165354332
11
4.5971475196850395
21
-6.1875677165354332
0
LINE
8
BLACK
6
CONTINUOUS
10
4.5971475196850395
20
-6.1875677165354332
11
4.5925752755905513
21
-6.1898537795275592
0
LINE
8
BLACK
6
CONTINUOUS
10
5.3619360629921262
20
-6.1369977165354328
11
5.3631971259842519
21
-6.1372204724409452
0
LINE
8
BLACK
6
CONTINUOUS
10
5.3631971259842519
20
-6.1372204724409452
11
5.3633985433070865
21
-6.1373895669291336
0
LINE
8
BLACK
6
CONTINUOUS
10
5.3633985433070865
20
-6.1373895669291336
11
5.3636525196850391
21
-6.1374576377952756
0
LINE
8
BLACK
6
CONTINUOUS
10
5.3636525196850391
20
-6.1374576377952756
11
5.3645576771653545
21
-6.1383627952755901
0
LINE
8
BLACK
6
CONTINUOUS
10
5.3645576771653545
20
-6.1383627952755901
11
5.3655382677165351
21
-6.1391861023622045
0
LINE
8
BLACK
6
CONTINUOUS
10
5.3655382677165351
20
-6.1391861023622045
11
5.3656281102362202
21
-6.1394332283464568
0
LINE
8
BLACK
6
CONTINUOUS
10
5.3656281102362202
20
-6.1394332283464568
11
5.3658140944881891
21
-6.1396192125984248
0
LINE
8
BLACK
6
CONTINUOUS
10
5.3658140944881891
20
-6.1396192125984248
11
5.3661454330708658
21
-6.1408557874015743
0
LINE
8
BLACK
6
CONTINUOUS
10
5.3661454330708658
20
-6.1408557874015743
11
5.3665829527559055
21
-6.1420589763779523
0
LINE
8
BLACK
6
CONTINUOUS
10
5.3665829527559055
20
-6.1420589763779523
11
5.3665372047244091
21
-6.1423179133858268
0
LINE
8
BLACK
6
CONTINUOUS
10
5.3665372047244091
20
-6.1423179133858268
11
5.3666052755905511
21
-6.1425719685039368
0
LINE
8
BLACK
6
CONTINUOUS
10
5.3666052755905511
20
-6.1425719685039368
11
5.3666052755905511
21
-6.2016270866141729
0
LINE
8
BLACK
6
CONTINUOUS
10
5.3666052755905511
20
-6.2016270866141729
11
5.3658140944881891
21
-6.204579842519685
0
LINE
8
BLACK
6
CONTINUOUS
10
5.3658140944881891
20
-6.204579842519685
11
5.3636525196850391
21
-6.2067414173228341
0
LINE
8
BLACK
6
CONTINUOUS
10
5.3636525196850391
20
-6.2067414173228341
11
5.3606997637795271
21
-6.207532598425197
0
LINE
8
BLACK
6
CONTINUOUS
10
5.3606997637795271
20
-6.207532598425197
11
5.3577470078740159
21
-6.2067414173228341
0
LINE
8
BLACK
6
CONTINUOUS
10
5.3577470078740159
20
-6.2067414173228341
11
5.3555854330708659
21
-6.204579842519685
0
LINE
8
BLACK
6
CONTINUOUS
10
5.3555854330708659
20
-6.204579842519685
11
5.3547942519685039
21
-6.2016270866141729
0
LINE
8
BLACK
6
CONTINUOUS
10
5.3547942519685039
20
-6.2016270866141729
11
5.3547942519685039
21
-6.1691914173228346
0
LINE
8
BLACK
6
CONTINUOUS
10
5.3547942519685039
20
-6.1691914173228346
11
5.3463661811023622
21
-6.1872515748031498
0
LINE
8
BLACK
6
CONTINUOUS
10
5.3463661811023622
20
-6.1872515748031498
11
5.3460312598425199
21
-6.1876504330708659
0
LINE
8
BLACK
6
CONTINUOUS
10
5.3460312598425199
20
-6.1876504330708659
11
5.3458532283464564
21
-6.1881400787401573
0
LINE
8
BLACK
6
CONTINUOUS
10
5.3458532283464564
20
-6.1881400787401573
11
5.3450634251968498
21
-6.188803149606299
0
LINE
8
BLACK
6
CONTINUOUS
10
5.3450634251968498
20
-6.188803149606299
11
5.3444005511811019
21
-6.189592716535433
0
LINE
8
BLACK
6
CONTINUOUS
10
5.3444005511811019
20
-6.189592716535433
11
5.3439110629921256
21
-6.1897706692913381
0
LINE
8
BLACK
6
CONTINUOUS
10
5.3439110629921256
20
-6.1897706692913381
11
5.3435120866141732
21
-6.1901057086614175
0
LINE
8
BLACK
6
CONTINUOUS
10
5.3435120866141732
20
-6.1901057086614175
11
5.3424964960629922
21
-6.1902850787401578
0
LINE
8
BLACK
6
CONTINUOUS
10
5.3424964960629922
20
-6.1902850787401578
11
5.3415276771653541
21
-6.1906374015748034
0
LINE
8
BLACK
6
CONTINUOUS
10
5.3415276771653541
20
-6.1906374015748034
11
5.3410148031496059
21
-6.1905468110236219
0
LINE
8
BLACK
6
CONTINUOUS
10
5.3410148031496059
20
-6.1905468110236219
11
5.3405017716535435
21
-6.1906374409448821
0
LINE
8
BLACK
6
CONTINUOUS
10
5.3405017716535435
20
-6.1906374409448821
11
5.3395324803149604
21
-6.1902849606299215
0
LINE
8
BLACK
6
CONTINUOUS
10
5.3395324803149604
20
-6.1902849606299215
11
5.3385173622047244
21
-6.1901056692913388
0
LINE
8
BLACK
6
CONTINUOUS
10
5.3385173622047244
20
-6.1901056692913388
11
5.3381185039370074
21
-6.1897707874015744
0
LINE
8
BLACK
6
CONTINUOUS
10
5.3381185039370074
20
-6.1897707874015744
11
5.3376288976377948
21
-6.1895927559055117
0
LINE
8
BLACK
6
CONTINUOUS
10
5.3376288976377948
20
-6.1895927559055117
11
5.3369657874015743
21
-6.1888029527559052
0
LINE
8
BLACK
6
CONTINUOUS
10
5.3369657874015743
20
-6.1888029527559052
11
5.3361762204724412
21
-6.1881400393700785
0
LINE
8
BLACK
6
CONTINUOUS
10
5.3361762204724412
20
-6.1881400393700785
11
5.3359981889763777
21
-6.1876504724409447
0
LINE
8
BLACK
6
CONTINUOUS
10
5.3359981889763777
20
-6.1876504724409447
11
5.3356632677165354
21
-6.1872515748031498
0
LINE
8
BLACK
6
CONTINUOUS
10
5.3356632677165354
20
-6.1872515748031498
11
5.3272351968503937
21
-6.1691913779527559
0
LINE
8
BLACK
6
CONTINUOUS
10
5.3272351968503937
20
-6.1691913779527559
11
5.3272351968503937
21
-6.2016270866141729
0
LINE
8
BLACK
6
CONTINUOUS
10
5.3272351968503937
20
-6.2016270866141729
11
5.3264440157480317
21
-6.204579842519685
0
LINE
8
BLACK
6
CONTINUOUS
10
5.3264440157480317
20
-6.204579842519685
11
5.3242824409448817
21
-6.2067414173228341
0
LINE
8
BLACK
6
CONTINUOUS
10
5.3242824409448817
20
-6.2067414173228341
11
5.3213296850393697
21
-6.207532598425197
0
LINE
8
BLACK
6
CONTINUOUS
10
5.3213296850393697
20
-6.207532598425197
11
5.3183769291338585
21
-6.2067414173228341
0
LINE
8
BLACK
6
CONTINUOUS
10
5.3183769291338585
20
-6.2067414173228341
11
5.3162153543307085
21
-6.204579842519685
0
LINE
8
BLACK
6
CONTINUOUS
10
5.3162153543307085
20
-6.204579842519685
11
5.3154241732283465
21
-6.2016270866141729
0
LINE
8
BLACK
6
CONTINUOUS
10
5.3154241732283465
20
-6.2016270866141729
11
5.3154241732283465
21
-6.1425719685039368
0
LINE
8
BLACK
6
CONTINUOUS
10
5.3154241732283465
20
-6.1425719685039368
11
5.3154922047244098
21
-6.1423179527559055
0
LINE
8
BLACK
6
CONTINUOUS
10
5.3154922047244098
20
-6.1423179527559055
11
5.3154464960629921
21
-6.142059015748031
0
LINE
8
BLACK
6
CONTINUOUS
10
5.3154464960629921
20
-6.142059015748031
11
5.3158839370078743
21
-6.1408559448818894
0
LINE
8
BLACK
6
CONTINUOUS
10
5.3158839370078743
20
-6.1408559448818894
11
5.3162153543307085
21
-6.1396192125984248
0
LINE
8
BLACK
6
CONTINUOUS
10
5.3162153543307085
20
-6.1396192125984248
11
5.3164012992125986
21
-6.1394332283464568
0
LINE
8
BLACK
6
CONTINUOUS
10
5.3164012992125986
20
-6.1394332283464568
11
5.3164911811023625
21
-6.1391861417322833
0
LINE
8
BLACK
6
CONTINUOUS
10
5.3164911811023625
20
-6.1391861417322833
11
5.3174714960629919
21
-6.1383630314960627
0
LINE
8
BLACK
6
CONTINUOUS
10
5.3174714960629919
20
-6.1383630314960627
11
5.3183769291338585
21
-6.1374576377952756
0
LINE
8
BLACK
6
CONTINUOUS
10
5.3183769291338585
20
-6.1374576377952756
11
5.3186309448818898
21
-6.1373895669291336
0
LINE
8
BLACK
6
CONTINUOUS
10
5.3186309448818898
20
-6.1373895669291336
11
5.3188323228346457
21
-6.1372205118110239
0
LINE
8
BLACK
6
CONTINUOUS
10
5.3188323228346457
20
-6.1372205118110239
11
5.3200929133858263
21
-6.1369978346456691
0
LINE
8
BLACK
6
CONTINUOUS
10
5.3200929133858263
20
-6.1369978346456691
11
5.3213296850393697
21
-6.1366664566929137
0
LINE
8
BLACK
6
CONTINUOUS
10
5.3213296850393697
20
-6.1366664566929137
11
5.3215836614173231
21
-6.136734488188976
0
LINE
8
BLACK
6
CONTINUOUS
10
5.3215836614173231
20
-6.136734488188976
11
5.3218426377952754
21
-6.1366887795275593
0
LINE
8
BLACK
6
CONTINUOUS
10
5.3218426377952754
20
-6.1366887795275593
11
5.3230456692913384
21
-6.1371262204724406
0
LINE
8
BLACK
6
CONTINUOUS
10
5.3230456692913384
20
-6.1371262204724406
11
5.3242824409448817
21
-6.1374576377952756
0
LINE
8
BLACK
6
CONTINUOUS
10
5.3242824409448817
20
-6.1374576377952756
11
5.3244683858267718
21
-6.1376435826771649
0
LINE
8
BLACK
6
CONTINUOUS
10
5.3244683858267718
20
-6.1376435826771649
11
5.3247155118110232
21
-6.1377334645669288
0
LINE
8
BLACK
6
CONTINUOUS
10
5.3247155118110232
20
-6.1377334645669288
11
5.3255385826771651
21
-6.138713779527559
0
LINE
8
BLACK
6
CONTINUOUS
10
5.3255385826771651
20
-6.138713779527559
11
5.3264440157480317
21
-6.1396192125984248
0
LINE
8
BLACK
6
CONTINUOUS
10
5.3264440157480317
20
-6.1396192125984248
11
5.3265120472440941
21
-6.139873228346457
0
LINE
8
BLACK
6
CONTINUOUS
10
5.3265120472440941
20
-6.139873228346457
11
5.3266811417322835
21
-6.1400746062992129
0
LINE
8
BLACK
6
CONTINUOUS
10
5.3266811417322835
20
-6.1400746062992129
11
5.3410147244094484
21
-6.1707894094488189
0
LINE
8
BLACK
6
CONTINUOUS
10
5.3410147244094484
20
-6.1707894094488189
11
5.3553483070866141
21
-6.1400746062992129
0
LINE
8
BLACK
6
CONTINUOUS
10
5.3553483070866141
20
-6.1400746062992129
11
5.3555173622047239
21
-6.139873228346457
0
LINE
8
BLACK
6
CONTINUOUS
10
5.3555173622047239
20
-6.139873228346457
11
5.3555854330708659
21
-6.1396192125984248
0
LINE
8
BLACK
6
CONTINUOUS
10
5.3555854330708659
20
-6.1396192125984248
11
5.3564907086614175
21
-6.1387138976377953
0
LINE
8
BLACK
6
CONTINUOUS
10
5.3564907086614175
20
-6.1387138976377953
11
5.3573139370078735
21
-6.1377334251968501
0
LINE
8
BLACK
6
CONTINUOUS
10
5.3573139370078735
20
-6.1377334251968501
11
5.3575610629921258
21
-6.1376435433070862
0
LINE
8
BLACK
6
CONTINUOUS
10
5.3575610629921258
20
-6.1376435433070862
11
5.3577470078740159
21
-6.1374576377952756
0
LINE
8
BLACK
6
CONTINUOUS
10
5.3577470078740159
20
-6.1374576377952756
11
5.3589833464566929
21
-6.1371263385826769
0
LINE
8
BLACK
6
CONTINUOUS
10
5.3589833464566929
20
-6.1371263385826769
11
5.3601868110236222
21
-6.1366887401574806
0
LINE
8
BLACK
6
CONTINUOUS
10
5.3601868110236222
20
-6.1366887401574806
11
5.3604458267716533
21
-6.136734488188976
0
LINE
8
BLACK
6
CONTINUOUS
10
5.3604458267716533
20
-6.136734488188976
11
5.3606997637795271
21
-6.1366664566929137
0
LINE
8
BLACK
6
CONTINUOUS
10
5.3606997637795271
20
-6.1366664566929137
11
5.3619360629921262
21
-6.1369977165354328
0
LINE
8
BLACK
6
CONTINUOUS
10
5.3917740157480312
20
-6.1374576377952756
11
5.3939355905511812
21
-6.1396192125984248
0
LINE
8
BLACK
6
CONTINUOUS
10
5.3939355905511812
20
-6.1396192125984248
11
5.3947267716535432
21
-6.1425719685039368
0
LINE
8
BLACK
6
CONTINUOUS
10
5.3947267716535432
20
-6.1425719685039368
11
5.3947267716535432
21
-6.2016270866141729
0
LINE
8
BLACK
6
CONTINUOUS
10
5.3947267716535432
20
-6.2016270866141729
11
5.3939355905511812
21
-6.204579842519685
0
LINE
8
BLACK
6
CONTINUOUS
10
5.3939355905511812
20
-6.204579842519685
11
5.3917740157480312
21
-6.2067414173228341
0
LINE
8
BLACK
6
CONTINUOUS
10
5.3917740157480312
20
-6.2067414173228341
11
5.3888212598425191
21
-6.207532598425197
0
LINE
8
BLACK
6
CONTINUOUS
10
5.3888212598425191
20
-6.207532598425197
11
5.385868503937008
21
-6.2067414173228341
0
LINE
8
BLACK
6
CONTINUOUS
10
5.385868503937008
20
-6.2067414173228341
11
5.383706929133858
21
-6.204579842519685
0
LINE
8
BLACK
6
CONTINUOUS
10
5.383706929133858
20
-6.204579842519685
11
5.382915748031496
21
-6.2016270866141729
0
LINE
8
BLACK
6
CONTINUOUS
10
5.382915748031496
20
-6.2016270866141729
11
5.382915748031496
21
-6.1425719685039368
0
LINE
8
BLACK
6
CONTINUOUS
10
5.382915748031496
20
-6.1425719685039368
11
5.383706929133858
21
-6.1396192125984248
0
LINE
8
BLACK
6
CONTINUOUS
10
5.383706929133858
20
-6.1396192125984248
11
5.385868503937008
21
-6.1374576377952756
0
LINE
8
BLACK
6
CONTINUOUS
10
5.385868503937008
20
-6.1374576377952756
11
5.3888212598425191
21
-6.1366664566929137
0
LINE
8
BLACK
6
CONTINUOUS
10
5.3888212598425191
20
-6.1366664566929137
11
5.3917740157480312
21
-6.1374576377952756
0
LINE
8
BLACK
6
CONTINUOUS
10
5.4403583858267712
20
-6.1369125196850396
11
5.4413074409448816
21
-6.1369695275590548
0
LINE
8
BLACK
6
CONTINUOUS
10
5.4413074409448816
20
-6.1369695275590548
11
5.449743897637795
21
-6.1397816535433067
0
LINE
8
BLACK
6
CONTINUOUS
10
5.449743897637795
20
-6.1397816535433067
11
5.4522949212598428
21
-6.1414659842519681
0
LINE
8
BLACK
6
CONTINUOUS
10
5.4522949212598428
20
-6.1414659842519681
11
5.4536620472440944
21
-6.1442001968503934
0
LINE
8
BLACK
6
CONTINUOUS
10
5.4536620472440944
20
-6.1442001968503934
11
5.4534788582677161
21
-6.1472516141732285
0
LINE
8
BLACK
6
CONTINUOUS
10
5.4534788582677161
20
-6.1472516141732285
11
5.4517945275590547
21
-6.1498026771653542
0
LINE
8
BLACK
6
CONTINUOUS
10
5.4517945275590547
20
-6.1498026771653542
11
5.4490603149606294
21
-6.1511697637795271
0
LINE
8
BLACK
6
CONTINUOUS
10
5.4490603149606294
20
-6.1511697637795271
11
5.4460088976377952
21
-6.1509865748031496
0
LINE
8
BLACK
6
CONTINUOUS
10
5.4460088976377952
20
-6.1509865748031496
11
5.4384816929133857
21
-6.1484774803149609
0
LINE
8
BLACK
6
CONTINUOUS
10
5.4384816929133857
20
-6.1484774803149609
11
5.4267733070866138
21
-6.1484774803149609
0
LINE
8
BLACK
6
CONTINUOUS
10
5.4267733070866138
20
-6.1484774803149609
11
5.4232530708661413
21
-6.1502375984251971
0
LINE
8
BLACK
6
CONTINUOUS
10
5.4232530708661413
20
-6.1502375984251971
11
5.4217961811023621
21
-6.1516944881889764
0
LINE
8
BLACK
6
CONTINUOUS
10
5.4217961811023621
20
-6.1516944881889764
11
5.4200361417322833
21
-6.1552146062992126
0
LINE
8
BLACK
6
CONTINUOUS
10
5.4200361417322833
20
-6.1552146062992126
11
5.4200361417322833
21
-6.1580507874015744
0
LINE
8
BLACK
6
CONTINUOUS
10
5.4200361417322833
20
-6.1580507874015744
11
5.4217961811023621
21
-6.1615709055118106
0
LINE
8
BLACK
6
CONTINUOUS
10
5.4217961811023621
20
-6.1615709055118106
11
5.4232530708661413
21
-6.1630277952755907
0
LINE
8
BLACK
6
CONTINUOUS
10
5.4232530708661413
20
-6.1630277952755907
11
5.4274404724409449
21
-6.1651214960629916
0
LINE
8
BLACK
6
CONTINUOUS
10
5.4274404724409449
20
-6.1651214960629916
11
5.4380600787401576
21
-6.1677764173228349
0
LINE
8
BLACK
6
CONTINUOUS
10
5.4380600787401576
20
-6.1677764173228349
11
5.4386300393700786
21
-6.1680927952755908
0
LINE
8
BLACK
6
CONTINUOUS
10
5.4386300393700786
20
-6.1680927952755908
11
5.4392688188976379
21
-6.1682235433070867
0
LINE
8
BLACK
6
CONTINUOUS
10
5.4392688188976379
20
-6.1682235433070867
11
5.4448931496062993
21
-6.1710357086614174
0
LINE
8
BLACK
6
CONTINUOUS
10
5.4448931496062993
20
-6.1710357086614174
11
5.4456045275590546
21
-6.1716665354330704
0
LINE
8
BLACK
6
CONTINUOUS
10
5.4456045275590546
20
-6.1716665354330704
11
5.4464279921259839
21
-6.1721419685039365
0
LINE
8
BLACK
6
CONTINUOUS
10
5.4464279921259839
20
-6.1721419685039365
11
5.4492401181102359
21
-6.1749541338582672
0
LINE
8
BLACK
6
CONTINUOUS
10
5.4492401181102359
20
-6.1749541338582672
11
5.4497154724409445
21
-6.1757775196850391
0
LINE
8
BLACK
6
CONTINUOUS
10
5.4497154724409445
20
-6.1757775196850391
11
5.4503462992125984
21
-6.1764888976377952
0
LINE
8
BLACK
6
CONTINUOUS
10
5.4503462992125984
20
-6.1764888976377952
11
5.4531584645669291
21
-6.1821131496062991
0
LINE
8
BLACK
6
CONTINUOUS
10
5.4531584645669291
20
-6.1821131496062991
11
5.45343062992126
21
-6.1834431496062994
0
LINE
8
BLACK
6
CONTINUOUS
10
5.45343062992126
20
-6.1834431496062994
11
5.4537819291338581
21
-6.1847542125984249
0
LINE
8
BLACK
6
CONTINUOUS
10
5.4537819291338581
20
-6.1847542125984249
11
5.4537819291338581
21
-6.1903785039370076
0
LINE
8
BLACK
6
CONTINUOUS
10
5.4537819291338581
20
-6.1903785039370076
11
5.45343062992126
21
-6.1916895275590553
0
LINE
8
BLACK
6
CONTINUOUS
10
5.45343062992126
20
-6.1916895275590553
11
5.4531584645669291
21
-6.1930195669291335
0
LINE
8
BLACK
6
CONTINUOUS
10
5.4531584645669291
20
-6.1930195669291335
11
5.4503462992125984
21
-6.1986438188976374
0
LINE
8
BLACK
6
CONTINUOUS
10
5.4503462992125984
20
-6.1986438188976374
11
5.4497154724409445
21
-6.1993551574803147
0
LINE
8
BLACK
6
CONTINUOUS
10
5.4497154724409445
20
-6.1993551574803147
11
5.4492401181102359
21
-6.2001785826771654
0
LINE
8
BLACK
6
CONTINUOUS
10
5.4492401181102359
20
-6.2001785826771654
11
5.4464279921259839
21
-6.2029907480314961
0
LINE
8
BLACK
6
CONTINUOUS
10
5.4464279921259839
20
-6.2029907480314961
11
5.4456045275590546
21
-6.2034661417322834
0
LINE
8
BLACK
6
CONTINUOUS
10
5.4456045275590546
20
-6.2034661417322834
11
5.4448931496062993
21
-6.2040970078740152
0
LINE
8
BLACK
6
CONTINUOUS
10
5.4448931496062993
20
-6.2040970078740152
11
5.4392687795275592
21
-6.2069091338582671
0
LINE
8
BLACK
6
CONTINUOUS
10
5.4392687795275592
20
-6.2069091338582671
11
5.4379390157480314
21
-6.2071812204724406
0
LINE
8
BLACK
6
CONTINUOUS
10
5.4379390157480314
20
-6.2071812204724406
11
5.4366277952755908
21
-6.207532598425197
0
LINE
8
BLACK
6
CONTINUOUS
10
5.4366277952755908
20
-6.207532598425197
11
5.4225670866141735
21
-6.207532598425197
0
LINE
8
BLACK
6
CONTINUOUS
10
5.4225670866141735
20
-6.207532598425197
11
5.4216487401574804
21
-6.2072865354330711
0
LINE
8
BLACK
6
CONTINUOUS
10
5.4216487401574804
20
-6.2072865354330711
11
5.4206996062992125
21
-6.2072295669291337
0
LINE
8
BLACK
6
CONTINUOUS
10
5.4206996062992125
20
-6.2072295669291337
11
5.4122631496062992
21
-6.2044174409448818
0
LINE
8
BLACK
6
CONTINUOUS
10
5.4122631496062992
20
-6.2044174409448818
11
5.4097121259842522
21
-6.2027331102362204
0
LINE
8
BLACK
6
CONTINUOUS
10
5.4097121259842522
20
-6.2027331102362204
11
5.4083449999999997
21
-6.1999988976377951
0
LINE
8
BLACK
6
CONTINUOUS
10
5.4083449999999997
20
-6.1999988976377951
11
5.4085281496062994
21
-6.1969474803149609
0
LINE
8
BLACK
6
CONTINUOUS
10
5.4085281496062994
20
-6.1969474803149609
11
5.4102124803149607
21
-6.1943964566929131
0
LINE
8
BLACK
6
CONTINUOUS
10
5.4102124803149607
20
-6.1943964566929131
11
5.412946692913386
21
-6.1930293307086615
0
LINE
8
BLACK
6
CONTINUOUS
10
5.412946692913386
20
-6.1930293307086615
11
5.4159981102362202
21
-6.1932124803149602
0
LINE
8
BLACK
6
CONTINUOUS
10
5.4159981102362202
20
-6.1932124803149602
11
5.4235254724409447
21
-6.1957215748031498
0
LINE
8
BLACK
6
CONTINUOUS
10
5.4235254724409447
20
-6.1957215748031498
11
5.4352337401574804
21
-6.1957215748031498
0
LINE
8
BLACK
6
CONTINUOUS
10
5.4352337401574804
20
-6.1957215748031498
11
5.4387539370078741
21
-6.1939614566929135
0
LINE
8
BLACK
6
CONTINUOUS
10
5.4387539370078741
20
-6.1939614566929135
11
5.4402107480314958
21
-6.1925046062992122
0
LINE
8
BLACK
6
CONTINUOUS
10
5.4402107480314958
20
-6.1925046062992122
11
5.4419709055118108
21
-6.1889843700787397
0
LINE
8
BLACK
6
CONTINUOUS
10
5.4419709055118108
20
-6.1889843700787397
11
5.4419709055118108
21
-6.1861483070866141
0
LINE
8
BLACK
6
CONTINUOUS
10
5.4419709055118108
20
-6.1861483070866141
11
5.4402107480314958
21
-6.1826280708661416
0
LINE
8
BLACK
6
CONTINUOUS
10
5.4402107480314958
20
-6.1826280708661416
11
5.4387538976377954
21
-6.1811711811023624
0
LINE
8
BLACK
6
CONTINUOUS
10
5.4387538976377954
20
-6.1811711811023624
11
5.4345665354330706
21
-6.1790775196850394
0
LINE
8
BLACK
6
CONTINUOUS
10
5.4345665354330706
20
-6.1790775196850394
11
5.4239469291338578
21
-6.1764226377952758
0
LINE
8
BLACK
6
CONTINUOUS
10
5.4239469291338578
20
-6.1764226377952758
11
5.4233769685039368
21
-6.1761062204724411
0
LINE
8
BLACK
6
CONTINUOUS
10
5.4233769685039368
20
-6.1761062204724411
11
5.4227381496062987
21
-6.1759755118110231
0
LINE
8
BLACK
6
CONTINUOUS
10
5.4227381496062987
20
-6.1759755118110231
11
5.4171138976377948
21
-6.1731633464566924
0
LINE
8
BLACK
6
CONTINUOUS
10
5.4171138976377948
20
-6.1731633464566924
11
5.4164025196850396
21
-6.1725325196850394
0
LINE
8
BLACK
6
CONTINUOUS
10
5.4164025196850396
20
-6.1725325196850394
11
5.4155791338582677
21
-6.1720571653543308
0
LINE
8
BLACK
6
CONTINUOUS
10
5.4155791338582677
20
-6.1720571653543308
11
5.412766968503937
21
-6.1692450393700788
0
LINE
8
BLACK
6
CONTINUOUS
10
5.412766968503937
20
-6.1692450393700788
11
5.412291535433071
21
-6.1684215748031495
0
LINE
8
BLACK
6
CONTINUOUS
10
5.412291535433071
20
-6.1684215748031495
11
5.411660708661417
21
-6.1677101968503933
0
LINE
8
BLACK
6
CONTINUOUS
10
5.411660708661417
20
-6.1677101968503933
11
5.4088485826771651
21
-6.1620859055118107
0
LINE
8
BLACK
6
CONTINUOUS
10
5.4088485826771651
20
-6.1620859055118107
11
5.4085764173228341
21
-6.1607560236220467
0
LINE
8
BLACK
6
CONTINUOUS
10
5.4085764173228341
20
-6.1607560236220467
11
5.4082251181102361
21
-6.1594448818897636
0
LINE
8
BLACK
6
CONTINUOUS
10
5.4082251181102361
20
-6.1594448818897636
11
5.4082251181102361
21
-6.1538205511811022
0
LINE
8
BLACK
6
CONTINUOUS
10
5.4082251181102361
20
-6.1538205511811022
11
5.4085764173228341
21
-6.1525093700787403
0
LINE
8
BLACK
6
CONTINUOUS
10
5.4085764173228341
20
-6.1525093700787403
11
5.4088485826771651
21
-6.1511795275590551
0
LINE
8
BLACK
6
CONTINUOUS
10
5.4088485826771651
20
-6.1511795275590551
11
5.411660708661417
21
-6.1455552362204724
0
LINE
8
BLACK
6
CONTINUOUS
10
5.411660708661417
20
-6.1455552362204724
11
5.412291535433071
21
-6.1448438188976375
0
LINE
8
BLACK
6
CONTINUOUS
10
5.412291535433071
20
-6.1448438188976375
11
5.412766968503937
21
-6.1440203937007869
0
LINE
8
BLACK
6
CONTINUOUS
10
5.412766968503937
20
-6.1440203937007869
11
5.4155791338582677
21
-6.1412082677165349
0
LINE
8
BLACK
6
CONTINUOUS
10
5.4155791338582677
20
-6.1412082677165349
11
5.4164025196850396
21
-6.1407328740157476
0
LINE
8
BLACK
6
CONTINUOUS
10
5.4164025196850396
20
-6.1407328740157476
11
5.4171138976377948
21
-6.1401020866141733
0
LINE
8
BLACK
6
CONTINUOUS
10
5.4171138976377948
20
-6.1401020866141733
11
5.4227381496062987
21
-6.1372899212598426
0
LINE
8
BLACK
6
CONTINUOUS
10
5.4227381496062987
20
-6.1372899212598426
11
5.424068149606299
21
-6.1370177165354329
0
LINE
8
BLACK
6
CONTINUOUS
10
5.424068149606299
20
-6.1370177165354329
11
5.4253792125984255
21
-6.1366664566929137
0
LINE
8
BLACK
6
CONTINUOUS
10
5.4253792125984255
20
-6.1366664566929137
11
5.4394399606299215
21
-6.1366664566929137
0
LINE
8
BLACK
6
CONTINUOUS
10
5.4394399606299215
20
-6.1366664566929137
11
5.4403583858267712
21
-6.1369125196850396
0
LINE
8
BLACK
6
CONTINUOUS
10
5.4969939763779525
20
-6.1370177559055117
11
5.498323937007874
21
-6.1372899212598426
0
LINE
8
BLACK
6
CONTINUOUS
10
5.498323937007874
20
-6.1372899212598426
11
5.5039482283464567
21
-6.1401020866141733
0
LINE
8
BLACK
6
CONTINUOUS
10
5.5039482283464567
20
-6.1401020866141733
11
5.5046595669291341
21
-6.1407328740157476
0
LINE
8
BLACK
6
CONTINUOUS
10
5.5046595669291341
20
-6.1407328740157476
11
5.5054830314960626
21
-6.1412083070866137
0
LINE
8
BLACK
6
CONTINUOUS
10
5.5054830314960626
20
-6.1412083070866137
11
5.5111073228346452
21
-6.1468325984251964
0
LINE
8
BLACK
6
CONTINUOUS
10
5.5111073228346452
20
-6.1468325984251964
11
5.5111329527559052
21
-6.146877007874016
0
LINE
8
BLACK
6
CONTINUOUS
10
5.5111329527559052
20
-6.146877007874016
11
5.5111769685039365
21
-6.1469034251968502
0
LINE
8
BLACK
6
CONTINUOUS
10
5.5111769685039365
20
-6.1469034251968502
11
5.5118953937007875
21
-6.1481975984251971
0
LINE
8
BLACK
6
CONTINUOUS
10
5.5118953937007875
20
-6.1481975984251971
11
5.5126357874015746
21
-6.1494799606299209
0
LINE
8
BLACK
6
CONTINUOUS
10
5.5126357874015746
20
-6.1494799606299209
11
5.5126357874015746
21
-6.1495312598425196
0
LINE
8
BLACK
6
CONTINUOUS
10
5.5126357874015746
20
-6.1495312598425196
11
5.5126606692913382
21
-6.1495761023622046
0
LINE
8
BLACK
6
CONTINUOUS
10
5.5126606692913382
20
-6.1495761023622046
11
5.515472834645669
21
-6.16082468503937
0
LINE
8
BLACK
6
CONTINUOUS
10
5.515472834645669
20
-6.16082468503937
11
5.5154605511811026
21
-6.1615531889763782
0
LINE
8
BLACK
6
CONTINUOUS
10
5.5154605511811026
20
-6.1615531889763782
11
5.5156491732283461
21
-6.1622570078740155
0
LINE
8
BLACK
6
CONTINUOUS
10
5.5156491732283461
20
-6.1622570078740155
11
5.5156491732283461
21
-6.1819420472440942
0
LINE
8
BLACK
6
CONTINUOUS
10
5.5156491732283461
20
-6.1819420472440942
11
5.5154605511811026
21
-6.1826458267716538
0
LINE
8
BLACK
6
CONTINUOUS
10
5.5154605511811026
20
-6.1826458267716538
11
5.515472834645669
21
-6.1833743700787398
0
LINE
8
BLACK
6
CONTINUOUS
10
5.515472834645669
20
-6.1833743700787398
11
5.5126606692913382
21
-6.1946229527559051
0
LINE
8
BLACK
6
CONTINUOUS
10
5.5126606692913382
20
-6.1946229527559051
11
5.5126357874015746
21
-6.1946677559055114
0
LINE
8
BLACK
6
CONTINUOUS
10
5.5126357874015746
20
-6.1946677559055114
11
5.5126357874015746
21
-6.1947190551181102
0
LINE
8
BLACK
6
CONTINUOUS
10
5.5126357874015746
20
-6.1947190551181102
11
5.5118957086614175
21
-6.1960008661417323
0
LINE
8
BLACK
6
CONTINUOUS
10
5.5118957086614175
20
-6.1960008661417323
11
5.5111769685039365
21
-6.1972956299212596
0
LINE
8
BLACK
6
CONTINUOUS
10
5.5111769685039365
20
-6.1972956299212596
11
5.5111329527559052
21
-6.1973220078740159
0
LINE
8
BLACK
6
CONTINUOUS
10
5.5111329527559052
20
-6.1973220078740159
11
5.5111073228346452
21
-6.1973664566929134
0
LINE
8
BLACK
6
CONTINUOUS
10
5.5111073228346452
20
-6.1973664566929134
11
5.5054830314960626
21
-6.2029907874015748
0
LINE
8
BLACK
6
CONTINUOUS
10
5.5054830314960626
20
-6.2029907874015748
11
5.5046596062992128
21
-6.2034661417322834
0
LINE
8
BLACK
6
CONTINUOUS
10
5.5046596062992128
20
-6.2034661417322834
11
5.5039482283464567
21
-6.2040970078740152
0
LINE
8
BLACK
6
CONTINUOUS
10
5.5039482283464567
20
-6.2040970078740152
11
5.498323937007874
21
-6.2069091338582671
0
LINE
8
BLACK
6
CONTINUOUS
10
5.498323937007874
20
-6.2069091338582671
11
5.49699405511811
21
-6.2071812598425193
0
LINE
8
BLACK
6
CONTINUOUS
10
5.49699405511811
20
-6.2071812598425193
11
5.4956829133858269
21
-6.207532598425197
0
LINE
8
BLACK
6
CONTINUOUS
10
5.4956829133858269
20
-6.207532598425197
11
5.4844343307086616
21
-6.207532598425197
0
LINE
8
BLACK
6
CONTINUOUS
10
5.4844343307086616
20
-6.207532598425197
11
5.4831230708661414
21
-6.2071812204724406
0
LINE
8
BLACK
6
CONTINUOUS
10
5.4831230708661414
20
-6.2071812204724406
11
5.4817933464566924
21
-6.2069091338582671
0
LINE
8
BLACK
6
CONTINUOUS
10
5.4817933464566924
20
-6.2069091338582671
11
5.4761690157480309
21
-6.2040970078740152
0
LINE
8
BLACK
6
CONTINUOUS
10
5.4761690157480309
20
-6.2040970078740152
11
5.475457598425197
21
-6.2034661417322834
0
LINE
8
BLACK
6
CONTINUOUS
10
5.475457598425197
20
-6.2034661417322834
11
5.4746342125984251
21
-6.2029907874015748
0
LINE
8
BLACK
6
CONTINUOUS
10
5.4746342125984251
20
-6.2029907874015748
11
5.4690098818897637
21
-6.1973664566929134
0
LINE
8
BLACK
6
CONTINUOUS
10
5.4690098818897637
20
-6.1973664566929134
11
5.4689842125984249
21
-6.1973220078740159
0
LINE
8
BLACK
6
CONTINUOUS
10
5.4689842125984249
20
-6.1973220078740159
11
5.4689402362204724
21
-6.1972956299212596
0
LINE
8
BLACK
6
CONTINUOUS
10
5.4689402362204724
20
-6.1972956299212596
11
5.4682220472440948
21
-6.196001889763779
0
LINE
8
BLACK
6
CONTINUOUS
10
5.4682220472440948
20
-6.196001889763779
11
5.4674814173228343
21
-6.1947190944881889
0
LINE
8
BLACK
6
CONTINUOUS
10
5.4674814173228343
20
-6.1947190944881889
11
5.4674814173228343
21
-6.1946677165354327
0
LINE
8
BLACK
6
CONTINUOUS
10
5.4674814173228343
20
-6.1946677165354327
11
5.4674565354330706
21
-6.1946229133858264
0
LINE
8
BLACK
6
CONTINUOUS
10
5.4674565354330706
20
-6.1946229133858264
11
5.4646444094488187
21
-6.183374330708661
0
LINE
8
BLACK
6
CONTINUOUS
10
5.4646444094488187
20
-6.183374330708661
11
5.4646566535433072
21
-6.1826458661417325
0
LINE
8
BLACK
6
CONTINUOUS
10
5.4646566535433072
20
-6.1826458661417325
11
5.4644680708661415
21
-6.1819420472440942
0
LINE
8
BLACK
6
CONTINUOUS
10
5.4644680708661415
20
-6.1819420472440942
11
5.4644680708661415
21
-6.1622570078740155
0
LINE
8
BLACK
6
CONTINUOUS
10
5.4644680708661415
20
-6.1622570078740155
11
5.4646566535433072
21
-6.1615531496062994
0
LINE
8
BLACK
6
CONTINUOUS
10
5.4646566535433072
20
-6.1615531496062994
11
5.4646444094488187
21
-6.1608247244094487
0
LINE
8
BLACK
6
CONTINUOUS
10
5.4646444094488187
20
-6.1608247244094487
11
5.4674565354330706
21
-6.1495761417322834
0
LINE
8
BLACK
6
CONTINUOUS
10
5.4674565354330706
20
-6.1495761417322834
11
5.4674814173228343
21
-6.1495312992125983
0
LINE
8
BLACK
6
CONTINUOUS
10
5.4674814173228343
20
-6.1495312992125983
11
5.4674814173228343
21
-6.1494799606299209
0
LINE
8
BLACK
6
CONTINUOUS
10
5.4674814173228343
20
-6.1494799606299209
11
5.4682220472440948
21
-6.1481971259842521
0
LINE
8
BLACK
6
CONTINUOUS
10
5.4682220472440948
20
-6.1481971259842521
11
5.4689402362204724
21
-6.1469034251968502
0
LINE
8
BLACK
6
CONTINUOUS
10
5.4689402362204724
20
-6.1469034251968502
11
5.4689842125984249
21
-6.146877007874016
0
LINE
8
BLACK
6
CONTINUOUS
10
5.4689842125984249
20
-6.146877007874016
11
5.4690098818897637
21
-6.1468325984251964
0
LINE
8
BLACK
6
CONTINUOUS
10
5.4690098818897637
20
-6.1468325984251964
11
5.4746342125984251
21
-6.1412083070866137
0
LINE
8
BLACK
6
CONTINUOUS
10
5.4746342125984251
20
-6.1412083070866137
11
5.475457598425197
21
-6.1407328740157476
0
LINE
8
BLACK
6
CONTINUOUS
10
5.475457598425197
20
-6.1407328740157476
11
5.4761690157480309
21
-6.1401020866141733
0
LINE
8
BLACK
6
CONTINUOUS
10
5.4761690157480309
20
-6.1401020866141733
11
5.4817932677165357
21
-6.1372899212598426
0
LINE
8
BLACK
6
CONTINUOUS
10
5.4817932677165357
20
-6.1372899212598426
11
5.4831232677165351
21
-6.1370177165354329
0
LINE
8
BLACK
6
CONTINUOUS
10
5.4831232677165351
20
-6.1370177165354329
11
5.4844343307086616
21
-6.1366664566929137
0
LINE
8
BLACK
6
CONTINUOUS
10
5.4844343307086616
20
-6.1366664566929137
11
5.4956829133858269
21
-6.1366664566929137
0
LINE
8
BLACK
6
CONTINUOUS
10
5.4956829133858269
20
-6.1366664566929137
11
5.4969939763779525
21
-6.1370177559055117
0
LINE
8
BLACK
6
CONTINUOUS
10
5.4823081889763774
20
-6.1502375590551184
11
5.4785181496062991
21
-6.1540276377952754
0
LINE
8
BLACK
6
CONTINUOUS
10
5.4785181496062991
20
-6.1540276377952754
11
5.4762790944881887
21
-6.1629838976377949
0
LINE
8
BLACK
6
CONTINUOUS
10
5.4762790944881887
20
-6.1629838976377949
11
5.4762790944881887
21
-6.1812151181102362
0
LINE
8
BLACK
6
CONTINUOUS
10
5.4762790944881887
20
-6.1812151181102362
11
5.4785181496062991
21
-6.1901714173228344
0
LINE
8
BLACK
6
CONTINUOUS
10
5.4785181496062991
20
-6.1901714173228344
11
5.4823081889763774
21
-6.1939614566929135
0
LINE
8
BLACK
6
CONTINUOUS
10
5.4823081889763774
20
-6.1939614566929135
11
5.4858284251968499
21
-6.1957215748031498
0
LINE
8
BLACK
6
CONTINUOUS
10
5.4858284251968499
20
-6.1957215748031498
11
5.4942888188976378
21
-6.1957215748031498
0
LINE
8
BLACK
6
CONTINUOUS
10
5.4942888188976378
20
-6.1957215748031498
11
5.4978089763779527
21
-6.1939614960629923
0
LINE
8
BLACK
6
CONTINUOUS
10
5.4978089763779527
20
-6.1939614960629923
11
5.501599015748031
21
-6.1901714173228344
0
LINE
8
BLACK
6
CONTINUOUS
10
5.501599015748031
20
-6.1901714173228344
11
5.5038381496062989
21
-6.1812150787401574
0
LINE
8
BLACK
6
CONTINUOUS
10
5.5038381496062989
20
-6.1812150787401574
11
5.5038381496062989
21
-6.1629839370078736
0
LINE
8
BLACK
6
CONTINUOUS
10
5.5038381496062989
20
-6.1629839370078736
11
5.501599015748031
21
-6.1540275984251966
0
LINE
8
BLACK
6
CONTINUOUS
10
5.501599015748031
20
-6.1540275984251966
11
5.4978090157480315
21
-6.1502375984251971
0
LINE
8
BLACK
6
CONTINUOUS
10
5.4978090157480315
20
-6.1502375984251971
11
5.4942888188976378
21
-6.1484774803149609
0
LINE
8
BLACK
6
CONTINUOUS
10
5.4942888188976378
20
-6.1484774803149609
11
5.4858284251968499
21
-6.1484774803149609
0
LINE
8
BLACK
6
CONTINUOUS
10
5.4858284251968499
20
-6.1484774803149609
11
5.4823081889763774
21
-6.1502375590551184
0
LINE
8
BLACK
6
CONTINUOUS
10
5.5942966141732287
20
-6.1367169685039364
11
5.5944881889763778
21
-6.1366786614173225
0
LINE
8
BLACK
6
CONTINUOUS
10
5.5944881889763778
20
-6.1366786614173225
11
5.5957623228346458
21
-6.1371096850393698
0
LINE
8
BLACK
6
CONTINUOUS
10
5.5957623228346458
20
-6.1371096850393698
11
5.5970608661417325
21
-6.1374576377952756
0
LINE
8
BLACK
6
CONTINUOUS
10
5.5970608661417325
20
-6.1374576377952756
11
5.5971988976377949
21
-6.137595669291338
0
LINE
8
BLACK
6
CONTINUOUS
10
5.5971988976377949
20
-6.137595669291338
11
5.597383897637795
21
-6.1376582677165352
0
LINE
8
BLACK
6
CONTINUOUS
10
5.597383897637795
20
-6.1376582677165352
11
5.5982717716535433
21
-6.1386685433070864
0
LINE
8
BLACK
6
CONTINUOUS
10
5.5982717716535433
20
-6.1386685433070864
11
5.5992224409448816
21
-6.1396192125984248
0
LINE
8
BLACK
6
CONTINUOUS
10
5.5992224409448816
20
-6.1396192125984248
11
5.5992729527559053
21
-6.139807716535433
0
LINE
8
BLACK
6
CONTINUOUS
10
5.5992729527559053
20
-6.139807716535433
11
5.5994018897637794
21
-6.1399544488188971
0
LINE
8
BLACK
6
CONTINUOUS
10
5.5994018897637794
20
-6.1399544488188971
11
5.5996656299212599
21
-6.1412733070866139
0
LINE
8
BLACK
6
CONTINUOUS
10
5.5996656299212599
20
-6.1412733070866139
11
5.6000136220472436
21
-6.1425719685039368
0
LINE
8
BLACK
6
CONTINUOUS
10
5.6000136220472436
20
-6.1425719685039368
11
5.6000136220472436
21
-6.1957215748031498
0
LINE
8
BLACK
6
CONTINUOUS
10
5.6000136220472436
20
-6.1957215748031498
11
5.6109810236220472
21
-6.1957215748031498
0
LINE
8
BLACK
6
CONTINUOUS
10
5.6109810236220472
20
-6.1957215748031498
11
5.6139337795275592
21
-6.1965127559055118
0
LINE
8
BLACK
6
CONTINUOUS
10
5.6139337795275592
20
-6.1965127559055118
11
5.6160953543307084
21
-6.1986743307086609
0
LINE
8
BLACK
6
CONTINUOUS
10
5.6160953543307084
20
-6.1986743307086609
11
5.6168865354330704
21
-6.2016270866141729
0
LINE
8
BLACK
6
CONTINUOUS
10
5.6168865354330704
20
-6.2016270866141729
11
5.6160953543307084
21
-6.204579842519685
0
LINE
8
BLACK
6
CONTINUOUS
10
5.6160953543307084
20
-6.204579842519685
11
5.6139337795275592
21
-6.2067414173228341
0
LINE
8
BLACK
6
CONTINUOUS
10
5.6139337795275592
20
-6.2067414173228341
11
5.6109810236220472
21
-6.207532598425197
0
LINE
8
BLACK
6
CONTINUOUS
10
5.6109810236220472
20
-6.207532598425197
11
5.5941081102362205
21
-6.207532598425197
0
LINE
8
BLACK
6
CONTINUOUS
10
5.5941081102362205
20
-6.207532598425197
11
5.5772352362204725
21
-6.207532598425197
0
LINE
8
BLACK
6
CONTINUOUS
10
5.5772352362204725
20
-6.207532598425197
11
5.5742824803149604
21
-6.2067414173228341
0
LINE
8
BLACK
6
CONTINUOUS
10
5.5742824803149604
20
-6.2067414173228341
11
5.5721209055118113
21
-6.204579842519685
0
LINE
8
BLACK
6
CONTINUOUS
10
5.5721209055118113
20
-6.204579842519685
11
5.5713297244094484
21
-6.2016270866141729
0
LINE
8
BLACK
6
CONTINUOUS
10
5.5713297244094484
20
-6.2016270866141729
11
5.5721209055118113
21
-6.1986743307086609
0
LINE
8
BLACK
6
CONTINUOUS
10
5.5721209055118113
20
-6.1986743307086609
11
5.5742824803149604
21
-6.1965127559055118
0
LINE
8
BLACK
6
CONTINUOUS
10
5.5742824803149604
20
-6.1965127559055118
11
5.5772352362204725
21
-6.1957215748031498
0
LINE
8
BLACK
6
CONTINUOUS
10
5.5772352362204725
20
-6.1957215748031498
11
5.5882025984251964
21
-6.1957215748031498
0
LINE
8
BLACK
6
CONTINUOUS
10
5.5882025984251964
20
-6.1957215748031498
11
5.5882025984251964
21
-6.1596412992125984
0
LINE
8
BLACK
6
CONTINUOUS
10
5.5882025984251964
20
-6.1596412992125984
11
5.587035354330709
21
-6.1608085433070867
0
LINE
8
BLACK
6
CONTINUOUS
10
5.587035354330709
20
-6.1608085433070867
11
5.5862118897637796
21
-6.161283937007874
0
LINE
8
BLACK
6
CONTINUOUS
10
5.5862118897637796
20
-6.161283937007874
11
5.5855005511811022
21
-6.1619147637795271
0
LINE
8
BLACK
6
CONTINUOUS
10
5.5855005511811022
20
-6.1619147637795271
11
5.5798762598425196
21
-6.1647269291338578
0
LINE
8
BLACK
6
CONTINUOUS
10
5.5798762598425196
20
-6.1647269291338578
11
5.5768814173228343
21
-6.1653398031496058
0
LINE
8
BLACK
6
CONTINUOUS
10
5.5768814173228343
20
-6.1653398031496058
11
5.5739813779527561
21
-6.1643731102362205
0
LINE
8
BLACK
6
CONTINUOUS
10
5.5739813779527561
20
-6.1643731102362205
11
5.5719531889763783
21
-6.1620859055118107
0
LINE
8
BLACK
6
CONTINUOUS
10
5.5719531889763783
20
-6.1620859055118107
11
5.5713403149606302
21
-6.1590910629921263
0
LINE
8
BLACK
6
CONTINUOUS
10
5.5713403149606302
20
-6.1590910629921263
11
5.5723070078740156
21
-6.1561910236220472
0
LINE
8
BLACK
6
CONTINUOUS
10
5.5723070078740156
20
-6.1561910236220472
11
5.5745942125984254
21
-6.1541628346456694
0
LINE
8
BLACK
6
CONTINUOUS
10
5.5745942125984254
20
-6.1541628346456694
11
5.579361338582677
21
-6.1517792125984254
0
LINE
8
BLACK
6
CONTINUOUS
10
5.579361338582677
20
-6.1517792125984254
11
5.5838944488188975
21
-6.1472461023622049
0
LINE
8
BLACK
6
CONTINUOUS
10
5.5838944488188975
20
-6.1472461023622049
11
5.5891944488188976
21
-6.1392961811023623
0
LINE
8
BLACK
6
CONTINUOUS
10
5.5891944488188976
20
-6.1392961811023623
11
5.5902044094488188
21
-6.1384085433070865
0
LINE
8
BLACK
6
CONTINUOUS
10
5.5902044094488188
20
-6.1384085433070865
11
5.5911553543307084
21
-6.1374576377952756
0
LINE
8
BLACK
6
CONTINUOUS
10
5.5911553543307084
20
-6.1374576377952756
11
5.5913439370078741
21
-6.1374070866141732
0
LINE
8
BLACK
6
CONTINUOUS
10
5.5913439370078741
20
-6.1374070866141732
11
5.5914906299212594
21
-6.1372781889763779
0
LINE
8
BLACK
6
CONTINUOUS
10
5.5914906299212594
20
-6.1372781889763779
11
5.5928095669291338
21
-6.1370143700787398
0
LINE
8
BLACK
6
CONTINUOUS
10
5.5928095669291338
20
-6.1370143700787398
11
5.5941081102362205
21
-6.1366664566929137
0
LINE
8
BLACK
6
CONTINUOUS
10
5.5941081102362205
20
-6.1366664566929137
11
5.5942966141732287
21
-6.1367169685039364
0
LINE
8
BLACK
6
CONTINUOUS
10
5.7000150787401571
20
-6.1567027952755904
11
5.7013450393700786
21
-6.1569749606299213
0
LINE
8
BLACK
6
CONTINUOUS
10
5.7013450393700786
20
-6.1569749606299213
11
5.7069693307086613
21
-6.159787125984252
0
LINE
8
BLACK
6
CONTINUOUS
10
5.7069693307086613
20
-6.159787125984252
11
5.7076806692913387
21
-6.1604179133858263
0
LINE
8
BLACK
6
CONTINUOUS
10
5.7076806692913387
20
-6.1604179133858263
11
5.7085040944881884
21
-6.1608933070866136
0
LINE
8
BLACK
6
CONTINUOUS
10
5.7085040944881884
20
-6.1608933070866136
11
5.7113162598425191
21
-6.1637054330708656
0
LINE
8
BLACK
6
CONTINUOUS
10
5.7113162598425191
20
-6.1637054330708656
11
5.7117916535433073
21
-6.1645288582677162
0
LINE
8
BLACK
6
CONTINUOUS
10
5.7117916535433073
20
-6.1645288582677162
11
5.7124225196850391
21
-6.1652402755905511
0
LINE
8
BLACK
6
CONTINUOUS
10
5.7124225196850391
20
-6.1652402755905511
11
5.7152346456692911
21
-6.1708646062992125
0
LINE
8
BLACK
6
CONTINUOUS
10
5.7152346456692911
20
-6.1708646062992125
11
5.7155067322834645
21
-6.1721943307086615
0
LINE
8
BLACK
6
CONTINUOUS
10
5.7155067322834645
20
-6.1721943307086615
11
5.71585811023622
21
-6.1735055905511809
0
LINE
8
BLACK
6
CONTINUOUS
10
5.71585811023622
20
-6.1735055905511809
11
5.71585811023622
21
-6.1903785039370076
0
LINE
8
BLACK
6
CONTINUOUS
10
5.71585811023622
20
-6.1903785039370076
11
5.7155067322834645
21
-6.1916897244094491
0
LINE
8
BLACK
6
CONTINUOUS
10
5.7155067322834645
20
-6.1916897244094491
11
5.7152346456692911
21
-6.193019488188976
0
LINE
8
BLACK
6
CONTINUOUS
10
5.7152346456692911
20
-6.193019488188976
11
5.7124225196850391
21
-6.1986438188976374
0
LINE
8
BLACK
6
CONTINUOUS
10
5.7124225196850391
20
-6.1986438188976374
11
5.7117916535433073
21
-6.1993551968503935
0
LINE
8
BLACK
6
CONTINUOUS
10
5.7117916535433073
20
-6.1993551968503935
11
5.7113162992125979
21
-6.2001786220472441
0
LINE
8
BLACK
6
CONTINUOUS
10
5.7113162992125979
20
-6.2001786220472441
11
5.7085041338582672
21
-6.2029907874015748
0
LINE
8
BLACK
6
CONTINUOUS
10
5.7085041338582672
20
-6.2029907874015748
11
5.7076807086614174
21
-6.2034661417322834
0
LINE
8
BLACK
6
CONTINUOUS
10
5.7076807086614174
20
-6.2034661417322834
11
5.7069693307086613
21
-6.2040970078740152
0
LINE
8
BLACK
6
CONTINUOUS
10
5.7069693307086613
20
-6.2040970078740152
11
5.7013450393700786
21
-6.2069091338582671
0
LINE
8
BLACK
6
CONTINUOUS
10
5.7013450393700786
20
-6.2069091338582671
11
5.7000151574803146
21
-6.2071812598425193
0
LINE
8
BLACK
6
CONTINUOUS
10
5.7000151574803146
20
-6.2071812598425193
11
5.6987040157480315
21
-6.207532598425197
0
LINE
8
BLACK
6
CONTINUOUS
10
5.6987040157480315
20
-6.207532598425197
11
5.6902675590551182
21
-6.207532598425197
0
LINE
8
BLACK
6
CONTINUOUS
10
5.6902675590551182
20
-6.207532598425197
11
5.6889562992125979
21
-6.2071812204724406
0
LINE
8
BLACK
6
CONTINUOUS
10
5.6889562992125979
20
-6.2071812204724406
11
5.6876265748031498
21
-6.2069091338582671
0
LINE
8
BLACK
6
CONTINUOUS
10
5.6876265748031498
20
-6.2069091338582671
11
5.6820022440944884
21
-6.2040970078740152
0
LINE
8
BLACK
6
CONTINUOUS
10
5.6820022440944884
20
-6.2040970078740152
11
5.6812908267716535
21
-6.2034661417322834
0
LINE
8
BLACK
6
CONTINUOUS
10
5.6812908267716535
20
-6.2034661417322834
11
5.6804674409448817
21
-6.2029907874015748
0
LINE
8
BLACK
6
CONTINUOUS
10
5.6804674409448817
20
-6.2029907874015748
11
5.6776552755905509
21
-6.2001786220472441
0
LINE
8
BLACK
6
CONTINUOUS
10
5.6776552755905509
20
-6.2001786220472441
11
5.6771798818897636
21
-6.1993551968503935
0
LINE
8
BLACK
6
CONTINUOUS
10
5.6771798818897636
20
-6.1993551968503935
11
5.6765490551181097
21
-6.1986438188976374
0
LINE
8
BLACK
6
CONTINUOUS
10
5.6765490551181097
20
-6.1986438188976374
11
5.6737369291338577
21
-6.1930195275590547
0
LINE
8
BLACK
6
CONTINUOUS
10
5.6737369291338577
20
-6.1930195275590547
11
5.6734647637795277
21
-6.1916896456692916
0
LINE
8
BLACK
6
CONTINUOUS
10
5.6734647637795277
20
-6.1916896456692916
11
5.6731134645669288
21
-6.1903785039370076
0
LINE
8
BLACK
6
CONTINUOUS
10
5.6731134645669288
20
-6.1903785039370076
11
5.6731134645669288
21
-6.1735055905511809
0
LINE
8
BLACK
6
CONTINUOUS
10
5.6731134645669288
20
-6.1735055905511809
11
5.6734647637795277
21
-6.172194409448819
0
LINE
8
BLACK
6
CONTINUOUS
10
5.6734647637795277
20
-6.172194409448819
11
5.6737369291338577
21
-6.1708645669291338
0
LINE
8
BLACK
6
CONTINUOUS
10
5.6737369291338577
20
-6.1708645669291338
11
5.6765490551181097
21
-6.1652402755905511
0
LINE
8
BLACK
6
CONTINUOUS
10
5.6765490551181097
20
-6.1652402755905511
11
5.6771798818897636
21
-6.1645288582677162
0
LINE
8
BLACK
6
CONTINUOUS
10
5.6771798818897636
20
-6.1645288582677162
11
5.6776553149606297
21
-6.1637054330708656
0
LINE
8
BLACK
6
CONTINUOUS
10
5.6776553149606297
20
-6.1637054330708656
11
5.6804674803149604
21
-6.1608933070866136
0
LINE
8
BLACK
6
CONTINUOUS
10
5.6804674803149604
20
-6.1608933070866136
11
5.6812908661417323
21
-6.1604179133858263
0
LINE
8
BLACK
6
CONTINUOUS
10
5.6812908661417323
20
-6.1604179133858263
11
5.6820022440944884
21
-6.159787125984252
0
LINE
8
BLACK
6
CONTINUOUS
10
5.6820022440944884
20
-6.159787125984252
11
5.6876264960629923
21
-6.1569749606299213
0
LINE
8
BLACK
6
CONTINUOUS
10
5.6876264960629923
20
-6.1569749606299213
11
5.6889564960629917
21
-6.1567027559055116
0
LINE
8
BLACK
6
CONTINUOUS
10
5.6889564960629917
20
-6.1567027559055116
11
5.6902675590551182
21
-6.1563514960629924
0
LINE
8
BLACK
6
CONTINUOUS
10
5.6902675590551182
20
-6.1563514960629924
11
5.6987040157480315
21
-6.1563514960629924
0
LINE
8
BLACK
6
CONTINUOUS
10
5.6987040157480315
20
-6.1563514960629924
11
5.7000150787401571
21
-6.1567027952755904
0
LINE
8
BLACK
6
CONTINUOUS
10
5.6881414173228348
20
-6.1699226377952758
11
5.6866845275590547
21
-6.1713795275590551
0
LINE
8
BLACK
6
CONTINUOUS
10
5.6866845275590547
20
-6.1713795275590551
11
5.684924488188976
21
-6.1748996456692913
0
LINE
8
BLACK
6
CONTINUOUS
10
5.684924488188976
20
-6.1748996456692913
11
5.684924488188976
21
-6.1889844094488184
0
LINE
8
BLACK
6
CONTINUOUS
10
5.684924488188976
20
-6.1889844094488184
11
5.6866845275590547
21
-6.1925045669291334
0
LINE
8
BLACK
6
CONTINUOUS
10
5.6866845275590547
20
-6.1925045669291334
11
5.6881414173228348
21
-6.1939614566929135
0
LINE
8
BLACK
6
CONTINUOUS
10
5.6881414173228348
20
-6.1939614566929135
11
5.6916616535433073
21
-6.1957215748031498
0
LINE
8
BLACK
6
CONTINUOUS
10
5.6916616535433073
20
-6.1957215748031498
11
5.6973099212598424
21
-6.1957215748031498
0
LINE
8
BLACK
6
CONTINUOUS
10
5.6973099212598424
20
-6.1957215748031498
11
5.7008300787401573
21
-6.1939614960629923
0
LINE
8
BLACK
6
CONTINUOUS
10
5.7008300787401573
20
-6.1939614960629923
11
5.7022869685039366
21
-6.1925046062992122
0
LINE
8
BLACK
6
CONTINUOUS
10
5.7022869685039366
20
-6.1925046062992122
11
5.7040470866141728
21
-6.1889844094488184
0
LINE
8
BLACK
6
CONTINUOUS
10
5.7040470866141728
20
-6.1889844094488184
11
5.7040470866141728
21
-6.1748996456692913
0
LINE
8
BLACK
6
CONTINUOUS
10
5.7040470866141728
20
-6.1748996456692913
11
5.7022870078740153
21
-6.1713794881889763
0
LINE
8
BLACK
6
CONTINUOUS
10
5.7022870078740153
20
-6.1713794881889763
11
5.7008301574803149
21
-6.1699226377952758
0
LINE
8
BLACK
6
CONTINUOUS
10
5.7008301574803149
20
-6.1699226377952758
11
5.6973099212598424
21
-6.1681625196850396
0
LINE
8
BLACK
6
CONTINUOUS
10
5.6973099212598424
20
-6.1681625196850396
11
5.6916616535433073
21
-6.1681625196850396
0
LINE
8
BLACK
6
CONTINUOUS
10
5.6916616535433073
20
-6.1681625196850396
11
5.6881414173228348
21
-6.1699226377952758
0
LINE
8
BLACK
6
CONTINUOUS
10
5.8542905905511811
20
-6.1369125196850396
11
5.8552396456692914
21
-6.1369695275590548
0
LINE
8
BLACK
6
CONTINUOUS
10
5.8552396456692914
20
-6.1369695275590548
11
5.8636761023622048
21
-6.1397816535433067
0
LINE
8
BLACK
6
CONTINUOUS
10
5.8636761023622048
20
-6.1397816535433067
11
5.8648089763779527
21
-6.1405296456692913
0
LINE
8
BLACK
6
CONTINUOUS
10
5.8648089763779527
20
-6.1405296456692913
11
5.8659844488188977
21
-6.1412083070866137
0
LINE
8
BLACK
6
CONTINUOUS
10
5.8659844488188977
20
-6.1412083070866137
11
5.8687965748031496
21
-6.1440204330708656
0
LINE
8
BLACK
6
CONTINUOUS
10
5.8687965748031496
20
-6.1440204330708656
11
5.870325039370079
21
-6.1466677952755902
0
LINE
8
BLACK
6
CONTINUOUS
10
5.870325039370079
20
-6.1466677952755902
11
5.870325039370079
21
-6.1497247244094488
0
LINE
8
BLACK
6
CONTINUOUS
10
5.870325039370079
20
-6.1497247244094488
11
5.8687965748031496
21
-6.1523720866141733
0
LINE
8
BLACK
6
CONTINUOUS
10
5.8687965748031496
20
-6.1523720866141733
11
5.8661492125984251
21
-6.1539005511811018
0
LINE
8
BLACK
6
CONTINUOUS
10
5.8661492125984251
20
-6.1539005511811018
11
5.8630922834645665
21
-6.1539005511811018
0
LINE
8
BLACK
6
CONTINUOUS
10
5.8630922834645665
20
-6.1539005511811018
11
5.860444921259842
21
-6.1523720866141733
0
LINE
8
BLACK
6
CONTINUOUS
10
5.860444921259842
20
-6.1523720866141733
11
5.8586185433070863
21
-6.1505457086614168
0
LINE
8
BLACK
6
CONTINUOUS
10
5.8586185433070863
20
-6.1505457086614168
11
5.8524138976377955
21
-6.1484774803149609
0
LINE
8
BLACK
6
CONTINUOUS
10
5.8524138976377955
20
-6.1484774803149609
11
5.8487062598425199
21
-6.1484774803149609
0
LINE
8
BLACK
6
CONTINUOUS
10
5.8487062598425199
20
-6.1484774803149609
11
5.8425014566929132
21
-6.1505457086614168
0
LINE
8
BLACK
6
CONTINUOUS
10
5.8425014566929132
20
-6.1505457086614168
11
5.8385405905511814
21
-6.1545065748031496
0
LINE
8
BLACK
6
CONTINUOUS
10
5.8385405905511814
20
-6.1545065748031496
11
5.8364468503937008
21
-6.1586939763779522
0
LINE
8
BLACK
6
CONTINUOUS
10
5.8364468503937008
20
-6.1586939763779522
11
5.8339683464566932
21
-6.1686081889763775
0
LINE
8
BLACK
6
CONTINUOUS
10
5.8339683464566932
20
-6.1686081889763775
11
5.8339683464566932
21
-6.1755908267716535
0
LINE
8
BLACK
6
CONTINUOUS
10
5.8339683464566932
20
-6.1755908267716535
11
5.8364468503937008
21
-6.1855050393700788
0
LINE
8
BLACK
6
CONTINUOUS
10
5.8364468503937008
20
-6.1855050393700788
11
5.8385405905511814
21
-6.1896924409448815
0
LINE
8
BLACK
6
CONTINUOUS
10
5.8385405905511814
20
-6.1896924409448815
11
5.8425014173228345
21
-6.1936533070866142
0
LINE
8
BLACK
6
CONTINUOUS
10
5.8425014173228345
20
-6.1936533070866142
11
5.8487062598425199
21
-6.1957215748031498
0
LINE
8
BLACK
6
CONTINUOUS
10
5.8487062598425199
20
-6.1957215748031498
11
5.8524137795275593
21
-6.1957215748031498
0
LINE
8
BLACK
6
CONTINUOUS
10
5.8524137795275593
20
-6.1957215748031498
11
5.8586185826771651
21
-6.1936533070866142
0
LINE
8
BLACK
6
CONTINUOUS
10
5.8586185826771651
20
-6.1936533070866142
11
5.8604448818897632
21
-6.1918270078740152
0
LINE
8
BLACK
6
CONTINUOUS
10
5.8604448818897632
20
-6.1918270078740152
11
5.8630922440944877
21
-6.190298503937008
0
LINE
8
BLACK
6
CONTINUOUS
10
5.8630922440944877
20
-6.190298503937008
11
5.8661491732283464
21
-6.190298503937008
0
LINE
8
BLACK
6
CONTINUOUS
10
5.8661491732283464
20
-6.190298503937008
11
5.8687965354330709
21
-6.1918269291338586
0
LINE
8
BLACK
6
CONTINUOUS
10
5.8687965354330709
20
-6.1918269291338586
11
5.870325039370079
21
-6.1944742913385822
0
LINE
8
BLACK
6
CONTINUOUS
10
5.870325039370079
20
-6.1944742913385822
11
5.870325039370079
21
-6.1975312204724409
0
LINE
8
BLACK
6
CONTINUOUS
10
5.870325039370079
20
-6.1975312204724409
11
5.8687966141732284
21
-6.2001785826771654
0
LINE
8
BLACK
6
CONTINUOUS
10
5.8687966141732284
20
-6.2001785826771654
11
5.8659844881889764
21
-6.2029907480314961
0
LINE
8
BLACK
6
CONTINUOUS
10
5.8659844881889764
20
-6.2029907480314961
11
5.8648089763779527
21
-6.2036694094488185
0
LINE
8
BLACK
6
CONTINUOUS
10
5.8648089763779527
20
-6.2036694094488185
11
5.8636761023622048
21
-6.2044174409448818
0
LINE
8
BLACK
6
CONTINUOUS
10
5.8636761023622048
20
-6.2044174409448818
11
5.8552396456692914
21
-6.2072295669291337
0
LINE
8
BLACK
6
CONTINUOUS
10
5.8552396456692914
20
-6.2072295669291337
11
5.8542904724409448
21
-6.2072865354330711
0
LINE
8
BLACK
6
CONTINUOUS
10
5.8542904724409448
20
-6.2072865354330711
11
5.8533721653543305
21
-6.207532598425197
0
LINE
8
BLACK
6
CONTINUOUS
10
5.8533721653543305
20
-6.207532598425197
11
5.8477478740157478
21
-6.207532598425197
0
LINE
8
BLACK
6
CONTINUOUS
10
5.8477478740157478
20
-6.207532598425197
11
5.8468295275590547
21
-6.2072865354330711
0
LINE
8
BLACK
6
CONTINUOUS
10
5.8468295275590547
20
-6.2072865354330711
11
5.8458803937007868
21
-6.2072295669291337
0
LINE
8
BLACK
6
CONTINUOUS
10
5.8458803937007868
20
-6.2072295669291337
11
5.8374439370078735
21
-6.2044174409448818
0
LINE
8
BLACK
6
CONTINUOUS
10
5.8374439370078735
20
-6.2044174409448818
11
5.836311141732283
21
-6.203669488188976
0
LINE
8
BLACK
6
CONTINUOUS
10
5.836311141732283
20
-6.203669488188976
11
5.8351355905511806
21
-6.2029907874015748
0
LINE
8
BLACK
6
CONTINUOUS
10
5.8351355905511806
20
-6.2029907874015748
11
5.8295112992125979
21
-6.1973664566929134
0
LINE
8
BLACK
6
CONTINUOUS
10
5.8295112992125979
20
-6.1973664566929134
11
5.8290358661417319
21
-6.1965430314960628
0
LINE
8
BLACK
6
CONTINUOUS
10
5.8290358661417319
20
-6.1965430314960628
11
5.8284050787401576
21
-6.1958316535433067
0
LINE
8
BLACK
6
CONTINUOUS
10
5.8284050787401576
20
-6.1958316535433067
11
5.8255929133858269
21
-6.190207362204724
0
LINE
8
BLACK
6
CONTINUOUS
10
5.8255929133858269
20
-6.190207362204724
11
5.8254621653543301
21
-6.1895685826771656
0
LINE
8
BLACK
6
CONTINUOUS
10
5.8254621653543301
20
-6.1895685826771656
11
5.8251457874015751
21
-6.1889986220472437
0
LINE
8
BLACK
6
CONTINUOUS
10
5.8251457874015751
20
-6.1889986220472437
11
5.8223336614173231
21
-6.1777500393700784
0
LINE
8
BLACK
6
CONTINUOUS
10
5.8223336614173231
20
-6.1777500393700784
11
5.8223459055118107
21
-6.1770215748031498
0
LINE
8
BLACK
6
CONTINUOUS
10
5.8223459055118107
20
-6.1770215748031498
11
5.8221573228346459
21
-6.1763177559055116
0
LINE
8
BLACK
6
CONTINUOUS
10
5.8221573228346459
20
-6.1763177559055116
11
5.8221573228346459
21
-6.1678812992125982
0
LINE
8
BLACK
6
CONTINUOUS
10
5.8221573228346459
20
-6.1678812992125982
11
5.8223459055118107
21
-6.1671774409448821
0
LINE
8
BLACK
6
CONTINUOUS
10
5.8223459055118107
20
-6.1671774409448821
11
5.8223336614173231
21
-6.1664490157480314
0
LINE
8
BLACK
6
CONTINUOUS
10
5.8223336614173231
20
-6.1664490157480314
11
5.8251457874015751
21
-6.1552004330708661
0
LINE
8
BLACK
6
CONTINUOUS
10
5.8251457874015751
20
-6.1552004330708661
11
5.8254621653543301
21
-6.1546304330708663
0
LINE
8
BLACK
6
CONTINUOUS
10
5.8254621653543301
20
-6.1546304330708663
11
5.8255929133858269
21
-6.1539916929133858
0
LINE
8
BLACK
6
CONTINUOUS
10
5.8255929133858269
20
-6.1539916929133858
11
5.8284050787401576
21
-6.1483674015748031
0
LINE
8
BLACK
6
CONTINUOUS
10
5.8284050787401576
20
-6.1483674015748031
11
5.8290358661417319
21
-6.147656023622047
0
LINE
8
BLACK
6
CONTINUOUS
10
5.8290358661417319
20
-6.147656023622047
11
5.8295112992125979
21
-6.1468325984251964
0
LINE
8
BLACK
6
CONTINUOUS
10
5.8295112992125979
20
-6.1468325984251964
11
5.8351355905511806
21
-6.1412083070866137
0
LINE
8
BLACK
6
CONTINUOUS
10
5.8351355905511806
20
-6.1412083070866137
11
5.836311141732283
21
-6.1405295669291338
0
LINE
8
BLACK
6
CONTINUOUS
10
5.836311141732283
20
-6.1405295669291338
11
5.8374439370078735
21
-6.1397816929133855
0
LINE
8
BLACK
6
CONTINUOUS
10
5.8374439370078735
20
-6.1397816929133855
11
5.845880354330709
21
-6.1369695275590548
0
LINE
8
BLACK
6
CONTINUOUS
10
5.845880354330709
20
-6.1369695275590548
11
5.8468294094488185
21
-6.1369125196850396
0
LINE
8
BLACK
6
CONTINUOUS
10
5.8468294094488185
20
-6.1369125196850396
11
5.8477478740157478
21
-6.1366664566929137
0
LINE
8
BLACK
6
CONTINUOUS
10
5.8477478740157478
20
-6.1366664566929137
11
5.8533721653543305
21
-6.1366664566929137
0
LINE
8
BLACK
6
CONTINUOUS
10
5.8533721653543305
20
-6.1366664566929137
11
5.8542905905511811
21
-6.1369125196850396
0
LINE
8
BLACK
6
CONTINUOUS
10
5.9133457086614172
20
-6.1369125196850396
11
5.9142947637795276
21
-6.1369695275590548
0
LINE
8
BLACK
6
CONTINUOUS
10
5.9142947637795276
20
-6.1369695275590548
11
5.9227312204724409
21
-6.1397816535433067
0
LINE
8
BLACK
6
CONTINUOUS
10
5.9227312204724409
20
-6.1397816535433067
11
5.9238640944881888
21
-6.1405296456692913
0
LINE
8
BLACK
6
CONTINUOUS
10
5.9238640944881888
20
-6.1405296456692913
11
5.9250395669291338
21
-6.1412083070866137
0
LINE
8
BLACK
6
CONTINUOUS
10
5.9250395669291338
20
-6.1412083070866137
11
5.9278516929133858
21
-6.1440204330708656
0
LINE
8
BLACK
6
CONTINUOUS
10
5.9278516929133858
20
-6.1440204330708656
11
5.9293801574803151
21
-6.1466677952755902
0
LINE
8
BLACK
6
CONTINUOUS
10
5.9293801574803151
20
-6.1466677952755902
11
5.9293801574803151
21
-6.1497247244094488
0
LINE
8
BLACK
6
CONTINUOUS
10
5.9293801574803151
20
-6.1497247244094488
11
5.9278516929133858
21
-6.1523720866141733
0
LINE
8
BLACK
6
CONTINUOUS
10
5.9278516929133858
20
-6.1523720866141733
11
5.9252043307086613
21
-6.1539005511811018
0
LINE
8
BLACK
6
CONTINUOUS
10
5.9252043307086613
20
-6.1539005511811018
11
5.9221474015748026
21
-6.1539005511811018
0
LINE
8
BLACK
6
CONTINUOUS
10
5.9221474015748026
20
-6.1539005511811018
11
5.919500039370079
21
-6.1523720866141733
0
LINE
8
BLACK
6
CONTINUOUS
10
5.919500039370079
20
-6.1523720866141733
11
5.9176736614173224
21
-6.1505457086614168
0
LINE
8
BLACK
6
CONTINUOUS
10
5.9176736614173224
20
-6.1505457086614168
11
5.9114690157480316
21
-6.1484774803149609
0
LINE
8
BLACK
6
CONTINUOUS
10
5.9114690157480316
20
-6.1484774803149609
11
5.907761377952756
21
-6.1484774803149609
0
LINE
8
BLACK
6
CONTINUOUS
10
5.907761377952756
20
-6.1484774803149609
11
5.9015565748031493
21
-6.1505457086614168
0
LINE
8
BLACK
6
CONTINUOUS
10
5.9015565748031493
20
-6.1505457086614168
11
5.8975957086614175
21
-6.1545065748031496
0
LINE
8
BLACK
6
CONTINUOUS
10
5.8975957086614175
20
-6.1545065748031496
11
5.8955019685039369
21
-6.1586939763779522
0
LINE
8
BLACK
6
CONTINUOUS
10
5.8955019685039369
20
-6.1586939763779522
11
5.8930234645669293
21
-6.1686081889763775
0
LINE
8
BLACK
6
CONTINUOUS
10
5.8930234645669293
20
-6.1686081889763775
11
5.8930234645669293
21
-6.1755908267716535
0
LINE
8
BLACK
6
CONTINUOUS
10
5.8930234645669293
20
-6.1755908267716535
11
5.8955019685039369
21
-6.1855050393700788
0
LINE
8
BLACK
6
CONTINUOUS
10
5.8955019685039369
20
-6.1855050393700788
11
5.8975957086614175
21
-6.1896924409448815
0
LINE
8
BLACK
6
CONTINUOUS
10
5.8975957086614175
20
-6.1896924409448815
11
5.9015565354330706
21
-6.1936533070866142
0
LINE
8
BLACK
6
CONTINUOUS
10
5.9015565354330706
20
-6.1936533070866142
11
5.907761377952756
21
-6.1957215748031498
0
LINE
8
BLACK
6
CONTINUOUS
10
5.907761377952756
20
-6.1957215748031498
11
5.9114688976377954
21
-6.1957215748031498
0
LINE
8
BLACK
6
CONTINUOUS
10
5.9114688976377954
20
-6.1957215748031498
11
5.9176737007874012
21
-6.1936533070866142
0
LINE
8
BLACK
6
CONTINUOUS
10
5.9176737007874012
20
-6.1936533070866142
11
5.9195000000000002
21
-6.1918270078740152
0
LINE
8
BLACK
6
CONTINUOUS
10
5.9195000000000002
20
-6.1918270078740152
11
5.9221473622047247
21
-6.190298503937008
0
LINE
8
BLACK
6
CONTINUOUS
10
5.9221473622047247
20
-6.190298503937008
11
5.9252042913385825
21
-6.190298503937008
0
LINE
8
BLACK
6
CONTINUOUS
10
5.9252042913385825
20
-6.190298503937008
11
5.927851653543307
21
-6.1918269291338586
0
LINE
8
BLACK
6
CONTINUOUS
10
5.927851653543307
20
-6.1918269291338586
11
5.9293801574803151
21
-6.1944742913385822
0
LINE
8
BLACK
6
CONTINUOUS
10
5.9293801574803151
20
-6.1944742913385822
11
5.9293801574803151
21
-6.1975312204724409
0
LINE
8
BLACK
6
CONTINUOUS
10
5.9293801574803151
20
-6.1975312204724409
11
5.9278517322834645
21
-6.2001785826771654
0
LINE
8
BLACK
6
CONTINUOUS
10
5.9278517322834645
20
-6.2001785826771654
11
5.9250396062992126
21
-6.2029907480314961
0
LINE
8
BLACK
6
CONTINUOUS
10
5.9250396062992126
20
-6.2029907480314961
11
5.9238640944881888
21
-6.2036694094488185
0
LINE
8
BLACK
6
CONTINUOUS
10
5.9238640944881888
20
-6.2036694094488185
11
5.9227312204724409
21
-6.2044174409448818
0
LINE
8
BLACK
6
CONTINUOUS
10
5.9227312204724409
20
-6.2044174409448818
11
5.9142947637795276
21
-6.2072295669291337
0
LINE
8
BLACK
6
CONTINUOUS
10
5.9142947637795276
20
-6.2072295669291337
11
5.9133455905511809
21
-6.2072865354330711
0
LINE
8
BLACK
6
CONTINUOUS
10
5.9133455905511809
20
-6.2072865354330711
11
5.9124272834645666
21
-6.207532598425197
0
LINE
8
BLACK
6
CONTINUOUS
10
5.9124272834645666
20
-6.207532598425197
11
5.9068029921259839
21
-6.207532598425197
0
LINE
8
BLACK
6
CONTINUOUS
10
5.9068029921259839
20
-6.207532598425197
11
5.9058846456692908
21
-6.2072865354330711
0
LINE
8
BLACK
6
CONTINUOUS
10
5.9058846456692908
20
-6.2072865354330711
11
5.9049355118110238
21
-6.2072295669291337
0
LINE
8
BLACK
6
CONTINUOUS
10
5.9049355118110238
20
-6.2072295669291337
11
5.8964990551181105
21
-6.2044174409448818
0
LINE
8
BLACK
6
CONTINUOUS
10
5.8964990551181105
20
-6.2044174409448818
11
5.8953662598425192
21
-6.203669488188976
0
LINE
8
BLACK
6
CONTINUOUS
10
5.8953662598425192
20
-6.203669488188976
11
5.8941907086614176
21
-6.2029907874015748
0
LINE
8
BLACK
6
CONTINUOUS
10
5.8941907086614176
20
-6.2029907874015748
11
5.8885664173228349
21
-6.1973664566929134
0
LINE
8
BLACK
6
CONTINUOUS
10
5.8885664173228349
20
-6.1973664566929134
11
5.888090984251968
21
-6.1965430314960628
0
LINE
8
BLACK
6
CONTINUOUS
10
5.888090984251968
20
-6.1965430314960628
11
5.8874601968503937
21
-6.1958316535433067
0
LINE
8
BLACK
6
CONTINUOUS
10
5.8874601968503937
20
-6.1958316535433067
11
5.884648031496063
21
-6.190207362204724
0
LINE
8
BLACK
6
CONTINUOUS
10
5.884648031496063
20
-6.190207362204724
11
5.8845172834645672
21
-6.1895685826771656
0
LINE
8
BLACK
6
CONTINUOUS
10
5.8845172834645672
20
-6.1895685826771656
11
5.8842009055118112
21
-6.1889986220472437
0
LINE
8
BLACK
6
CONTINUOUS
10
5.8842009055118112
20
-6.1889986220472437
11
5.8813887795275592
21
-6.1777500393700784
0
LINE
8
BLACK
6
CONTINUOUS
10
5.8813887795275592
20
-6.1777500393700784
11
5.8814010236220469
21
-6.1770215748031498
0
LINE
8
BLACK
6
CONTINUOUS
10
5.8814010236220469
20
-6.1770215748031498
11
5.881212440944882
21
-6.1763177559055116
0
LINE
8
BLACK
6
CONTINUOUS
10
5.881212440944882
20
-6.1763177559055116
11
5.881212440944882
21
-6.1678812992125982
0
LINE
8
BLACK
6
CONTINUOUS
10
5.881212440944882
20
-6.1678812992125982
11
5.8814010236220469
21
-6.1671774409448821
0
LINE
8
BLACK
6
CONTINUOUS
10
5.8814010236220469
20
-6.1671774409448821
11
5.8813887795275592
21
-6.1664490157480314
0
LINE
8
BLACK
6
CONTINUOUS
10
5.8813887795275592
20
-6.1664490157480314
11
5.8842009055118112
21
-6.1552004330708661
0
LINE
8
BLACK
6
CONTINUOUS
10
5.8842009055118112
20
-6.1552004330708661
11
5.8845172834645672
21
-6.1546304330708663
0
LINE
8
BLACK
6
CONTINUOUS
10
5.8845172834645672
20
-6.1546304330708663
11
5.884648031496063
21
-6.1539916929133858
0
LINE
8
BLACK
6
CONTINUOUS
10
5.884648031496063
20
-6.1539916929133858
11
5.8874601968503937
21
-6.1483674015748031
0
LINE
8
BLACK
6
CONTINUOUS
10
5.8874601968503937
20
-6.1483674015748031
11
5.888090984251968
21
-6.147656023622047
0
LINE
8
BLACK
6
CONTINUOUS
10
5.888090984251968
20
-6.147656023622047
11
5.8885664173228349
21
-6.1468325984251964
0
LINE
8
BLACK
6
CONTINUOUS
10
5.8885664173228349
20
-6.1468325984251964
11
5.8941907086614176
21
-6.1412083070866137
0
LINE
8
BLACK
6
CONTINUOUS
10
5.8941907086614176
20
-6.1412083070866137
11
5.8953662598425192
21
-6.1405295669291338
0
LINE
8
BLACK
6
CONTINUOUS
10
5.8953662598425192
20
-6.1405295669291338
11
5.8964990551181105
21
-6.1397816929133855
0
LINE
8
BLACK
6
CONTINUOUS
10
5.8964990551181105
20
-6.1397816929133855
11
5.9049354724409451
21
-6.1369695275590548
0
LINE
8
BLACK
6
CONTINUOUS
10
5.9049354724409451
20
-6.1369695275590548
11
5.9058845275590546
21
-6.1369125196850396
0
LINE
8
BLACK
6
CONTINUOUS
10
5.9058845275590546
20
-6.1369125196850396
11
5.9068029921259839
21
-6.1366664566929137
0
LINE
8
BLACK
6
CONTINUOUS
10
5.9068029921259839
20
-6.1366664566929137
11
5.9124272834645666
21
-6.1366664566929137
0
LINE
8
BLACK
6
CONTINUOUS
10
5.9124272834645666
20
-6.1366664566929137
11
5.9133457086614172
21
-6.1369125196850396
0
LINE
8
BLACK
6
CONTINUOUS
10
5.8130574409448821
20
-6.136969488188976
11
5.8156085039370078
21
-6.1386538188976374
0
LINE
8
BLACK
6
CONTINUOUS
10
5.8156085039370078
20
-6.1386538188976374
11
5.8169755905511806
21
-6.1413880314960627
0
LINE
8
BLACK
6
CONTINUOUS
10
5.8169755905511806
20
-6.1413880314960627
11
5.8167924409448819
21
-6.1444394488188978
0
LINE
8
BLACK
6
CONTINUOUS
10
5.8167924409448819
20
-6.1444394488188978
11
5.7971073622047244
21
-6.2034945669291339
0
LINE
8
BLACK
6
CONTINUOUS
10
5.7971073622047244
20
-6.2034945669291339
11
5.7964539763779523
21
-6.2044841338582675
0
LINE
8
BLACK
6
CONTINUOUS
10
5.7964539763779523
20
-6.2044841338582675
11
5.7959234645669291
21
-6.2055452362204724
0
LINE
8
BLACK
6
CONTINUOUS
10
5.7959234645669291
20
-6.2055452362204724
11
5.7956220078740159
21
-6.205744251968504
0
LINE
8
BLACK
6
CONTINUOUS
10
5.7956220078740159
20
-6.205744251968504
11
5.7954230708661418
21
-6.2060455905511809
0
LINE
8
BLACK
6
CONTINUOUS
10
5.7954230708661418
20
-6.2060455905511809
11
5.7943623228346457
21
-6.20657594488189
0
LINE
8
BLACK
6
CONTINUOUS
10
5.7943623228346457
20
-6.20657594488189
11
5.7933724015748034
21
-6.2072295669291337
0
LINE
8
BLACK
6
CONTINUOUS
10
5.7933724015748034
20
-6.2072295669291337
11
5.7930118503937003
21
-6.2072511811023618
0
LINE
8
BLACK
6
CONTINUOUS
10
5.7930118503937003
20
-6.2072511811023618
11
5.7926888582677165
21
-6.2074127165354334
0
LINE
8
BLACK
6
CONTINUOUS
10
5.7926888582677165
20
-6.2074127165354334
11
5.7915050393700787
21
-6.2073416141732283
0
LINE
8
BLACK
6
CONTINUOUS
10
5.7915050393700787
20
-6.2073416141732283
11
5.7903209842519683
21
-6.2074127165354334
0
LINE
8
BLACK
6
CONTINUOUS
10
5.7903209842519683
20
-6.2074127165354334
11
5.7899978740157483
21
-6.2072511417322831
0
LINE
8
BLACK
6
CONTINUOUS
10
5.7899978740157483
20
-6.2072511417322831
11
5.7896374409448814
21
-6.207229527559055
0
LINE
8
BLACK
6
CONTINUOUS
10
5.7896374409448814
20
-6.207229527559055
11
5.7886478346456691
21
-6.2065761417322829
0
LINE
8
BLACK
6
CONTINUOUS
10
5.7886478346456691
20
-6.2065761417322829
11
5.787586771653543
21
-6.2060456299212596
0
LINE
8
BLACK
6
CONTINUOUS
10
5.787586771653543
20
-6.2060456299212596
11
5.7873877165354326
21
-6.2057441732283465
0
LINE
8
BLACK
6
CONTINUOUS
10
5.7873877165354326
20
-6.2057441732283465
11
5.7870864173228345
21
-6.2055452362204724
0
LINE
8
BLACK
6
CONTINUOUS
10
5.7870864173228345
20
-6.2055452362204724
11
5.78655594488189
21
-6.2044843307086612
0
LINE
8
BLACK
6
CONTINUOUS
10
5.78655594488189
20
-6.2044843307086612
11
5.7859024803149603
21
-6.2034945669291339
0
LINE
8
BLACK
6
CONTINUOUS
10
5.7859024803149603
20
-6.2034945669291339
11
5.7662174409448816
21
-6.1444394488188978
0
LINE
8
BLACK
6
CONTINUOUS
10
5.7662174409448816
20
-6.1444394488188978
11
5.7660342519685042
21
-6.1413880314960627
0
LINE
8
BLACK
6
CONTINUOUS
10
5.7660342519685042
20
-6.1413880314960627
11
5.7674013779527558
21
-6.1386538188976374
0
LINE
8
BLACK
6
CONTINUOUS
10
5.7674013779527558
20
-6.1386538188976374
11
5.7699524015748027
21
-6.1369695275590548
0
LINE
8
BLACK
6
CONTINUOUS
10
5.7699524015748027
20
-6.1369695275590548
11
5.7730038188976378
21
-6.1367863385826773
0
LINE
8
BLACK
6
CONTINUOUS
10
5.7730038188976378
20
-6.1367863385826773
11
5.7757380314960631
21
-6.1381534645669289
0
LINE
8
BLACK
6
CONTINUOUS
10
5.7757380314960631
20
-6.1381534645669289
11
5.7774223228346457
21
-6.1407044881889759
0
LINE
8
BLACK
6
CONTINUOUS
10
5.7774223228346457
20
-6.1407044881889759
11
5.7915049212598424
21
-6.1829522047244092
0
LINE
8
BLACK
6
CONTINUOUS
10
5.7915049212598424
20
-6.1829522047244092
11
5.8055875196850391
21
-6.1407044881889759
0
LINE
8
BLACK
6
CONTINUOUS
10
5.8055875196850391
20
-6.1407044881889759
11
5.8072718110236217
21
-6.1381534251968501
0
LINE
8
BLACK
6
CONTINUOUS
10
5.8072718110236217
20
-6.1381534251968501
11
5.810006023622047
21
-6.1367863385826773
0
LINE
8
BLACK
6
CONTINUOUS
10
5.810006023622047
20
-6.1367863385826773
11
5.8130574409448821
21
-6.136969488188976
0
LINE
8
BLACK
6
CONTINUOUS
10
4.6452669291338582
20
-6.1565309448818892
11
4.6468141732283463
21
-6.1578292519685034
0
LINE
8
BLACK
6
CONTINUOUS
10
4.6468141732283463
20
-6.1578292519685034
11
4.6471649212598427
21
-6.1598183858267719
0
LINE
8
BLACK
6
CONTINUOUS
10
4.6471649212598427
20
-6.1598183858267719
11
4.6461550000000003
21
-6.1615675590551175
0
LINE
8
BLACK
6
CONTINUOUS
10
4.6461550000000003
20
-6.1615675590551175
11
4.6442570078740157
21
-6.1622583858267719
0
LINE
8
BLACK
6
CONTINUOUS
10
4.6442570078740157
20
-6.1622583858267719
11
4.5852018897637796
21
-6.1622583858267719
0
LINE
8
BLACK
6
CONTINUOUS
10
4.5852018897637796
20
-6.1622583858267719
11
4.5841919685039372
21
-6.1620803149606296
0
LINE
8
BLACK
6
CONTINUOUS
10
4.5841919685039372
20
-6.1620803149606296
11
4.582644724409449
21
-6.1607820078740154
0
LINE
8
BLACK
6
CONTINUOUS
10
4.582644724409449
20
-6.1607820078740154
11
4.5822939763779527
21
-6.1587928740157478
0
LINE
8
BLACK
6
CONTINUOUS
10
4.5822939763779527
20
-6.1587928740157478
11
4.5833038976377951
21
-6.1570437007874013
0
LINE
8
BLACK
6
CONTINUOUS
10
4.5833038976377951
20
-6.1570437007874013
11
4.5852018897637796
21
-6.1563528740157478
0
LINE
8
BLACK
6
CONTINUOUS
10
4.5852018897637796
20
-6.1563528740157478
11
4.6442570078740157
21
-6.1563528740157478
0
LINE
8
BLACK
6
CONTINUOUS
10
4.6442570078740157
20
-6.1563528740157478
11
4.6452669291338582
21
-6.1565309448818892
0
LINE
8
BLACK
6
CONTINUOUS
10
4.6240217716535428
20
-6.0842917716535432
11
4.6247125984251971
21
-6.0861897637795277
0
LINE
8
BLACK
6
CONTINUOUS
10
4.6247125984251971
20
-6.0861897637795277
11
4.6247125984251971
21
-6.1311841338582678
0
LINE
8
BLACK
6
CONTINUOUS
10
4.6247125984251971
20
-6.1311841338582678
11
4.6245345275590548
21
-6.1321940551181102
0
LINE
8
BLACK
6
CONTINUOUS
10
4.6245345275590548
20
-6.1321940551181102
11
4.6232362204724406
21
-6.1337412992125984
0
LINE
8
BLACK
6
CONTINUOUS
10
4.6232362204724406
20
-6.1337412992125984
11
4.621247086614173
21
-6.1340920472440947
0
LINE
8
BLACK
6
CONTINUOUS
10
4.621247086614173
20
-6.1340920472440947
11
4.6194979133858265
21
-6.1330821259842514
0
LINE
8
BLACK
6
CONTINUOUS
10
4.6194979133858265
20
-6.1330821259842514
11
4.6188070866141731
21
-6.1311841338582678
0
LINE
8
BLACK
6
CONTINUOUS
10
4.6188070866141731
20
-6.1311841338582678
11
4.6188070866141731
21
-6.0861897637795277
0
LINE
8
BLACK
6
CONTINUOUS
10
4.6188070866141731
20
-6.0861897637795277
11
4.6189851574803145
21
-6.0851798425196852
0
LINE
8
BLACK
6
CONTINUOUS
10
4.6189851574803145
20
-6.0851798425196852
11
4.6202834645669286
21
-6.0836325984251971
0
LINE
8
BLACK
6
CONTINUOUS
10
4.6202834645669286
20
-6.0836325984251971
11
4.6222725984251971
21
-6.0832818503937007
0
LINE
8
BLACK
6
CONTINUOUS
10
4.6222725984251971
20
-6.0832818503937007
11
4.6240217716535428
21
-6.0842917716535432
0
LINE
8
BLACK
6
CONTINUOUS
10
5.442661929133858
20
-6.0119912598425191
11
5.4436109842519684
21
-6.0120482677165352
0
LINE
8
BLACK
6
CONTINUOUS
10
5.4436109842519684
20
-6.0120482677165352
11
5.4520474409448818
21
-6.0148603937007872
0
LINE
8
BLACK
6
CONTINUOUS
10
5.4520474409448818
20
-6.0148603937007872
11
5.4545984645669288
21
-6.0165447244094485
0
LINE
8
BLACK
6
CONTINUOUS
10
5.4545984645669288
20
-6.0165447244094485
11
5.4559655905511812
21
-6.0192789370078739
0
LINE
8
BLACK
6
CONTINUOUS
10
5.4559655905511812
20
-6.0192789370078739
11
5.4557824015748029
21
-6.022330354330709
0
LINE
8
BLACK
6
CONTINUOUS
10
5.4557824015748029
20
-6.022330354330709
11
5.4540980708661415
21
-6.0248814173228347
0
LINE
8
BLACK
6
CONTINUOUS
10
5.4540980708661415
20
-6.0248814173228347
11
5.4513638582677162
21
-6.0262485039370075
0
LINE
8
BLACK
6
CONTINUOUS
10
5.4513638582677162
20
-6.0262485039370075
11
5.448312440944882
21
-6.02606531496063
0
LINE
8
BLACK
6
CONTINUOUS
10
5.448312440944882
20
-6.02606531496063
11
5.4407852362204725
21
-6.0235562204724404
0
LINE
8
BLACK
6
CONTINUOUS
10
5.4407852362204725
20
-6.0235562204724404
11
5.4290768503937006
21
-6.0235562204724404
0
LINE
8
BLACK
6
CONTINUOUS
10
5.4290768503937006
20
-6.0235562204724404
11
5.4255566141732281
21
-6.0253163385826767
0
LINE
8
BLACK
6
CONTINUOUS
10
5.4255566141732281
20
-6.0253163385826767
11
5.4240997244094489
21
-6.0267732283464568
0
LINE
8
BLACK
6
CONTINUOUS
10
5.4240997244094489
20
-6.0267732283464568
11
5.4223396850393701
21
-6.030293346456693
0
LINE
8
BLACK
6
CONTINUOUS
10
5.4223396850393701
20
-6.030293346456693
11
5.4223396850393701
21
-6.0331295275590548
0
LINE
8
BLACK
6
CONTINUOUS
10
5.4223396850393701
20
-6.0331295275590548
11
5.4240997244094489
21
-6.0366496456692911
0
LINE
8
BLACK
6
CONTINUOUS
10
5.4240997244094489
20
-6.0366496456692911
11
5.4255566141732281
21
-6.0381065354330703
0
LINE
8
BLACK
6
CONTINUOUS
10
5.4255566141732281
20
-6.0381065354330703
11
5.4297440157480317
21
-6.0402002362204721
0
LINE
8
BLACK
6
CONTINUOUS
10
5.4297440157480317
20
-6.0402002362204721
11
5.4403636220472436
21
-6.0428551574803144
0
LINE
8
BLACK
6
CONTINUOUS
10
5.4403636220472436
20
-6.0428551574803144
11
5.4409335826771654
21
-6.0431715354330704
0
LINE
8
BLACK
6
CONTINUOUS
10
5.4409335826771654
20
-6.0431715354330704
11
5.4415723622047238
21
-6.0433022834645671
0
LINE
8
BLACK
6
CONTINUOUS
10
5.4415723622047238
20
-6.0433022834645671
11
5.4471966929133853
21
-6.0461144488188978
0
LINE
8
BLACK
6
CONTINUOUS
10
5.4471966929133853
20
-6.0461144488188978
11
5.4479080708661414
21
-6.0467452755905509
0
LINE
8
BLACK
6
CONTINUOUS
10
5.4479080708661414
20
-6.0467452755905509
11
5.4487315354330708
21
-6.0472207086614169
0
LINE
8
BLACK
6
CONTINUOUS
10
5.4487315354330708
20
-6.0472207086614169
11
5.4515436614173227
21
-6.0500328740157476
0
LINE
8
BLACK
6
CONTINUOUS
10
5.4515436614173227
20
-6.0500328740157476
11
5.4520190157480313
21
-6.0508562598425195
0
LINE
8
BLACK
6
CONTINUOUS
10
5.4520190157480313
20
-6.0508562598425195
11
5.4526498425196852
21
-6.0515676377952756
0
LINE
8
BLACK
6
CONTINUOUS
10
5.4526498425196852
20
-6.0515676377952756
11
5.4554620078740159
21
-6.0571918897637795
0
LINE
8
BLACK
6
CONTINUOUS
10
5.4554620078740159
20
-6.0571918897637795
11
5.455734173228346
21
-6.0585218897637798
0
LINE
8
BLACK
6
CONTINUOUS
10
5.455734173228346
20
-6.0585218897637798
11
5.4560854724409449
21
-6.0598329527559054
0
LINE
8
BLACK
6
CONTINUOUS
10
5.4560854724409449
20
-6.0598329527559054
11
5.4560854724409449
21
-6.0654572440944881
0
LINE
8
BLACK
6
CONTINUOUS
10
5.4560854724409449
20
-6.0654572440944881
11
5.455734173228346
21
-6.0667682677165349
0
LINE
8
BLACK
6
CONTINUOUS
10
5.455734173228346
20
-6.0667682677165349
11
5.4554620078740159
21
-6.0680983070866139
0
LINE
8
BLACK
6
CONTINUOUS
10
5.4554620078740159
20
-6.0680983070866139
11
5.4526498425196852
21
-6.0737225590551178
0
LINE
8
BLACK
6
CONTINUOUS
10
5.4526498425196852
20
-6.0737225590551178
11
5.4520190157480313
21
-6.0744338976377952
0
LINE
8
BLACK
6
CONTINUOUS
10
5.4520190157480313
20
-6.0744338976377952
11
5.4515436614173227
21
-6.0752573228346458
0
LINE
8
BLACK
6
CONTINUOUS
10
5.4515436614173227
20
-6.0752573228346458
11
5.4487315354330708
21
-6.0780694881889765
0
LINE
8
BLACK
6
CONTINUOUS
10
5.4487315354330708
20
-6.0780694881889765
11
5.4479080708661414
21
-6.0785448818897638
0
LINE
8
BLACK
6
CONTINUOUS
10
5.4479080708661414
20
-6.0785448818897638
11
5.4471966929133853
21
-6.0791757480314956
0
LINE
8
BLACK
6
CONTINUOUS
10
5.4471966929133853
20
-6.0791757480314956
11
5.441572322834646
21
-6.0819878740157476
0
LINE
8
BLACK
6
CONTINUOUS
10
5.441572322834646
20
-6.0819878740157476
11
5.4402425590551182
21
-6.082259960629921
0
LINE
8
BLACK
6
CONTINUOUS
10
5.4402425590551182
20
-6.082259960629921
11
5.4389313385826767
21
-6.0826113385826774
0
LINE
8
BLACK
6
CONTINUOUS
10
5.4389313385826767
20
-6.0826113385826774
11
5.4248706299212595
21
-6.0826113385826774
0
LINE
8
BLACK
6
CONTINUOUS
10
5.4248706299212595
20
-6.0826113385826774
11
5.4239522834645664
21
-6.0823652755905506
0
LINE
8
BLACK
6
CONTINUOUS
10
5.4239522834645664
20
-6.0823652755905506
11
5.4230031496062994
21
-6.0823083070866142
0
LINE
8
BLACK
6
CONTINUOUS
10
5.4230031496062994
20
-6.0823083070866142
11
5.414566692913386
21
-6.0794961811023622
0
LINE
8
BLACK
6
CONTINUOUS
10
5.414566692913386
20
-6.0794961811023622
11
5.4120156692913381
21
-6.0778118503937009
0
LINE
8
BLACK
6
CONTINUOUS
10
5.4120156692913381
20
-6.0778118503937009
11
5.4106485433070866
21
-6.0750776377952755
0
LINE
8
BLACK
6
CONTINUOUS
10
5.4106485433070866
20
-6.0750776377952755
11
5.4108316929133853
21
-6.0720262204724404
0
LINE
8
BLACK
6
CONTINUOUS
10
5.4108316929133853
20
-6.0720262204724404
11
5.4125160236220475
21
-6.0694751968503935
0
LINE
8
BLACK
6
CONTINUOUS
10
5.4125160236220475
20
-6.0694751968503935
11
5.415250236220472
21
-6.0681080708661419
0
LINE
8
BLACK
6
CONTINUOUS
10
5.415250236220472
20
-6.0681080708661419
11
5.4183016535433071
21
-6.0682912204724406
0
LINE
8
BLACK
6
CONTINUOUS
10
5.4183016535433071
20
-6.0682912204724406
11
5.4258290157480316
21
-6.0708003149606302
0
LINE
8
BLACK
6
CONTINUOUS
10
5.4258290157480316
20
-6.0708003149606302
11
5.4375372834645672
21
-6.0708003149606302
0
LINE
8
BLACK
6
CONTINUOUS
10
5.4375372834645672
20
-6.0708003149606302
11
5.4410574803149609
21
-6.069040196850394
0
LINE
8
BLACK
6
CONTINUOUS
10
5.4410574803149609
20
-6.069040196850394
11
5.4425142913385827
21
-6.0675833464566926
0
LINE
8
BLACK
6
CONTINUOUS
10
5.4425142913385827
20
-6.0675833464566926
11
5.4442744488188977
21
-6.0640631102362201
0
LINE
8
BLACK
6
CONTINUOUS
10
5.4442744488188977
20
-6.0640631102362201
11
5.4442744488188977
21
-6.0612270472440946
0
LINE
8
BLACK
6
CONTINUOUS
10
5.4442744488188977
20
-6.0612270472440946
11
5.4425142913385827
21
-6.0577068110236221
0
LINE
8
BLACK
6
CONTINUOUS
10
5.4425142913385827
20
-6.0577068110236221
11
5.4410574409448822
21
-6.056249921259842
0
LINE
8
BLACK
6
CONTINUOUS
10
5.4410574409448822
20
-6.056249921259842
11
5.4368700787401574
21
-6.0541562598425198
0
LINE
8
BLACK
6
CONTINUOUS
10
5.4368700787401574
20
-6.0541562598425198
11
5.4262504724409446
21
-6.0515013779527553
0
LINE
8
BLACK
6
CONTINUOUS
10
5.4262504724409446
20
-6.0515013779527553
11
5.4256805118110236
21
-6.0511849606299215
0
LINE
8
BLACK
6
CONTINUOUS
10
5.4256805118110236
20
-6.0511849606299215
11
5.4250416929133856
21
-6.0510542519685036
0
LINE
8
BLACK
6
CONTINUOUS
10
5.4250416929133856
20
-6.0510542519685036
11
5.4194174409448816
21
-6.0482420866141728
0
LINE
8
BLACK
6
CONTINUOUS
10
5.4194174409448816
20
-6.0482420866141728
11
5.4187060629921255
21
-6.0476112598425198
0
LINE
8
BLACK
6
CONTINUOUS
10
5.4187060629921255
20
-6.0476112598425198
11
5.4178826771653545
21
-6.0471359055118112
0
LINE
8
BLACK
6
CONTINUOUS
10
5.4178826771653545
20
-6.0471359055118112
11
5.4150705118110238
21
-6.0443237795275593
0
LINE
8
BLACK
6
CONTINUOUS
10
5.4150705118110238
20
-6.0443237795275593
11
5.4145950787401578
21
-6.0435003149606299
0
LINE
8
BLACK
6
CONTINUOUS
10
5.4145950787401578
20
-6.0435003149606299
11
5.4139642519685038
21
-6.0427889370078738
0
LINE
8
BLACK
6
CONTINUOUS
10
5.4139642519685038
20
-6.0427889370078738
11
5.4111521259842519
21
-6.0371646456692911
0
LINE
8
BLACK
6
CONTINUOUS
10
5.4111521259842519
20
-6.0371646456692911
11
5.4108799606299209
21
-6.0358347637795271
0
LINE
8
BLACK
6
CONTINUOUS
10
5.4108799606299209
20
-6.0358347637795271
11
5.4105286614173229
21
-6.034523622047244
0
LINE
8
BLACK
6
CONTINUOUS
10
5.4105286614173229
20
-6.034523622047244
11
5.4105286614173229
21
-6.0288992913385826
0
LINE
8
BLACK
6
CONTINUOUS
10
5.4105286614173229
20
-6.0288992913385826
11
5.4108799606299209
21
-6.0275881102362208
0
LINE
8
BLACK
6
CONTINUOUS
10
5.4108799606299209
20
-6.0275881102362208
11
5.4111521259842519
21
-6.0262582677165355
0
LINE
8
BLACK
6
CONTINUOUS
10
5.4111521259842519
20
-6.0262582677165355
11
5.4139642519685038
21
-6.0206339763779528
0
LINE
8
BLACK
6
CONTINUOUS
10
5.4139642519685038
20
-6.0206339763779528
11
5.4145950787401578
21
-6.019922559055118
0
LINE
8
BLACK
6
CONTINUOUS
10
5.4145950787401578
20
-6.019922559055118
11
5.4150705118110238
21
-6.0190991338582673
0
LINE
8
BLACK
6
CONTINUOUS
10
5.4150705118110238
20
-6.0190991338582673
11
5.4178826771653545
21
-6.0162870078740154
0
LINE
8
BLACK
6
CONTINUOUS
10
5.4178826771653545
20
-6.0162870078740154
11
5.4187060629921255
21
-6.0158116141732281
0
LINE
8
BLACK
6
CONTINUOUS
10
5.4187060629921255
20
-6.0158116141732281
11
5.4194174409448816
21
-6.0151808267716538
0
LINE
8
BLACK
6
CONTINUOUS
10
5.4194174409448816
20
-6.0151808267716538
11
5.4250416929133856
21
-6.0123686614173231
0
LINE
8
BLACK
6
CONTINUOUS
10
5.4250416929133856
20
-6.0123686614173231
11
5.4263716929133858
21
-6.0120964566929134
0
LINE
8
BLACK
6
CONTINUOUS
10
5.4263716929133858
20
-6.0120964566929134
11
5.4276827559055114
21
-6.0117451968503932
0
LINE
8
BLACK
6
CONTINUOUS
10
5.4276827559055114
20
-6.0117451968503932
11
5.4417435039370075
21
-6.0117451968503932
0
LINE
8
BLACK
6
CONTINUOUS
10
5.4417435039370075
20
-6.0117451968503932
11
5.442661929133858
21
-6.0119912598425191
0
LINE
8
BLACK
6
CONTINUOUS
10
5.4992975196850393
20
-6.0120964960629921
11
5.5006274803149608
21
-6.0123686614173231
0
LINE
8
BLACK
6
CONTINUOUS
10
5.5006274803149608
20
-6.0123686614173231
11
5.5062517716535435
21
-6.0151808267716538
0
LINE
8
BLACK
6
CONTINUOUS
10
5.5062517716535435
20
-6.0151808267716538
11
5.50696311023622
21
-6.0158116141732281
0
LINE
8
BLACK
6
CONTINUOUS
10
5.50696311023622
20
-6.0158116141732281
11
5.5077865354330706
21
-6.0162870078740154
0
LINE
8
BLACK
6
CONTINUOUS
10
5.5077865354330706
20
-6.0162870078740154
11
5.5105987007874013
21
-6.0190991338582673
0
LINE
8
BLACK
6
CONTINUOUS
10
5.5105987007874013
20
-6.0190991338582673
11
5.5110740944881886
21
-6.019922559055118
0
LINE
8
BLACK
6
CONTINUOUS
10
5.5110740944881886
20
-6.019922559055118
11
5.5117049606299213
21
-6.0206339763779528
0
LINE
8
BLACK
6
CONTINUOUS
10
5.5117049606299213
20
-6.0206339763779528
11
5.5145170866141733
21
-6.0262583070866143
0
LINE
8
BLACK
6
CONTINUOUS
10
5.5145170866141733
20
-6.0262583070866143
11
5.5147891732283467
21
-6.0275880314960633
0
LINE
8
BLACK
6
CONTINUOUS
10
5.5147891732283467
20
-6.0275880314960633
11
5.5151405511811022
21
-6.0288992913385826
0
LINE
8
BLACK
6
CONTINUOUS
10
5.5151405511811022
20
-6.0288992913385826
11
5.5151405511811022
21
-6.037335748031496
0
LINE
8
BLACK
6
CONTINUOUS
10
5.5151405511811022
20
-6.037335748031496
11
5.5147891732283467
21
-6.0386469685039366
0
LINE
8
BLACK
6
CONTINUOUS
10
5.5147891732283467
20
-6.0386469685039366
11
5.5145170866141733
21
-6.0399767322834643
0
LINE
8
BLACK
6
CONTINUOUS
10
5.5145170866141733
20
-6.0399767322834643
11
5.5117049606299213
21
-6.0456010629921257
0
LINE
8
BLACK
6
CONTINUOUS
10
5.5117049606299213
20
-6.0456010629921257
11
5.5110740944881886
21
-6.0463124409448818
0
LINE
8
BLACK
6
CONTINUOUS
10
5.5110740944881886
20
-6.0463124409448818
11
5.5105987401574801
21
-6.0471358661417325
0
LINE
8
BLACK
6
CONTINUOUS
10
5.5105987401574801
20
-6.0471358661417325
11
5.5077865748031494
21
-6.0499480314960632
0
LINE
8
BLACK
6
CONTINUOUS
10
5.5077865748031494
20
-6.0499480314960632
11
5.5069631496062987
21
-6.0504233858267717
0
LINE
8
BLACK
6
CONTINUOUS
10
5.5069631496062987
20
-6.0504233858267717
11
5.5062517716535435
21
-6.0510542519685036
0
LINE
8
BLACK
6
CONTINUOUS
10
5.5062517716535435
20
-6.0510542519685036
11
5.5006274803149608
21
-6.0538663779527555
0
LINE
8
BLACK
6
CONTINUOUS
10
5.5006274803149608
20
-6.0538663779527555
11
5.4992975984251968
21
-6.0541385039370077
0
LINE
8
BLACK
6
CONTINUOUS
10
5.4992975984251968
20
-6.0541385039370077
11
5.4979864566929129
21
-6.0544898425196845
0
LINE
8
BLACK
6
CONTINUOUS
10
5.4979864566929129
20
-6.0544898425196845
11
5.4813947637795275
21
-6.0544898425196845
0
LINE
8
BLACK
6
CONTINUOUS
10
5.4813947637795275
20
-6.0544898425196845
11
5.4813947637795275
21
-6.0767058267716534
0
LINE
8
BLACK
6
CONTINUOUS
10
5.4813947637795275
20
-6.0767058267716534
11
5.4806035826771655
21
-6.0796585826771654
0
LINE
8
BLACK
6
CONTINUOUS
10
5.4806035826771655
20
-6.0796585826771654
11
5.4784420078740155
21
-6.0818201574803146
0
LINE
8
BLACK
6
CONTINUOUS
10
5.4784420078740155
20
-6.0818201574803146
11
5.4754892519685034
21
-6.0826113385826774
0
LINE
8
BLACK
6
CONTINUOUS
10
5.4754892519685034
20
-6.0826113385826774
11
5.4725364960629923
21
-6.0818201574803146
0
LINE
8
BLACK
6
CONTINUOUS
10
5.4725364960629923
20
-6.0818201574803146
11
5.4703749212598423
21
-6.0796585826771654
0
LINE
8
BLACK
6
CONTINUOUS
10
5.4703749212598423
20
-6.0796585826771654
11
5.4695837401574803
21
-6.0767058267716534
0
LINE
8
BLACK
6
CONTINUOUS
10
5.4695837401574803
20
-6.0767058267716534
11
5.4695837401574803
21
-6.0176507086614173
0
LINE
8
BLACK
6
CONTINUOUS
10
5.4695837401574803
20
-6.0176507086614173
11
5.4703749212598423
21
-6.0146979527559052
0
LINE
8
BLACK
6
CONTINUOUS
10
5.4703749212598423
20
-6.0146979527559052
11
5.4725364960629923
21
-6.0125363779527561
0
LINE
8
BLACK
6
CONTINUOUS
10
5.4725364960629923
20
-6.0125363779527561
11
5.4754892519685034
21
-6.0117451968503932
0
LINE
8
BLACK
6
CONTINUOUS
10
5.4754892519685034
20
-6.0117451968503932
11
5.4979864566929129
21
-6.0117451968503932
0
LINE
8
BLACK
6
CONTINUOUS
10
5.4979864566929129
20
-6.0117451968503932
11
5.4992975196850393
21
-6.0120964960629921
0
LINE
8
BLACK
6
CONTINUOUS
10
5.4813947637795275
20
-6.0426788188976372
11
5.4965923622047246
21
-6.0426788188976372
0
LINE
8
BLACK
6
CONTINUOUS
10
5.4965923622047246
20
-6.0426788188976372
11
5.5001125196850396
21
-6.0409187401574798
0
LINE
8
BLACK
6
CONTINUOUS
10
5.5001125196850396
20
-6.0409187401574798
11
5.5015694094488188
21
-6.0394618503937005
0
LINE
8
BLACK
6
CONTINUOUS
10
5.5015694094488188
20
-6.0394618503937005
11
5.503329527559055
21
-6.0359416535433068
0
LINE
8
BLACK
6
CONTINUOUS
10
5.503329527559055
20
-6.0359416535433068
11
5.503329527559055
21
-6.030293346456693
0
LINE
8
BLACK
6
CONTINUOUS
10
5.503329527559055
20
-6.030293346456693
11
5.5015694488188975
21
-6.026773188976378
0
LINE
8
BLACK
6
CONTINUOUS
10
5.5015694488188975
20
-6.026773188976378
11
5.5001125984251971
21
-6.0253163385826767
0
LINE
8
BLACK
6
CONTINUOUS
10
5.5001125984251971
20
-6.0253163385826767
11
5.4965923622047246
21
-6.0235562204724404
0
LINE
8
BLACK
6
CONTINUOUS
10
5.4965923622047246
20
-6.0235562204724404
11
5.4813947637795275
21
-6.0235562204724404
0
LINE
8
BLACK
6
CONTINUOUS
10
5.4813947637795275
20
-6.0235562204724404
11
5.4813947637795275
21
-6.0426788188976372
0
LINE
8
BLACK
6
CONTINUOUS
10
5.5374971259842516
20
-6.0125363779527561
11
5.5396587007874016
21
-6.0146979527559052
0
LINE
8
BLACK
6
CONTINUOUS
10
5.5396587007874016
20
-6.0146979527559052
11
5.5404498818897636
21
-6.0176507086614173
0
LINE
8
BLACK
6
CONTINUOUS
10
5.5404498818897636
20
-6.0176507086614173
11
5.5404498818897636
21
-6.0767058267716534
0
LINE
8
BLACK
6
CONTINUOUS
10
5.5404498818897636
20
-6.0767058267716534
11
5.5396587007874016
21
-6.0796585826771654
0
LINE
8
BLACK
6
CONTINUOUS
10
5.5396587007874016
20
-6.0796585826771654
11
5.5374971259842516
21
-6.0818201574803146
0
LINE
8
BLACK
6
CONTINUOUS
10
5.5374971259842516
20
-6.0818201574803146
11
5.5345443700787404
21
-6.0826113385826774
0
LINE
8
BLACK
6
CONTINUOUS
10
5.5345443700787404
20
-6.0826113385826774
11
5.5315916141732284
21
-6.0818201574803146
0
LINE
8
BLACK
6
CONTINUOUS
10
5.5315916141732284
20
-6.0818201574803146
11
5.5294300393700784
21
-6.0796585826771654
0
LINE
8
BLACK
6
CONTINUOUS
10
5.5294300393700784
20
-6.0796585826771654
11
5.5286388582677164
21
-6.0767058267716534
0
LINE
8
BLACK
6
CONTINUOUS
10
5.5286388582677164
20
-6.0767058267716534
11
5.5286388582677164
21
-6.0176507086614173
0
LINE
8
BLACK
6
CONTINUOUS
10
5.5286388582677164
20
-6.0176507086614173
11
5.5294300393700784
21
-6.0146979527559052
0
LINE
8
BLACK
6
CONTINUOUS
10
5.5294300393700784
20
-6.0146979527559052
11
5.5315916141732284
21
-6.0125363779527561
0
LINE
8
BLACK
6
CONTINUOUS
10
5.5315916141732284
20
-6.0125363779527561
11
5.5345443700787404
21
-6.0117451968503932
0
LINE
8
BLACK
6
CONTINUOUS
10
5.5345443700787404
20
-6.0117451968503932
11
5.5374971259842516
21
-6.0125363779527561
0
LINE
8
BLACK
6
CONTINUOUS
10
5.6314685039370076
20
-6.0120964960629921
11
5.6327984645669291
21
-6.0123686614173231
0
LINE
8
BLACK
6
CONTINUOUS
10
5.6327984645669291
20
-6.0123686614173231
11
5.6384227559055118
21
-6.0151808267716538
0
LINE
8
BLACK
6
CONTINUOUS
10
5.6384227559055118
20
-6.0151808267716538
11
5.6391340944881891
21
-6.0158116141732281
0
LINE
8
BLACK
6
CONTINUOUS
10
5.6391340944881891
20
-6.0158116141732281
11
5.6399575196850389
21
-6.0162870078740154
0
LINE
8
BLACK
6
CONTINUOUS
10
5.6399575196850389
20
-6.0162870078740154
11
5.6427696850393696
21
-6.0190991338582673
0
LINE
8
BLACK
6
CONTINUOUS
10
5.6427696850393696
20
-6.0190991338582673
11
5.6432450787401578
21
-6.019922559055118
0
LINE
8
BLACK
6
CONTINUOUS
10
5.6432450787401578
20
-6.019922559055118
11
5.6438759448818896
21
-6.0206339763779528
0
LINE
8
BLACK
6
CONTINUOUS
10
5.6438759448818896
20
-6.0206339763779528
11
5.6466880708661416
21
-6.0262583070866143
0
LINE
8
BLACK
6
CONTINUOUS
10
5.6466880708661416
20
-6.0262583070866143
11
5.646960157480315
21
-6.0275880314960633
0
LINE
8
BLACK
6
CONTINUOUS
10
5.646960157480315
20
-6.0275880314960633
11
5.6473115354330705
21
-6.0288992913385826
0
LINE
8
BLACK
6
CONTINUOUS
10
5.6473115354330705
20
-6.0288992913385826
11
5.6473115354330705
21
-6.037335748031496
0
LINE
8
BLACK
6
CONTINUOUS
10
5.6473115354330705
20
-6.037335748031496
11
5.646960157480315
21
-6.0386469685039366
0
LINE
8
BLACK
6
CONTINUOUS
10
5.646960157480315
20
-6.0386469685039366
11
5.6466880708661416
21
-6.0399767322834643
0
LINE
8
BLACK
6
CONTINUOUS
10
5.6466880708661416
20
-6.0399767322834643
11
5.6438759448818896
21
-6.0456010629921257
0
LINE
8
BLACK
6
CONTINUOUS
10
5.6438759448818896
20
-6.0456010629921257
11
5.6432450787401578
21
-6.0463124409448818
0
LINE
8
BLACK
6
CONTINUOUS
10
5.6432450787401578
20
-6.0463124409448818
11
5.6427697244094484
21
-6.0471358661417325
0
LINE
8
BLACK
6
CONTINUOUS
10
5.6427697244094484
20
-6.0471358661417325
11
5.6399575590551176
21
-6.0499480314960632
0
LINE
8
BLACK
6
CONTINUOUS
10
5.6399575590551176
20
-6.0499480314960632
11
5.6391341338582679
21
-6.0504233858267717
0
LINE
8
BLACK
6
CONTINUOUS
10
5.6391341338582679
20
-6.0504233858267717
11
5.6384227559055118
21
-6.0510542519685036
0
LINE
8
BLACK
6
CONTINUOUS
10
5.6384227559055118
20
-6.0510542519685036
11
5.6327984645669291
21
-6.0538663779527555
0
LINE
8
BLACK
6
CONTINUOUS
10
5.6327984645669291
20
-6.0538663779527555
11
5.6314685826771651
21
-6.0541385039370077
0
LINE
8
BLACK
6
CONTINUOUS
10
5.6314685826771651
20
-6.0541385039370077
11
5.630157440944882
21
-6.0544898425196845
0
LINE
8
BLACK
6
CONTINUOUS
10
5.630157440944882
20
-6.0544898425196845
11
5.6135657480314958
21
-6.0544898425196845
0
LINE
8
BLACK
6
CONTINUOUS
10
5.6135657480314958
20
-6.0544898425196845
11
5.6135657480314958
21
-6.0767058267716534
0
LINE
8
BLACK
6
CONTINUOUS
10
5.6135657480314958
20
-6.0767058267716534
11
5.6127745669291338
21
-6.0796585826771654
0
LINE
8
BLACK
6
CONTINUOUS
10
5.6127745669291338
20
-6.0796585826771654
11
5.6106129921259837
21
-6.0818201574803146
0
LINE
8
BLACK
6
CONTINUOUS
10
5.6106129921259837
20
-6.0818201574803146
11
5.6076602362204726
21
-6.0826113385826774
0
LINE
8
BLACK
6
CONTINUOUS
10
5.6076602362204726
20
-6.0826113385826774
11
5.6047074803149606
21
-6.0818201574803146
0
LINE
8
BLACK
6
CONTINUOUS
10
5.6047074803149606
20
-6.0818201574803146
11
5.6025459055118105
21
-6.0796585826771654
0
LINE
8
BLACK
6
CONTINUOUS
10
5.6025459055118105
20
-6.0796585826771654
11
5.6017547244094485
21
-6.0767058267716534
0
LINE
8
BLACK
6
CONTINUOUS
10
5.6017547244094485
20
-6.0767058267716534
11
5.6017547244094485
21
-6.0176507086614173
0
LINE
8
BLACK
6
CONTINUOUS
10
5.6017547244094485
20
-6.0176507086614173
11
5.6025459055118105
21
-6.0146979527559052
0
LINE
8
BLACK
6
CONTINUOUS
10
5.6025459055118105
20
-6.0146979527559052
11
5.6047074803149606
21
-6.0125363779527561
0
LINE
8
BLACK
6
CONTINUOUS
10
5.6047074803149606
20
-6.0125363779527561
11
5.6076602362204726
21
-6.0117451968503932
0
LINE
8
BLACK
6
CONTINUOUS
10
5.6076602362204726
20
-6.0117451968503932
11
5.630157440944882
21
-6.0117451968503932
0
LINE
8
BLACK
6
CONTINUOUS
10
5.630157440944882
20
-6.0117451968503932
11
5.6314685039370076
21
-6.0120964960629921
0
LINE
8
BLACK
6
CONTINUOUS
10
5.6135657480314958
20
-6.0426788188976372
11
5.6287633464566929
21
-6.0426788188976372
0
LINE
8
BLACK
6
CONTINUOUS
10
5.6287633464566929
20
-6.0426788188976372
11
5.6322835039370078
21
-6.0409187401574798
0
LINE
8
BLACK
6
CONTINUOUS
10
5.6322835039370078
20
-6.0409187401574798
11
5.6337403937007871
21
-6.0394618503937005
0
LINE
8
BLACK
6
CONTINUOUS
10
5.6337403937007871
20
-6.0394618503937005
11
5.6355005118110233
21
-6.0359416535433068
0
LINE
8
BLACK
6
CONTINUOUS
10
5.6355005118110233
20
-6.0359416535433068
11
5.6355005118110233
21
-6.030293346456693
0
LINE
8
BLACK
6
CONTINUOUS
10
5.6355005118110233
20
-6.030293346456693
11
5.6337404330708658
21
-6.026773188976378
0
LINE
8
BLACK
6
CONTINUOUS
10
5.6337404330708658
20
-6.026773188976378
11
5.6322835826771653
21
-6.0253163385826767
0
LINE
8
BLACK
6
CONTINUOUS
10
5.6322835826771653
20
-6.0253163385826767
11
5.6287633464566929
21
-6.0235562204724404
0
LINE
8
BLACK
6
CONTINUOUS
10
5.6287633464566929
20
-6.0235562204724404
11
5.6135657480314958
21
-6.0235562204724404
0
LINE
8
BLACK
6
CONTINUOUS
10
5.6135657480314958
20
-6.0235562204724404
11
5.6135657480314958
21
-6.0426788188976372
0
LINE
8
BLACK
6
CONTINUOUS
10
5.6696681102362207
20
-6.0322214173228348
11
5.6718296850393699
21
-6.0343829921259839
0
LINE
8
BLACK
6
CONTINUOUS
10
5.6718296850393699
20
-6.0343829921259839
11
5.6726208661417319
21
-6.037335748031496
0
LINE
8
BLACK
6
CONTINUOUS
10
5.6726208661417319
20
-6.037335748031496
11
5.6726208661417319
21
-6.0767058267716534
0
LINE
8
BLACK
6
CONTINUOUS
10
5.6726208661417319
20
-6.0767058267716534
11
5.6718296850393699
21
-6.0796585826771654
0
LINE
8
BLACK
6
CONTINUOUS
10
5.6718296850393699
20
-6.0796585826771654
11
5.6696681102362207
21
-6.0818201574803146
0
LINE
8
BLACK
6
CONTINUOUS
10
5.6696681102362207
20
-6.0818201574803146
11
5.6667153543307087
21
-6.0826113385826774
0
LINE
8
BLACK
6
CONTINUOUS
10
5.6667153543307087
20
-6.0826113385826774
11
5.6637625984251967
21
-6.0818201574803146
0
LINE
8
BLACK
6
CONTINUOUS
10
5.6637625984251967
20
-6.0818201574803146
11
5.6616010236220475
21
-6.0796585826771654
0
LINE
8
BLACK
6
CONTINUOUS
10
5.6616010236220475
20
-6.0796585826771654
11
5.6608098425196847
21
-6.0767058267716534
0
LINE
8
BLACK
6
CONTINUOUS
10
5.6608098425196847
20
-6.0767058267716534
11
5.6608098425196847
21
-6.037335748031496
0
LINE
8
BLACK
6
CONTINUOUS
10
5.6608098425196847
20
-6.037335748031496
11
5.6616010236220475
21
-6.0343829921259839
0
LINE
8
BLACK
6
CONTINUOUS
10
5.6616010236220475
20
-6.0343829921259839
11
5.6637625984251967
21
-6.0322214173228348
0
LINE
8
BLACK
6
CONTINUOUS
10
5.6637625984251967
20
-6.0322214173228348
11
5.6667153543307087
21
-6.0314302362204719
0
LINE
8
BLACK
6
CONTINUOUS
10
5.6667153543307087
20
-6.0314302362204719
11
5.6696681102362207
21
-6.0322214173228348
0
LINE
8
BLACK
6
CONTINUOUS
10
5.7130208267716531
20
-6.0317815354330708
11
5.7143507874015746
21
-6.0320537007874018
0
LINE
8
BLACK
6
CONTINUOUS
10
5.7143507874015746
20
-6.0320537007874018
11
5.7199750787401573
21
-6.0348658661417325
0
LINE
8
BLACK
6
CONTINUOUS
10
5.7199750787401573
20
-6.0348658661417325
11
5.7202452755905506
21
-6.0351054724409448
0
LINE
8
BLACK
6
CONTINUOUS
10
5.7202452755905506
20
-6.0351054724409448
11
5.7205879133858266
21
-6.0352196850393698
0
LINE
8
BLACK
6
CONTINUOUS
10
5.7205879133858266
20
-6.0352196850393698
11
5.7213748425196851
21
-6.0361070866141731
0
LINE
8
BLACK
6
CONTINUOUS
10
5.7213748425196851
20
-6.0361070866141731
11
5.7222622834645671
21
-6.0368940551181103
0
LINE
8
BLACK
6
CONTINUOUS
10
5.7222622834645671
20
-6.0368940551181103
11
5.7223764566929134
21
-6.0372366535433066
0
LINE
8
BLACK
6
CONTINUOUS
10
5.7223764566929134
20
-6.0372366535433066
11
5.7226161023622044
21
-6.0375068897637796
0
LINE
8
BLACK
6
CONTINUOUS
10
5.7226161023622044
20
-6.0375068897637796
11
5.7254282677165351
21
-6.0431311417322835
0
LINE
8
BLACK
6
CONTINUOUS
10
5.7254282677165351
20
-6.0431311417322835
11
5.7257004330708661
21
-6.0444611417322838
0
LINE
8
BLACK
6
CONTINUOUS
10
5.7257004330708661
20
-6.0444611417322838
11
5.7260517322834641
21
-6.0457722047244093
0
LINE
8
BLACK
6
CONTINUOUS
10
5.7260517322834641
20
-6.0457722047244093
11
5.7260517322834641
21
-6.0767058267716534
0
LINE
8
BLACK
6
CONTINUOUS
10
5.7260517322834641
20
-6.0767058267716534
11
5.7252605511811021
21
-6.0796585826771654
0
LINE
8
BLACK
6
CONTINUOUS
10
5.7252605511811021
20
-6.0796585826771654
11
5.723098976377953
21
-6.0818201574803146
0
LINE
8
BLACK
6
CONTINUOUS
10
5.723098976377953
20
-6.0818201574803146
11
5.7201462204724409
21
-6.0826113385826774
0
LINE
8
BLACK
6
CONTINUOUS
10
5.7201462204724409
20
-6.0826113385826774
11
5.7171934645669289
21
-6.0818201574803146
0
LINE
8
BLACK
6
CONTINUOUS
10
5.7171934645669289
20
-6.0818201574803146
11
5.7150318897637797
21
-6.0796585826771654
0
LINE
8
BLACK
6
CONTINUOUS
10
5.7150318897637797
20
-6.0796585826771654
11
5.7142407086614169
21
-6.0767058267716534
0
LINE
8
BLACK
6
CONTINUOUS
10
5.7142407086614169
20
-6.0767058267716534
11
5.7142407086614169
21
-6.0471662992125985
0
LINE
8
BLACK
6
CONTINUOUS
10
5.7142407086614169
20
-6.0471662992125985
11
5.7129323622047243
21
-6.0445496062992126
0
LINE
8
BLACK
6
CONTINUOUS
10
5.7129323622047243
20
-6.0445496062992126
11
5.7103156692913384
21
-6.0432412598425191
0
LINE
8
BLACK
6
CONTINUOUS
10
5.7103156692913384
20
-6.0432412598425191
11
5.7046674015748033
21
-6.0432412598425191
0
LINE
8
BLACK
6
CONTINUOUS
10
5.7046674015748033
20
-6.0432412598425191
11
5.7011471653543309
21
-6.0450013779527554
0
LINE
8
BLACK
6
CONTINUOUS
10
5.7011471653543309
20
-6.0450013779527554
11
5.700742362204724
21
-6.0454061811023623
0
LINE
8
BLACK
6
CONTINUOUS
10
5.700742362204724
20
-6.0454061811023623
11
5.700742362204724
21
-6.0767058267716534
0
LINE
8
BLACK
6
CONTINUOUS
10
5.700742362204724
20
-6.0767058267716534
11
5.699951181102362
21
-6.0796585826771654
0
LINE
8
BLACK
6
CONTINUOUS
10
5.699951181102362
20
-6.0796585826771654
11
5.6977896062992128
21
-6.0818201574803146
0
LINE
8
BLACK
6
CONTINUOUS
10
5.6977896062992128
20
-6.0818201574803146
11
5.6948368503937008
21
-6.0826113385826774
0
LINE
8
BLACK
6
CONTINUOUS
10
5.6948368503937008
20
-6.0826113385826774
11
5.6918840944881888
21
-6.0818201574803146
0
LINE
8
BLACK
6
CONTINUOUS
10
5.6918840944881888
20
-6.0818201574803146
11
5.6897225196850396
21
-6.0796585826771654
0
LINE
8
BLACK
6
CONTINUOUS
10
5.6897225196850396
20
-6.0796585826771654
11
5.6889313385826767
21
-6.0767058267716534
0
LINE
8
BLACK
6
CONTINUOUS
10
5.6889313385826767
20
-6.0767058267716534
11
5.6889313385826767
21
-6.037335748031496
0
LINE
8
BLACK
6
CONTINUOUS
10
5.6889313385826767
20
-6.037335748031496
11
5.6897225196850396
21
-6.0343829921259839
0
LINE
8
BLACK
6
CONTINUOUS
10
5.6897225196850396
20
-6.0343829921259839
11
5.6918840944881888
21
-6.0322214173228348
0
LINE
8
BLACK
6
CONTINUOUS
10
5.6918840944881888
20
-6.0322214173228348
11
5.6948368503937008
21
-6.0314302362204719
0
LINE
8
BLACK
6
CONTINUOUS
10
5.6948368503937008
20
-6.0314302362204719
11
5.6977896062992128
21
-6.0322214173228348
0
LINE
8
BLACK
6
CONTINUOUS
10
5.6977896062992128
20
-6.0322214173228348
11
5.6986253149606299
21
-6.0330571259842518
0
LINE
8
BLACK
6
CONTINUOUS
10
5.6986253149606299
20
-6.0330571259842518
11
5.7006322440944883
21
-6.0320537007874018
0
LINE
8
BLACK
6
CONTINUOUS
10
5.7006322440944883
20
-6.0320537007874018
11
5.7019622440944877
21
-6.0317814960629921
0
LINE
8
BLACK
6
CONTINUOUS
10
5.7019622440944877
20
-6.0317814960629921
11
5.7032733070866142
21
-6.0314302362204719
0
LINE
8
BLACK
6
CONTINUOUS
10
5.7032733070866142
20
-6.0314302362204719
11
5.7117097637795275
21
-6.0314302362204719
0
LINE
8
BLACK
6
CONTINUOUS
10
5.7117097637795275
20
-6.0314302362204719
11
5.7130208267716531
21
-6.0317815354330708
0
LINE
8
BLACK
6
CONTINUOUS
10
5.7664516535433066
20
-6.0317815354330708
11
5.7677816141732281
21
-6.0320537007874018
0
LINE
8
BLACK
6
CONTINUOUS
10
5.7677816141732281
20
-6.0320537007874018
11
5.7734059055118108
21
-6.0348658661417325
0
LINE
8
BLACK
6
CONTINUOUS
10
5.7734059055118108
20
-6.0348658661417325
11
5.7741172440944881
21
-6.0354966535433068
0
LINE
8
BLACK
6
CONTINUOUS
10
5.7741172440944881
20
-6.0354966535433068
11
5.7749406692913388
21
-6.0359720472440941
0
LINE
8
BLACK
6
CONTINUOUS
10
5.7749406692913388
20
-6.0359720472440941
11
5.7777528346456695
21
-6.038784173228346
0
LINE
8
BLACK
6
CONTINUOUS
10
5.7777528346456695
20
-6.038784173228346
11
5.7782282283464568
21
-6.0396075984251967
0
LINE
8
BLACK
6
CONTINUOUS
10
5.7782282283464568
20
-6.0396075984251967
11
5.7788590944881886
21
-6.0403190157480315
0
LINE
8
BLACK
6
CONTINUOUS
10
5.7788590944881886
20
-6.0403190157480315
11
5.7816712204724405
21
-6.045943346456693
0
LINE
8
BLACK
6
CONTINUOUS
10
5.7816712204724405
20
-6.045943346456693
11
5.781943307086614
21
-6.047273070866142
0
LINE
8
BLACK
6
CONTINUOUS
10
5.781943307086614
20
-6.047273070866142
11
5.7822946850393704
21
-6.0485843307086613
0
LINE
8
BLACK
6
CONTINUOUS
10
5.7822946850393704
20
-6.0485843307086613
11
5.7822946850393704
21
-6.0654572440944881
0
LINE
8
BLACK
6
CONTINUOUS
10
5.7822946850393704
20
-6.0654572440944881
11
5.781943307086614
21
-6.0667684645669286
0
LINE
8
BLACK
6
CONTINUOUS
10
5.781943307086614
20
-6.0667684645669286
11
5.7816712204724405
21
-6.0680982283464564
0
LINE
8
BLACK
6
CONTINUOUS
10
5.7816712204724405
20
-6.0680982283464564
11
5.7788590944881886
21
-6.0737225590551178
0
LINE
8
BLACK
6
CONTINUOUS
10
5.7788590944881886
20
-6.0737225590551178
11
5.7782282283464568
21
-6.0744339370078739
0
LINE
8
BLACK
6
CONTINUOUS
10
5.7782282283464568
20
-6.0744339370078739
11
5.7777528740157482
21
-6.0752573622047246
0
LINE
8
BLACK
6
CONTINUOUS
10
5.7777528740157482
20
-6.0752573622047246
11
5.7749407086614175
21
-6.0780695275590553
0
LINE
8
BLACK
6
CONTINUOUS
10
5.7749407086614175
20
-6.0780695275590553
11
5.7741172834645669
21
-6.0785448818897638
0
LINE
8
BLACK
6
CONTINUOUS
10
5.7741172834645669
20
-6.0785448818897638
11
5.7734059055118108
21
-6.0791757480314956
0
LINE
8
BLACK
6
CONTINUOUS
10
5.7734059055118108
20
-6.0791757480314956
11
5.7677816141732281
21
-6.0819878740157476
0
LINE
8
BLACK
6
CONTINUOUS
10
5.7677816141732281
20
-6.0819878740157476
11
5.7664517322834641
21
-6.0822599999999998
0
LINE
8
BLACK
6
CONTINUOUS
10
5.7664517322834641
20
-6.0822599999999998
11
5.765140590551181
21
-6.0826113385826774
0
LINE
8
BLACK
6
CONTINUOUS
10
5.765140590551181
20
-6.0826113385826774
11
5.7567041338582676
21
-6.0826113385826774
0
LINE
8
BLACK
6
CONTINUOUS
10
5.7567041338582676
20
-6.0826113385826774
11
5.7553928740157483
21
-6.082259960629921
0
LINE
8
BLACK
6
CONTINUOUS
10
5.7553928740157483
20
-6.082259960629921
11
5.7540631496062993
21
-6.0819878740157476
0
LINE
8
BLACK
6
CONTINUOUS
10
5.7540631496062993
20
-6.0819878740157476
11
5.7484388188976379
21
-6.0791757480314956
0
LINE
8
BLACK
6
CONTINUOUS
10
5.7484388188976379
20
-6.0791757480314956
11
5.747727401574803
21
-6.0785448818897638
0
LINE
8
BLACK
6
CONTINUOUS
10
5.747727401574803
20
-6.0785448818897638
11
5.7469040157480311
21
-6.0780695275590553
0
LINE
8
BLACK
6
CONTINUOUS
10
5.7469040157480311
20
-6.0780695275590553
11
5.7440918503937004
21
-6.0752573622047246
0
LINE
8
BLACK
6
CONTINUOUS
10
5.7440918503937004
20
-6.0752573622047246
11
5.7436164566929131
21
-6.0744339370078739
0
LINE
8
BLACK
6
CONTINUOUS
10
5.7436164566929131
20
-6.0744339370078739
11
5.74298562992126
21
-6.0737225590551178
0
LINE
8
BLACK
6
CONTINUOUS
10
5.74298562992126
20
-6.0737225590551178
11
5.7401735039370081
21
-6.0680982677165352
0
LINE
8
BLACK
6
CONTINUOUS
10
5.7401735039370081
20
-6.0680982677165352
11
5.7399013385826771
21
-6.0667683858267711
0
LINE
8
BLACK
6
CONTINUOUS
10
5.7399013385826771
20
-6.0667683858267711
11
5.7395500393700782
21
-6.0654572440944881
0
LINE
8
BLACK
6
CONTINUOUS
10
5.7395500393700782
20
-6.0654572440944881
11
5.7395500393700782
21
-6.0485843307086613
0
LINE
8
BLACK
6
CONTINUOUS
10
5.7395500393700782
20
-6.0485843307086613
11
5.7399013385826771
21
-6.0472731496062995
0
LINE
8
BLACK
6
CONTINUOUS
10
5.7399013385826771
20
-6.0472731496062995
11
5.7401735039370081
21
-6.0459433070866142
0
LINE
8
BLACK
6
CONTINUOUS
10
5.7401735039370081
20
-6.0459433070866142
11
5.74298562992126
21
-6.0403190157480315
0
LINE
8
BLACK
6
CONTINUOUS
10
5.74298562992126
20
-6.0403190157480315
11
5.7436164566929131
21
-6.0396075984251967
0
LINE
8
BLACK
6
CONTINUOUS
10
5.7436164566929131
20
-6.0396075984251967
11
5.7440918897637792
21
-6.038784173228346
0
LINE
8
BLACK
6
CONTINUOUS
10
5.7440918897637792
20
-6.038784173228346
11
5.7469040551181099
21
-6.0359720472440941
0
LINE
8
BLACK
6
CONTINUOUS
10
5.7469040551181099
20
-6.0359720472440941
11
5.7477274409448817
21
-6.0354966535433068
0
LINE
8
BLACK
6
CONTINUOUS
10
5.7477274409448817
20
-6.0354966535433068
11
5.7484388188976379
21
-6.0348658661417325
0
LINE
8
BLACK
6
CONTINUOUS
10
5.7484388188976379
20
-6.0348658661417325
11
5.7540630708661418
21
-6.0320537007874018
0
LINE
8
BLACK
6
CONTINUOUS
10
5.7540630708661418
20
-6.0320537007874018
11
5.7553930708661412
21
-6.0317814960629921
0
LINE
8
BLACK
6
CONTINUOUS
10
5.7553930708661412
20
-6.0317814960629921
11
5.7567041338582676
21
-6.0314302362204719
0
LINE
8
BLACK
6
CONTINUOUS
10
5.7567041338582676
20
-6.0314302362204719
11
5.765140590551181
21
-6.0314302362204719
0
LINE
8
BLACK
6
CONTINUOUS
10
5.765140590551181
20
-6.0314302362204719
11
5.7664516535433066
21
-6.0317815354330708
0
LINE
8
BLACK
6
CONTINUOUS
10
5.7545779921259843
20
-6.0450013779527554
11
5.7531211023622042
21
-6.0464582677165355
0
LINE
8
BLACK
6
CONTINUOUS
10
5.7531211023622042
20
-6.0464582677165355
11
5.7513610629921255
21
-6.0499783858267717
0
LINE
8
BLACK
6
CONTINUOUS
10
5.7513610629921255
20
-6.0499783858267717
11
5.7513610629921255
21
-6.0640631496062989
0
LINE
8
BLACK
6
CONTINUOUS
10
5.7513610629921255
20
-6.0640631496062989
11
5.7531211023622042
21
-6.0675833070866139
0
LINE
8
BLACK
6
CONTINUOUS
10
5.7531211023622042
20
-6.0675833070866139
11
5.7545779921259843
21
-6.069040196850394
0
LINE
8
BLACK
6
CONTINUOUS
10
5.7545779921259843
20
-6.069040196850394
11
5.7580982283464568
21
-6.0708003149606302
0
LINE
8
BLACK
6
CONTINUOUS
10
5.7580982283464568
20
-6.0708003149606302
11
5.7637464960629918
21
-6.0708003149606302
0
LINE
8
BLACK
6
CONTINUOUS
10
5.7637464960629918
20
-6.0708003149606302
11
5.7672666535433068
21
-6.0690402362204727
0
LINE
8
BLACK
6
CONTINUOUS
10
5.7672666535433068
20
-6.0690402362204727
11
5.7687235433070869
21
-6.0675833464566926
0
LINE
8
BLACK
6
CONTINUOUS
10
5.7687235433070869
20
-6.0675833464566926
11
5.7704836614173223
21
-6.0640631496062989
0
LINE
8
BLACK
6
CONTINUOUS
10
5.7704836614173223
20
-6.0640631496062989
11
5.7704836614173223
21
-6.0499783858267717
0
LINE
8
BLACK
6
CONTINUOUS
10
5.7704836614173223
20
-6.0499783858267717
11
5.7687235826771648
21
-6.0464582283464567
0
LINE
8
BLACK
6
CONTINUOUS
10
5.7687235826771648
20
-6.0464582283464567
11
5.7672667322834643
21
-6.0450013779527554
0
LINE
8
BLACK
6
CONTINUOUS
10
5.7672667322834643
20
-6.0450013779527554
11
5.7637464960629918
21
-6.0432412598425191
0
LINE
8
BLACK
6
CONTINUOUS
10
5.7637464960629918
20
-6.0432412598425191
11
5.7580982283464568
21
-6.0432412598425191
0
LINE
8
BLACK
6
CONTINUOUS
10
5.7580982283464568
20
-6.0432412598425191
11
5.7545779921259843
21
-6.0450013779527554
0
LINE
8
BLACK
6
CONTINUOUS
10
5.8299606299212599
20
-6.0322214173228348
11
5.832122204724409
21
-6.0343829921259839
0
LINE
8
BLACK
6
CONTINUOUS
10
5.832122204724409
20
-6.0343829921259839
11
5.8329133858267719
21
-6.037335748031496
0
LINE
8
BLACK
6
CONTINUOUS
10
5.8329133858267719
20
-6.037335748031496
11
5.8329133858267719
21
-6.0767058267716534
0
LINE
8
BLACK
6
CONTINUOUS
10
5.8329133858267719
20
-6.0767058267716534
11
5.832122204724409
21
-6.0796585826771654
0
LINE
8
BLACK
6
CONTINUOUS
10
5.832122204724409
20
-6.0796585826771654
11
5.8299606299212599
21
-6.0818201574803146
0
LINE
8
BLACK
6
CONTINUOUS
10
5.8299606299212599
20
-6.0818201574803146
11
5.8270078740157478
21
-6.0826113385826774
0
LINE
8
BLACK
6
CONTINUOUS
10
5.8270078740157478
20
-6.0826113385826774
11
5.8240551181102358
21
-6.0818201574803146
0
LINE
8
BLACK
6
CONTINUOUS
10
5.8240551181102358
20
-6.0818201574803146
11
5.82321937007874
21
-6.0809844094488188
0
LINE
8
BLACK
6
CONTINUOUS
10
5.82321937007874
20
-6.0809844094488188
11
5.8212124409448815
21
-6.0819878740157476
0
LINE
8
BLACK
6
CONTINUOUS
10
5.8212124409448815
20
-6.0819878740157476
11
5.8198825590551184
21
-6.0822599999999998
0
LINE
8
BLACK
6
CONTINUOUS
10
5.8198825590551184
20
-6.0822599999999998
11
5.8185714173228344
21
-6.0826113385826774
0
LINE
8
BLACK
6
CONTINUOUS
10
5.8185714173228344
20
-6.0826113385826774
11
5.8101349606299211
21
-6.0826113385826774
0
LINE
8
BLACK
6
CONTINUOUS
10
5.8101349606299211
20
-6.0826113385826774
11
5.8088237007874017
21
-6.082259960629921
0
LINE
8
BLACK
6
CONTINUOUS
10
5.8088237007874017
20
-6.082259960629921
11
5.8074939763779527
21
-6.0819878740157476
0
LINE
8
BLACK
6
CONTINUOUS
10
5.8074939763779527
20
-6.0819878740157476
11
5.8018696456692913
21
-6.0791757480314956
0
LINE
8
BLACK
6
CONTINUOUS
10
5.8018696456692913
20
-6.0791757480314956
11
5.8015994488188971
21
-6.0789361417322834
0
LINE
8
BLACK
6
CONTINUOUS
10
5.8015994488188971
20
-6.0789361417322834
11
5.8012567716535433
21
-6.0788219291338583
0
LINE
8
BLACK
6
CONTINUOUS
10
5.8012567716535433
20
-6.0788219291338583
11
5.8004698425196848
21
-6.0779344881889763
0
LINE
8
BLACK
6
CONTINUOUS
10
5.8004698425196848
20
-6.0779344881889763
11
5.7995824409448815
21
-6.0771475984251966
0
LINE
8
BLACK
6
CONTINUOUS
10
5.7995824409448815
20
-6.0771475984251966
11
5.7994681889763777
21
-6.076804881889764
0
LINE
8
BLACK
6
CONTINUOUS
10
5.7994681889763777
20
-6.076804881889764
11
5.7992286220472442
21
-6.0765347244094485
0
LINE
8
BLACK
6
CONTINUOUS
10
5.7992286220472442
20
-6.0765347244094485
11
5.7964164566929135
21
-6.0709103937007871
0
LINE
8
BLACK
6
CONTINUOUS
10
5.7964164566929135
20
-6.0709103937007871
11
5.7961442913385826
21
-6.0695804330708656
0
LINE
8
BLACK
6
CONTINUOUS
10
5.7961442913385826
20
-6.0695804330708656
11
5.7957929921259845
21
-6.06826937007874
0
LINE
8
BLACK
6
CONTINUOUS
10
5.7957929921259845
20
-6.06826937007874
11
5.7957929921259845
21
-6.037335748031496
0
LINE
8
BLACK
6
CONTINUOUS
10
5.7957929921259845
20
-6.037335748031496
11
5.7965841732283465
21
-6.0343829921259839
0
LINE
8
BLACK
6
CONTINUOUS
10
5.7965841732283465
20
-6.0343829921259839
11
5.7987457480314957
21
-6.0322214173228348
0
LINE
8
BLACK
6
CONTINUOUS
10
5.7987457480314957
20
-6.0322214173228348
11
5.8016985039370077
21
-6.0314302362204719
0
LINE
8
BLACK
6
CONTINUOUS
10
5.8016985039370077
20
-6.0314302362204719
11
5.8046512598425197
21
-6.0322214173228348
0
LINE
8
BLACK
6
CONTINUOUS
10
5.8046512598425197
20
-6.0322214173228348
11
5.8068128346456689
21
-6.0343829921259839
0
LINE
8
BLACK
6
CONTINUOUS
10
5.8068128346456689
20
-6.0343829921259839
11
5.8076040157480318
21
-6.037335748031496
0
LINE
8
BLACK
6
CONTINUOUS
10
5.8076040157480318
20
-6.037335748031496
11
5.8076040157480318
21
-6.0668752755905508
0
LINE
8
BLACK
6
CONTINUOUS
10
5.8076040157480318
20
-6.0668752755905508
11
5.8089123622047243
21
-6.0694919685039368
0
LINE
8
BLACK
6
CONTINUOUS
10
5.8089123622047243
20
-6.0694919685039368
11
5.8115290551181102
21
-6.0708003149606302
0
LINE
8
BLACK
6
CONTINUOUS
10
5.8115290551181102
20
-6.0708003149606302
11
5.8171773228346453
21
-6.0708003149606302
0
LINE
8
BLACK
6
CONTINUOUS
10
5.8171773228346453
20
-6.0708003149606302
11
5.8206974803149603
21
-6.0690402362204727
0
LINE
8
BLACK
6
CONTINUOUS
10
5.8206974803149603
20
-6.0690402362204727
11
5.8211023622047247
21
-6.0686353937007871
0
LINE
8
BLACK
6
CONTINUOUS
10
5.8211023622047247
20
-6.0686353937007871
11
5.8211023622047247
21
-6.037335748031496
0
LINE
8
BLACK
6
CONTINUOUS
10
5.8211023622047247
20
-6.037335748031496
11
5.8218935433070866
21
-6.0343829921259839
0
LINE
8
BLACK
6
CONTINUOUS
10
5.8218935433070866
20
-6.0343829921259839
11
5.8240551181102358
21
-6.0322214173228348
0
LINE
8
BLACK
6
CONTINUOUS
10
5.8240551181102358
20
-6.0322214173228348
11
5.8270078740157478
21
-6.0314302362204719
0
LINE
8
BLACK
6
CONTINUOUS
10
5.8270078740157478
20
-6.0314302362204719
11
5.8299606299212599
21
-6.0322214173228348
0
LINE
8
BLACK
6
CONTINUOUS
10
5.8580820866141732
20
-6.0125363779527561
11
5.8602436614173223
21
-6.0146979527559052
0
LINE
8
BLACK
6
CONTINUOUS
10
5.8602436614173223
20
-6.0146979527559052
11
5.8610348425196852
21
-6.0176507086614173
0
LINE
8
BLACK
6
CONTINUOUS
10
5.8610348425196852
20
-6.0176507086614173
11
5.8610348425196852
21
-6.0314302362204719
0
LINE
8
BLACK
6
CONTINUOUS
10
5.8610348425196852
20
-6.0314302362204719
11
5.8691900787401572
21
-6.0314302362204719
0
LINE
8
BLACK
6
CONTINUOUS
10
5.8691900787401572
20
-6.0314302362204719
11
5.8721428346456692
21
-6.0322214173228348
0
LINE
8
BLACK
6
CONTINUOUS
10
5.8721428346456692
20
-6.0322214173228348
11
5.8743044094488184
21
-6.0343829921259839
0
LINE
8
BLACK
6
CONTINUOUS
10
5.8743044094488184
20
-6.0343829921259839
11
5.8750955905511812
21
-6.037335748031496
0
LINE
8
BLACK
6
CONTINUOUS
10
5.8750955905511812
20
-6.037335748031496
11
5.8743044094488184
21
-6.040288503937008
0
LINE
8
BLACK
6
CONTINUOUS
10
5.8743044094488184
20
-6.040288503937008
11
5.8721428346456692
21
-6.0424500787401572
0
LINE
8
BLACK
6
CONTINUOUS
10
5.8721428346456692
20
-6.0424500787401572
11
5.8691900787401572
21
-6.0432412598425191
0
LINE
8
BLACK
6
CONTINUOUS
10
5.8691900787401572
20
-6.0432412598425191
11
5.8610348425196852
21
-6.0432412598425191
0
LINE
8
BLACK
6
CONTINUOUS
10
5.8610348425196852
20
-6.0432412598425191
11
5.8610348425196852
21
-6.0668752755905508
0
LINE
8
BLACK
6
CONTINUOUS
10
5.8610348425196852
20
-6.0668752755905508
11
5.8623431889763777
21
-6.0694919685039368
0
LINE
8
BLACK
6
CONTINUOUS
10
5.8623431889763777
20
-6.0694919685039368
11
5.8649598818897637
21
-6.0708003149606302
0
LINE
8
BLACK
6
CONTINUOUS
10
5.8649598818897637
20
-6.0708003149606302
11
5.8691900787401572
21
-6.0708003149606302
0
LINE
8
BLACK
6
CONTINUOUS
10
5.8691900787401572
20
-6.0708003149606302
11
5.8721428346456692
21
-6.0715914960629922
0
LINE
8
BLACK
6
CONTINUOUS
10
5.8721428346456692
20
-6.0715914960629922
11
5.8743044094488184
21
-6.0737530708661414
0
LINE
8
BLACK
6
CONTINUOUS
10
5.8743044094488184
20
-6.0737530708661414
11
5.8750955905511812
21
-6.0767058267716534
0
LINE
8
BLACK
6
CONTINUOUS
10
5.8750955905511812
20
-6.0767058267716534
11
5.8743044094488184
21
-6.0796585826771654
0
LINE
8
BLACK
6
CONTINUOUS
10
5.8743044094488184
20
-6.0796585826771654
11
5.8721428346456692
21
-6.0818201574803146
0
LINE
8
BLACK
6
CONTINUOUS
10
5.8721428346456692
20
-6.0818201574803146
11
5.8691900787401572
21
-6.0826113385826774
0
LINE
8
BLACK
6
CONTINUOUS
10
5.8691900787401572
20
-6.0826113385826774
11
5.8635657874015745
21
-6.0826113385826774
0
LINE
8
BLACK
6
CONTINUOUS
10
5.8635657874015745
20
-6.0826113385826774
11
5.8622545275590552
21
-6.082259960629921
0
LINE
8
BLACK
6
CONTINUOUS
10
5.8622545275590552
20
-6.082259960629921
11
5.8609248031496062
21
-6.0819878740157476
0
LINE
8
BLACK
6
CONTINUOUS
10
5.8609248031496062
20
-6.0819878740157476
11
5.8553004724409448
21
-6.0791757480314956
0
LINE
8
BLACK
6
CONTINUOUS
10
5.8553004724409448
20
-6.0791757480314956
11
5.8550302755905514
21
-6.0789361417322834
0
LINE
8
BLACK
6
CONTINUOUS
10
5.8550302755905514
20
-6.0789361417322834
11
5.8546875984251967
21
-6.0788219291338583
0
LINE
8
BLACK
6
CONTINUOUS
10
5.8546875984251967
20
-6.0788219291338583
11
5.8539006692913382
21
-6.0779344881889763
0
LINE
8
BLACK
6
CONTINUOUS
10
5.8539006692913382
20
-6.0779344881889763
11
5.853013267716535
21
-6.0771475984251966
0
LINE
8
BLACK
6
CONTINUOUS
10
5.853013267716535
20
-6.0771475984251966
11
5.8528990157480312
21
-6.076804881889764
0
LINE
8
BLACK
6
CONTINUOUS
10
5.8528990157480312
20
-6.076804881889764
11
5.8526594488188977
21
-6.0765347244094485
0
LINE
8
BLACK
6
CONTINUOUS
10
5.8526594488188977
20
-6.0765347244094485
11
5.8498472834645669
21
-6.0709103937007871
0
LINE
8
BLACK
6
CONTINUOUS
10
5.8498472834645669
20
-6.0709103937007871
11
5.849575118110236
21
-6.0695804330708656
0
LINE
8
BLACK
6
CONTINUOUS
10
5.849575118110236
20
-6.0695804330708656
11
5.849223818897638
21
-6.06826937007874
0
LINE
8
BLACK
6
CONTINUOUS
10
5.849223818897638
20
-6.06826937007874
11
5.849223818897638
21
-6.0432412598425191
0
LINE
8
BLACK
6
CONTINUOUS
10
5.849223818897638
20
-6.0432412598425191
11
5.8466929133858265
21
-6.0432412598425191
0
LINE
8
BLACK
6
CONTINUOUS
10
5.8466929133858265
20
-6.0432412598425191
11
5.8437401574803145
21
-6.0424500787401572
0
LINE
8
BLACK
6
CONTINUOUS
10
5.8437401574803145
20
-6.0424500787401572
11
5.8415785826771653
21
-6.040288503937008
0
LINE
8
BLACK
6
CONTINUOUS
10
5.8415785826771653
20
-6.040288503937008
11
5.8407874015748034
21
-6.037335748031496
0
LINE
8
BLACK
6
CONTINUOUS
10
5.8407874015748034
20
-6.037335748031496
11
5.8415785826771653
21
-6.0343829921259839
0
LINE
8
BLACK
6
CONTINUOUS
10
5.8415785826771653
20
-6.0343829921259839
11
5.8437401574803145
21
-6.0322214173228348
0
LINE
8
BLACK
6
CONTINUOUS
10
5.8437401574803145
20
-6.0322214173228348
11
5.8466929133858265
21
-6.0314302362204719
0
LINE
8
BLACK
6
CONTINUOUS
10
5.8466929133858265
20
-6.0314302362204719
11
5.849223818897638
21
-6.0314302362204719
0
LINE
8
BLACK
6
CONTINUOUS
10
5.849223818897638
20
-6.0314302362204719
11
5.849223818897638
21
-6.0176507086614173
0
LINE
8
BLACK
6
CONTINUOUS
10
5.849223818897638
20
-6.0176507086614173
11
5.850015
21
-6.0146979527559052
0
LINE
8
BLACK
6
CONTINUOUS
10
5.850015
20
-6.0146979527559052
11
5.8521765748031491
21
-6.0125363779527561
0
LINE
8
BLACK
6
CONTINUOUS
10
5.8521765748031491
20
-6.0125363779527561
11
5.8551293307086612
21
-6.0117451968503932
0
LINE
8
BLACK
6
CONTINUOUS
10
5.8551293307086612
20
-6.0117451968503932
11
5.8580820866141732
21
-6.0125363779527561
0
LINE
8
BLACK
6
CONTINUOUS
10
4.6452669291338582
20
-6.055293582677165
11
4.6468141732283463
21
-6.0565918897637792
0
LINE
8
BLACK
6
CONTINUOUS
10
4.6468141732283463
20
-6.0565918897637792
11
4.6471649212598427
21
-6.0585810236220468
0
LINE
8
BLACK
6
CONTINUOUS
10
4.6471649212598427
20
-6.0585810236220468
11
4.6461550000000003
21
-6.0603301968503933
0
LINE
8
BLACK
6
CONTINUOUS
10
4.6461550000000003
20
-6.0603301968503933
11
4.6442570078740157
21
-6.0610210236220468
0
LINE
8
BLACK
6
CONTINUOUS
10
4.6442570078740157
20
-6.0610210236220468
11
4.5852018897637796
21
-6.0610210236220468
0
LINE
8
BLACK
6
CONTINUOUS
10
4.5852018897637796
20
-6.0610210236220468
11
4.5841919685039372
21
-6.0608429527559053
0
LINE
8
BLACK
6
CONTINUOUS
10
4.5841919685039372
20
-6.0608429527559053
11
4.582644724409449
21
-6.0595446456692912
0
LINE
8
BLACK
6
CONTINUOUS
10
4.582644724409449
20
-6.0595446456692912
11
4.5822939763779527
21
-6.0575555118110236
0
LINE
8
BLACK
6
CONTINUOUS
10
4.5822939763779527
20
-6.0575555118110236
11
4.5833038976377951
21
-6.055806338582677
0
LINE
8
BLACK
6
CONTINUOUS
10
4.5833038976377951
20
-6.055806338582677
11
4.5852018897637796
21
-6.0551155118110236
0
LINE
8
BLACK
6
CONTINUOUS
10
4.5852018897637796
20
-6.0551155118110236
11
4.6442570078740157
21
-6.0551155118110236
0
LINE
8
BLACK
6
CONTINUOUS
10
4.6442570078740157
20
-6.0551155118110236
11
4.6452669291338582
21
-6.055293582677165
0
LINE
8
BLACK
6
CONTINUOUS
10
4.3552648031496064
20
-6.023295826771653
11
4.3555459842519682
21
-6.0233514960629924
0
LINE
8
BLACK
6
CONTINUOUS
10
4.3555459842519682
20
-6.0233514960629924
11
4.3556023228346454
21
-6.0234356299212601
0
LINE
8
BLACK
6
CONTINUOUS
10
4.3556023228346454
20
-6.0234356299212601
11
4.3556959842519687
21
-6.0234744488188978
0
LINE
8
BLACK
6
CONTINUOUS
10
4.3556959842519687
20
-6.0234744488188978
11
4.3558056299212593
21
-6.023739212598425
0
LINE
8
BLACK
6
CONTINUOUS
10
4.3558056299212593
20
-6.023739212598425
11
4.3559651574803144
21
-6.0239774015748031
0
LINE
8
BLACK
6
CONTINUOUS
10
4.3559651574803144
20
-6.0239774015748031
11
4.3559454724409452
21
-6.0240768110236216
0
LINE
8
BLACK
6
CONTINUOUS
10
4.3559454724409452
20
-6.0240768110236216
11
4.3559842519685041
21
-6.0241704330708661
0
LINE
8
BLACK
6
CONTINUOUS
10
4.3559842519685041
20
-6.0241704330708661
11
4.3559842519685041
21
-6.0428712204724411
0
LINE
8
BLACK
6
CONTINUOUS
10
4.3559842519685041
20
-6.0428712204724411
11
4.3606242913385822
21
-6.0428712204724411
0
LINE
8
BLACK
6
CONTINUOUS
10
4.3606242913385822
20
-6.0428712204724411
11
4.3613202755905514
21
-6.0431594881889765
0
LINE
8
BLACK
6
CONTINUOUS
10
4.3613202755905514
20
-6.0431594881889765
11
4.3616085433070868
21
-6.0438554724409448
0
LINE
8
BLACK
6
CONTINUOUS
10
4.3616085433070868
20
-6.0438554724409448
11
4.3613202755905514
21
-6.044551456692913
0
LINE
8
BLACK
6
CONTINUOUS
10
4.3613202755905514
20
-6.044551456692913
11
4.3606242913385822
21
-6.0448397244094485
0
LINE
8
BLACK
6
CONTINUOUS
10
4.3606242913385822
20
-6.0448397244094485
11
4.3549999999999995
21
-6.0448397244094485
0
LINE
8
BLACK
6
CONTINUOUS
10
4.3549999999999995
20
-6.0448397244094485
11
4.3493757086614169
21
-6.0448397244094485
0
LINE
8
BLACK
6
CONTINUOUS
10
4.3493757086614169
20
-6.0448397244094485
11
4.3486797244094486
21
-6.044551456692913
0
LINE
8
BLACK
6
CONTINUOUS
10
4.3486797244094486
20
-6.044551456692913
11
4.3483914566929132
21
-6.0438554724409448
0
LINE
8
BLACK
6
CONTINUOUS
10
4.3483914566929132
20
-6.0438554724409448
11
4.3486797244094486
21
-6.0431594881889765
0
LINE
8
BLACK
6
CONTINUOUS
10
4.3486797244094486
20
-6.0431594881889765
11
4.3493757086614169
21
-6.0428712204724411
0
LINE
8
BLACK
6
CONTINUOUS
10
4.3493757086614169
20
-6.0428712204724411
11
4.3540157480314958
21
-6.0428712204724411
0
LINE
8
BLACK
6
CONTINUOUS
10
4.3540157480314958
20
-6.0428712204724411
11
4.3540157480314958
21
-6.0274211417322832
0
LINE
8
BLACK
6
CONTINUOUS
10
4.3540157480314958
20
-6.0274211417322832
11
4.3539441732283466
21
-6.0275285433070867
0
LINE
8
BLACK
6
CONTINUOUS
10
4.3539441732283466
20
-6.0275285433070867
11
4.3538599606299213
21
-6.0275849212598427
0
LINE
8
BLACK
6
CONTINUOUS
10
4.3538599606299213
20
-6.0275849212598427
11
4.3538211811023624
21
-6.0276785826771651
0
LINE
8
BLACK
6
CONTINUOUS
10
4.3538211811023624
20
-6.0276785826771651
11
4.3519464566929136
21
-6.0295533464566926
0
LINE
8
BLACK
6
CONTINUOUS
10
4.3519464566929136
20
-6.0295533464566926
11
4.3517967322834643
21
-6.0296153149606297
0
LINE
8
BLACK
6
CONTINUOUS
10
4.3517967322834643
20
-6.0296153149606297
11
4.3516906299212597
21
-6.0297377165354327
0
LINE
8
BLACK
6
CONTINUOUS
10
4.3516906299212597
20
-6.0297377165354327
11
4.3498158661417321
21
-6.0306750787401571
0
LINE
8
BLACK
6
CONTINUOUS
10
4.3498158661417321
20
-6.0306750787401571
11
4.3490644488188979
21
-6.0307284645669288
0
LINE
8
BLACK
6
CONTINUOUS
10
4.3490644488188979
20
-6.0307284645669288
11
4.3484953543307086
21
-6.030234881889764
0
LINE
8
BLACK
6
CONTINUOUS
10
4.3484953543307086
20
-6.030234881889764
11
4.3484419685039368
21
-6.0294834645669289
0
LINE
8
BLACK
6
CONTINUOUS
10
4.3484419685039368
20
-6.0294834645669289
11
4.3489355511811025
21
-6.0289143700787404
0
LINE
8
BLACK
6
CONTINUOUS
10
4.3489355511811025
20
-6.0289143700787404
11
4.350667440944882
21
-6.0280483858267715
0
LINE
8
BLACK
6
CONTINUOUS
10
4.350667440944882
20
-6.0280483858267715
11
4.3523603543307088
21
-6.0263554724409447
0
LINE
8
BLACK
6
CONTINUOUS
10
4.3523603543307088
20
-6.0263554724409447
11
4.3541810629921258
21
-6.0236244488188975
0
LINE
8
BLACK
6
CONTINUOUS
10
4.3541810629921258
20
-6.0236244488188975
11
4.3542651968503936
21
-6.0235680708661414
0
LINE
8
BLACK
6
CONTINUOUS
10
4.3542651968503936
20
-6.0235680708661414
11
4.3543040157480313
21
-6.0234744488188978
0
LINE
8
BLACK
6
CONTINUOUS
10
4.3543040157480313
20
-6.0234744488188978
11
4.3545687795275594
21
-6.0233647637795276
0
LINE
8
BLACK
6
CONTINUOUS
10
4.3545687795275594
20
-6.0233647637795276
11
4.3548069685039366
21
-6.0232052755905512
0
LINE
8
BLACK
6
CONTINUOUS
10
4.3548069685039366
20
-6.0232052755905512
11
4.3549063779527559
21
-6.0232249212598425
0
LINE
8
BLACK
6
CONTINUOUS
10
4.3549063779527559
20
-6.0232249212598425
11
4.3549999999999995
21
-6.0231861811023624
0
LINE
8
BLACK
6
CONTINUOUS
10
4.3549999999999995
20
-6.0231861811023624
11
4.3552648031496064
21
-6.023295826771653
0
LINE
8
BLACK
6
CONTINUOUS
10
4.6452669291338582
20
-5.9934262992125982
11
4.6454761023622044
21
-5.9936018110236216
0
LINE
8
BLACK
6
CONTINUOUS
10
4.6454761023622044
20
-5.9936018110236216
11
4.6457447637795273
21
-5.993650433070866
0
LINE
8
BLACK
6
CONTINUOUS
10
4.6457447637795273
20
-5.993650433070866
11
4.6462312204724405
21
-5.994235433070866
0
LINE
8
BLACK
6
CONTINUOUS
10
4.6462312204724405
20
-5.994235433070866
11
4.6468141732283463
21
-5.9947246062992123
0
LINE
8
BLACK
6
CONTINUOUS
10
4.6468141732283463
20
-5.9947246062992123
11
4.6468615748031494
21
-5.9949934645669289
0
LINE
8
BLACK
6
CONTINUOUS
10
4.6468615748031494
20
-5.9949934645669289
11
4.6470361811023624
21
-5.995203464566929
0
LINE
8
BLACK
6
CONTINUOUS
10
4.6470361811023624
20
-5.995203464566929
11
4.6470327559055118
21
-5.9959643700787399
0
LINE
8
BLACK
6
CONTINUOUS
10
4.6470327559055118
20
-5.9959643700787399
11
4.6471649212598427
21
-5.9967137401574799
0
LINE
8
BLACK
6
CONTINUOUS
10
4.6471649212598427
20
-5.9967137401574799
11
4.6470283464566924
21
-5.9969501968503938
0
LINE
8
BLACK
6
CONTINUOUS
10
4.6470283464566924
20
-5.9969501968503938
11
4.6470271653543307
21
-5.9972232283464564
0
LINE
8
BLACK
6
CONTINUOUS
10
4.6470271653543307
20
-5.9972232283464564
11
4.6465354330708664
21
-5.9978039370078742
0
LINE
8
BLACK
6
CONTINUOUS
10
4.6465354330708664
20
-5.9978039370078742
11
4.6461550000000003
21
-5.9984629133858265
0
LINE
8
BLACK
6
CONTINUOUS
10
4.6461550000000003
20
-5.9984629133858265
11
4.64589842519685
21
-5.9985562598425197
0
LINE
8
BLACK
6
CONTINUOUS
10
4.64589842519685
20
-5.9985562598425197
11
4.6457220078740153
21
-5.9987646850393697
0
LINE
8
BLACK
6
CONTINUOUS
10
4.6457220078740153
20
-5.9987646850393697
11
4.5963206692913383
21
-6.0269940157480315
0
LINE
8
BLACK
6
CONTINUOUS
10
4.5963206692913383
20
-6.0269940157480315
11
4.6442570078740157
21
-6.0269940157480315
0
LINE
8
BLACK
6
CONTINUOUS
10
4.6442570078740157
20
-6.0269940157480315
11
4.6452669291338582
21
-6.0271720866141729
0
LINE
8
BLACK
6
CONTINUOUS
10
4.6452669291338582
20
-6.0271720866141729
11
4.6468141732283463
21
-6.0284703937007871
0
LINE
8
BLACK
6
CONTINUOUS
10
4.6468141732283463
20
-6.0284703937007871
11
4.6471649212598427
21
-6.0304595275590547
0
LINE
8
BLACK
6
CONTINUOUS
10
4.6471649212598427
20
-6.0304595275590547
11
4.6461550000000003
21
-6.0322087007874012
0
LINE
8
BLACK
6
CONTINUOUS
10
4.6461550000000003
20
-6.0322087007874012
11
4.6442570078740157
21
-6.0328995275590547
0
LINE
8
BLACK
6
CONTINUOUS
10
4.6442570078740157
20
-6.0328995275590547
11
4.5852018897637796
21
-6.0328995275590547
0
LINE
8
BLACK
6
CONTINUOUS
10
4.5852018897637796
20
-6.0328995275590547
11
4.5841919685039372
21
-6.0327214566929133
0
LINE
8
BLACK
6
CONTINUOUS
10
4.5841919685039372
20
-6.0327214566929133
11
4.5839827559055113
21
-6.0325459055118111
0
LINE
8
BLACK
6
CONTINUOUS
10
4.5839827559055113
20
-6.0325459055118111
11
4.5837141338582672
21
-6.0324973228346455
0
LINE
8
BLACK
6
CONTINUOUS
10
4.5837141338582672
20
-6.0324973228346455
11
4.5832276377952752
21
-6.0319122834645666
0
LINE
8
BLACK
6
CONTINUOUS
10
4.5832276377952752
20
-6.0319122834645666
11
4.582644724409449
21
-6.0314231496062991
0
LINE
8
BLACK
6
CONTINUOUS
10
4.582644724409449
20
-6.0314231496062991
11
4.5825972834645672
21
-6.0311542519685037
0
LINE
8
BLACK
6
CONTINUOUS
10
4.5825972834645672
20
-6.0311542519685037
11
4.582422716535433
21
-6.0309442913385825
0
LINE
8
BLACK
6
CONTINUOUS
10
4.582422716535433
20
-6.0309442913385825
11
4.5824261023622048
21
-6.0301833464566927
0
LINE
8
BLACK
6
CONTINUOUS
10
4.5824261023622048
20
-6.0301833464566927
11
4.5822939763779527
21
-6.0294340157480315
0
LINE
8
BLACK
6
CONTINUOUS
10
4.5822939763779527
20
-6.0294340157480315
11
4.5824305118110233
21
-6.0291975196850389
0
LINE
8
BLACK
6
CONTINUOUS
10
4.5824305118110233
20
-6.0291975196850389
11
4.5824317322834647
21
-6.0289245275590551
0
LINE
8
BLACK
6
CONTINUOUS
10
4.5824317322834647
20
-6.0289245275590551
11
4.5829233858267715
21
-6.028343858267716
0
LINE
8
BLACK
6
CONTINUOUS
10
4.5829233858267715
20
-6.028343858267716
11
4.5833038976377951
21
-6.0276848425196849
0
LINE
8
BLACK
6
CONTINUOUS
10
4.5833038976377951
20
-6.0276848425196849
11
4.5835604724409444
21
-6.0275914173228342
0
LINE
8
BLACK
6
CONTINUOUS
10
4.5835604724409444
20
-6.0275914173228342
11
4.5837369291338579
21
-6.0273830708661418
0
LINE
8
BLACK
6
CONTINUOUS
10
4.5837369291338579
20
-6.0273830708661418
11
4.6331382677165349
21
-5.9991537401574799
0
LINE
8
BLACK
6
CONTINUOUS
10
4.6331382677165349
20
-5.9991537401574799
11
4.5852018897637796
21
-5.9991537401574799
0
LINE
8
BLACK
6
CONTINUOUS
10
4.5852018897637796
20
-5.9991537401574799
11
4.5841919685039372
21
-5.9989756692913385
0
LINE
8
BLACK
6
CONTINUOUS
10
4.5841919685039372
20
-5.9989756692913385
11
4.582644724409449
21
-5.9976773622047244
0
LINE
8
BLACK
6
CONTINUOUS
10
4.582644724409449
20
-5.9976773622047244
11
4.5822939763779527
21
-5.9956882283464568
0
LINE
8
BLACK
6
CONTINUOUS
10
4.5822939763779527
20
-5.9956882283464568
11
4.5833038976377951
21
-5.9939390551181102
0
LINE
8
BLACK
6
CONTINUOUS
10
4.5833038976377951
20
-5.9939390551181102
11
4.5852018897637796
21
-5.9932482283464568
0
LINE
8
BLACK
6
CONTINUOUS
10
4.5852018897637796
20
-5.9932482283464568
11
4.6442570078740157
21
-5.9932482283464568
0
LINE
8
BLACK
6
CONTINUOUS
10
4.6442570078740157
20
-5.9932482283464568
11
4.6452669291338582
21
-5.9934262992125982
0
LINE
8
BLACK
6
CONTINUOUS
10
5.6674663385826767
20
-6.0119464173228341
11
5.6682437795275593
21
-6.0119464173228341
0
LINE
8
BLACK
6
CONTINUOUS
10
5.6682437795275593
20
-6.0119464173228341
11
5.6682438188976381
21
-6.0119464173228341
0
LINE
8
BLACK
6
CONTINUOUS
10
5.6682438188976381
20
-6.0119464173228341
11
5.6689171259842519
21
-6.0123351181102365
0
LINE
8
BLACK
6
CONTINUOUS
10
5.6689171259842519
20
-6.0123351181102365
11
5.6696681102362207
21
-6.0125363779527561
0
LINE
8
BLACK
6
CONTINUOUS
10
5.6696681102362207
20
-6.0125363779527561
11
5.6702178346456691
21
-6.0130861023622044
0
LINE
8
BLACK
6
CONTINUOUS
10
5.6702178346456691
20
-6.0130861023622044
11
5.6708911417322829
21
-6.0134748425196847
0
LINE
8
BLACK
6
CONTINUOUS
10
5.6708911417322829
20
-6.0134748425196847
11
5.6708911811023617
21
-6.0134748818897634
0
LINE
8
BLACK
6
CONTINUOUS
10
5.6708911811023617
20
-6.0134748818897634
11
5.6737033464566924
21
-6.0162870472440941
0
LINE
8
BLACK
6
CONTINUOUS
10
5.6737033464566924
20
-6.0162870472440941
11
5.6737033858267711
21
-6.0162870866141729
0
LINE
8
BLACK
6
CONTINUOUS
10
5.6737033858267711
20
-6.0162870866141729
11
5.6743344094488188
21
-6.0173800787401577
0
LINE
8
BLACK
6
CONTINUOUS
10
5.6743344094488188
20
-6.0173800787401577
11
5.6752318110236217
21
-6.0189344094488186
0
LINE
8
BLACK
6
CONTINUOUS
10
5.6752318110236217
20
-6.0189344094488186
11
5.6752318110236217
21
-6.0189344488188974
0
LINE
8
BLACK
6
CONTINUOUS
10
5.6752318110236217
20
-6.0189344488188974
11
5.6752318110236217
21
-6.0219913779527561
0
LINE
8
BLACK
6
CONTINUOUS
10
5.6752318110236217
20
-6.0219913779527561
11
5.6745894881889765
21
-6.0231038976377951
0
LINE
8
BLACK
6
CONTINUOUS
10
5.6745894881889765
20
-6.0231038976377951
11
5.6737033858267711
21
-6.0246386614173231
0
LINE
8
BLACK
6
CONTINUOUS
10
5.6737033858267711
20
-6.0246386614173231
11
5.6737033070866136
21
-6.0246387401574806
0
LINE
8
BLACK
6
CONTINUOUS
10
5.6737033070866136
20
-6.0246387401574806
11
5.6708911417322829
21
-6.0274508661417325
0
LINE
8
BLACK
6
CONTINUOUS
10
5.6708911417322829
20
-6.0274508661417325
11
5.6702178346456691
21
-6.027839566929134
0
LINE
8
BLACK
6
CONTINUOUS
10
5.6702178346456691
20
-6.027839566929134
11
5.6696681102362207
21
-6.0283893307086611
0
LINE
8
BLACK
6
CONTINUOUS
10
5.6696681102362207
20
-6.0283893307086611
11
5.6689171259842519
21
-6.028590551181102
0
LINE
8
BLACK
6
CONTINUOUS
10
5.6689171259842519
20
-6.028590551181102
11
5.6682438188976381
21
-6.0289792913385822
0
LINE
8
BLACK
6
CONTINUOUS
10
5.6682438188976381
20
-6.0289792913385822
11
5.6674663385826767
21
-6.0289792913385822
0
LINE
8
BLACK
6
CONTINUOUS
10
5.6674663385826767
20
-6.0289792913385822
11
5.6667153543307087
21
-6.0291805118110231
0
LINE
8
BLACK
6
CONTINUOUS
10
5.6667153543307087
20
-6.0291805118110231
11
5.6659643700787399
21
-6.0289792913385822
0
LINE
8
BLACK
6
CONTINUOUS
10
5.6659643700787399
20
-6.0289792913385822
11
5.6651868897637794
21
-6.0289792913385822
0
LINE
8
BLACK
6
CONTINUOUS
10
5.6651868897637794
20
-6.0289792913385822
11
5.6651868503937006
21
-6.0289792913385822
0
LINE
8
BLACK
6
CONTINUOUS
10
5.6651868503937006
20
-6.0289792913385822
11
5.664513503937008
21
-6.0285905118110232
0
LINE
8
BLACK
6
CONTINUOUS
10
5.664513503937008
20
-6.0285905118110232
11
5.6637625984251967
21
-6.0283893307086611
0
LINE
8
BLACK
6
CONTINUOUS
10
5.6637625984251967
20
-6.0283893307086611
11
5.6632127952755908
21
-6.0278395275590553
0
LINE
8
BLACK
6
CONTINUOUS
10
5.6632127952755908
20
-6.0278395275590553
11
5.6625396062992124
21
-6.0274508661417325
0
LINE
8
BLACK
6
CONTINUOUS
10
5.6625396062992124
20
-6.0274508661417325
11
5.6625395275590549
21
-6.0274508267716538
0
LINE
8
BLACK
6
CONTINUOUS
10
5.6625395275590549
20
-6.0274508267716538
11
5.6597274015748029
21
-6.0246387007874018
0
LINE
8
BLACK
6
CONTINUOUS
10
5.6597274015748029
20
-6.0246387007874018
11
5.6588412598425197
21
-6.0231038976377951
0
LINE
8
BLACK
6
CONTINUOUS
10
5.6588412598425197
20
-6.0231038976377951
11
5.6581989370078736
21
-6.0219913779527561
0
LINE
8
BLACK
6
CONTINUOUS
10
5.6581989370078736
20
-6.0219913779527561
11
5.6581989370078736
21
-6.0189344488188974
0
LINE
8
BLACK
6
CONTINUOUS
10
5.6581989370078736
20
-6.0189344488188974
11
5.6581989370078736
21
-6.0189344094488186
0
LINE
8
BLACK
6
CONTINUOUS
10
5.6581989370078736
20
-6.0189344094488186
11
5.6590963385826774
21
-6.0173800787401577
0
LINE
8
BLACK
6
CONTINUOUS
10
5.6590963385826774
20
-6.0173800787401577
11
5.6597273622047242
21
-6.0162870866141729
0
LINE
8
BLACK
6
CONTINUOUS
10
5.6597273622047242
20
-6.0162870866141729
11
5.6625394881889761
21
-6.0134749212598422
0
LINE
8
BLACK
6
CONTINUOUS
10
5.6625394881889761
20
-6.0134749212598422
11
5.6625394881889761
21
-6.0134748818897634
0
LINE
8
BLACK
6
CONTINUOUS
10
5.6625394881889761
20
-6.0134748818897634
11
5.6625395275590549
21
-6.0134748818897634
0
LINE
8
BLACK
6
CONTINUOUS
10
5.6625395275590549
20
-6.0134748818897634
11
5.6632127952755908
21
-6.0130861417322832
0
LINE
8
BLACK
6
CONTINUOUS
10
5.6632127952755908
20
-6.0130861417322832
11
5.6637625984251967
21
-6.0125363779527561
0
LINE
8
BLACK
6
CONTINUOUS
10
5.6637625984251967
20
-6.0125363779527561
11
5.664513503937008
21
-6.0123351574803152
0
LINE
8
BLACK
6
CONTINUOUS
10
5.664513503937008
20
-6.0123351574803152
11
5.6651868503937006
21
-6.0119464173228341
0
LINE
8
BLACK
6
CONTINUOUS
10
5.6651868503937006
20
-6.0119464173228341
11
5.6659643700787399
21
-6.0119464173228341
0
LINE
8
BLACK
6
CONTINUOUS
10
5.6659643700787399
20
-6.0119464173228341
11
5.6667153543307087
21
-6.0117451968503932
0
LINE
8
BLACK
6
CONTINUOUS
10
5.6667153543307087
20
-6.0117451968503932
11
5.6674663385826767
21
-6.0119464173228341
0
LINE
8
BLACK
6
CONTINUOUS
10
4.9388188976377956
20
-5.8529614173228346
11
4.8788188976377951
21
-5.8529614173228346
0
LINE
8
BLACK
6
CONTINUOUS
10
4.8788188976377951
20
-5.8529614173228346
11
4.8788188976377951
21
-5.7929614173228341
0
LINE
8
BLACK
6
CONTINUOUS
10
4.8788188976377951
20
-5.7929614173228341
11
4.9388188976377956
21
-5.7929614173228341
0
LINE
8
BLACK
6
CONTINUOUS
10
4.9388188976377956
20
-5.7929614173228341
11
4.9388188976377956
21
-5.8529614173228346
0
LINE
8
BLACK
6
CONTINUOUS
10
5.0388188976377952
20
-5.8529614173228346
11
4.9788188976377947
21
-5.8529614173228346
0
LINE
8
BLACK
6
CONTINUOUS
10
4.9788188976377947
20
-5.8529614173228346
11
4.9788188976377947
21
-5.7929614173228341
0
LINE
8
BLACK
6
CONTINUOUS
10
4.9788188976377947
20
-5.7929614173228341
11
5.0388188976377952
21
-5.7929614173228341
0
LINE
8
BLACK
6
CONTINUOUS
10
5.0388188976377952
20
-5.7929614173228341
11
5.0388188976377952
21
-5.8529614173228346
0
LINE
8
BLACK
6
CONTINUOUS
10
4.9388188976377956
20
-5.7529614173228349
11
4.8788188976377951
21
-5.7529614173228349
0
LINE
8
BLACK
6
CONTINUOUS
10
4.8788188976377951
20
-5.7529614173228349
11
4.8788188976377951
21
-5.6929614173228344
0
LINE
8
BLACK
6
CONTINUOUS
10
4.8788188976377951
20
-5.6929614173228344
11
4.9388188976377956
21
-5.6929614173228344
0
LINE
8
BLACK
6
CONTINUOUS
10
4.9388188976377956
20
-5.6929614173228344
11
4.9388188976377956
21
-5.7529614173228349
0
LINE
8
BLACK
6
CONTINUOUS
10
5.0388188976377952
20
-5.7529614173228349
11
4.9788188976377947
21
-5.7529614173228349
0
LINE
8
BLACK
6
CONTINUOUS
10
4.9788188976377947
20
-5.7529614173228349
11
4.9788188976377947
21
-5.6929614173228344
0
LINE
8
BLACK
6
CONTINUOUS
10
4.9788188976377947
20
-5.6929614173228344
11
5.0388188976377952
21
-5.6929614173228344
0
LINE
8
BLACK
6
CONTINUOUS
10
5.0388188976377952
20
-5.6929614173228344
11
5.0388188976377952
21
-5.7529614173228349
0
LINE
8
BLACK
6
CONTINUOUS
10
4.9388188976377956
20
-5.6529614173228344
11
4.8788188976377951
21
-5.6529614173228344
0
LINE
8
BLACK
6
CONTINUOUS
10
4.8788188976377951
20
-5.6529614173228344
11
4.8788188976377951
21
-5.5929614173228348
0
LINE
8
BLACK
6
CONTINUOUS
10
4.8788188976377951
20
-5.5929614173228348
11
4.9388188976377956
21
-5.5929614173228348
0
LINE
8
BLACK
6
CONTINUOUS
10
4.9388188976377956
20
-5.5929614173228348
11
4.9388188976377956
21
-5.6529614173228344
0
LINE
8
BLACK
6
CONTINUOUS
10
5.0388188976377952
20
-5.6529614173228344
11
4.9788188976377947
21
-5.6529614173228344
0
LINE
8
BLACK
6
CONTINUOUS
10
4.9788188976377947
20
-5.6529614173228344
11
4.9788188976377947
21
-5.5929614173228348
0
LINE
8
BLACK
6
CONTINUOUS
10
4.9788188976377947
20
-5.5929614173228348
11
5.0388188976377952
21
-5.5929614173228348
0
LINE
8
BLACK
6
CONTINUOUS
10
5.0388188976377952
20
-5.5929614173228348
11
5.0388188976377952
21
-5.6529614173228344
0
LINE
8
BLACK
6
CONTINUOUS
10
5.0592024015748027
20
-5.5700762598425193
11
5.0593316535433068
21
-5.5700535039370074
0
LINE
8
BLACK
6
CONTINUOUS
10
5.0593316535433068
20
-5.5700535039370074
11
5.0594452362204727
21
-5.5701190944881889
0
LINE
8
BLACK
6
CONTINUOUS
10
5.0594452362204727
20
-5.5701190944881889
11
5.0598288188976372
21
-5.5701867322834646
0
LINE
8
BLACK
6
CONTINUOUS
10
5.0598288188976372
20
-5.5701867322834646
11
5.0604164960629916
21
-5.5706798425196853
0
LINE
8
BLACK
6
CONTINUOUS
10
5.0604164960629916
20
-5.5706798425196853
11
5.0610808267716534
21
-5.5710634251968498
0
LINE
8
BLACK
6
CONTINUOUS
10
5.0610808267716534
20
-5.5710634251968498
11
5.0611719291338577
21
-5.5713137401574802
0
LINE
8
BLACK
6
CONTINUOUS
10
5.0611719291338577
20
-5.5713137401574802
11
5.0613760629921263
21
-5.5714850393700788
0
LINE
8
BLACK
6
CONTINUOUS
10
5.0613760629921263
20
-5.5714850393700788
11
5.0615092913385826
21
-5.5722405905511811
0
LINE
8
BLACK
6
CONTINUOUS
10
5.0615092913385826
20
-5.5722405905511811
11
5.0617716535433068
21
-5.5729614173228343
0
LINE
8
BLACK
6
CONTINUOUS
10
5.0617716535433068
20
-5.5729614173228343
11
5.0617716535433068
21
-5.8729614173228342
0
LINE
8
BLACK
6
CONTINUOUS
10
5.0617716535433068
20
-5.8729614173228342
11
5.0617040157480311
21
-5.8733449212598421
0
LINE
8
BLACK
6
CONTINUOUS
10
5.0617040157480311
20
-5.8733449212598421
11
5.0617268110236218
21
-5.8734741732283462
0
LINE
8
BLACK
6
CONTINUOUS
10
5.0617268110236218
20
-5.8734741732283462
11
5.0616611811023624
21
-5.8735877559055121
0
LINE
8
BLACK
6
CONTINUOUS
10
5.0616611811023624
20
-5.8735877559055121
11
5.0615935826771654
21
-5.8739713385826766
0
LINE
8
BLACK
6
CONTINUOUS
10
5.0615935826771654
20
-5.8739713385826766
11
5.061100433070866
21
-5.874559015748031
0
LINE
8
BLACK
6
CONTINUOUS
10
5.061100433070866
20
-5.874559015748031
11
5.0607168897637793
21
-5.8752233464566928
0
LINE
8
BLACK
6
CONTINUOUS
10
5.0607168897637793
20
-5.8752233464566928
11
5.0604665354330711
21
-5.8753144488188971
0
LINE
8
BLACK
6
CONTINUOUS
10
5.0604665354330711
20
-5.8753144488188971
11
5.0602952755905513
21
-5.8755185826771656
0
LINE
8
BLACK
6
CONTINUOUS
10
5.0602952755905513
20
-5.8755185826771656
11
5.0595396850393701
21
-5.875651811023622
0
LINE
8
BLACK
6
CONTINUOUS
10
5.0595396850393701
20
-5.875651811023622
11
5.0588188976377948
21
-5.8759141732283462
0
LINE
8
BLACK
6
CONTINUOUS
10
5.0588188976377948
20
-5.8759141732283462
11
4.8588188976377955
21
-5.8759141732283462
0
LINE
8
BLACK
6
CONTINUOUS
10
4.8588188976377955
20
-5.8759141732283462
11
4.8584353543307088
21
-5.8758465354330704
0
LINE
8
BLACK
6
CONTINUOUS
10
4.8584353543307088
20
-5.8758465354330704
11
4.8583061417322835
21
-5.8758693307086611
0
LINE
8
BLACK
6
CONTINUOUS
10
4.8583061417322835
20
-5.8758693307086611
11
4.8581925196850388
21
-5.8758037007874018
0
LINE
8
BLACK
6
CONTINUOUS
10
4.8581925196850388
20
-5.8758037007874018
11
4.8578089763779531
21
-5.8757361023622048
0
LINE
8
BLACK
6
CONTINUOUS
10
4.8578089763779531
20
-5.8757361023622048
11
4.85722125984252
21
-5.8752429527559054
0
LINE
8
BLACK
6
CONTINUOUS
10
4.85722125984252
20
-5.8752429527559054
11
4.8565569685039369
21
-5.8748594094488187
0
LINE
8
BLACK
6
CONTINUOUS
10
4.8565569685039369
20
-5.8748594094488187
11
4.8564658267716538
21
-5.8746090551181105
0
LINE
8
BLACK
6
CONTINUOUS
10
4.8564658267716538
20
-5.8746090551181105
11
4.856261732283464
21
-5.8744377952755906
0
LINE
8
BLACK
6
CONTINUOUS
10
4.856261732283464
20
-5.8744377952755906
11
4.8561284645669289
21
-5.8736822047244095
0
LINE
8
BLACK
6
CONTINUOUS
10
4.8561284645669289
20
-5.8736822047244095
11
4.8558661417322835
21
-5.8729614173228342
0
LINE
8
BLACK
6
CONTINUOUS
10
4.8558661417322835
20
-5.8729614173228342
11
4.8558661417322835
21
-5.5729614173228343
0
LINE
8
BLACK
6
CONTINUOUS
10
4.8558661417322835
20
-5.5729614173228343
11
4.8559337401574805
21
-5.5725778740157477
0
LINE
8
BLACK
6
CONTINUOUS
10
4.8559337401574805
20
-5.5725778740157477
11
4.8559109842519685
21
-5.5724486614173223
0
LINE
8
BLACK
6
CONTINUOUS
10
4.8559109842519685
20
-5.5724486614173223
11
4.8559765748031491
21
-5.5723350393700786
0
LINE
8
BLACK
6
CONTINUOUS
10
4.8559765748031491
20
-5.5723350393700786
11
4.8560442125984249
21
-5.5719514960629919
0
LINE
8
BLACK
6
CONTINUOUS
10
4.8560442125984249
20
-5.5719514960629919
11
4.8565373228346456
21
-5.5713637795275588
0
LINE
8
BLACK
6
CONTINUOUS
10
4.8565373228346456
20
-5.5713637795275588
11
4.856920905511811
21
-5.5706994881889766
0
LINE
8
BLACK
6
CONTINUOUS
10
4.856920905511811
20
-5.5706994881889766
11
4.8571712204724404
21
-5.5706083464566927
0
LINE
8
BLACK
6
CONTINUOUS
10
4.8571712204724404
20
-5.5706083464566927
11
4.8573425196850391
21
-5.5704042519685038
0
LINE
8
BLACK
6
CONTINUOUS
10
4.8573425196850391
20
-5.5704042519685038
11
4.8580980708661414
21
-5.5702709842519686
0
LINE
8
BLACK
6
CONTINUOUS
10
4.8580980708661414
20
-5.5702709842519686
11
4.8588188976377955
21
-5.5700086614173223
0
LINE
8
BLACK
6
CONTINUOUS
10
4.8588188976377955
20
-5.5700086614173223
11
5.0588188976377948
21
-5.5700086614173223
0
LINE
8
BLACK
6
CONTINUOUS
10
5.0588188976377948
20
-5.5700086614173223
11
5.0592024015748027
21
-5.5700762598425193
0
LINE
8
BLACK
6
CONTINUOUS
10
4.8617716535433066
20
-5.5759141732283464
11
4.8617716535433066
21
-5.870008661417323
0
LINE
8
BLACK
6
CONTINUOUS
10
4.8617716535433066
20
-5.870008661417323
11
5.0558661417322837
21
-5.870008661417323
0
LINE
8
BLACK
6
CONTINUOUS
10
5.0558661417322837
20
-5.870008661417323
11
5.0558661417322837
21
-5.5759141732283464
0
LINE
8
BLACK
6
CONTINUOUS
10
5.0558661417322837
20
-5.5759141732283464
11
4.8617716535433066
21
-5.5759141732283464
0
LINE
8
BLACK
6
CONTINUOUS
10
5.9409999999999998
20
-5.851
11
5.8810000000000002
21
-5.851
0
LINE
8
BLACK
6
CONTINUOUS
10
5.8810000000000002
20
-5.851
11
5.8810000000000002
21
-5.7909999999999995
0
LINE
8
BLACK
6
CONTINUOUS
10
5.8810000000000002
20
-5.7909999999999995
11
5.9409999999999998
21
-5.7909999999999995
0
LINE
8
BLACK
6
CONTINUOUS
10
5.9409999999999998
20
-5.7909999999999995
11
5.9409999999999998
21
-5.851
0
LINE
8
BLACK
6
CONTINUOUS
10
6.0409999999999995
20
-5.851
11
5.9809999999999999
21
-5.851
0
LINE
8
BLACK
6
CONTINUOUS
10
5.9809999999999999
20
-5.851
11
5.9809999999999999
21
-5.7909999999999995
0
LINE
8
BLACK
6
CONTINUOUS
10
5.9809999999999999
20
-5.7909999999999995
11
6.0409999999999995
21
-5.7909999999999995
0
LINE
8
BLACK
6
CONTINUOUS
10
6.0409999999999995
20
-5.7909999999999995
11
6.0409999999999995
21
-5.851
0
LINE
8
BLACK
6
CONTINUOUS
10
5.9409999999999998
20
-5.7509999999999994
11
5.8810000000000002
21
-5.7509999999999994
0
LINE
8
BLACK
6
CONTINUOUS
10
5.8810000000000002
20
-5.7509999999999994
11
5.8810000000000002
21
-5.6909999999999998
0
LINE
8
BLACK
6
CONTINUOUS
10
5.8810000000000002
20
-5.6909999999999998
11
5.9409999999999998
21
-5.6909999999999998
0
LINE
8
BLACK
6
CONTINUOUS
10
5.9409999999999998
20
-5.6909999999999998
11
5.9409999999999998
21
-5.7509999999999994
0
LINE
8
BLACK
6
CONTINUOUS
10
6.0409999999999995
20
-5.7509999999999994
11
5.9809999999999999
21
-5.7509999999999994
0
LINE
8
BLACK
6
CONTINUOUS
10
5.9809999999999999
20
-5.7509999999999994
11
5.9809999999999999
21
-5.6909999999999998
0
LINE
8
BLACK
6
CONTINUOUS
10
5.9809999999999999
20
-5.6909999999999998
11
6.0409999999999995
21
-5.6909999999999998
0
LINE
8
BLACK
6
CONTINUOUS
10
6.0409999999999995
20
-5.6909999999999998
11
6.0409999999999995
21
-5.7509999999999994
0
LINE
8
BLACK
6
CONTINUOUS
10
5.9409999999999998
20
-5.6509999999999998
11
5.8810000000000002
21
-5.6509999999999998
0
LINE
8
BLACK
6
CONTINUOUS
10
5.8810000000000002
20
-5.6509999999999998
11
5.8810000000000002
21
-5.5910000000000002
0
LINE
8
BLACK
6
CONTINUOUS
10
5.8810000000000002
20
-5.5910000000000002
11
5.9409999999999998
21
-5.5910000000000002
0
LINE
8
BLACK
6
CONTINUOUS
10
5.9409999999999998
20
-5.5910000000000002
11
5.9409999999999998
21
-5.6509999999999998
0
LINE
8
BLACK
6
CONTINUOUS
10
6.0409999999999995
20
-5.6509999999999998
11
5.9809999999999999
21
-5.6509999999999998
0
LINE
8
BLACK
6
CONTINUOUS
10
5.9809999999999999
20
-5.6509999999999998
11
5.9809999999999999
21
-5.5910000000000002
0
LINE
8
BLACK
6
CONTINUOUS
10
5.9809999999999999
20
-5.5910000000000002
11
6.0409999999999995
21
-5.5910000000000002
0
LINE
8
BLACK
6
CONTINUOUS
10
6.0409999999999995
20
-5.5910000000000002
11
6.0409999999999995
21
-5.6509999999999998
0
LINE
8
BLACK
6
CONTINUOUS
10
6.0613835039370079
20
-5.5681148425196847
11
6.061512755905512
21
-5.5680920866141728
0
LINE
8
BLACK
6
CONTINUOUS
10
6.061512755905512
20
-5.5680920866141728
11
6.061626338582677
21
-5.5681576771653543
0
LINE
8
BLACK
6
CONTINUOUS
10
6.061626338582677
20
-5.5681576771653543
11
6.0620099212598424
21
-5.56822531496063
0
LINE
8
BLACK
6
CONTINUOUS
10
6.0620099212598424
20
-5.56822531496063
11
6.0625975984251967
21
-5.5687184251968507
0
LINE
8
BLACK
6
CONTINUOUS
10
6.0625975984251967
20
-5.5687184251968507
11
6.0632619291338585
21
-5.5691020078740152
0
LINE
8
BLACK
6
CONTINUOUS
10
6.0632619291338585
20
-5.5691020078740152
11
6.0633530314960629
21
-5.5693523228346455
0
LINE
8
BLACK
6
CONTINUOUS
10
6.0633530314960629
20
-5.5693523228346455
11
6.0635571653543305
21
-5.5695236220472442
0
LINE
8
BLACK
6
CONTINUOUS
10
6.0635571653543305
20
-5.5695236220472442
11
6.0636903937007869
21
-5.5702791732283465
0
LINE
8
BLACK
6
CONTINUOUS
10
6.0636903937007869
20
-5.5702791732283465
11
6.063952755905512
21
-5.5709999999999997
0
LINE
8
BLACK
6
CONTINUOUS
10
6.063952755905512
20
-5.5709999999999997
11
6.063952755905512
21
-5.8709999999999996
0
LINE
8
BLACK
6
CONTINUOUS
10
6.063952755905512
20
-5.8709999999999996
11
6.0638851181102362
21
-5.8713835039370075
0
LINE
8
BLACK
6
CONTINUOUS
10
6.0638851181102362
20
-5.8713835039370075
11
6.0639079133858269
21
-5.8715127559055116
0
LINE
8
BLACK
6
CONTINUOUS
10
6.0639079133858269
20
-5.8715127559055116
11
6.0638422834645667
21
-5.8716263385826775
0
LINE
8
BLACK
6
CONTINUOUS
10
6.0638422834645667
20
-5.8716263385826775
11
6.0637746850393697
21
-5.872009921259842
0
LINE
8
BLACK
6
CONTINUOUS
10
6.0637746850393697
20
-5.872009921259842
11
6.0632815354330711
21
-5.8725975984251964
0
LINE
8
BLACK
6
CONTINUOUS
10
6.0632815354330711
20
-5.8725975984251964
11
6.0628979921259845
21
-5.8732619291338581
0
LINE
8
BLACK
6
CONTINUOUS
10
6.0628979921259845
20
-5.8732619291338581
11
6.0626476377952754
21
-5.8733530314960625
0
LINE
8
BLACK
6
CONTINUOUS
10
6.0626476377952754
20
-5.8733530314960625
11
6.0624763779527555
21
-5.8735571653543301
0
LINE
8
BLACK
6
CONTINUOUS
10
6.0624763779527555
20
-5.8735571653543301
11
6.0617207874015744
21
-5.8736903937007874
0
LINE
8
BLACK
6
CONTINUOUS
10
6.0617207874015744
20
-5.8736903937007874
11
6.0609999999999999
21
-5.8739527559055116
0
LINE
8
BLACK
6
CONTINUOUS
10
6.0609999999999999
20
-5.8739527559055116
11
5.8609999999999998
21
-5.8739527559055116
0
LINE
8
BLACK
6
CONTINUOUS
10
5.8609999999999998
20
-5.8739527559055116
11
5.8606164566929131
21
-5.8738851181102358
0
LINE
8
BLACK
6
CONTINUOUS
10
5.8606164566929131
20
-5.8738851181102358
11
5.8604872440944877
21
-5.8739079133858265
0
LINE
8
BLACK
6
CONTINUOUS
10
5.8604872440944877
20
-5.8739079133858265
11
5.860373622047244
21
-5.8738422834645672
0
LINE
8
BLACK
6
CONTINUOUS
10
5.860373622047244
20
-5.8738422834645672
11
5.8599900787401573
21
-5.8737746850393702
0
LINE
8
BLACK
6
CONTINUOUS
10
5.8599900787401573
20
-5.8737746850393702
11
5.8594023622047242
21
-5.8732815354330707
0
LINE
8
BLACK
6
CONTINUOUS
10
5.8594023622047242
20
-5.8732815354330707
11
5.8587380708661412
21
-5.8728979921259841
0
LINE
8
BLACK
6
CONTINUOUS
10
5.8587380708661412
20
-5.8728979921259841
11
5.8586469291338581
21
-5.8726476377952759
0
LINE
8
BLACK
6
CONTINUOUS
10
5.8586469291338581
20
-5.8726476377952759
11
5.8584428346456692
21
-5.872476377952756
0
LINE
8
BLACK
6
CONTINUOUS
10
5.8584428346456692
20
-5.872476377952756
11
5.8583095669291341
21
-5.8717207874015749
0
LINE
8
BLACK
6
CONTINUOUS
10
5.8583095669291341
20
-5.8717207874015749
11
5.8580472440944877
21
-5.8709999999999996
0
LINE
8
BLACK
6
CONTINUOUS
10
5.8580472440944877
20
-5.8709999999999996
11
5.8580472440944877
21
-5.5709999999999997
0
LINE
8
BLACK
6
CONTINUOUS
10
5.8580472440944877
20
-5.5709999999999997
11
5.8581148425196847
21
-5.5706164566929131
0
LINE
8
BLACK
6
CONTINUOUS
10
5.8581148425196847
20
-5.5706164566929131
11
5.8580920866141728
21
-5.5704872440944877
0
LINE
8
BLACK
6
CONTINUOUS
10
5.8580920866141728
20
-5.5704872440944877
11
5.8581576771653543
21
-5.570373622047244
0
LINE
8
BLACK
6
CONTINUOUS
10
5.8581576771653543
20
-5.570373622047244
11
5.85822531496063
21
-5.5699900787401573
0
LINE
8
BLACK
6
CONTINUOUS
10
5.85822531496063
20
-5.5699900787401573
11
5.8587184251968498
21
-5.5694023622047242
0
LINE
8
BLACK
6
CONTINUOUS
10
5.8587184251968498
20
-5.5694023622047242
11
5.8591020078740152
21
-5.568738070866142
0
LINE
8
BLACK
6
CONTINUOUS
10
5.8591020078740152
20
-5.568738070866142
11
5.8593523228346456
21
-5.5686469291338581
0
LINE
8
BLACK
6
CONTINUOUS
10
5.8593523228346456
20
-5.5686469291338581
11
5.8595236220472442
21
-5.5684428346456691
0
LINE
8
BLACK
6
CONTINUOUS
10
5.8595236220472442
20
-5.5684428346456691
11
5.8602791732283466
21
-5.568309566929134
0
LINE
8
BLACK
6
CONTINUOUS
10
5.8602791732283466
20
-5.568309566929134
11
5.8609999999999998
21
-5.5680472440944877
0
LINE
8
BLACK
6
CONTINUOUS
10
5.8609999999999998
20
-5.5680472440944877
11
6.0609999999999999
21
-5.5680472440944877
0
LINE
8
BLACK
6
CONTINUOUS
10
6.0609999999999999
20
-5.5680472440944877
11
6.0613835039370079
21
-5.5681148425196847
0
LINE
8
BLACK
6
CONTINUOUS
10
5.8639527559055118
20
-5.5739527559055118
11
5.8639527559055118
21
-5.8680472440944884
0
LINE
8
BLACK
6
CONTINUOUS
10
5.8639527559055118
20
-5.8680472440944884
11
6.0580472440944879
21
-5.8680472440944884
0
LINE
8
BLACK
6
CONTINUOUS
10
6.0580472440944879
20
-5.8680472440944884
11
6.0580472440944879
21
-5.5739527559055118
0
LINE
8
BLACK
6
CONTINUOUS
10
6.0580472440944879
20
-5.5739527559055118
11
5.8639527559055118
21
-5.5739527559055118
0
LINE
8
BLACK
6
CONTINUOUS
10
4.4439370078740152
20
-5.850599212598425
11
4.3839370078740156
21
-5.850599212598425
0
LINE
8
BLACK
6
CONTINUOUS
10
4.3839370078740156
20
-5.850599212598425
11
4.3839370078740156
21
-5.7905992125984254
0
LINE
8
BLACK
6
CONTINUOUS
10
4.3839370078740156
20
-5.7905992125984254
11
4.4439370078740152
21
-5.7905992125984254
0
LINE
8
BLACK
6
CONTINUOUS
10
4.4439370078740152
20
-5.7905992125984254
11
4.4439370078740152
21
-5.850599212598425
0
LINE
8
BLACK
6
CONTINUOUS
10
4.5439370078740158
20
-5.850599212598425
11
4.4839370078740153
21
-5.850599212598425
0
LINE
8
BLACK
6
CONTINUOUS
10
4.4839370078740153
20
-5.850599212598425
11
4.4839370078740153
21
-5.7905992125984254
0
LINE
8
BLACK
6
CONTINUOUS
10
4.4839370078740153
20
-5.7905992125984254
11
4.5439370078740158
21
-5.7905992125984254
0
LINE
8
BLACK
6
CONTINUOUS
10
4.5439370078740158
20
-5.7905992125984254
11
4.5439370078740158
21
-5.850599212598425
0
LINE
8
BLACK
6
CONTINUOUS
10
4.4439370078740152
20
-5.7505992125984253
11
4.3839370078740156
21
-5.7505992125984253
0
LINE
8
BLACK
6
CONTINUOUS
10
4.3839370078740156
20
-5.7505992125984253
11
4.3839370078740156
21
-5.6905992125984248
0
LINE
8
BLACK
6
CONTINUOUS
10
4.3839370078740156
20
-5.6905992125984248
11
4.4439370078740152
21
-5.6905992125984248
0
LINE
8
BLACK
6
CONTINUOUS
10
4.4439370078740152
20
-5.6905992125984248
11
4.4439370078740152
21
-5.7505992125984253
0
LINE
8
BLACK
6
CONTINUOUS
10
4.5439370078740158
20
-5.7505992125984253
11
4.4839370078740153
21
-5.7505992125984253
0
LINE
8
BLACK
6
CONTINUOUS
10
4.4839370078740153
20
-5.7505992125984253
11
4.4839370078740153
21
-5.6905992125984248
0
LINE
8
BLACK
6
CONTINUOUS
10
4.4839370078740153
20
-5.6905992125984248
11
4.5439370078740158
21
-5.6905992125984248
0
LINE
8
BLACK
6
CONTINUOUS
10
4.5439370078740158
20
-5.6905992125984248
11
4.5439370078740158
21
-5.7505992125984253
0
LINE
8
BLACK
6
CONTINUOUS
10
4.4439370078740152
20
-5.6505992125984248
11
4.3839370078740156
21
-5.6505992125984248
0
LINE
8
BLACK
6
CONTINUOUS
10
4.3839370078740156
20
-5.6505992125984248
11
4.3839370078740156
21
-5.5905992125984252
0
LINE
8
BLACK
6
CONTINUOUS
10
4.3839370078740156
20
-5.5905992125984252
11
4.4439370078740152
21
-5.5905992125984252
0
LINE
8
BLACK
6
CONTINUOUS
10
4.4439370078740152
20
-5.5905992125984252
11
4.4439370078740152
21
-5.6505992125984248
0
LINE
8
BLACK
6
CONTINUOUS
10
4.5439370078740158
20
-5.6505992125984248
11
4.4839370078740153
21
-5.6505992125984248
0
LINE
8
BLACK
6
CONTINUOUS
10
4.4839370078740153
20
-5.6505992125984248
11
4.4839370078740153
21
-5.5905992125984252
0
LINE
8
BLACK
6
CONTINUOUS
10
4.4839370078740153
20
-5.5905992125984252
11
4.5439370078740158
21
-5.5905992125984252
0
LINE
8
BLACK
6
CONTINUOUS
10
4.5439370078740158
20
-5.5905992125984252
11
4.5439370078740158
21
-5.6505992125984248
0
LINE
8
BLACK
6
CONTINUOUS
10
4.5643205118110233
20
-5.5677140551181097
11
4.5644497637795274
21
-5.5676912992125986
0
LINE
8
BLACK
6
CONTINUOUS
10
4.5644497637795274
20
-5.5676912992125986
11
4.5645633464566924
21
-5.5677568897637792
0
LINE
8
BLACK
6
CONTINUOUS
10
4.5645633464566924
20
-5.5677568897637792
11
4.5649469291338578
21
-5.567824527559055
0
LINE
8
BLACK
6
CONTINUOUS
10
4.5649469291338578
20
-5.567824527559055
11
4.5655346062992122
21
-5.5683176377952757
0
LINE
8
BLACK
6
CONTINUOUS
10
4.5655346062992122
20
-5.5683176377952757
11
4.5661989370078739
21
-5.5687012204724411
0
LINE
8
BLACK
6
CONTINUOUS
10
4.5661989370078739
20
-5.5687012204724411
11
4.5662900393700783
21
-5.5689515354330705
0
LINE
8
BLACK
6
CONTINUOUS
10
4.5662900393700783
20
-5.5689515354330705
11
4.5664941732283459
21
-5.5691228346456692
0
LINE
8
BLACK
6
CONTINUOUS
10
4.5664941732283459
20
-5.5691228346456692
11
4.5666274015748032
21
-5.5698783858267715
0
LINE
8
BLACK
6
CONTINUOUS
10
4.5666274015748032
20
-5.5698783858267715
11
4.5668897637795274
21
-5.5705992125984247
0
LINE
8
BLACK
6
CONTINUOUS
10
4.5668897637795274
20
-5.5705992125984247
11
4.5668897637795274
21
-5.8705992125984254
0
LINE
8
BLACK
6
CONTINUOUS
10
4.5668897637795274
20
-5.8705992125984254
11
4.5668221259842516
21
-5.8709827165354334
0
LINE
8
BLACK
6
CONTINUOUS
10
4.5668221259842516
20
-5.8709827165354334
11
4.5668449212598423
21
-5.8711119685039366
0
LINE
8
BLACK
6
CONTINUOUS
10
4.5668449212598423
20
-5.8711119685039366
11
4.566779291338583
21
-5.8712255511811025
0
LINE
8
BLACK
6
CONTINUOUS
10
4.566779291338583
20
-5.8712255511811025
11
4.566711692913386
21
-5.8716091338582679
0
LINE
8
BLACK
6
CONTINUOUS
10
4.566711692913386
20
-5.8716091338582679
11
4.5662185433070865
21
-5.8721968110236222
0
LINE
8
BLACK
6
CONTINUOUS
10
4.5662185433070865
20
-5.8721968110236222
11
4.5658349999999999
21
-5.8728611417322831
0
LINE
8
BLACK
6
CONTINUOUS
10
4.5658349999999999
20
-5.8728611417322831
11
4.5655846456692917
21
-5.8729522440944883
0
LINE
8
BLACK
6
CONTINUOUS
10
4.5655846456692917
20
-5.8729522440944883
11
4.5654133858267718
21
-5.873156377952756
0
LINE
8
BLACK
6
CONTINUOUS
10
4.5654133858267718
20
-5.873156377952756
11
4.5646577952755907
21
-5.8732896062992124
0
LINE
8
BLACK
6
CONTINUOUS
10
4.5646577952755907
20
-5.8732896062992124
11
4.5639370078740154
21
-5.8735519685039366
0
LINE
8
BLACK
6
CONTINUOUS
10
4.5639370078740154
20
-5.8735519685039366
11
4.3639370078740161
21
-5.8735519685039366
0
LINE
8
BLACK
6
CONTINUOUS
10
4.3639370078740161
20
-5.8735519685039366
11
4.3635534645669294
21
-5.8734843307086617
0
LINE
8
BLACK
6
CONTINUOUS
10
4.3635534645669294
20
-5.8734843307086617
11
4.363424251968504
21
-5.8735071259842515
0
LINE
8
BLACK
6
CONTINUOUS
10
4.363424251968504
20
-5.8735071259842515
11
4.3633106299212594
21
-5.8734414960629922
0
LINE
8
BLACK
6
CONTINUOUS
10
4.3633106299212594
20
-5.8734414960629922
11
4.3629270866141727
21
-5.8733738976377952
0
LINE
8
BLACK
6
CONTINUOUS
10
4.3629270866141727
20
-5.8733738976377952
11
4.3623393700787396
21
-5.8728807480314957
0
LINE
8
BLACK
6
CONTINUOUS
10
4.3623393700787396
20
-5.8728807480314957
11
4.3616750787401575
21
-5.8724972047244091
0
LINE
8
BLACK
6
CONTINUOUS
10
4.3616750787401575
20
-5.8724972047244091
11
4.3615839370078735
21
-5.8722468503937009
0
LINE
8
BLACK
6
CONTINUOUS
10
4.3615839370078735
20
-5.8722468503937009
11
4.3613798425196846
21
-5.872075590551181
0
LINE
8
BLACK
6
CONTINUOUS
10
4.3613798425196846
20
-5.872075590551181
11
4.3612465748031495
21
-5.8713199999999999
0
LINE
8
BLACK
6
CONTINUOUS
10
4.3612465748031495
20
-5.8713199999999999
11
4.360984251968504
21
-5.8705992125984254
0
LINE
8
BLACK
6
CONTINUOUS
10
4.360984251968504
20
-5.8705992125984254
11
4.360984251968504
21
-5.5705992125984247
0
LINE
8
BLACK
6
CONTINUOUS
10
4.360984251968504
20
-5.5705992125984247
11
4.361051850393701
21
-5.570215669291338
0
LINE
8
BLACK
6
CONTINUOUS
10
4.361051850393701
20
-5.570215669291338
11
4.3610290944881891
21
-5.5700864566929136
0
LINE
8
BLACK
6
CONTINUOUS
10
4.3610290944881891
20
-5.5700864566929136
11
4.3610946850393697
21
-5.5699728346456689
0
LINE
8
BLACK
6
CONTINUOUS
10
4.3610946850393697
20
-5.5699728346456689
11
4.3611623228346454
21
-5.5695892913385823
0
LINE
8
BLACK
6
CONTINUOUS
10
4.3611623228346454
20
-5.5695892913385823
11
4.3616554330708661
21
-5.5690015748031492
0
LINE
8
BLACK
6
CONTINUOUS
10
4.3616554330708661
20
-5.5690015748031492
11
4.3620390157480315
21
-5.568337283464567
0
LINE
8
BLACK
6
CONTINUOUS
10
4.3620390157480315
20
-5.568337283464567
11
4.362289330708661
21
-5.568246141732283
0
LINE
8
BLACK
6
CONTINUOUS
10
4.362289330708661
20
-5.568246141732283
11
4.3624606299212596
21
-5.5680420472440941
0
LINE
8
BLACK
6
CONTINUOUS
10
4.3624606299212596
20
-5.5680420472440941
11
4.363216181102362
21
-5.567908779527559
0
LINE
8
BLACK
6
CONTINUOUS
10
4.363216181102362
20
-5.567908779527559
11
4.3639370078740161
21
-5.5676464566929136
0
LINE
8
BLACK
6
CONTINUOUS
10
4.3639370078740161
20
-5.5676464566929136
11
4.5639370078740154
21
-5.5676464566929136
0
LINE
8
BLACK
6
CONTINUOUS
10
4.5639370078740154
20
-5.5676464566929136
11
4.5643205118110233
21
-5.5677140551181097
0
LINE
8
BLACK
6
CONTINUOUS
10
4.3668897637795272
20
-5.5735519685039367
11
4.3668897637795272
21
-5.8676464566929134
0
LINE
8
BLACK
6
CONTINUOUS
10
4.3668897637795272
20
-5.8676464566929134
11
4.5609842519685042
21
-5.8676464566929134
0
LINE
8
BLACK
6
CONTINUOUS
10
4.5609842519685042
20
-5.8676464566929134
11
4.5609842519685042
21
-5.5735519685039367
0
LINE
8
BLACK
6
CONTINUOUS
10
4.5609842519685042
20
-5.5735519685039367
11
4.3668897637795272
21
-5.5735519685039367
0
LINE
8
BLACK
6
CONTINUOUS
10
4.6923622047244091
20
-5.8487094488188971
11
4.6323622047244095
21
-5.8487094488188971
0
LINE
8
BLACK
6
CONTINUOUS
10
4.6323622047244095
20
-5.8487094488188971
11
4.6323622047244095
21
-5.7887094488188975
0
LINE
8
BLACK
6
CONTINUOUS
10
4.6323622047244095
20
-5.7887094488188975
11
4.6923622047244091
21
-5.7887094488188975
0
LINE
8
BLACK
6
CONTINUOUS
10
4.6923622047244091
20
-5.7887094488188975
11
4.6923622047244091
21
-5.8487094488188971
0
LINE
8
BLACK
6
CONTINUOUS
10
4.7923622047244097
20
-5.8487094488188971
11
4.7323622047244092
21
-5.8487094488188971
0
LINE
8
BLACK
6
CONTINUOUS
10
4.7323622047244092
20
-5.8487094488188971
11
4.7323622047244092
21
-5.7887094488188975
0
LINE
8
BLACK
6
CONTINUOUS
10
4.7323622047244092
20
-5.7887094488188975
11
4.7923622047244097
21
-5.7887094488188975
0
LINE
8
BLACK
6
CONTINUOUS
10
4.7923622047244097
20
-5.7887094488188975
11
4.7923622047244097
21
-5.8487094488188971
0
LINE
8
BLACK
6
CONTINUOUS
10
4.6923622047244091
20
-5.7487094488188974
11
4.6323622047244095
21
-5.7487094488188974
0
LINE
8
BLACK
6
CONTINUOUS
10
4.6323622047244095
20
-5.7487094488188974
11
4.6323622047244095
21
-5.6887094488188978
0
LINE
8
BLACK
6
CONTINUOUS
10
4.6323622047244095
20
-5.6887094488188978
11
4.6923622047244091
21
-5.6887094488188978
0
LINE
8
BLACK
6
CONTINUOUS
10
4.6923622047244091
20
-5.6887094488188978
11
4.6923622047244091
21
-5.7487094488188974
0
LINE
8
BLACK
6
CONTINUOUS
10
4.7923622047244097
20
-5.7487094488188974
11
4.7323622047244092
21
-5.7487094488188974
0
LINE
8
BLACK
6
CONTINUOUS
10
4.7323622047244092
20
-5.7487094488188974
11
4.7323622047244092
21
-5.6887094488188978
0
LINE
8
BLACK
6
CONTINUOUS
10
4.7323622047244092
20
-5.6887094488188978
11
4.7923622047244097
21
-5.6887094488188978
0
LINE
8
BLACK
6
CONTINUOUS
10
4.7923622047244097
20
-5.6887094488188978
11
4.7923622047244097
21
-5.7487094488188974
0
LINE
8
BLACK
6
CONTINUOUS
10
4.6923622047244091
20
-5.6487094488188978
11
4.6323622047244095
21
-5.6487094488188978
0
LINE
8
BLACK
6
CONTINUOUS
10
4.6323622047244095
20
-5.6487094488188978
11
4.6323622047244095
21
-5.5887094488188973
0
LINE
8
BLACK
6
CONTINUOUS
10
4.6323622047244095
20
-5.5887094488188973
11
4.6923622047244091
21
-5.5887094488188973
0
LINE
8
BLACK
6
CONTINUOUS
10
4.6923622047244091
20
-5.5887094488188973
11
4.6923622047244091
21
-5.6487094488188978
0
LINE
8
BLACK
6
CONTINUOUS
10
4.7923622047244097
20
-5.6487094488188978
11
4.7323622047244092
21
-5.6487094488188978
0
LINE
8
BLACK
6
CONTINUOUS
10
4.7323622047244092
20
-5.6487094488188978
11
4.7323622047244092
21
-5.5887094488188973
0
LINE
8
BLACK
6
CONTINUOUS
10
4.7323622047244092
20
-5.5887094488188973
11
4.7923622047244097
21
-5.5887094488188973
0
LINE
8
BLACK
6
CONTINUOUS
10
4.7923622047244097
20
-5.5887094488188973
11
4.7923622047244097
21
-5.6487094488188978
0
LINE
8
BLACK
6
CONTINUOUS
10
4.8127457086614172
20
-5.5658242913385827
11
4.8128749606299213
21
-5.5658015354330708
0
LINE
8
BLACK
6
CONTINUOUS
10
4.8128749606299213
20
-5.5658015354330708
11
4.8129885433070863
21
-5.5658671259842523
0
LINE
8
BLACK
6
CONTINUOUS
10
4.8129885433070863
20
-5.5658671259842523
11
4.8133721259842517
21
-5.5659347637795271
0
LINE
8
BLACK
6
CONTINUOUS
10
4.8133721259842517
20
-5.5659347637795271
11
4.813959803149606
21
-5.5664278740157478
0
LINE
8
BLACK
6
CONTINUOUS
10
4.813959803149606
20
-5.5664278740157478
11
4.8146241338582678
21
-5.5668114566929132
0
LINE
8
BLACK
6
CONTINUOUS
10
4.8146241338582678
20
-5.5668114566929132
11
4.8147152362204721
21
-5.5670617716535435
0
LINE
8
BLACK
6
CONTINUOUS
10
4.8147152362204721
20
-5.5670617716535435
11
4.8149193700787398
21
-5.5672330708661413
0
LINE
8
BLACK
6
CONTINUOUS
10
4.8149193700787398
20
-5.5672330708661413
11
4.8150525984251971
21
-5.5679886220472437
0
LINE
8
BLACK
6
CONTINUOUS
10
4.8150525984251971
20
-5.5679886220472437
11
4.8153149606299213
21
-5.5687094488188977
0
LINE
8
BLACK
6
CONTINUOUS
10
4.8153149606299213
20
-5.5687094488188977
11
4.8153149606299213
21
-5.8687094488188976
0
LINE
8
BLACK
6
CONTINUOUS
10
4.8153149606299213
20
-5.8687094488188976
11
4.8152473228346455
21
-5.8690929527559055
0
LINE
8
BLACK
6
CONTINUOUS
10
4.8152473228346455
20
-5.8690929527559055
11
4.8152701181102362
21
-5.8692222047244096
0
LINE
8
BLACK
6
CONTINUOUS
10
4.8152701181102362
20
-5.8692222047244096
11
4.815204488188976
21
-5.8693357874015746
0
LINE
8
BLACK
6
CONTINUOUS
10
4.815204488188976
20
-5.8693357874015746
11
4.8151368897637798
21
-5.86971937007874
0
LINE
8
BLACK
6
CONTINUOUS
10
4.8151368897637798
20
-5.86971937007874
11
4.8146437401574804
21
-5.8703070472440944
0
LINE
8
BLACK
6
CONTINUOUS
10
4.8146437401574804
20
-5.8703070472440944
11
4.8142601968503937
21
-5.8709713779527561
0
LINE
8
BLACK
6
CONTINUOUS
10
4.8142601968503937
20
-5.8709713779527561
11
4.8140098425196847
21
-5.8710624803149605
0
LINE
8
BLACK
6
CONTINUOUS
10
4.8140098425196847
20
-5.8710624803149605
11
4.8138385826771648
21
-5.8712666141732281
0
LINE
8
BLACK
6
CONTINUOUS
10
4.8138385826771648
20
-5.8712666141732281
11
4.8130829921259846
21
-5.8713998425196845
0
LINE
8
BLACK
6
CONTINUOUS
10
4.8130829921259846
20
-5.8713998425196845
11
4.8123622047244092
21
-5.8716622047244096
0
LINE
8
BLACK
6
CONTINUOUS
10
4.8123622047244092
20
-5.8716622047244096
11
4.6123622047244091
21
-5.8716622047244096
0
LINE
8
BLACK
6
CONTINUOUS
10
4.6123622047244091
20
-5.8716622047244096
11
4.6119786614173224
21
-5.8715945669291338
0
LINE
8
BLACK
6
CONTINUOUS
10
4.6119786614173224
20
-5.8715945669291338
11
4.6118494488188979
21
-5.8716173622047245
0
LINE
8
BLACK
6
CONTINUOUS
10
4.6118494488188979
20
-5.8716173622047245
11
4.6117358267716533
21
-5.8715517322834643
0
LINE
8
BLACK
6
CONTINUOUS
10
4.6117358267716533
20
-5.8715517322834643
11
4.6113522834645666
21
-5.8714841338582673
0
LINE
8
BLACK
6
CONTINUOUS
10
4.6113522834645666
20
-5.8714841338582673
11
4.6107645669291335
21
-5.8709909842519687
0
LINE
8
BLACK
6
CONTINUOUS
10
4.6107645669291335
20
-5.8709909842519687
11
4.6101002755905514
21
-5.8706074409448821
0
LINE
8
BLACK
6
CONTINUOUS
10
4.6101002755905514
20
-5.8706074409448821
11
4.6100091338582674
21
-5.870357086614173
0
LINE
8
BLACK
6
CONTINUOUS
10
4.6100091338582674
20
-5.870357086614173
11
4.6098050393700785
21
-5.8701858267716531
0
LINE
8
BLACK
6
CONTINUOUS
10
4.6098050393700785
20
-5.8701858267716531
11
4.6096717716535434
21
-5.869430236220472
0
LINE
8
BLACK
6
CONTINUOUS
10
4.6096717716535434
20
-5.869430236220472
11
4.6094094488188979
21
-5.8687094488188976
0
LINE
8
BLACK
6
CONTINUOUS
10
4.6094094488188979
20
-5.8687094488188976
11
4.6094094488188979
21
-5.5687094488188977
0
LINE
8
BLACK
6
CONTINUOUS
10
4.6094094488188979
20
-5.5687094488188977
11
4.609477047244094
21
-5.5683259055118111
0
LINE
8
BLACK
6
CONTINUOUS
10
4.609477047244094
20
-5.5683259055118111
11
4.609454291338583
21
-5.5681966929133857
0
LINE
8
BLACK
6
CONTINUOUS
10
4.609454291338583
20
-5.5681966929133857
11
4.6095198818897636
21
-5.568083070866142
0
LINE
8
BLACK
6
CONTINUOUS
10
4.6095198818897636
20
-5.568083070866142
11
4.6095875196850393
21
-5.5676995275590553
0
LINE
8
BLACK
6
CONTINUOUS
10
4.6095875196850393
20
-5.5676995275590553
11
4.61008062992126
21
-5.5671118110236222
0
LINE
8
BLACK
6
CONTINUOUS
10
4.61008062992126
20
-5.5671118110236222
11
4.6104642125984254
21
-5.5664475196850391
0
LINE
8
BLACK
6
CONTINUOUS
10
4.6104642125984254
20
-5.5664475196850391
11
4.6107145275590549
21
-5.5663563779527561
0
LINE
8
BLACK
6
CONTINUOUS
10
4.6107145275590549
20
-5.5663563779527561
11
4.6108858267716535
21
-5.5661522834645671
0
LINE
8
BLACK
6
CONTINUOUS
10
4.6108858267716535
20
-5.5661522834645671
11
4.6116413779527559
21
-5.5660190157480312
0
LINE
8
BLACK
6
CONTINUOUS
10
4.6116413779527559
20
-5.5660190157480312
11
4.6123622047244091
21
-5.5657566929133857
0
LINE
8
BLACK
6
CONTINUOUS
10
4.6123622047244091
20
-5.5657566929133857
11
4.8123622047244092
21
-5.5657566929133857
0
LINE
8
BLACK
6
CONTINUOUS
10
4.8123622047244092
20
-5.5657566929133857
11
4.8127457086614172
21
-5.5658242913385827
0
LINE
8
BLACK
6
CONTINUOUS
10
4.6153149606299211
20
-5.5716622047244098
11
4.6153149606299211
21
-5.8657566929133855
0
LINE
8
BLACK
6
CONTINUOUS
10
4.6153149606299211
20
-5.8657566929133855
11
4.8094094488188972
21
-5.8657566929133855
0
LINE
8
BLACK
6
CONTINUOUS
10
4.8094094488188972
20
-5.8657566929133855
11
4.8094094488188972
21
-5.5716622047244098
0
LINE
8
BLACK
6
CONTINUOUS
10
4.8094094488188972
20
-5.5716622047244098
11
4.6153149606299211
21
-5.5716622047244098
0
LINE
8
BLACK
6
CONTINUOUS
10
5.1923622047244091
20
-5.8487094488188971
11
5.1323622047244095
21
-5.8487094488188971
0
LINE
8
BLACK
6
CONTINUOUS
10
5.1323622047244095
20
-5.8487094488188971
11
5.1323622047244095
21
-5.7887094488188975
0
LINE
8
BLACK
6
CONTINUOUS
10
5.1323622047244095
20
-5.7887094488188975
11
5.1923622047244091
21
-5.7887094488188975
0
LINE
8
BLACK
6
CONTINUOUS
10
5.1923622047244091
20
-5.7887094488188975
11
5.1923622047244091
21
-5.8487094488188971
0
LINE
8
BLACK
6
CONTINUOUS
10
5.2923622047244097
20
-5.8487094488188971
11
5.2323622047244092
21
-5.8487094488188971
0
LINE
8
BLACK
6
CONTINUOUS
10
5.2323622047244092
20
-5.8487094488188971
11
5.2323622047244092
21
-5.7887094488188975
0
LINE
8
BLACK
6
CONTINUOUS
10
5.2323622047244092
20
-5.7887094488188975
11
5.2923622047244097
21
-5.7887094488188975
0
LINE
8
BLACK
6
CONTINUOUS
10
5.2923622047244097
20
-5.7887094488188975
11
5.2923622047244097
21
-5.8487094488188971
0
LINE
8
BLACK
6
CONTINUOUS
10
5.1923622047244091
20
-5.7487094488188974
11
5.1323622047244095
21
-5.7487094488188974
0
LINE
8
BLACK
6
CONTINUOUS
10
5.1323622047244095
20
-5.7487094488188974
11
5.1323622047244095
21
-5.6887094488188978
0
LINE
8
BLACK
6
CONTINUOUS
10
5.1323622047244095
20
-5.6887094488188978
11
5.1923622047244091
21
-5.6887094488188978
0
LINE
8
BLACK
6
CONTINUOUS
10
5.1923622047244091
20
-5.6887094488188978
11
5.1923622047244091
21
-5.7487094488188974
0
LINE
8
BLACK
6
CONTINUOUS
10
5.2923622047244097
20
-5.7487094488188974
11
5.2323622047244092
21
-5.7487094488188974
0
LINE
8
BLACK
6
CONTINUOUS
10
5.2323622047244092
20
-5.7487094488188974
11
5.2323622047244092
21
-5.6887094488188978
0
LINE
8
BLACK
6
CONTINUOUS
10
5.2323622047244092
20
-5.6887094488188978
11
5.2923622047244097
21
-5.6887094488188978
0
LINE
8
BLACK
6
CONTINUOUS
10
5.2923622047244097
20
-5.6887094488188978
11
5.2923622047244097
21
-5.7487094488188974
0
LINE
8
BLACK
6
CONTINUOUS
10
5.1923622047244091
20
-5.6487094488188978
11
5.1323622047244095
21
-5.6487094488188978
0
LINE
8
BLACK
6
CONTINUOUS
10
5.1323622047244095
20
-5.6487094488188978
11
5.1323622047244095
21
-5.5887094488188973
0
LINE
8
BLACK
6
CONTINUOUS
10
5.1323622047244095
20
-5.5887094488188973
11
5.1923622047244091
21
-5.5887094488188973
0
LINE
8
BLACK
6
CONTINUOUS
10
5.1923622047244091
20
-5.5887094488188973
11
5.1923622047244091
21
-5.6487094488188978
0
LINE
8
BLACK
6
CONTINUOUS
10
5.2923622047244097
20
-5.6487094488188978
11
5.2323622047244092
21
-5.6487094488188978
0
LINE
8
BLACK
6
CONTINUOUS
10
5.2323622047244092
20
-5.6487094488188978
11
5.2323622047244092
21
-5.5887094488188973
0
LINE
8
BLACK
6
CONTINUOUS
10
5.2323622047244092
20
-5.5887094488188973
11
5.2923622047244097
21
-5.5887094488188973
0
LINE
8
BLACK
6
CONTINUOUS
10
5.2923622047244097
20
-5.5887094488188973
11
5.2923622047244097
21
-5.6487094488188978
0
LINE
8
BLACK
6
CONTINUOUS
10
5.3127457086614172
20
-5.5658242913385827
11
5.3128749606299213
21
-5.5658015354330708
0
LINE
8
BLACK
6
CONTINUOUS
10
5.3128749606299213
20
-5.5658015354330708
11
5.3129885433070863
21
-5.5658671259842523
0
LINE
8
BLACK
6
CONTINUOUS
10
5.3129885433070863
20
-5.5658671259842523
11
5.3133721259842517
21
-5.5659347637795271
0
LINE
8
BLACK
6
CONTINUOUS
10
5.3133721259842517
20
-5.5659347637795271
11
5.313959803149606
21
-5.5664278740157478
0
LINE
8
BLACK
6
CONTINUOUS
10
5.313959803149606
20
-5.5664278740157478
11
5.3146241338582678
21
-5.5668114566929132
0
LINE
8
BLACK
6
CONTINUOUS
10
5.3146241338582678
20
-5.5668114566929132
11
5.3147152362204721
21
-5.5670617716535435
0
LINE
8
BLACK
6
CONTINUOUS
10
5.3147152362204721
20
-5.5670617716535435
11
5.3149193700787398
21
-5.5672330708661413
0
LINE
8
BLACK
6
CONTINUOUS
10
5.3149193700787398
20
-5.5672330708661413
11
5.3150525984251971
21
-5.5679886220472437
0
LINE
8
BLACK
6
CONTINUOUS
10
5.3150525984251971
20
-5.5679886220472437
11
5.3153149606299213
21
-5.5687094488188977
0
LINE
8
BLACK
6
CONTINUOUS
10
5.3153149606299213
20
-5.5687094488188977
11
5.3153149606299213
21
-5.8687094488188976
0
LINE
8
BLACK
6
CONTINUOUS
10
5.3153149606299213
20
-5.8687094488188976
11
5.3152473228346455
21
-5.8690929527559055
0
LINE
8
BLACK
6
CONTINUOUS
10
5.3152473228346455
20
-5.8690929527559055
11
5.3152701181102362
21
-5.8692222047244096
0
LINE
8
BLACK
6
CONTINUOUS
10
5.3152701181102362
20
-5.8692222047244096
11
5.315204488188976
21
-5.8693357874015746
0
LINE
8
BLACK
6
CONTINUOUS
10
5.315204488188976
20
-5.8693357874015746
11
5.3151368897637798
21
-5.86971937007874
0
LINE
8
BLACK
6
CONTINUOUS
10
5.3151368897637798
20
-5.86971937007874
11
5.3146437401574804
21
-5.8703070472440944
0
LINE
8
BLACK
6
CONTINUOUS
10
5.3146437401574804
20
-5.8703070472440944
11
5.3142601968503937
21
-5.8709713779527561
0
LINE
8
BLACK
6
CONTINUOUS
10
5.3142601968503937
20
-5.8709713779527561
11
5.3140098425196847
21
-5.8710624803149605
0
LINE
8
BLACK
6
CONTINUOUS
10
5.3140098425196847
20
-5.8710624803149605
11
5.3138385826771648
21
-5.8712666141732281
0
LINE
8
BLACK
6
CONTINUOUS
10
5.3138385826771648
20
-5.8712666141732281
11
5.3130829921259846
21
-5.8713998425196845
0
LINE
8
BLACK
6
CONTINUOUS
10
5.3130829921259846
20
-5.8713998425196845
11
5.3123622047244092
21
-5.8716622047244096
0
LINE
8
BLACK
6
CONTINUOUS
10
5.3123622047244092
20
-5.8716622047244096
11
5.1123622047244091
21
-5.8716622047244096
0
LINE
8
BLACK
6
CONTINUOUS
10
5.1123622047244091
20
-5.8716622047244096
11
5.1119786614173224
21
-5.8715945669291338
0
LINE
8
BLACK
6
CONTINUOUS
10
5.1119786614173224
20
-5.8715945669291338
11
5.1118494488188979
21
-5.8716173622047245
0
LINE
8
BLACK
6
CONTINUOUS
10
5.1118494488188979
20
-5.8716173622047245
11
5.1117358267716533
21
-5.8715517322834643
0
LINE
8
BLACK
6
CONTINUOUS
10
5.1117358267716533
20
-5.8715517322834643
11
5.1113522834645666
21
-5.8714841338582673
0
LINE
8
BLACK
6
CONTINUOUS
10
5.1113522834645666
20
-5.8714841338582673
11
5.1107645669291335
21
-5.8709909842519687
0
LINE
8
BLACK
6
CONTINUOUS
10
5.1107645669291335
20
-5.8709909842519687
11
5.1101002755905514
21
-5.8706074409448821
0
LINE
8
BLACK
6
CONTINUOUS
10
5.1101002755905514
20
-5.8706074409448821
11
5.1100091338582674
21
-5.870357086614173
0
LINE
8
BLACK
6
CONTINUOUS
10
5.1100091338582674
20
-5.870357086614173
11
5.1098050393700785
21
-5.8701858267716531
0
LINE
8
BLACK
6
CONTINUOUS
10
5.1098050393700785
20
-5.8701858267716531
11
5.1096717716535434
21
-5.869430236220472
0
LINE
8
BLACK
6
CONTINUOUS
10
5.1096717716535434
20
-5.869430236220472
11
5.1094094488188979
21
-5.8687094488188976
0
LINE
8
BLACK
6
CONTINUOUS
10
5.1094094488188979
20
-5.8687094488188976
11
5.1094094488188979
21
-5.5687094488188977
0
LINE
8
BLACK
6
CONTINUOUS
10
5.1094094488188979
20
-5.5687094488188977
11
5.109477047244094
21
-5.5683259055118111
0
LINE
8
BLACK
6
CONTINUOUS
10
5.109477047244094
20
-5.5683259055118111
11
5.109454291338583
21
-5.5681966929133857
0
LINE
8
BLACK
6
CONTINUOUS
10
5.109454291338583
20
-5.5681966929133857
11
5.1095198818897636
21
-5.568083070866142
0
LINE
8
BLACK
6
CONTINUOUS
10
5.1095198818897636
20
-5.568083070866142
11
5.1095875196850393
21
-5.5676995275590553
0
LINE
8
BLACK
6
CONTINUOUS
10
5.1095875196850393
20
-5.5676995275590553
11
5.11008062992126
21
-5.5671118110236222
0
LINE
8
BLACK
6
CONTINUOUS
10
5.11008062992126
20
-5.5671118110236222
11
5.1104642125984254
21
-5.5664475196850391
0
LINE
8
BLACK
6
CONTINUOUS
10
5.1104642125984254
20
-5.5664475196850391
11
5.1107145275590549
21
-5.5663563779527561
0
LINE
8
BLACK
6
CONTINUOUS
10
5.1107145275590549
20
-5.5663563779527561
11
5.1108858267716535
21
-5.5661522834645671
0
LINE
8
BLACK
6
CONTINUOUS
10
5.1108858267716535
20
-5.5661522834645671
11
5.1116413779527559
21
-5.5660190157480312
0
LINE
8
BLACK
6
CONTINUOUS
10
5.1116413779527559
20
-5.5660190157480312
11
5.1123622047244091
21
-5.5657566929133857
0
LINE
8
BLACK
6
CONTINUOUS
10
5.1123622047244091
20
-5.5657566929133857
11
5.3123622047244092
21
-5.5657566929133857
0
LINE
8
BLACK
6
CONTINUOUS
10
5.3123622047244092
20
-5.5657566929133857
11
5.3127457086614172
21
-5.5658242913385827
0
LINE
8
BLACK
6
CONTINUOUS
10
5.1153149606299211
20
-5.5716622047244098
11
5.1153149606299211
21
-5.8657566929133855
0
LINE
8
BLACK
6
CONTINUOUS
10
5.1153149606299211
20
-5.8657566929133855
11
5.3094094488188972
21
-5.8657566929133855
0
LINE
8
BLACK
6
CONTINUOUS
10
5.3094094488188972
20
-5.8657566929133855
11
5.3094094488188972
21
-5.5716622047244098
0
LINE
8
BLACK
6
CONTINUOUS
10
5.3094094488188972
20
-5.5716622047244098
11
5.1153149606299211
21
-5.5716622047244098
0
LINE
8
BLACK
6
CONTINUOUS
10
5.4423622047244091
20
-5.8487094488188971
11
5.3823622047244095
21
-5.8487094488188971
0
LINE
8
BLACK
6
CONTINUOUS
10
5.3823622047244095
20
-5.8487094488188971
11
5.3823622047244095
21
-5.7887094488188975
0
LINE
8
BLACK
6
CONTINUOUS
10
5.3823622047244095
20
-5.7887094488188975
11
5.4423622047244091
21
-5.7887094488188975
0
LINE
8
BLACK
6
CONTINUOUS
10
5.4423622047244091
20
-5.7887094488188975
11
5.4423622047244091
21
-5.8487094488188971
0
LINE
8
BLACK
6
CONTINUOUS
10
5.5423622047244097
20
-5.8487094488188971
11
5.4823622047244092
21
-5.8487094488188971
0
LINE
8
BLACK
6
CONTINUOUS
10
5.4823622047244092
20
-5.8487094488188971
11
5.4823622047244092
21
-5.7887094488188975
0
LINE
8
BLACK
6
CONTINUOUS
10
5.4823622047244092
20
-5.7887094488188975
11
5.5423622047244097
21
-5.7887094488188975
0
LINE
8
BLACK
6
CONTINUOUS
10
5.5423622047244097
20
-5.7887094488188975
11
5.5423622047244097
21
-5.8487094488188971
0
LINE
8
BLACK
6
CONTINUOUS
10
5.4423622047244091
20
-5.7487094488188974
11
5.3823622047244095
21
-5.7487094488188974
0
LINE
8
BLACK
6
CONTINUOUS
10
5.3823622047244095
20
-5.7487094488188974
11
5.3823622047244095
21
-5.6887094488188978
0
LINE
8
BLACK
6
CONTINUOUS
10
5.3823622047244095
20
-5.6887094488188978
11
5.4423622047244091
21
-5.6887094488188978
0
LINE
8
BLACK
6
CONTINUOUS
10
5.4423622047244091
20
-5.6887094488188978
11
5.4423622047244091
21
-5.7487094488188974
0
LINE
8
BLACK
6
CONTINUOUS
10
5.5423622047244097
20
-5.7487094488188974
11
5.4823622047244092
21
-5.7487094488188974
0
LINE
8
BLACK
6
CONTINUOUS
10
5.4823622047244092
20
-5.7487094488188974
11
5.4823622047244092
21
-5.6887094488188978
0
LINE
8
BLACK
6
CONTINUOUS
10
5.4823622047244092
20
-5.6887094488188978
11
5.5423622047244097
21
-5.6887094488188978
0
LINE
8
BLACK
6
CONTINUOUS
10
5.5423622047244097
20
-5.6887094488188978
11
5.5423622047244097
21
-5.7487094488188974
0
LINE
8
BLACK
6
CONTINUOUS
10
5.4423622047244091
20
-5.6487094488188978
11
5.3823622047244095
21
-5.6487094488188978
0
LINE
8
BLACK
6
CONTINUOUS
10
5.3823622047244095
20
-5.6487094488188978
11
5.3823622047244095
21
-5.5887094488188973
0
LINE
8
BLACK
6
CONTINUOUS
10
5.3823622047244095
20
-5.5887094488188973
11
5.4423622047244091
21
-5.5887094488188973
0
LINE
8
BLACK
6
CONTINUOUS
10
5.4423622047244091
20
-5.5887094488188973
11
5.4423622047244091
21
-5.6487094488188978
0
LINE
8
BLACK
6
CONTINUOUS
10
5.5423622047244097
20
-5.6487094488188978
11
5.4823622047244092
21
-5.6487094488188978
0
LINE
8
BLACK
6
CONTINUOUS
10
5.4823622047244092
20
-5.6487094488188978
11
5.4823622047244092
21
-5.5887094488188973
0
LINE
8
BLACK
6
CONTINUOUS
10
5.4823622047244092
20
-5.5887094488188973
11
5.5423622047244097
21
-5.5887094488188973
0
LINE
8
BLACK
6
CONTINUOUS
10
5.5423622047244097
20
-5.5887094488188973
11
5.5423622047244097
21
-5.6487094488188978
0
LINE
8
BLACK
6
CONTINUOUS
10
5.5627457086614172
20
-5.5658242913385827
11
5.5628749606299213
21
-5.5658015354330708
0
LINE
8
BLACK
6
CONTINUOUS
10
5.5628749606299213
20
-5.5658015354330708
11
5.5629885433070863
21
-5.5658671259842523
0
LINE
8
BLACK
6
CONTINUOUS
10
5.5629885433070863
20
-5.5658671259842523
11
5.5633721259842517
21
-5.5659347637795271
0
LINE
8
BLACK
6
CONTINUOUS
10
5.5633721259842517
20
-5.5659347637795271
11
5.563959803149606
21
-5.5664278740157478
0
LINE
8
BLACK
6
CONTINUOUS
10
5.563959803149606
20
-5.5664278740157478
11
5.5646241338582678
21
-5.5668114566929132
0
LINE
8
BLACK
6
CONTINUOUS
10
5.5646241338582678
20
-5.5668114566929132
11
5.5647152362204721
21
-5.5670617716535435
0
LINE
8
BLACK
6
CONTINUOUS
10
5.5647152362204721
20
-5.5670617716535435
11
5.5649193700787398
21
-5.5672330708661413
0
LINE
8
BLACK
6
CONTINUOUS
10
5.5649193700787398
20
-5.5672330708661413
11
5.5650525984251971
21
-5.5679886220472437
0
LINE
8
BLACK
6
CONTINUOUS
10
5.5650525984251971
20
-5.5679886220472437
11
5.5653149606299213
21
-5.5687094488188977
0
LINE
8
BLACK
6
CONTINUOUS
10
5.5653149606299213
20
-5.5687094488188977
11
5.5653149606299213
21
-5.8687094488188976
0
LINE
8
BLACK
6
CONTINUOUS
10
5.5653149606299213
20
-5.8687094488188976
11
5.5652473228346455
21
-5.8690929527559055
0
LINE
8
BLACK
6
CONTINUOUS
10
5.5652473228346455
20
-5.8690929527559055
11
5.5652701181102362
21
-5.8692222047244096
0
LINE
8
BLACK
6
CONTINUOUS
10
5.5652701181102362
20
-5.8692222047244096
11
5.565204488188976
21
-5.8693357874015746
0
LINE
8
BLACK
6
CONTINUOUS
10
5.565204488188976
20
-5.8693357874015746
11
5.565136889763779
21
-5.86971937007874
0
LINE
8
BLACK
6
CONTINUOUS
10
5.565136889763779
20
-5.86971937007874
11
5.5646437401574804
21
-5.8703070472440944
0
LINE
8
BLACK
6
CONTINUOUS
10
5.5646437401574804
20
-5.8703070472440944
11
5.5642601968503937
21
-5.8709713779527561
0
LINE
8
BLACK
6
CONTINUOUS
10
5.5642601968503937
20
-5.8709713779527561
11
5.5640098425196847
21
-5.8710624803149605
0
LINE
8
BLACK
6
CONTINUOUS
10
5.5640098425196847
20
-5.8710624803149605
11
5.5638385826771648
21
-5.8712666141732281
0
LINE
8
BLACK
6
CONTINUOUS
10
5.5638385826771648
20
-5.8712666141732281
11
5.5630829921259846
21
-5.8713998425196845
0
LINE
8
BLACK
6
CONTINUOUS
10
5.5630829921259846
20
-5.8713998425196845
11
5.5623622047244092
21
-5.8716622047244096
0
LINE
8
BLACK
6
CONTINUOUS
10
5.5623622047244092
20
-5.8716622047244096
11
5.3623622047244091
21
-5.8716622047244096
0
LINE
8
BLACK
6
CONTINUOUS
10
5.3623622047244091
20
-5.8716622047244096
11
5.3619786614173224
21
-5.8715945669291338
0
LINE
8
BLACK
6
CONTINUOUS
10
5.3619786614173224
20
-5.8715945669291338
11
5.3618494488188979
21
-5.8716173622047245
0
LINE
8
BLACK
6
CONTINUOUS
10
5.3618494488188979
20
-5.8716173622047245
11
5.3617358267716533
21
-5.8715517322834643
0
LINE
8
BLACK
6
CONTINUOUS
10
5.3617358267716533
20
-5.8715517322834643
11
5.3613522834645666
21
-5.8714841338582673
0
LINE
8
BLACK
6
CONTINUOUS
10
5.3613522834645666
20
-5.8714841338582673
11
5.3607645669291335
21
-5.8709909842519687
0
LINE
8
BLACK
6
CONTINUOUS
10
5.3607645669291335
20
-5.8709909842519687
11
5.3601002755905514
21
-5.8706074409448821
0
LINE
8
BLACK
6
CONTINUOUS
10
5.3601002755905514
20
-5.8706074409448821
11
5.3600091338582674
21
-5.870357086614173
0
LINE
8
BLACK
6
CONTINUOUS
10
5.3600091338582674
20
-5.870357086614173
11
5.3598050393700785
21
-5.8701858267716531
0
LINE
8
BLACK
6
CONTINUOUS
10
5.3598050393700785
20
-5.8701858267716531
11
5.3596717716535434
21
-5.869430236220472
0
LINE
8
BLACK
6
CONTINUOUS
10
5.3596717716535434
20
-5.869430236220472
11
5.3594094488188979
21
-5.8687094488188976
0
LINE
8
BLACK
6
CONTINUOUS
10
5.3594094488188979
20
-5.8687094488188976
11
5.3594094488188979
21
-5.5687094488188977
0
LINE
8
BLACK
6
CONTINUOUS
10
5.3594094488188979
20
-5.5687094488188977
11
5.359477047244094
21
-5.5683259055118111
0
LINE
8
BLACK
6
CONTINUOUS
10
5.359477047244094
20
-5.5683259055118111
11
5.359454291338583
21
-5.5681966929133857
0
LINE
8
BLACK
6
CONTINUOUS
10
5.359454291338583
20
-5.5681966929133857
11
5.3595198818897636
21
-5.568083070866142
0
LINE
8
BLACK
6
CONTINUOUS
10
5.3595198818897636
20
-5.568083070866142
11
5.3595875196850393
21
-5.5676995275590553
0
LINE
8
BLACK
6
CONTINUOUS
10
5.3595875196850393
20
-5.5676995275590553
11
5.36008062992126
21
-5.5671118110236222
0
LINE
8
BLACK
6
CONTINUOUS
10
5.36008062992126
20
-5.5671118110236222
11
5.3604642125984254
21
-5.5664475196850391
0
LINE
8
BLACK
6
CONTINUOUS
10
5.3604642125984254
20
-5.5664475196850391
11
5.3607145275590549
21
-5.5663563779527561
0
LINE
8
BLACK
6
CONTINUOUS
10
5.3607145275590549
20
-5.5663563779527561
11
5.3608858267716535
21
-5.5661522834645671
0
LINE
8
BLACK
6
CONTINUOUS
10
5.3608858267716535
20
-5.5661522834645671
11
5.3616413779527559
21
-5.5660190157480312
0
LINE
8
BLACK
6
CONTINUOUS
10
5.3616413779527559
20
-5.5660190157480312
11
5.3623622047244091
21
-5.5657566929133857
0
LINE
8
BLACK
6
CONTINUOUS
10
5.3623622047244091
20
-5.5657566929133857
11
5.5623622047244092
21
-5.5657566929133857
0
LINE
8
BLACK
6
CONTINUOUS
10
5.5623622047244092
20
-5.5657566929133857
11
5.5627457086614172
21
-5.5658242913385827
0
LINE
8
BLACK
6
CONTINUOUS
10
5.3653149606299211
20
-5.5716622047244098
11
5.3653149606299211
21
-5.8657566929133855
0
LINE
8
BLACK
6
CONTINUOUS
10
5.3653149606299211
20
-5.8657566929133855
11
5.5594094488188972
21
-5.8657566929133855
0
LINE
8
BLACK
6
CONTINUOUS
10
5.5594094488188972
20
-5.8657566929133855
11
5.5594094488188972
21
-5.5716622047244098
0
LINE
8
BLACK
6
CONTINUOUS
10
5.5594094488188972
20
-5.5716622047244098
11
5.3653149606299211
21
-5.5716622047244098
0
LINE
8
BLACK
6
CONTINUOUS
10
5.6923622047244091
20
-5.8487094488188971
11
5.6323622047244095
21
-5.8487094488188971
0
LINE
8
BLACK
6
CONTINUOUS
10
5.6323622047244095
20
-5.8487094488188971
11
5.6323622047244095
21
-5.7887094488188975
0
LINE
8
BLACK
6
CONTINUOUS
10
5.6323622047244095
20
-5.7887094488188975
11
5.6923622047244091
21
-5.7887094488188975
0
LINE
8
BLACK
6
CONTINUOUS
10
5.6923622047244091
20
-5.7887094488188975
11
5.6923622047244091
21
-5.8487094488188971
0
LINE
8
BLACK
6
CONTINUOUS
10
5.7923622047244097
20
-5.8487094488188971
11
5.7323622047244092
21
-5.8487094488188971
0
LINE
8
BLACK
6
CONTINUOUS
10
5.7323622047244092
20
-5.8487094488188971
11
5.7323622047244092
21
-5.7887094488188975
0
LINE
8
BLACK
6
CONTINUOUS
10
5.7323622047244092
20
-5.7887094488188975
11
5.7923622047244097
21
-5.7887094488188975
0
LINE
8
BLACK
6
CONTINUOUS
10
5.7923622047244097
20
-5.7887094488188975
11
5.7923622047244097
21
-5.8487094488188971
0
LINE
8
BLACK
6
CONTINUOUS
10
5.6923622047244091
20
-5.7487094488188974
11
5.6323622047244095
21
-5.7487094488188974
0
LINE
8
BLACK
6
CONTINUOUS
10
5.6323622047244095
20
-5.7487094488188974
11
5.6323622047244095
21
-5.6887094488188978
0
LINE
8
BLACK
6
CONTINUOUS
10
5.6323622047244095
20
-5.6887094488188978
11
5.6923622047244091
21
-5.6887094488188978
0
LINE
8
BLACK
6
CONTINUOUS
10
5.6923622047244091
20
-5.6887094488188978
11
5.6923622047244091
21
-5.7487094488188974
0
LINE
8
BLACK
6
CONTINUOUS
10
5.7923622047244097
20
-5.7487094488188974
11
5.7323622047244092
21
-5.7487094488188974
0
LINE
8
BLACK
6
CONTINUOUS
10
5.7323622047244092
20
-5.7487094488188974
11
5.7323622047244092
21
-5.6887094488188978
0
LINE
8
BLACK
6
CONTINUOUS
10
5.7323622047244092
20
-5.6887094488188978
11
5.7923622047244097
21
-5.6887094488188978
0
LINE
8
BLACK
6
CONTINUOUS
10
5.7923622047244097
20
-5.6887094488188978
11
5.7923622047244097
21
-5.7487094488188974
0
LINE
8
BLACK
6
CONTINUOUS
10
5.6923622047244091
20
-5.6487094488188978
11
5.6323622047244095
21
-5.6487094488188978
0
LINE
8
BLACK
6
CONTINUOUS
10
5.6323622047244095
20
-5.6487094488188978
11
5.6323622047244095
21
-5.5887094488188973
0
LINE
8
BLACK
6
CONTINUOUS
10
5.6323622047244095
20
-5.5887094488188973
11
5.6923622047244091
21
-5.5887094488188973
0
LINE
8
BLACK
6
CONTINUOUS
10
5.6923622047244091
20
-5.5887094488188973
11
5.6923622047244091
21
-5.6487094488188978
0
LINE
8
BLACK
6
CONTINUOUS
10
5.7923622047244097
20
-5.6487094488188978
11
5.7323622047244092
21
-5.6487094488188978
0
LINE
8
BLACK
6
CONTINUOUS
10
5.7323622047244092
20
-5.6487094488188978
11
5.7323622047244092
21
-5.5887094488188973
0
LINE
8
BLACK
6
CONTINUOUS
10
5.7323622047244092
20
-5.5887094488188973
11
5.7923622047244097
21
-5.5887094488188973
0
LINE
8
BLACK
6
CONTINUOUS
10
5.7923622047244097
20
-5.5887094488188973
11
5.7923622047244097
21
-5.6487094488188978
0
LINE
8
BLACK
6
CONTINUOUS
10
5.8127457086614172
20
-5.5658242913385827
11
5.8128749606299213
21
-5.5658015354330708
0
LINE
8
BLACK
6
CONTINUOUS
10
5.8128749606299213
20
-5.5658015354330708
11
5.8129885433070863
21
-5.5658671259842523
0
LINE
8
BLACK
6
CONTINUOUS
10
5.8129885433070863
20
-5.5658671259842523
11
5.8133721259842517
21
-5.5659347637795271
0
LINE
8
BLACK
6
CONTINUOUS
10
5.8133721259842517
20
-5.5659347637795271
11
5.813959803149606
21
-5.5664278740157478
0
LINE
8
BLACK
6
CONTINUOUS
10
5.813959803149606
20
-5.5664278740157478
11
5.8146241338582678
21
-5.5668114566929132
0
LINE
8
BLACK
6
CONTINUOUS
10
5.8146241338582678
20
-5.5668114566929132
11
5.8147152362204721
21
-5.5670617716535435
0
LINE
8
BLACK
6
CONTINUOUS
10
5.8147152362204721
20
-5.5670617716535435
11
5.8149193700787398
21
-5.5672330708661413
0
LINE
8
BLACK
6
CONTINUOUS
10
5.8149193700787398
20
-5.5672330708661413
11
5.8150525984251971
21
-5.5679886220472437
0
LINE
8
BLACK
6
CONTINUOUS
10
5.8150525984251971
20
-5.5679886220472437
11
5.8153149606299213
21
-5.5687094488188977
0
LINE
8
BLACK
6
CONTINUOUS
10
5.8153149606299213
20
-5.5687094488188977
11
5.8153149606299213
21
-5.8687094488188976
0
LINE
8
BLACK
6
CONTINUOUS
10
5.8153149606299213
20
-5.8687094488188976
11
5.8152473228346455
21
-5.8690929527559055
0
LINE
8
BLACK
6
CONTINUOUS
10
5.8152473228346455
20
-5.8690929527559055
11
5.8152701181102362
21
-5.8692222047244096
0
LINE
8
BLACK
6
CONTINUOUS
10
5.8152701181102362
20
-5.8692222047244096
11
5.815204488188976
21
-5.8693357874015746
0
LINE
8
BLACK
6
CONTINUOUS
10
5.815204488188976
20
-5.8693357874015746
11
5.815136889763779
21
-5.86971937007874
0
LINE
8
BLACK
6
CONTINUOUS
10
5.815136889763779
20
-5.86971937007874
11
5.8146437401574804
21
-5.8703070472440944
0
LINE
8
BLACK
6
CONTINUOUS
10
5.8146437401574804
20
-5.8703070472440944
11
5.8142601968503937
21
-5.8709713779527561
0
LINE
8
BLACK
6
CONTINUOUS
10
5.8142601968503937
20
-5.8709713779527561
11
5.8140098425196847
21
-5.8710624803149605
0
LINE
8
BLACK
6
CONTINUOUS
10
5.8140098425196847
20
-5.8710624803149605
11
5.8138385826771648
21
-5.8712666141732281
0
LINE
8
BLACK
6
CONTINUOUS
10
5.8138385826771648
20
-5.8712666141732281
11
5.8130829921259846
21
-5.8713998425196845
0
LINE
8
BLACK
6
CONTINUOUS
10
5.8130829921259846
20
-5.8713998425196845
11
5.8123622047244092
21
-5.8716622047244096
0
LINE
8
BLACK
6
CONTINUOUS
10
5.8123622047244092
20
-5.8716622047244096
11
5.6123622047244091
21
-5.8716622047244096
0
LINE
8
BLACK
6
CONTINUOUS
10
5.6123622047244091
20
-5.8716622047244096
11
5.6119786614173224
21
-5.8715945669291338
0
LINE
8
BLACK
6
CONTINUOUS
10
5.6119786614173224
20
-5.8715945669291338
11
5.6118494488188979
21
-5.8716173622047245
0
LINE
8
BLACK
6
CONTINUOUS
10
5.6118494488188979
20
-5.8716173622047245
11
5.6117358267716533
21
-5.8715517322834643
0
LINE
8
BLACK
6
CONTINUOUS
10
5.6117358267716533
20
-5.8715517322834643
11
5.6113522834645666
21
-5.8714841338582673
0
LINE
8
BLACK
6
CONTINUOUS
10
5.6113522834645666
20
-5.8714841338582673
11
5.6107645669291335
21
-5.8709909842519687
0
LINE
8
BLACK
6
CONTINUOUS
10
5.6107645669291335
20
-5.8709909842519687
11
5.6101002755905514
21
-5.8706074409448821
0
LINE
8
BLACK
6
CONTINUOUS
10
5.6101002755905514
20
-5.8706074409448821
11
5.6100091338582674
21
-5.870357086614173
0
LINE
8
BLACK
6
CONTINUOUS
10
5.6100091338582674
20
-5.870357086614173
11
5.6098050393700785
21
-5.8701858267716531
0
LINE
8
BLACK
6
CONTINUOUS
10
5.6098050393700785
20
-5.8701858267716531
11
5.6096717716535434
21
-5.869430236220472
0
LINE
8
BLACK
6
CONTINUOUS
10
5.6096717716535434
20
-5.869430236220472
11
5.6094094488188979
21
-5.8687094488188976
0
LINE
8
BLACK
6
CONTINUOUS
10
5.6094094488188979
20
-5.8687094488188976
11
5.6094094488188979
21
-5.5687094488188977
0
LINE
8
BLACK
6
CONTINUOUS
10
5.6094094488188979
20
-5.5687094488188977
11
5.609477047244094
21
-5.5683259055118111
0
LINE
8
BLACK
6
CONTINUOUS
10
5.609477047244094
20
-5.5683259055118111
11
5.609454291338583
21
-5.5681966929133857
0
LINE
8
BLACK
6
CONTINUOUS
10
5.609454291338583
20
-5.5681966929133857
11
5.6095198818897636
21
-5.568083070866142
0
LINE
8
BLACK
6
CONTINUOUS
10
5.6095198818897636
20
-5.568083070866142
11
5.6095875196850393
21
-5.5676995275590553
0
LINE
8
BLACK
6
CONTINUOUS
10
5.6095875196850393
20
-5.5676995275590553
11
5.61008062992126
21
-5.5671118110236222
0
LINE
8
BLACK
6
CONTINUOUS
10
5.61008062992126
20
-5.5671118110236222
11
5.6104642125984254
21
-5.5664475196850391
0
LINE
8
BLACK
6
CONTINUOUS
10
5.6104642125984254
20
-5.5664475196850391
11
5.6107145275590549
21
-5.5663563779527561
0
LINE
8
BLACK
6
CONTINUOUS
10
5.6107145275590549
20
-5.5663563779527561
11
5.6108858267716535
21
-5.5661522834645671
0
LINE
8
BLACK
6
CONTINUOUS
10
5.6108858267716535
20
-5.5661522834645671
11
5.6116413779527559
21
-5.5660190157480312
0
LINE
8
BLACK
6
CONTINUOUS
10
5.6116413779527559
20
-5.5660190157480312
11
5.6123622047244091
21
-5.5657566929133857
0
LINE
8
BLACK
6
CONTINUOUS
10
5.6123622047244091
20
-5.5657566929133857
11
5.8123622047244092
21
-5.5657566929133857
0
LINE
8
BLACK
6
CONTINUOUS
10
5.8123622047244092
20
-5.5657566929133857
11
5.8127457086614172
21
-5.5658242913385827
0
LINE
8
BLACK
6
CONTINUOUS
10
5.6153149606299211
20
-5.5716622047244098
11
5.6153149606299211
21
-5.8657566929133855
0
LINE
8
BLACK
6
CONTINUOUS
10
5.6153149606299211
20
-5.8657566929133855
11
5.8094094488188972
21
-5.8657566929133855
0
LINE
8
BLACK
6
CONTINUOUS
10
5.8094094488188972
20
-5.8657566929133855
11
5.8094094488188972
21
-5.5716622047244098
0
LINE
8
BLACK
6
CONTINUOUS
10
5.8094094488188972
20
-5.5716622047244098
11
5.6153149606299211
21
-5.5716622047244098
0
LINE
8
BLACK
6
CONTINUOUS
10
4.8440837007874018
20
-5.6114060629921259
11
4.8443648818897636
21
-5.6114617322834643
0
LINE
8
BLACK
6
CONTINUOUS
10
4.8443648818897636
20
-5.6114617322834643
11
4.8444212204724408
21
-5.6115458661417321
0
LINE
8
BLACK
6
CONTINUOUS
10
4.8444212204724408
20
-5.6115458661417321
11
4.8445148818897641
21
-5.6115846850393698
0
LINE
8
BLACK
6
CONTINUOUS
10
4.8445148818897641
20
-5.6115846850393698
11
4.8446245275590547
21
-5.6118494488188979
0
LINE
8
BLACK
6
CONTINUOUS
10
4.8446245275590547
20
-5.6118494488188979
11
4.8447840551181098
21
-5.6120876377952751
0
LINE
8
BLACK
6
CONTINUOUS
10
4.8447840551181098
20
-5.6120876377952751
11
4.8447643700787397
21
-5.6121870472440945
0
LINE
8
BLACK
6
CONTINUOUS
10
4.8447643700787397
20
-5.6121870472440945
11
4.8448031496062995
21
-5.6122806692913381
0
LINE
8
BLACK
6
CONTINUOUS
10
4.8448031496062995
20
-5.6122806692913381
11
4.8448031496062995
21
-5.6309814566929131
0
LINE
8
BLACK
6
CONTINUOUS
10
4.8448031496062995
20
-5.6309814566929131
11
4.8494431889763776
21
-5.6309814566929131
0
LINE
8
BLACK
6
CONTINUOUS
10
4.8494431889763776
20
-5.6309814566929131
11
4.8501391732283468
21
-5.6312697244094485
0
LINE
8
BLACK
6
CONTINUOUS
10
4.8501391732283468
20
-5.6312697244094485
11
4.8504274409448822
21
-5.6319657086614168
0
LINE
8
BLACK
6
CONTINUOUS
10
4.8504274409448822
20
-5.6319657086614168
11
4.8501391732283468
21
-5.6326616929133859
0
LINE
8
BLACK
6
CONTINUOUS
10
4.8501391732283468
20
-5.6326616929133859
11
4.8494431889763776
21
-5.6329499606299214
0
LINE
8
BLACK
6
CONTINUOUS
10
4.8494431889763776
20
-5.6329499606299214
11
4.8438188976377949
21
-5.6329499606299214
0
LINE
8
BLACK
6
CONTINUOUS
10
4.8438188976377949
20
-5.6329499606299214
11
4.8381946062992123
21
-5.6329499606299214
0
LINE
8
BLACK
6
CONTINUOUS
10
4.8381946062992123
20
-5.6329499606299214
11
4.837498622047244
21
-5.6326616929133859
0
LINE
8
BLACK
6
CONTINUOUS
10
4.837498622047244
20
-5.6326616929133859
11
4.8372103543307086
21
-5.6319657086614168
0
LINE
8
BLACK
6
CONTINUOUS
10
4.8372103543307086
20
-5.6319657086614168
11
4.837498622047244
21
-5.6312697244094485
0
LINE
8
BLACK
6
CONTINUOUS
10
4.837498622047244
20
-5.6312697244094485
11
4.8381946062992123
21
-5.6309814566929131
0
LINE
8
BLACK
6
CONTINUOUS
10
4.8381946062992123
20
-5.6309814566929131
11
4.8428346456692912
21
-5.6309814566929131
0
LINE
8
BLACK
6
CONTINUOUS
10
4.8428346456692912
20
-5.6309814566929131
11
4.8428346456692912
21
-5.615531377952756
0
LINE
8
BLACK
6
CONTINUOUS
10
4.8428346456692912
20
-5.615531377952756
11
4.842763070866142
21
-5.6156387795275586
0
LINE
8
BLACK
6
CONTINUOUS
10
4.842763070866142
20
-5.6156387795275586
11
4.8426788582677167
21
-5.6156951574803147
0
LINE
8
BLACK
6
CONTINUOUS
10
4.8426788582677167
20
-5.6156951574803147
11
4.8426400787401578
21
-5.6157888188976379
0
LINE
8
BLACK
6
CONTINUOUS
10
4.8426400787401578
20
-5.6157888188976379
11
4.840765354330709
21
-5.6176635826771655
0
LINE
8
BLACK
6
CONTINUOUS
10
4.840765354330709
20
-5.6176635826771655
11
4.8406156299212597
21
-5.6177255511811026
0
LINE
8
BLACK
6
CONTINUOUS
10
4.8406156299212597
20
-5.6177255511811026
11
4.8405095275590551
21
-5.6178479527559055
0
LINE
8
BLACK
6
CONTINUOUS
10
4.8405095275590551
20
-5.6178479527559055
11
4.8386347637795275
21
-5.6187853149606299
0
LINE
8
BLACK
6
CONTINUOUS
10
4.8386347637795275
20
-5.6187853149606299
11
4.8378833464566924
21
-5.6188387007874017
0
LINE
8
BLACK
6
CONTINUOUS
10
4.8378833464566924
20
-5.6188387007874017
11
4.837314251968504
21
-5.618345118110236
0
LINE
8
BLACK
6
CONTINUOUS
10
4.837314251968504
20
-5.618345118110236
11
4.8372608661417322
21
-5.6175937007874017
0
LINE
8
BLACK
6
CONTINUOUS
10
4.8372608661417322
20
-5.6175937007874017
11
4.8377544488188979
21
-5.6170246062992124
0
LINE
8
BLACK
6
CONTINUOUS
10
4.8377544488188979
20
-5.6170246062992124
11
4.8394863385826774
21
-5.6161586220472444
0
LINE
8
BLACK
6
CONTINUOUS
10
4.8394863385826774
20
-5.6161586220472444
11
4.8411792519685042
21
-5.6144657086614176
0
LINE
8
BLACK
6
CONTINUOUS
10
4.8411792519685042
20
-5.6144657086614176
11
4.8429999606299212
21
-5.6117346850393703
0
LINE
8
BLACK
6
CONTINUOUS
10
4.8429999606299212
20
-5.6117346850393703
11
4.843084094488189
21
-5.6116783070866143
0
LINE
8
BLACK
6
CONTINUOUS
10
4.843084094488189
20
-5.6116783070866143
11
4.8431229133858267
21
-5.6115846850393698
0
LINE
8
BLACK
6
CONTINUOUS
10
4.8431229133858267
20
-5.6115846850393698
11
4.8433876771653539
21
-5.6114749999999995
0
LINE
8
BLACK
6
CONTINUOUS
10
4.8433876771653539
20
-5.6114749999999995
11
4.843625866141732
21
-5.6113155118110232
0
LINE
8
BLACK
6
CONTINUOUS
10
4.843625866141732
20
-5.6113155118110232
11
4.8437252755905513
21
-5.6113351574803145
0
LINE
8
BLACK
6
CONTINUOUS
10
4.8437252755905513
20
-5.6113351574803145
11
4.8438188976377949
21
-5.6112964173228344
0
LINE
8
BLACK
6
CONTINUOUS
10
4.8438188976377949
20
-5.6112964173228344
11
4.8440837007874018
21
-5.6114060629921259
0
LINE
8
BLACK
6
CONTINUOUS
10
5.8462648031496061
20
-5.6094446456692912
11
5.8465459842519687
21
-5.6095003149606297
0
LINE
8
BLACK
6
CONTINUOUS
10
5.8465459842519687
20
-5.6095003149606297
11
5.8466023228346451
21
-5.6095844488188975
0
LINE
8
BLACK
6
CONTINUOUS
10
5.8466023228346451
20
-5.6095844488188975
11
5.8466959842519683
21
-5.6096232677165352
0
LINE
8
BLACK
6
CONTINUOUS
10
5.8466959842519683
20
-5.6096232677165352
11
5.8468056299212599
21
-5.6098880314960633
0
LINE
8
BLACK
6
CONTINUOUS
10
5.8468056299212599
20
-5.6098880314960633
11
5.846965157480315
21
-5.6101262204724405
0
LINE
8
BLACK
6
CONTINUOUS
10
5.846965157480315
20
-5.6101262204724405
11
5.8469454724409449
21
-5.6102256299212598
0
LINE
8
BLACK
6
CONTINUOUS
10
5.8469454724409449
20
-5.6102256299212598
11
5.8469842519685038
21
-5.6103192519685035
0
LINE
8
BLACK
6
CONTINUOUS
10
5.8469842519685038
20
-5.6103192519685035
11
5.8469842519685038
21
-5.6290200393700784
0
LINE
8
BLACK
6
CONTINUOUS
10
5.8469842519685038
20
-5.6290200393700784
11
5.8516242913385828
21
-5.6290200393700784
0
LINE
8
BLACK
6
CONTINUOUS
10
5.8516242913385828
20
-5.6290200393700784
11
5.852320275590551
21
-5.6293083070866139
0
LINE
8
BLACK
6
CONTINUOUS
10
5.852320275590551
20
-5.6293083070866139
11
5.8526085433070865
21
-5.6300042913385822
0
LINE
8
BLACK
6
CONTINUOUS
10
5.8526085433070865
20
-5.6300042913385822
11
5.852320275590551
21
-5.6307002755905513
0
LINE
8
BLACK
6
CONTINUOUS
10
5.852320275590551
20
-5.6307002755905513
11
5.8516242913385828
21
-5.6309885433070868
0
LINE
8
BLACK
6
CONTINUOUS
10
5.8516242913385828
20
-5.6309885433070868
11
5.8460000000000001
21
-5.6309885433070868
0
LINE
8
BLACK
6
CONTINUOUS
10
5.8460000000000001
20
-5.6309885433070868
11
5.8403757086614174
21
-5.6309885433070868
0
LINE
8
BLACK
6
CONTINUOUS
10
5.8403757086614174
20
-5.6309885433070868
11
5.8396797244094483
21
-5.6307002755905513
0
LINE
8
BLACK
6
CONTINUOUS
10
5.8396797244094483
20
-5.6307002755905513
11
5.8393914566929128
21
-5.6300042913385822
0
LINE
8
BLACK
6
CONTINUOUS
10
5.8393914566929128
20
-5.6300042913385822
11
5.8396797244094483
21
-5.6293083070866139
0
LINE
8
BLACK
6
CONTINUOUS
10
5.8396797244094483
20
-5.6293083070866139
11
5.8403757086614174
21
-5.6290200393700784
0
LINE
8
BLACK
6
CONTINUOUS
10
5.8403757086614174
20
-5.6290200393700784
11
5.8450157480314964
21
-5.6290200393700784
0
LINE
8
BLACK
6
CONTINUOUS
10
5.8450157480314964
20
-5.6290200393700784
11
5.8450157480314964
21
-5.6135699606299214
0
LINE
8
BLACK
6
CONTINUOUS
10
5.8450157480314964
20
-5.6135699606299214
11
5.8449441732283463
21
-5.613677362204724
0
LINE
8
BLACK
6
CONTINUOUS
10
5.8449441732283463
20
-5.613677362204724
11
5.844859960629921
21
-5.6137337401574801
0
LINE
8
BLACK
6
CONTINUOUS
10
5.844859960629921
20
-5.6137337401574801
11
5.844821181102362
21
-5.6138274015748033
0
LINE
8
BLACK
6
CONTINUOUS
10
5.844821181102362
20
-5.6138274015748033
11
5.8429464566929132
21
-5.6157021653543309
0
LINE
8
BLACK
6
CONTINUOUS
10
5.8429464566929132
20
-5.6157021653543309
11
5.8427967322834649
21
-5.615764133858268
0
LINE
8
BLACK
6
CONTINUOUS
10
5.8427967322834649
20
-5.615764133858268
11
5.8426906299212593
21
-5.6158865354330709
0
LINE
8
BLACK
6
CONTINUOUS
10
5.8426906299212593
20
-5.6158865354330709
11
5.8408158661417318
21
-5.6168238976377953
0
LINE
8
BLACK
6
CONTINUOUS
10
5.8408158661417318
20
-5.6168238976377953
11
5.8400644488188975
21
-5.616877283464567
0
LINE
8
BLACK
6
CONTINUOUS
10
5.8400644488188975
20
-5.616877283464567
11
5.8394953543307082
21
-5.6163837007874013
0
LINE
8
BLACK
6
CONTINUOUS
10
5.8394953543307082
20
-5.6163837007874013
11
5.8394419685039365
21
-5.6156322834645671
0
LINE
8
BLACK
6
CONTINUOUS
10
5.8394419685039365
20
-5.6156322834645671
11
5.8399355511811022
21
-5.6150631889763778
0
LINE
8
BLACK
6
CONTINUOUS
10
5.8399355511811022
20
-5.6150631889763778
11
5.8416674409448817
21
-5.6141972047244098
0
LINE
8
BLACK
6
CONTINUOUS
10
5.8416674409448817
20
-5.6141972047244098
11
5.8433603543307084
21
-5.612504291338583
0
LINE
8
BLACK
6
CONTINUOUS
10
5.8433603543307084
20
-5.612504291338583
11
5.8451810629921255
21
-5.6097732677165357
0
LINE
8
BLACK
6
CONTINUOUS
10
5.8451810629921255
20
-5.6097732677165357
11
5.8452651968503933
21
-5.6097168897637797
0
LINE
8
BLACK
6
CONTINUOUS
10
5.8452651968503933
20
-5.6097168897637797
11
5.8453040157480309
21
-5.6096232677165352
0
LINE
8
BLACK
6
CONTINUOUS
10
5.8453040157480309
20
-5.6096232677165352
11
5.845568779527559
21
-5.6095135826771649
0
LINE
8
BLACK
6
CONTINUOUS
10
5.845568779527559
20
-5.6095135826771649
11
5.8458069685039371
21
-5.6093540944881886
0
LINE
8
BLACK
6
CONTINUOUS
10
5.8458069685039371
20
-5.6093540944881886
11
5.8459063779527556
21
-5.6093737401574799
0
LINE
8
BLACK
6
CONTINUOUS
10
5.8459063779527556
20
-5.6093737401574799
11
5.8460000000000001
21
-5.6093349999999997
0
LINE
8
BLACK
6
CONTINUOUS
10
5.8460000000000001
20
-5.6093349999999997
11
5.8462648031496061
21
-5.6094446456692912
0
LINE
8
BLACK
6
CONTINUOUS
10
4.3492018110236224
20
-5.6090438582677162
11
4.3494829921259841
21
-5.6090995275590547
0
LINE
8
BLACK
6
CONTINUOUS
10
4.3494829921259841
20
-5.6090995275590547
11
4.3495393307086614
21
-5.6091836614173225
0
LINE
8
BLACK
6
CONTINUOUS
10
4.3495393307086614
20
-5.6091836614173225
11
4.3496329921259838
21
-5.6092224803149602
0
LINE
8
BLACK
6
CONTINUOUS
10
4.3496329921259838
20
-5.6092224803149602
11
4.3497426377952753
21
-5.6094872440944883
0
LINE
8
BLACK
6
CONTINUOUS
10
4.3497426377952753
20
-5.6094872440944883
11
4.3499021653543304
21
-5.6097254330708664
0
LINE
8
BLACK
6
CONTINUOUS
10
4.3499021653543304
20
-5.6097254330708664
11
4.3498824803149603
21
-5.6098248425196848
0
LINE
8
BLACK
6
CONTINUOUS
10
4.3498824803149603
20
-5.6098248425196848
11
4.3499212598425192
21
-5.6099184645669293
0
LINE
8
BLACK
6
CONTINUOUS
10
4.3499212598425192
20
-5.6099184645669293
11
4.3499212598425192
21
-5.6286192519685034
0
LINE
8
BLACK
6
CONTINUOUS
10
4.3499212598425192
20
-5.6286192519685034
11
4.3545612992125982
21
-5.6286192519685034
0
LINE
8
BLACK
6
CONTINUOUS
10
4.3545612992125982
20
-5.6286192519685034
11
4.3552572834645664
21
-5.6289075196850389
0
LINE
8
BLACK
6
CONTINUOUS
10
4.3552572834645664
20
-5.6289075196850389
11
4.3555455511811019
21
-5.629603503937008
0
LINE
8
BLACK
6
CONTINUOUS
10
4.3555455511811019
20
-5.629603503937008
11
4.3552572834645664
21
-5.6302994881889763
0
LINE
8
BLACK
6
CONTINUOUS
10
4.3552572834645664
20
-5.6302994881889763
11
4.3545612992125982
21
-5.6305877559055117
0
LINE
8
BLACK
6
CONTINUOUS
10
4.3545612992125982
20
-5.6305877559055117
11
4.3489370078740155
21
-5.6305877559055117
0
LINE
8
BLACK
6
CONTINUOUS
10
4.3489370078740155
20
-5.6305877559055117
11
4.3433127165354328
21
-5.6305877559055117
0
LINE
8
BLACK
6
CONTINUOUS
10
4.3433127165354328
20
-5.6305877559055117
11
4.3426167322834646
21
-5.6302994881889763
0
LINE
8
BLACK
6
CONTINUOUS
10
4.3426167322834646
20
-5.6302994881889763
11
4.3423284645669291
21
-5.629603503937008
0
LINE
8
BLACK
6
CONTINUOUS
10
4.3423284645669291
20
-5.629603503937008
11
4.3426167322834646
21
-5.6289075196850389
0
LINE
8
BLACK
6
CONTINUOUS
10
4.3426167322834646
20
-5.6289075196850389
11
4.3433127165354328
21
-5.6286192519685034
0
LINE
8
BLACK
6
CONTINUOUS
10
4.3433127165354328
20
-5.6286192519685034
11
4.3479527559055118
21
-5.6286192519685034
0
LINE
8
BLACK
6
CONTINUOUS
10
4.3479527559055118
20
-5.6286192519685034
11
4.3479527559055118
21
-5.6131691732283464
0
LINE
8
BLACK
6
CONTINUOUS
10
4.3479527559055118
20
-5.6131691732283464
11
4.3478811811023625
21
-5.6132765748031499
0
LINE
8
BLACK
6
CONTINUOUS
10
4.3478811811023625
20
-5.6132765748031499
11
4.3477969685039373
21
-5.613332952755905
0
LINE
8
BLACK
6
CONTINUOUS
10
4.3477969685039373
20
-5.613332952755905
11
4.3477581889763774
21
-5.6134266141732283
0
LINE
8
BLACK
6
CONTINUOUS
10
4.3477581889763774
20
-5.6134266141732283
11
4.3458834645669286
21
-5.6153013779527559
0
LINE
8
BLACK
6
CONTINUOUS
10
4.3458834645669286
20
-5.6153013779527559
11
4.3457337401574803
21
-5.615363346456693
0
LINE
8
BLACK
6
CONTINUOUS
10
4.3457337401574803
20
-5.615363346456693
11
4.3456276377952756
21
-5.6154857480314959
0
LINE
8
BLACK
6
CONTINUOUS
10
4.3456276377952756
20
-5.6154857480314959
11
4.3437528740157481
21
-5.6164231102362203
0
LINE
8
BLACK
6
CONTINUOUS
10
4.3437528740157481
20
-5.6164231102362203
11
4.3430014566929129
21
-5.616476496062992
0
LINE
8
BLACK
6
CONTINUOUS
10
4.3430014566929129
20
-5.616476496062992
11
4.3424323622047245
21
-5.6159829133858263
0
LINE
8
BLACK
6
CONTINUOUS
10
4.3424323622047245
20
-5.6159829133858263
11
4.3423789763779528
21
-5.6152314960629921
0
LINE
8
BLACK
6
CONTINUOUS
10
4.3423789763779528
20
-5.6152314960629921
11
4.3428725590551176
21
-5.6146624015748028
0
LINE
8
BLACK
6
CONTINUOUS
10
4.3428725590551176
20
-5.6146624015748028
11
4.344604448818898
21
-5.6137964173228347
0
LINE
8
BLACK
6
CONTINUOUS
10
4.344604448818898
20
-5.6137964173228347
11
4.3462973622047247
21
-5.612103503937008
0
LINE
8
BLACK
6
CONTINUOUS
10
4.3462973622047247
20
-5.612103503937008
11
4.3481180708661418
21
-5.6093724803149607
0
LINE
8
BLACK
6
CONTINUOUS
10
4.3481180708661418
20
-5.6093724803149607
11
4.3482022047244095
21
-5.6093161023622047
0
LINE
8
BLACK
6
CONTINUOUS
10
4.3482022047244095
20
-5.6093161023622047
11
4.3482410236220472
21
-5.6092224803149602
0
LINE
8
BLACK
6
CONTINUOUS
10
4.3482410236220472
20
-5.6092224803149602
11
4.3485057874015745
21
-5.6091127952755908
0
LINE
8
BLACK
6
CONTINUOUS
10
4.3485057874015745
20
-5.6091127952755908
11
4.3487439763779525
21
-5.6089533070866144
0
LINE
8
BLACK
6
CONTINUOUS
10
4.3487439763779525
20
-5.6089533070866144
11
4.3488433858267719
21
-5.6089729527559058
0
LINE
8
BLACK
6
CONTINUOUS
10
4.3488433858267719
20
-5.6089729527559058
11
4.3489370078740155
21
-5.6089342125984247
0
LINE
8
BLACK
6
CONTINUOUS
10
4.3489370078740155
20
-5.6089342125984247
11
4.3492018110236224
21
-5.6090438582677162
0
LINE
8
BLACK
6
CONTINUOUS
10
4.5976270078740153
20
-5.6071540944881892
11
4.597908188976378
21
-5.6072097637795277
0
LINE
8
BLACK
6
CONTINUOUS
10
4.597908188976378
20
-5.6072097637795277
11
4.5979645275590553
21
-5.6072938976377955
0
LINE
8
BLACK
6
CONTINUOUS
10
4.5979645275590553
20
-5.6072938976377955
11
4.5980581889763776
21
-5.6073327165354332
0
LINE
8
BLACK
6
CONTINUOUS
10
4.5980581889763776
20
-5.6073327165354332
11
4.5981678346456691
21
-5.6075974803149604
0
LINE
8
BLACK
6
CONTINUOUS
10
4.5981678346456691
20
-5.6075974803149604
11
4.5983273622047243
21
-5.6078356692913385
0
LINE
8
BLACK
6
CONTINUOUS
10
4.5983273622047243
20
-5.6078356692913385
11
4.5983076771653542
21
-5.607935078740157
0
LINE
8
BLACK
6
CONTINUOUS
10
4.5983076771653542
20
-5.607935078740157
11
4.5983464566929131
21
-5.6080287007874015
0
LINE
8
BLACK
6
CONTINUOUS
10
4.5983464566929131
20
-5.6080287007874015
11
4.5983464566929131
21
-5.6267294881889764
0
LINE
8
BLACK
6
CONTINUOUS
10
4.5983464566929131
20
-5.6267294881889764
11
4.602986496062992
21
-5.6267294881889764
0
LINE
8
BLACK
6
CONTINUOUS
10
4.602986496062992
20
-5.6267294881889764
11
4.6036824803149603
21
-5.6270177559055119
0
LINE
8
BLACK
6
CONTINUOUS
10
4.6036824803149603
20
-5.6270177559055119
11
4.6039707480314958
21
-5.6277137401574802
0
LINE
8
BLACK
6
CONTINUOUS
10
4.6039707480314958
20
-5.6277137401574802
11
4.6036824803149603
21
-5.6284097244094484
0
LINE
8
BLACK
6
CONTINUOUS
10
4.6036824803149603
20
-5.6284097244094484
11
4.602986496062992
21
-5.6286979921259839
0
LINE
8
BLACK
6
CONTINUOUS
10
4.602986496062992
20
-5.6286979921259839
11
4.5973622047244094
21
-5.6286979921259839
0
LINE
8
BLACK
6
CONTINUOUS
10
4.5973622047244094
20
-5.6286979921259839
11
4.5917379133858267
21
-5.6286979921259839
0
LINE
8
BLACK
6
CONTINUOUS
10
4.5917379133858267
20
-5.6286979921259839
11
4.5910419291338584
21
-5.6284097244094484
0
LINE
8
BLACK
6
CONTINUOUS
10
4.5910419291338584
20
-5.6284097244094484
11
4.590753661417323
21
-5.6277137401574802
0
LINE
8
BLACK
6
CONTINUOUS
10
4.590753661417323
20
-5.6277137401574802
11
4.5910419291338584
21
-5.6270177559055119
0
LINE
8
BLACK
6
CONTINUOUS
10
4.5910419291338584
20
-5.6270177559055119
11
4.5917379133858267
21
-5.6267294881889764
0
LINE
8
BLACK
6
CONTINUOUS
10
4.5917379133858267
20
-5.6267294881889764
11
4.5963779527559057
21
-5.6267294881889764
0
LINE
8
BLACK
6
CONTINUOUS
10
4.5963779527559057
20
-5.6267294881889764
11
4.5963779527559057
21
-5.6112794094488185
0
LINE
8
BLACK
6
CONTINUOUS
10
4.5963779527559057
20
-5.6112794094488185
11
4.5963063779527555
21
-5.611386811023622
0
LINE
8
BLACK
6
CONTINUOUS
10
4.5963063779527555
20
-5.611386811023622
11
4.5962221653543303
21
-5.6114431889763781
0
LINE
8
BLACK
6
CONTINUOUS
10
4.5962221653543303
20
-5.6114431889763781
11
4.5961833858267713
21
-5.6115368503937004
0
LINE
8
BLACK
6
CONTINUOUS
10
4.5961833858267713
20
-5.6115368503937004
11
4.5943086614173225
21
-5.613411614173228
0
LINE
8
BLACK
6
CONTINUOUS
10
4.5943086614173225
20
-5.613411614173228
11
4.5941589370078741
21
-5.6134735826771651
0
LINE
8
BLACK
6
CONTINUOUS
10
4.5941589370078741
20
-5.6134735826771651
11
4.5940528346456695
21
-5.613595984251968
0
LINE
8
BLACK
6
CONTINUOUS
10
4.5940528346456695
20
-5.613595984251968
11
4.5921780708661419
21
-5.6145333464566924
0
LINE
8
BLACK
6
CONTINUOUS
10
4.5921780708661419
20
-5.6145333464566924
11
4.5914266535433068
21
-5.6145867322834642
0
LINE
8
BLACK
6
CONTINUOUS
10
4.5914266535433068
20
-5.6145867322834642
11
4.5908575590551184
21
-5.6140931496062993
0
LINE
8
BLACK
6
CONTINUOUS
10
4.5908575590551184
20
-5.6140931496062993
11
4.5908041732283467
21
-5.6133417322834642
0
LINE
8
BLACK
6
CONTINUOUS
10
4.5908041732283467
20
-5.6133417322834642
11
4.5912977559055115
21
-5.6127726377952758
0
LINE
8
BLACK
6
CONTINUOUS
10
4.5912977559055115
20
-5.6127726377952758
11
4.593029645669291
21
-5.6119066535433069
0
LINE
8
BLACK
6
CONTINUOUS
10
4.593029645669291
20
-5.6119066535433069
11
4.5947225590551177
21
-5.6102137401574801
0
LINE
8
BLACK
6
CONTINUOUS
10
4.5947225590551177
20
-5.6102137401574801
11
4.5965432677165357
21
-5.6074827165354328
0
LINE
8
BLACK
6
CONTINUOUS
10
4.5965432677165357
20
-5.6074827165354328
11
4.5966274015748034
21
-5.6074263385826768
0
LINE
8
BLACK
6
CONTINUOUS
10
4.5966274015748034
20
-5.6074263385826768
11
4.5966662204724411
21
-5.6073327165354332
0
LINE
8
BLACK
6
CONTINUOUS
10
4.5966662204724411
20
-5.6073327165354332
11
4.5969309842519683
21
-5.6072230314960629
0
LINE
8
BLACK
6
CONTINUOUS
10
4.5969309842519683
20
-5.6072230314960629
11
4.5971691732283464
21
-5.6070635433070866
0
LINE
8
BLACK
6
CONTINUOUS
10
4.5971691732283464
20
-5.6070635433070866
11
4.5972685826771649
21
-5.6070831889763779
0
LINE
8
BLACK
6
CONTINUOUS
10
4.5972685826771649
20
-5.6070831889763779
11
4.5973622047244094
21
-5.6070444488188977
0
LINE
8
BLACK
6
CONTINUOUS
10
4.5973622047244094
20
-5.6070444488188977
11
4.5976270078740153
21
-5.6071540944881892
0
LINE
8
BLACK
6
CONTINUOUS
10
5.0976270078740153
20
-5.6071540944881892
11
5.097908188976378
21
-5.6072097637795277
0
LINE
8
BLACK
6
CONTINUOUS
10
5.097908188976378
20
-5.6072097637795277
11
5.0979645275590553
21
-5.6072938976377955
0
LINE
8
BLACK
6
CONTINUOUS
10
5.0979645275590553
20
-5.6072938976377955
11
5.0980581889763776
21
-5.6073327165354332
0
LINE
8
BLACK
6
CONTINUOUS
10
5.0980581889763776
20
-5.6073327165354332
11
5.0981678346456691
21
-5.6075974803149604
0
LINE
8
BLACK
6
CONTINUOUS
10
5.0981678346456691
20
-5.6075974803149604
11
5.0983273622047243
21
-5.6078356692913385
0
LINE
8
BLACK
6
CONTINUOUS
10
5.0983273622047243
20
-5.6078356692913385
11
5.0983076771653542
21
-5.607935078740157
0
LINE
8
BLACK
6
CONTINUOUS
10
5.0983076771653542
20
-5.607935078740157
11
5.0983464566929131
21
-5.6080287007874015
0
LINE
8
BLACK
6
CONTINUOUS
10
5.0983464566929131
20
-5.6080287007874015
11
5.0983464566929131
21
-5.6267294881889764
0
LINE
8
BLACK
6
CONTINUOUS
10
5.0983464566929131
20
-5.6267294881889764
11
5.102986496062992
21
-5.6267294881889764
0
LINE
8
BLACK
6
CONTINUOUS
10
5.102986496062992
20
-5.6267294881889764
11
5.1036824803149603
21
-5.6270177559055119
0
LINE
8
BLACK
6
CONTINUOUS
10
5.1036824803149603
20
-5.6270177559055119
11
5.1039707480314958
21
-5.6277137401574802
0
LINE
8
BLACK
6
CONTINUOUS
10
5.1039707480314958
20
-5.6277137401574802
11
5.1036824803149603
21
-5.6284097244094484
0
LINE
8
BLACK
6
CONTINUOUS
10
5.1036824803149603
20
-5.6284097244094484
11
5.102986496062992
21
-5.6286979921259839
0
LINE
8
BLACK
6
CONTINUOUS
10
5.102986496062992
20
-5.6286979921259839
11
5.0973622047244094
21
-5.6286979921259839
0
LINE
8
BLACK
6
CONTINUOUS
10
5.0973622047244094
20
-5.6286979921259839
11
5.0917379133858267
21
-5.6286979921259839
0
LINE
8
BLACK
6
CONTINUOUS
10
5.0917379133858267
20
-5.6286979921259839
11
5.0910419291338584
21
-5.6284097244094484
0
LINE
8
BLACK
6
CONTINUOUS
10
5.0910419291338584
20
-5.6284097244094484
11
5.090753661417323
21
-5.6277137401574802
0
LINE
8
BLACK
6
CONTINUOUS
10
5.090753661417323
20
-5.6277137401574802
11
5.0910419291338584
21
-5.6270177559055119
0
LINE
8
BLACK
6
CONTINUOUS
10
5.0910419291338584
20
-5.6270177559055119
11
5.0917379133858267
21
-5.6267294881889764
0
LINE
8
BLACK
6
CONTINUOUS
10
5.0917379133858267
20
-5.6267294881889764
11
5.0963779527559057
21
-5.6267294881889764
0
LINE
8
BLACK
6
CONTINUOUS
10
5.0963779527559057
20
-5.6267294881889764
11
5.0963779527559057
21
-5.6112794094488185
0
LINE
8
BLACK
6
CONTINUOUS
10
5.0963779527559057
20
-5.6112794094488185
11
5.0963063779527555
21
-5.611386811023622
0
LINE
8
BLACK
6
CONTINUOUS
10
5.0963063779527555
20
-5.611386811023622
11
5.0962221653543303
21
-5.6114431889763781
0
LINE
8
BLACK
6
CONTINUOUS
10
5.0962221653543303
20
-5.6114431889763781
11
5.0961833858267713
21
-5.6115368503937004
0
LINE
8
BLACK
6
CONTINUOUS
10
5.0961833858267713
20
-5.6115368503937004
11
5.0943086614173225
21
-5.613411614173228
0
LINE
8
BLACK
6
CONTINUOUS
10
5.0943086614173225
20
-5.613411614173228
11
5.0941589370078741
21
-5.6134735826771651
0
LINE
8
BLACK
6
CONTINUOUS
10
5.0941589370078741
20
-5.6134735826771651
11
5.0940528346456695
21
-5.613595984251968
0
LINE
8
BLACK
6
CONTINUOUS
10
5.0940528346456695
20
-5.613595984251968
11
5.0921780708661419
21
-5.6145333464566924
0
LINE
8
BLACK
6
CONTINUOUS
10
5.0921780708661419
20
-5.6145333464566924
11
5.0914266535433068
21
-5.6145867322834642
0
LINE
8
BLACK
6
CONTINUOUS
10
5.0914266535433068
20
-5.6145867322834642
11
5.0908575590551184
21
-5.6140931496062993
0
LINE
8
BLACK
6
CONTINUOUS
10
5.0908575590551184
20
-5.6140931496062993
11
5.0908041732283467
21
-5.6133417322834642
0
LINE
8
BLACK
6
CONTINUOUS
10
5.0908041732283467
20
-5.6133417322834642
11
5.0912977559055115
21
-5.6127726377952758
0
LINE
8
BLACK
6
CONTINUOUS
10
5.0912977559055115
20
-5.6127726377952758
11
5.093029645669291
21
-5.6119066535433069
0
LINE
8
BLACK
6
CONTINUOUS
10
5.093029645669291
20
-5.6119066535433069
11
5.0947225590551177
21
-5.6102137401574801
0
LINE
8
BLACK
6
CONTINUOUS
10
5.0947225590551177
20
-5.6102137401574801
11
5.0965432677165357
21
-5.6074827165354328
0
LINE
8
BLACK
6
CONTINUOUS
10
5.0965432677165357
20
-5.6074827165354328
11
5.0966274015748034
21
-5.6074263385826768
0
LINE
8
BLACK
6
CONTINUOUS
10
5.0966274015748034
20
-5.6074263385826768
11
5.0966662204724411
21
-5.6073327165354332
0
LINE
8
BLACK
6
CONTINUOUS
10
5.0966662204724411
20
-5.6073327165354332
11
5.0969309842519683
21
-5.6072230314960629
0
LINE
8
BLACK
6
CONTINUOUS
10
5.0969309842519683
20
-5.6072230314960629
11
5.0971691732283464
21
-5.6070635433070866
0
LINE
8
BLACK
6
CONTINUOUS
10
5.0971691732283464
20
-5.6070635433070866
11
5.0972685826771649
21
-5.6070831889763779
0
LINE
8
BLACK
6
CONTINUOUS
10
5.0972685826771649
20
-5.6070831889763779
11
5.0973622047244094
21
-5.6070444488188977
0
LINE
8
BLACK
6
CONTINUOUS
10
5.0973622047244094
20
-5.6070444488188977
11
5.0976270078740153
21
-5.6071540944881892
0
LINE
8
BLACK
6
CONTINUOUS
10
5.3476270078740153
20
-5.6071540944881892
11
5.347908188976378
21
-5.6072097637795277
0
LINE
8
BLACK
6
CONTINUOUS
10
5.347908188976378
20
-5.6072097637795277
11
5.3479645275590553
21
-5.6072938976377955
0
LINE
8
BLACK
6
CONTINUOUS
10
5.3479645275590553
20
-5.6072938976377955
11
5.3480581889763776
21
-5.6073327165354332
0
LINE
8
BLACK
6
CONTINUOUS
10
5.3480581889763776
20
-5.6073327165354332
11
5.3481678346456691
21
-5.6075974803149604
0
LINE
8
BLACK
6
CONTINUOUS
10
5.3481678346456691
20
-5.6075974803149604
11
5.3483273622047243
21
-5.6078356692913385
0
LINE
8
BLACK
6
CONTINUOUS
10
5.3483273622047243
20
-5.6078356692913385
11
5.3483076771653542
21
-5.607935078740157
0
LINE
8
BLACK
6
CONTINUOUS
10
5.3483076771653542
20
-5.607935078740157
11
5.3483464566929131
21
-5.6080287007874015
0
LINE
8
BLACK
6
CONTINUOUS
10
5.3483464566929131
20
-5.6080287007874015
11
5.3483464566929131
21
-5.6267294881889764
0
LINE
8
BLACK
6
CONTINUOUS
10
5.3483464566929131
20
-5.6267294881889764
11
5.352986496062992
21
-5.6267294881889764
0
LINE
8
BLACK
6
CONTINUOUS
10
5.352986496062992
20
-5.6267294881889764
11
5.3536824803149603
21
-5.6270177559055119
0
LINE
8
BLACK
6
CONTINUOUS
10
5.3536824803149603
20
-5.6270177559055119
11
5.3539707480314958
21
-5.6277137401574802
0
LINE
8
BLACK
6
CONTINUOUS
10
5.3539707480314958
20
-5.6277137401574802
11
5.3536824803149603
21
-5.6284097244094484
0
LINE
8
BLACK
6
CONTINUOUS
10
5.3536824803149603
20
-5.6284097244094484
11
5.352986496062992
21
-5.6286979921259839
0
LINE
8
BLACK
6
CONTINUOUS
10
5.352986496062992
20
-5.6286979921259839
11
5.3473622047244094
21
-5.6286979921259839
0
LINE
8
BLACK
6
CONTINUOUS
10
5.3473622047244094
20
-5.6286979921259839
11
5.3417379133858267
21
-5.6286979921259839
0
LINE
8
BLACK
6
CONTINUOUS
10
5.3417379133858267
20
-5.6286979921259839
11
5.3410419291338584
21
-5.6284097244094484
0
LINE
8
BLACK
6
CONTINUOUS
10
5.3410419291338584
20
-5.6284097244094484
11
5.340753661417323
21
-5.6277137401574802
0
LINE
8
BLACK
6
CONTINUOUS
10
5.340753661417323
20
-5.6277137401574802
11
5.3410419291338584
21
-5.6270177559055119
0
LINE
8
BLACK
6
CONTINUOUS
10
5.3410419291338584
20
-5.6270177559055119
11
5.3417379133858267
21
-5.6267294881889764
0
LINE
8
BLACK
6
CONTINUOUS
10
5.3417379133858267
20
-5.6267294881889764
11
5.3463779527559057
21
-5.6267294881889764
0
LINE
8
BLACK
6
CONTINUOUS
10
5.3463779527559057
20
-5.6267294881889764
11
5.3463779527559057
21
-5.6112794094488185
0
LINE
8
BLACK
6
CONTINUOUS
10
5.3463779527559057
20
-5.6112794094488185
11
5.3463063779527555
21
-5.611386811023622
0
LINE
8
BLACK
6
CONTINUOUS
10
5.3463063779527555
20
-5.611386811023622
11
5.3462221653543303
21
-5.6114431889763781
0
LINE
8
BLACK
6
CONTINUOUS
10
5.3462221653543303
20
-5.6114431889763781
11
5.3461833858267713
21
-5.6115368503937004
0
LINE
8
BLACK
6
CONTINUOUS
10
5.3461833858267713
20
-5.6115368503937004
11
5.3443086614173225
21
-5.613411614173228
0
LINE
8
BLACK
6
CONTINUOUS
10
5.3443086614173225
20
-5.613411614173228
11
5.3441589370078741
21
-5.6134735826771651
0
LINE
8
BLACK
6
CONTINUOUS
10
5.3441589370078741
20
-5.6134735826771651
11
5.3440528346456695
21
-5.613595984251968
0
LINE
8
BLACK
6
CONTINUOUS
10
5.3440528346456695
20
-5.613595984251968
11
5.3421780708661419
21
-5.6145333464566924
0
LINE
8
BLACK
6
CONTINUOUS
10
5.3421780708661419
20
-5.6145333464566924
11
5.3414266535433068
21
-5.6145867322834642
0
LINE
8
BLACK
6
CONTINUOUS
10
5.3414266535433068
20
-5.6145867322834642
11
5.3408575590551184
21
-5.6140931496062993
0
LINE
8
BLACK
6
CONTINUOUS
10
5.3408575590551184
20
-5.6140931496062993
11
5.3408041732283467
21
-5.6133417322834642
0
LINE
8
BLACK
6
CONTINUOUS
10
5.3408041732283467
20
-5.6133417322834642
11
5.3412977559055115
21
-5.6127726377952758
0
LINE
8
BLACK
6
CONTINUOUS
10
5.3412977559055115
20
-5.6127726377952758
11
5.343029645669291
21
-5.6119066535433069
0
LINE
8
BLACK
6
CONTINUOUS
10
5.343029645669291
20
-5.6119066535433069
11
5.3447225590551177
21
-5.6102137401574801
0
LINE
8
BLACK
6
CONTINUOUS
10
5.3447225590551177
20
-5.6102137401574801
11
5.3465432677165357
21
-5.6074827165354328
0
LINE
8
BLACK
6
CONTINUOUS
10
5.3465432677165357
20
-5.6074827165354328
11
5.3466274015748034
21
-5.6074263385826768
0
LINE
8
BLACK
6
CONTINUOUS
10
5.3466274015748034
20
-5.6074263385826768
11
5.3466662204724411
21
-5.6073327165354332
0
LINE
8
BLACK
6
CONTINUOUS
10
5.3466662204724411
20
-5.6073327165354332
11
5.3469309842519683
21
-5.6072230314960629
0
LINE
8
BLACK
6
CONTINUOUS
10
5.3469309842519683
20
-5.6072230314960629
11
5.3471691732283464
21
-5.6070635433070866
0
LINE
8
BLACK
6
CONTINUOUS
10
5.3471691732283464
20
-5.6070635433070866
11
5.3472685826771649
21
-5.6070831889763779
0
LINE
8
BLACK
6
CONTINUOUS
10
5.3472685826771649
20
-5.6070831889763779
11
5.3473622047244094
21
-5.6070444488188977
0
LINE
8
BLACK
6
CONTINUOUS
10
5.3473622047244094
20
-5.6070444488188977
11
5.3476270078740153
21
-5.6071540944881892
0
LINE
8
BLACK
6
CONTINUOUS
10
5.5976270078740153
20
-5.6071540944881892
11
5.597908188976378
21
-5.6072097637795277
0
LINE
8
BLACK
6
CONTINUOUS
10
5.597908188976378
20
-5.6072097637795277
11
5.5979645275590553
21
-5.6072938976377955
0
LINE
8
BLACK
6
CONTINUOUS
10
5.5979645275590553
20
-5.6072938976377955
11
5.5980581889763776
21
-5.6073327165354332
0
LINE
8
BLACK
6
CONTINUOUS
10
5.5980581889763776
20
-5.6073327165354332
11
5.5981678346456691
21
-5.6075974803149604
0
LINE
8
BLACK
6
CONTINUOUS
10
5.5981678346456691
20
-5.6075974803149604
11
5.5983273622047243
21
-5.6078356692913385
0
LINE
8
BLACK
6
CONTINUOUS
10
5.5983273622047243
20
-5.6078356692913385
11
5.5983076771653542
21
-5.607935078740157
0
LINE
8
BLACK
6
CONTINUOUS
10
5.5983076771653542
20
-5.607935078740157
11
5.5983464566929131
21
-5.6080287007874015
0
LINE
8
BLACK
6
CONTINUOUS
10
5.5983464566929131
20
-5.6080287007874015
11
5.5983464566929131
21
-5.6267294881889764
0
LINE
8
BLACK
6
CONTINUOUS
10
5.5983464566929131
20
-5.6267294881889764
11
5.602986496062992
21
-5.6267294881889764
0
LINE
8
BLACK
6
CONTINUOUS
10
5.602986496062992
20
-5.6267294881889764
11
5.6036824803149603
21
-5.6270177559055119
0
LINE
8
BLACK
6
CONTINUOUS
10
5.6036824803149603
20
-5.6270177559055119
11
5.6039707480314958
21
-5.6277137401574802
0
LINE
8
BLACK
6
CONTINUOUS
10
5.6039707480314958
20
-5.6277137401574802
11
5.6036824803149603
21
-5.6284097244094484
0
LINE
8
BLACK
6
CONTINUOUS
10
5.6036824803149603
20
-5.6284097244094484
11
5.602986496062992
21
-5.6286979921259839
0
LINE
8
BLACK
6
CONTINUOUS
10
5.602986496062992
20
-5.6286979921259839
11
5.5973622047244094
21
-5.6286979921259839
0
LINE
8
BLACK
6
CONTINUOUS
10
5.5973622047244094
20
-5.6286979921259839
11
5.5917379133858267
21
-5.6286979921259839
0
LINE
8
BLACK
6
CONTINUOUS
10
5.5917379133858267
20
-5.6286979921259839
11
5.5910419291338584
21
-5.6284097244094484
0
LINE
8
BLACK
6
CONTINUOUS
10
5.5910419291338584
20
-5.6284097244094484
11
5.590753661417323
21
-5.6277137401574802
0
LINE
8
BLACK
6
CONTINUOUS
10
5.590753661417323
20
-5.6277137401574802
11
5.5910419291338584
21
-5.6270177559055119
0
LINE
8
BLACK
6
CONTINUOUS
10
5.5910419291338584
20
-5.6270177559055119
11
5.5917379133858267
21
-5.6267294881889764
0
LINE
8
BLACK
6
CONTINUOUS
10
5.5917379133858267
20
-5.6267294881889764
11
5.5963779527559057
21
-5.6267294881889764
0
LINE
8
BLACK
6
CONTINUOUS
10
5.5963779527559057
20
-5.6267294881889764
11
5.5963779527559057
21
-5.6112794094488185
0
LINE
8
BLACK
6
CONTINUOUS
10
5.5963779527559057
20
-5.6112794094488185
11
5.5963063779527555
21
-5.611386811023622
0
LINE
8
BLACK
6
CONTINUOUS
10
5.5963063779527555
20
-5.611386811023622
11
5.5962221653543303
21
-5.6114431889763781
0
LINE
8
BLACK
6
CONTINUOUS
10
5.5962221653543303
20
-5.6114431889763781
11
5.5961833858267713
21
-5.6115368503937004
0
LINE
8
BLACK
6
CONTINUOUS
10
5.5961833858267713
20
-5.6115368503937004
11
5.5943086614173225
21
-5.613411614173228
0
LINE
8
BLACK
6
CONTINUOUS
10
5.5943086614173225
20
-5.613411614173228
11
5.5941589370078741
21
-5.6134735826771651
0
LINE
8
BLACK
6
CONTINUOUS
10
5.5941589370078741
20
-5.6134735826771651
11
5.5940528346456695
21
-5.613595984251968
0
LINE
8
BLACK
6
CONTINUOUS
10
5.5940528346456695
20
-5.613595984251968
11
5.5921780708661419
21
-5.6145333464566924
0
LINE
8
BLACK
6
CONTINUOUS
10
5.5921780708661419
20
-5.6145333464566924
11
5.5914266535433068
21
-5.6145867322834642
0
LINE
8
BLACK
6
CONTINUOUS
10
5.5914266535433068
20
-5.6145867322834642
11
5.5908575590551184
21
-5.6140931496062993
0
LINE
8
BLACK
6
CONTINUOUS
10
5.5908575590551184
20
-5.6140931496062993
11
5.5908041732283467
21
-5.6133417322834642
0
LINE
8
BLACK
6
CONTINUOUS
10
5.5908041732283467
20
-5.6133417322834642
11
5.5912977559055115
21
-5.6127726377952758
0
LINE
8
BLACK
6
CONTINUOUS
10
5.5912977559055115
20
-5.6127726377952758
11
5.593029645669291
21
-5.6119066535433069
0
LINE
8
BLACK
6
CONTINUOUS
10
5.593029645669291
20
-5.6119066535433069
11
5.5947225590551177
21
-5.6102137401574801
0
LINE
8
BLACK
6
CONTINUOUS
10
5.5947225590551177
20
-5.6102137401574801
11
5.5965432677165357
21
-5.6074827165354328
0
LINE
8
BLACK
6
CONTINUOUS
10
5.5965432677165357
20
-5.6074827165354328
11
5.5966274015748034
21
-5.6074263385826768
0
LINE
8
BLACK
6
CONTINUOUS
10
5.5966274015748034
20
-5.6074263385826768
11
5.5966662204724411
21
-5.6073327165354332
0
LINE
8
BLACK
6
CONTINUOUS
10
5.5966662204724411
20
-5.6073327165354332
11
5.5969309842519683
21
-5.6072230314960629
0
LINE
8
BLACK
6
CONTINUOUS
10
5.5969309842519683
20
-5.6072230314960629
11
5.5971691732283464
21
-5.6070635433070866
0
LINE
8
BLACK
6
CONTINUOUS
10
5.5971691732283464
20
-5.6070635433070866
11
5.5972685826771649
21
-5.6070831889763779
0
LINE
8
BLACK
6
CONTINUOUS
10
5.5972685826771649
20
-5.6070831889763779
11
5.5973622047244094
21
-5.6070444488188977
0
LINE
8
BLACK
6
CONTINUOUS
10
5.5973622047244094
20
-5.6070444488188977
11
5.5976270078740153
21
-5.6071540944881892
0
LINE
8
BLACK
6
CONTINUOUS
10
4.8964149212598427
20
-5.4681197244094486
11
4.8964792913385828
21
-5.4681179921259844
0
LINE
8
BLACK
6
CONTINUOUS
10
4.8964792913385828
20
-5.4681179921259844
11
4.9049157480314962
21
-5.4709301574803151
0
LINE
8
BLACK
6
CONTINUOUS
10
4.9049157480314962
20
-5.4709301574803151
11
4.9058175196850389
21
-5.4714184251968501
0
LINE
8
BLACK
6
CONTINUOUS
10
4.9058175196850389
20
-5.4714184251968501
11
4.9068748031496066
21
-5.4731394094488186
0
LINE
8
BLACK
6
CONTINUOUS
10
4.9068748031496066
20
-5.4731394094488186
11
4.9065785433070861
21
-5.4751374015748029
0
LINE
8
BLACK
6
CONTINUOUS
10
4.9065785433070861
20
-5.4751374015748029
11
4.9050672834645672
21
-5.4764774409448815
0
LINE
8
BLACK
6
CONTINUOUS
10
4.9050672834645672
20
-5.4764774409448815
11
4.9030482283464565
21
-5.4765325984251971
0
LINE
8
BLACK
6
CONTINUOUS
10
4.9030482283464565
20
-5.4765325984251971
11
4.8950664173228349
21
-5.4738719685039365
0
LINE
8
BLACK
6
CONTINUOUS
10
4.8950664173228349
20
-5.4738719685039365
11
4.8821818503937005
21
-5.4738719685039365
0
LINE
8
BLACK
6
CONTINUOUS
10
4.8821818503937005
20
-5.4738719685039365
11
4.8776095669291335
21
-5.47615811023622
0
LINE
8
BLACK
6
CONTINUOUS
10
4.8776095669291335
20
-5.47615811023622
11
4.8754750393700785
21
-5.4782925984251971
0
LINE
8
BLACK
6
CONTINUOUS
10
4.8754750393700785
20
-5.4782925984251971
11
4.8731889763779526
21
-5.4828648031496066
0
LINE
8
BLACK
6
CONTINUOUS
10
4.8731889763779526
20
-5.4828648031496066
11
4.8731889763779526
21
-5.4870950787401576
0
LINE
8
BLACK
6
CONTINUOUS
10
4.8731889763779526
20
-5.4870950787401576
11
4.8754750393700785
21
-5.491667283464567
0
LINE
8
BLACK
6
CONTINUOUS
10
4.8754750393700785
20
-5.491667283464567
11
4.8776095669291335
21
-5.4938017716535432
0
LINE
8
BLACK
6
CONTINUOUS
10
4.8776095669291335
20
-5.4938017716535432
11
4.8825153543307085
21
-5.4962546850393696
0
LINE
8
BLACK
6
CONTINUOUS
10
4.8825153543307085
20
-5.4962546850393696
11
4.8934495275590546
21
-5.4989882283464562
0
LINE
8
BLACK
6
CONTINUOUS
10
4.8934495275590546
20
-5.4989882283464562
11
4.893914960629921
21
-5.4991957874015744
0
LINE
8
BLACK
6
CONTINUOUS
10
4.893914960629921
20
-5.4991957874015744
11
4.8940538976377947
21
-5.4992118110236223
0
LINE
8
BLACK
6
CONTINUOUS
10
4.8940538976377947
20
-5.4992118110236223
11
4.8996782283464562
21
-5.502023976377953
0
LINE
8
BLACK
6
CONTINUOUS
10
4.8996782283464562
20
-5.502023976377953
11
4.9003872834645668
21
-5.5025498425196853
0
LINE
8
BLACK
6
CONTINUOUS
10
4.9003872834645668
20
-5.5025498425196853
11
4.9004456299212595
21
-5.5025770866141732
0
LINE
8
BLACK
6
CONTINUOUS
10
4.9004456299212595
20
-5.5025770866141732
11
4.9032577559055115
21
-5.5053892519685039
0
LINE
8
BLACK
6
CONTINUOUS
10
4.9032577559055115
20
-5.5053892519685039
11
4.9037641338582674
21
-5.5061124015748026
0
LINE
8
BLACK
6
CONTINUOUS
10
4.9037641338582674
20
-5.5061124015748026
11
4.9038108661417326
21
-5.5061566535433073
0
LINE
8
BLACK
6
CONTINUOUS
10
4.9038108661417326
20
-5.5061566535433073
11
4.9066230314960633
21
-5.51178094488189
0
LINE
8
BLACK
6
CONTINUOUS
10
4.9066230314960633
20
-5.51178094488189
11
4.9069153937007872
21
-5.5127638582677161
0
LINE
8
BLACK
6
CONTINUOUS
10
4.9069153937007872
20
-5.5127638582677161
11
4.9068743700787403
21
-5.5129355511811022
0
LINE
8
BLACK
6
CONTINUOUS
10
4.9068743700787403
20
-5.5129355511811022
11
4.9069347637795273
21
-5.5131014566929135
0
LINE
8
BLACK
6
CONTINUOUS
10
4.9069347637795273
20
-5.5131014566929135
11
4.9069347637795273
21
-5.5187257480314962
0
LINE
8
BLACK
6
CONTINUOUS
10
4.9069347637795273
20
-5.5187257480314962
11
4.9067566929133859
21
-5.5197356692913386
0
LINE
8
BLACK
6
CONTINUOUS
10
4.9067566929133859
20
-5.5197356692913386
11
4.9066431889763775
21
-5.5198709055118105
0
LINE
8
BLACK
6
CONTINUOUS
10
4.9066431889763775
20
-5.5198709055118105
11
4.9066230314960633
21
-5.5200462598425197
0
LINE
8
BLACK
6
CONTINUOUS
10
4.9066230314960633
20
-5.5200462598425197
11
4.9038108661417326
21
-5.5256705511811024
0
LINE
8
BLACK
6
CONTINUOUS
10
4.9038108661417326
20
-5.5256705511811024
11
4.9032849999999994
21
-5.5263794881889758
0
LINE
8
BLACK
6
CONTINUOUS
10
4.9032849999999994
20
-5.5263794881889758
11
4.9032577559055115
21
-5.5264379527559058
0
LINE
8
BLACK
6
CONTINUOUS
10
4.9032577559055115
20
-5.5264379527559058
11
4.9004456299212595
21
-5.5292501181102365
0
LINE
8
BLACK
6
CONTINUOUS
10
4.9004456299212595
20
-5.5292501181102365
11
4.8997224803149608
21
-5.5297564566929136
0
LINE
8
BLACK
6
CONTINUOUS
10
4.8997224803149608
20
-5.5297564566929136
11
4.8996782283464562
21
-5.5298032283464567
0
LINE
8
BLACK
6
CONTINUOUS
10
4.8996782283464562
20
-5.5298032283464567
11
4.8940538976377947
21
-5.5326153543307086
0
LINE
8
BLACK
6
CONTINUOUS
10
4.8940538976377947
20
-5.5326153543307086
11
4.8930709448818899
21
-5.5329077559055113
0
LINE
8
BLACK
6
CONTINUOUS
10
4.8930709448818899
20
-5.5329077559055113
11
4.892899212598425
21
-5.5328666929133856
0
LINE
8
BLACK
6
CONTINUOUS
10
4.892899212598425
20
-5.5328666929133856
11
4.8927333858267712
21
-5.5329270866141735
0
LINE
8
BLACK
6
CONTINUOUS
10
4.8927333858267712
20
-5.5329270866141735
11
4.8786726771653539
21
-5.5329270866141735
0
LINE
8
BLACK
6
CONTINUOUS
10
4.8786726771653539
20
-5.5329270866141735
11
4.8778032677165353
21
-5.5327737795275587
0
LINE
8
BLACK
6
CONTINUOUS
10
4.8778032677165353
20
-5.5327737795275587
11
4.8777389370078739
21
-5.5327755511811025
0
LINE
8
BLACK
6
CONTINUOUS
10
4.8777389370078739
20
-5.5327755511811025
11
4.8693024803149605
21
-5.5299634251968506
0
LINE
8
BLACK
6
CONTINUOUS
10
4.8693024803149605
20
-5.5299634251968506
11
4.8684007086614169
21
-5.5294751574803147
0
LINE
8
BLACK
6
CONTINUOUS
10
4.8684007086614169
20
-5.5294751574803147
11
4.8673434251968501
21
-5.5277541732283462
0
LINE
8
BLACK
6
CONTINUOUS
10
4.8673434251968501
20
-5.5277541732283462
11
4.8676396850393697
21
-5.5257562204724406
0
LINE
8
BLACK
6
CONTINUOUS
10
4.8676396850393697
20
-5.5257562204724406
11
4.8691509055118107
21
-5.5244161417322832
0
LINE
8
BLACK
6
CONTINUOUS
10
4.8691509055118107
20
-5.5244161417322832
11
4.8711699606299215
21
-5.5243609842519685
0
LINE
8
BLACK
6
CONTINUOUS
10
4.8711699606299215
20
-5.5243609842519685
11
4.8791518110236218
21
-5.5270215748031495
0
LINE
8
BLACK
6
CONTINUOUS
10
4.8791518110236218
20
-5.5270215748031495
11
4.8920363385826766
21
-5.5270215748031495
0
LINE
8
BLACK
6
CONTINUOUS
10
4.8920363385826766
20
-5.5270215748031495
11
4.8966085433070861
21
-5.5247354724409448
0
LINE
8
BLACK
6
CONTINUOUS
10
4.8966085433070861
20
-5.5247354724409448
11
4.8987430708661419
21
-5.5226009448818898
0
LINE
8
BLACK
6
CONTINUOUS
10
4.8987430708661419
20
-5.5226009448818898
11
4.9010292519685041
21
-5.5180286614173228
0
LINE
8
BLACK
6
CONTINUOUS
10
4.9010292519685041
20
-5.5180286614173228
11
4.9010292519685041
21
-5.5137985039370081
0
LINE
8
BLACK
6
CONTINUOUS
10
4.9010292519685041
20
-5.5137985039370081
11
4.8987430708661419
21
-5.5092262204724411
0
LINE
8
BLACK
6
CONTINUOUS
10
4.8987430708661419
20
-5.5092262204724411
11
4.8966085826771648
21
-5.5070916929133853
0
LINE
8
BLACK
6
CONTINUOUS
10
4.8966085826771648
20
-5.5070916929133853
11
4.8917028346456695
21
-5.5046388188976376
0
LINE
8
BLACK
6
CONTINUOUS
10
4.8917028346456695
20
-5.5046388188976376
11
4.8807686614173225
21
-5.5019053149606298
0
LINE
8
BLACK
6
CONTINUOUS
10
4.8807686614173225
20
-5.5019053149606298
11
4.8803031889763782
21
-5.5016977165354328
0
LINE
8
BLACK
6
CONTINUOUS
10
4.8803031889763782
20
-5.5016977165354328
11
4.8801642913385823
21
-5.5016817322834646
0
LINE
8
BLACK
6
CONTINUOUS
10
4.8801642913385823
20
-5.5016817322834646
11
4.8745399999999997
21
-5.4988695669291339
0
LINE
8
BLACK
6
CONTINUOUS
10
4.8745399999999997
20
-5.4988695669291339
11
4.8738310236220475
21
-5.4983437007874016
0
LINE
8
BLACK
6
CONTINUOUS
10
4.8738310236220475
20
-5.4983437007874016
11
4.8737725984251972
21
-5.4983164566929137
0
LINE
8
BLACK
6
CONTINUOUS
10
4.8737725984251972
20
-5.4983164566929137
11
4.8709604330708665
21
-5.4955043307086617
0
LINE
8
BLACK
6
CONTINUOUS
10
4.8709604330708665
20
-5.4955043307086617
11
4.8704540551181097
21
-5.4947811811023621
0
LINE
8
BLACK
6
CONTINUOUS
10
4.8704540551181097
20
-5.4947811811023621
11
4.8704073228346454
21
-5.4947369291338584
0
LINE
8
BLACK
6
CONTINUOUS
10
4.8704073228346454
20
-5.4947369291338584
11
4.8675951968503934
21
-5.4891126377952757
0
LINE
8
BLACK
6
CONTINUOUS
10
4.8675951968503934
20
-5.4891126377952757
11
4.8673028346456695
21
-5.4881296850393699
0
LINE
8
BLACK
6
CONTINUOUS
10
4.8673028346456695
20
-5.4881296850393699
11
4.8673438188976377
21
-5.4879579921259838
0
LINE
8
BLACK
6
CONTINUOUS
10
4.8673438188976377
20
-5.4879579921259838
11
4.8672834645669294
21
-5.4877921259842521
0
LINE
8
BLACK
6
CONTINUOUS
10
4.8672834645669294
20
-5.4877921259842521
11
4.8672834645669294
21
-5.4821677952755907
0
LINE
8
BLACK
6
CONTINUOUS
10
4.8672834645669294
20
-5.4821677952755907
11
4.8674615354330708
21
-5.4811578740157483
0
LINE
8
BLACK
6
CONTINUOUS
10
4.8674615354330708
20
-5.4811578740157483
11
4.8675749999999995
21
-5.4810225984251968
0
LINE
8
BLACK
6
CONTINUOUS
10
4.8675749999999995
20
-5.4810225984251968
11
4.8675951968503934
21
-5.4808472834645672
0
LINE
8
BLACK
6
CONTINUOUS
10
4.8675951968503934
20
-5.4808472834645672
11
4.8704073228346454
21
-5.4752229921259845
0
LINE
8
BLACK
6
CONTINUOUS
10
4.8704073228346454
20
-5.4752229921259845
11
4.8709331889763776
21
-5.4745138976377952
0
LINE
8
BLACK
6
CONTINUOUS
10
4.8709331889763776
20
-5.4745138976377952
11
4.8709604330708665
21
-5.4744555905511811
0
LINE
8
BLACK
6
CONTINUOUS
10
4.8709604330708665
20
-5.4744555905511811
11
4.8737725984251972
21
-5.4716434645669292
0
LINE
8
BLACK
6
CONTINUOUS
10
4.8737725984251972
20
-5.4716434645669292
11
4.8744957480314959
21
-5.4711370472440946
0
LINE
8
BLACK
6
CONTINUOUS
10
4.8744957480314959
20
-5.4711370472440946
11
4.8745399999999997
21
-5.4710903543307081
0
LINE
8
BLACK
6
CONTINUOUS
10
4.8745399999999997
20
-5.4710903543307081
11
4.8801642913385823
21
-5.4682781889763774
0
LINE
8
BLACK
6
CONTINUOUS
10
4.8801642913385823
20
-5.4682781889763774
11
4.8811472047244093
21
-5.4679858267716535
0
LINE
8
BLACK
6
CONTINUOUS
10
4.8811472047244093
20
-5.4679858267716535
11
4.8813188976377955
21
-5.4680268110236216
0
LINE
8
BLACK
6
CONTINUOUS
10
4.8813188976377955
20
-5.4680268110236216
11
4.8814848031496059
21
-5.4679664566929134
0
LINE
8
BLACK
6
CONTINUOUS
10
4.8814848031496059
20
-5.4679664566929134
11
4.8955455511811019
21
-5.4679664566929134
0
LINE
8
BLACK
6
CONTINUOUS
10
4.8955455511811019
20
-5.4679664566929134
11
4.8964149212598427
21
-5.4681197244094486
0
LINE
8
BLACK
6
CONTINUOUS
10
5.0371628740157481
20
-5.4681445275590548
11
5.03729811023622
21
-5.4682579921259844
0
LINE
8
BLACK
6
CONTINUOUS
10
5.03729811023622
20
-5.4682579921259844
11
5.0374734645669292
21
-5.4682781889763774
0
LINE
8
BLACK
6
CONTINUOUS
10
5.0374734645669292
20
-5.4682781889763774
11
5.0430977952755907
21
-5.4710903543307081
0
LINE
8
BLACK
6
CONTINUOUS
10
5.0430977952755907
20
-5.4710903543307081
11
5.0438068503937004
21
-5.47161625984252
0
LINE
8
BLACK
6
CONTINUOUS
10
5.0438068503937004
20
-5.47161625984252
11
5.043865196850394
21
-5.4716434645669292
0
LINE
8
BLACK
6
CONTINUOUS
10
5.043865196850394
20
-5.4716434645669292
11
5.046677322834646
21
-5.4744555905511811
0
LINE
8
BLACK
6
CONTINUOUS
10
5.046677322834646
20
-5.4744555905511811
11
5.0471835826771656
21
-5.4751786614173223
0
LINE
8
BLACK
6
CONTINUOUS
10
5.0471835826771656
20
-5.4751786614173223
11
5.0472304330708662
21
-5.4752229921259845
0
LINE
8
BLACK
6
CONTINUOUS
10
5.0472304330708662
20
-5.4752229921259845
11
5.0500425984251969
21
-5.4808472834645672
0
LINE
8
BLACK
6
CONTINUOUS
10
5.0500425984251969
20
-5.4808472834645672
11
5.0503349606299208
21
-5.4818301968503933
0
LINE
8
BLACK
6
CONTINUOUS
10
5.0503349606299208
20
-5.4818301968503933
11
5.0502939370078739
21
-5.4820018897637794
0
LINE
8
BLACK
6
CONTINUOUS
10
5.0502939370078739
20
-5.4820018897637794
11
5.0503543307086609
21
-5.4821677952755907
0
LINE
8
BLACK
6
CONTINUOUS
10
5.0503543307086609
20
-5.4821677952755907
11
5.0503543307086609
21
-5.4877921259842521
0
LINE
8
BLACK
6
CONTINUOUS
10
5.0503543307086609
20
-5.4877921259842521
11
5.0502010236220469
21
-5.488661496062992
0
LINE
8
BLACK
6
CONTINUOUS
10
5.0502010236220469
20
-5.488661496062992
11
5.0502027952755908
21
-5.4887259055118109
0
LINE
8
BLACK
6
CONTINUOUS
10
5.0502027952755908
20
-5.4887259055118109
11
5.0473906299212601
21
-5.4971622834645668
0
LINE
8
BLACK
6
CONTINUOUS
10
5.0473906299212601
20
-5.4971622834645668
11
5.0469023228346455
21
-5.4980640944881891
0
LINE
8
BLACK
6
CONTINUOUS
10
5.0469023228346455
20
-5.4980640944881891
11
5.0467518897637795
21
-5.4981564960629923
0
LINE
8
BLACK
6
CONTINUOUS
10
5.0467518897637795
20
-5.4981564960629923
11
5.046677322834646
21
-5.4983164566929137
0
LINE
8
BLACK
6
CONTINUOUS
10
5.046677322834646
20
-5.4983164566929137
11
5.0179722047244093
21
-5.5270215748031495
0
LINE
8
BLACK
6
CONTINUOUS
10
5.0179722047244093
20
-5.5270215748031495
11
5.0474015748031498
21
-5.5270215748031495
0
LINE
8
BLACK
6
CONTINUOUS
10
5.0474015748031498
20
-5.5270215748031495
11
5.0484114960629922
21
-5.5271996456692909
0
LINE
8
BLACK
6
CONTINUOUS
10
5.0484114960629922
20
-5.5271996456692909
11
5.0499587401574804
21
-5.5284979527559051
0
LINE
8
BLACK
6
CONTINUOUS
10
5.0499587401574804
20
-5.5284979527559051
11
5.0503094881889758
21
-5.5304870866141735
0
LINE
8
BLACK
6
CONTINUOUS
10
5.0503094881889758
20
-5.5304870866141735
11
5.0492995669291334
21
-5.5322362598425192
0
LINE
8
BLACK
6
CONTINUOUS
10
5.0492995669291334
20
-5.5322362598425192
11
5.0474015748031498
21
-5.5329270866141735
0
LINE
8
BLACK
6
CONTINUOUS
10
5.0474015748031498
20
-5.5329270866141735
11
5.0108436220472443
21
-5.5329270866141735
0
LINE
8
BLACK
6
CONTINUOUS
10
5.0108436220472443
20
-5.5329270866141735
11
5.010208858267716
21
-5.5328151574803153
0
LINE
8
BLACK
6
CONTINUOUS
10
5.010208858267716
20
-5.5328151574803153
11
5.010079409448819
21
-5.5328264960629916
0
LINE
8
BLACK
6
CONTINUOUS
10
5.010079409448819
20
-5.5328264960629916
11
5.0100141732283463
21
-5.5327808267716536
0
LINE
8
BLACK
6
CONTINUOUS
10
5.0100141732283463
20
-5.5327808267716536
11
5.0098337007874019
21
-5.5327490157480312
0
LINE
8
BLACK
6
CONTINUOUS
10
5.0098337007874019
20
-5.5327490157480312
11
5.0091528346456693
21
-5.5321777165354327
0
LINE
8
BLACK
6
CONTINUOUS
10
5.0091528346456693
20
-5.5321777165354327
11
5.0084248425196849
21
-5.5316679527559049
0
LINE
8
BLACK
6
CONTINUOUS
10
5.0084248425196849
20
-5.5316679527559049
11
5.0083898818897641
21
-5.5315374803149604
0
LINE
8
BLACK
6
CONTINUOUS
10
5.0083898818897641
20
-5.5315374803149604
11
5.0082864566929128
21
-5.5314507086614171
0
LINE
8
BLACK
6
CONTINUOUS
10
5.0082864566929128
20
-5.5314507086614171
11
5.0081320866141734
21
-5.5305753543307086
0
LINE
8
BLACK
6
CONTINUOUS
10
5.0081320866141734
20
-5.5305753543307086
11
5.007902125984252
21
-5.5297170078740159
0
LINE
8
BLACK
6
CONTINUOUS
10
5.007902125984252
20
-5.5297170078740159
11
5.0079591732283459
21
-5.5295946456692908
0
LINE
8
BLACK
6
CONTINUOUS
10
5.0079591732283459
20
-5.5295946456692908
11
5.0079357086614174
21
-5.5294615748031495
0
LINE
8
BLACK
6
CONTINUOUS
10
5.0079357086614174
20
-5.5294615748031495
11
5.0083801968503936
21
-5.5286916535433068
0
LINE
8
BLACK
6
CONTINUOUS
10
5.0083801968503936
20
-5.5286916535433068
11
5.0087557086614174
21
-5.5278864173228346
0
LINE
8
BLACK
6
CONTINUOUS
10
5.0087557086614174
20
-5.5278864173228346
11
5.042008622047244
21
-5.4946334645669292
0
LINE
8
BLACK
6
CONTINUOUS
10
5.042008622047244
20
-5.4946334645669292
11
5.0444488188976377
21
-5.4873129527559055
0
LINE
8
BLACK
6
CONTINUOUS
10
5.0444488188976377
20
-5.4873129527559055
11
5.0444488188976377
21
-5.4828648425196853
0
LINE
8
BLACK
6
CONTINUOUS
10
5.0444488188976377
20
-5.4828648425196853
11
5.0421626771653543
21
-5.4782925984251971
0
LINE
8
BLACK
6
CONTINUOUS
10
5.0421626771653543
20
-5.4782925984251971
11
5.0400281889763781
21
-5.47615811023622
0
LINE
8
BLACK
6
CONTINUOUS
10
5.0400281889763781
20
-5.47615811023622
11
5.0354559055118111
21
-5.4738719685039365
0
LINE
8
BLACK
6
CONTINUOUS
10
5.0354559055118111
20
-5.4738719685039365
11
5.022789291338583
21
-5.4738719685039365
0
LINE
8
BLACK
6
CONTINUOUS
10
5.022789291338583
20
-5.4738719685039365
11
5.018217007874016
21
-5.47615811023622
0
LINE
8
BLACK
6
CONTINUOUS
10
5.018217007874016
20
-5.47615811023622
11
5.0157437007874011
21
-5.4786314173228341
0
LINE
8
BLACK
6
CONTINUOUS
10
5.0157437007874011
20
-5.4786314173228341
11
5.014903661417323
21
-5.4792196062992122
0
LINE
8
BLACK
6
CONTINUOUS
10
5.014903661417323
20
-5.4792196062992122
11
5.0128915748031497
21
-5.4793956692913381
0
LINE
8
BLACK
6
CONTINUOUS
10
5.0128915748031497
20
-5.4793956692913381
11
5.0112370078740156
21
-5.4782371259842515
0
LINE
8
BLACK
6
CONTINUOUS
10
5.0112370078740156
20
-5.4782371259842515
11
5.0107142913385827
21
-5.4762861811023624
0
LINE
8
BLACK
6
CONTINUOUS
10
5.0107142913385827
20
-5.4762861811023624
11
5.0115678740157481
21
-5.4744555905511811
0
LINE
8
BLACK
6
CONTINUOUS
10
5.0115678740157481
20
-5.4744555905511811
11
5.0143800000000001
21
-5.4716434645669292
0
LINE
8
BLACK
6
CONTINUOUS
10
5.0143800000000001
20
-5.4716434645669292
11
5.0151030708661413
21
-5.4711371653543308
0
LINE
8
BLACK
6
CONTINUOUS
10
5.0151030708661413
20
-5.4711371653543308
11
5.0151474015748034
21
-5.4710903543307081
0
LINE
8
BLACK
6
CONTINUOUS
10
5.0151474015748034
20
-5.4710903543307081
11
5.0207717322834648
21
-5.4682781889763774
0
LINE
8
BLACK
6
CONTINUOUS
10
5.0207717322834648
20
-5.4682781889763774
11
5.021754645669291
21
-5.4679858267716535
0
LINE
8
BLACK
6
CONTINUOUS
10
5.021754645669291
20
-5.4679858267716535
11
5.0219263385826771
21
-5.4680268110236216
0
LINE
8
BLACK
6
CONTINUOUS
10
5.0219263385826771
20
-5.4680268110236216
11
5.0220922440944884
21
-5.4679664566929134
0
LINE
8
BLACK
6
CONTINUOUS
10
5.0220922440944884
20
-5.4679664566929134
11
5.0361529527559057
21
-5.4679664566929134
0
LINE
8
BLACK
6
CONTINUOUS
10
5.0361529527559057
20
-5.4679664566929134
11
5.0371628740157481
21
-5.4681445275590548
0
LINE
8
BLACK
6
CONTINUOUS
10
4.9527984251968507
20
-5.4681445275590548
11
4.9529336614173225
21
-5.4682579921259844
0
LINE
8
BLACK
6
CONTINUOUS
10
4.9529336614173225
20
-5.4682579921259844
11
4.9531090157480318
21
-5.4682781889763774
0
LINE
8
BLACK
6
CONTINUOUS
10
4.9531090157480318
20
-5.4682781889763774
11
4.9587333070866144
21
-5.4710903543307081
0
LINE
8
BLACK
6
CONTINUOUS
10
4.9587333070866144
20
-5.4710903543307081
11
4.9594423622047241
21
-5.47161625984252
0
LINE
8
BLACK
6
CONTINUOUS
10
4.9594423622047241
20
-5.47161625984252
11
4.9595007086614169
21
-5.4716434645669292
0
LINE
8
BLACK
6
CONTINUOUS
10
4.9595007086614169
20
-5.4716434645669292
11
4.9623128740157476
21
-5.4744555905511811
0
LINE
8
BLACK
6
CONTINUOUS
10
4.9623128740157476
20
-5.4744555905511811
11
4.9628192125984247
21
-5.4751787007874011
0
LINE
8
BLACK
6
CONTINUOUS
10
4.9628192125984247
20
-5.4751787007874011
11
4.9628659842519687
21
-5.4752229921259845
0
LINE
8
BLACK
6
CONTINUOUS
10
4.9628659842519687
20
-5.4752229921259845
11
4.9656781102362206
21
-5.4808472834645672
0
LINE
8
BLACK
6
CONTINUOUS
10
4.9656781102362206
20
-5.4808472834645672
11
4.9659705118110233
21
-5.4818302362204721
0
LINE
8
BLACK
6
CONTINUOUS
10
4.9659705118110233
20
-5.4818302362204721
11
4.9659294488188976
21
-5.4820019291338582
0
LINE
8
BLACK
6
CONTINUOUS
10
4.9659294488188976
20
-5.4820019291338582
11
4.9659898425196847
21
-5.4821677952755907
0
LINE
8
BLACK
6
CONTINUOUS
10
4.9659898425196847
20
-5.4821677952755907
11
4.9659898425196847
21
-5.4906042519685041
0
LINE
8
BLACK
6
CONTINUOUS
10
4.9659898425196847
20
-5.4906042519685041
11
4.9658117716535433
21
-5.4916141732283466
0
LINE
8
BLACK
6
CONTINUOUS
10
4.9658117716535433
20
-5.4916141732283466
11
4.9656982677165349
21
-5.4917494094488184
0
LINE
8
BLACK
6
CONTINUOUS
10
4.9656982677165349
20
-5.4917494094488184
11
4.9656781102362206
21
-5.4919247637795277
0
LINE
8
BLACK
6
CONTINUOUS
10
4.9656781102362206
20
-5.4919247637795277
11
4.9628659842519687
21
-5.4975490551181103
0
LINE
8
BLACK
6
CONTINUOUS
10
4.9628659842519687
20
-5.4975490551181103
11
4.9623400393700789
21
-5.49825811023622
0
LINE
8
BLACK
6
CONTINUOUS
10
4.9623400393700789
20
-5.49825811023622
11
4.9623128740157476
21
-5.4983164566929137
0
LINE
8
BLACK
6
CONTINUOUS
10
4.9623128740157476
20
-5.4983164566929137
11
4.9595007086614169
21
-5.5011286220472444
0
LINE
8
BLACK
6
CONTINUOUS
10
4.9595007086614169
20
-5.5011286220472444
11
4.9587775984251969
21
-5.501634881889764
0
LINE
8
BLACK
6
CONTINUOUS
10
4.9587775984251969
20
-5.501634881889764
11
4.9587333070866144
21
-5.5016817322834646
0
LINE
8
BLACK
6
CONTINUOUS
10
4.9587333070866144
20
-5.5016817322834646
11
4.9531090157480318
21
-5.5044938582677165
0
LINE
8
BLACK
6
CONTINUOUS
10
4.9531090157480318
20
-5.5044938582677165
11
4.952126062992126
21
-5.5047862204724405
0
LINE
8
BLACK
6
CONTINUOUS
10
4.952126062992126
20
-5.5047862204724405
11
4.9519543700787398
21
-5.5047451968503935
0
LINE
8
BLACK
6
CONTINUOUS
10
4.9519543700787398
20
-5.5047451968503935
11
4.9517885039370082
21
-5.5048055905511806
0
LINE
8
BLACK
6
CONTINUOUS
10
4.9517885039370082
20
-5.5048055905511806
11
4.9322440551181099
21
-5.5048055905511806
0
LINE
8
BLACK
6
CONTINUOUS
10
4.9322440551181099
20
-5.5048055905511806
11
4.9322440551181099
21
-5.5299743307086615
0
LINE
8
BLACK
6
CONTINUOUS
10
4.9322440551181099
20
-5.5299743307086615
11
4.9320659842519685
21
-5.530984251968504
0
LINE
8
BLACK
6
CONTINUOUS
10
4.9320659842519685
20
-5.530984251968504
11
4.9307676771653544
21
-5.5325314960629921
0
LINE
8
BLACK
6
CONTINUOUS
10
4.9307676771653544
20
-5.5325314960629921
11
4.9287785433070868
21
-5.5328822440944885
0
LINE
8
BLACK
6
CONTINUOUS
10
4.9287785433070868
20
-5.5328822440944885
11
4.9270293700787402
21
-5.5318723228346451
0
LINE
8
BLACK
6
CONTINUOUS
10
4.9270293700787402
20
-5.5318723228346451
11
4.9263385433070868
21
-5.5299743307086615
0
LINE
8
BLACK
6
CONTINUOUS
10
4.9263385433070868
20
-5.5299743307086615
11
4.9263385433070868
21
-5.4709192125984254
0
LINE
8
BLACK
6
CONTINUOUS
10
4.9263385433070868
20
-5.4709192125984254
11
4.9264061417322837
21
-5.4705356692913387
0
LINE
8
BLACK
6
CONTINUOUS
10
4.9264061417322837
20
-5.4705356692913387
11
4.9263833858267718
21
-5.4704064566929134
0
LINE
8
BLACK
6
CONTINUOUS
10
4.9263833858267718
20
-5.4704064566929134
11
4.9264489763779524
21
-5.4702928346456687
0
LINE
8
BLACK
6
CONTINUOUS
10
4.9264489763779524
20
-5.4702928346456687
11
4.9265166141732282
21
-5.4699092913385829
0
LINE
8
BLACK
6
CONTINUOUS
10
4.9265166141732282
20
-5.4699092913385829
11
4.9270097244094488
21
-5.4693215748031498
0
LINE
8
BLACK
6
CONTINUOUS
10
4.9270097244094488
20
-5.4693215748031498
11
4.9273933070866143
21
-5.4686572834645668
0
LINE
8
BLACK
6
CONTINUOUS
10
4.9273933070866143
20
-5.4686572834645668
11
4.9276436220472437
21
-5.4685661417322837
0
LINE
8
BLACK
6
CONTINUOUS
10
4.9276436220472437
20
-5.4685661417322837
11
4.9278149212598423
21
-5.4683620472440948
0
LINE
8
BLACK
6
CONTINUOUS
10
4.9278149212598423
20
-5.4683620472440948
11
4.9285704724409447
21
-5.4682287795275588
0
LINE
8
BLACK
6
CONTINUOUS
10
4.9285704724409447
20
-5.4682287795275588
11
4.9292912992125979
21
-5.4679664566929134
0
LINE
8
BLACK
6
CONTINUOUS
10
4.9292912992125979
20
-5.4679664566929134
11
4.9517885039370082
21
-5.4679664566929134
0
LINE
8
BLACK
6
CONTINUOUS
10
4.9517885039370082
20
-5.4679664566929134
11
4.9527984251968507
21
-5.4681445275590548
0
LINE
8
BLACK
6
CONTINUOUS
10
4.9322440551181099
20
-5.4989000787401574
11
4.9510914566929136
21
-5.4989000787401574
0
LINE
8
BLACK
6
CONTINUOUS
10
4.9510914566929136
20
-5.4989000787401574
11
4.9556637007874018
21
-5.4966139370078739
0
LINE
8
BLACK
6
CONTINUOUS
10
4.9556637007874018
20
-5.4966139370078739
11
4.957798188976378
21
-5.4944794488188977
0
LINE
8
BLACK
6
CONTINUOUS
10
4.957798188976378
20
-5.4944794488188977
11
4.9600843307086615
21
-5.4899072047244095
0
LINE
8
BLACK
6
CONTINUOUS
10
4.9600843307086615
20
-5.4899072047244095
11
4.9600843307086615
21
-5.4828648031496066
0
LINE
8
BLACK
6
CONTINUOUS
10
4.9600843307086615
20
-5.4828648031496066
11
4.9577982283464568
21
-5.4782925984251971
0
LINE
8
BLACK
6
CONTINUOUS
10
4.9577982283464568
20
-5.4782925984251971
11
4.9556637007874018
21
-5.47615811023622
0
LINE
8
BLACK
6
CONTINUOUS
10
4.9556637007874018
20
-5.47615811023622
11
4.9510914566929136
21
-5.4738719685039365
0
LINE
8
BLACK
6
CONTINUOUS
10
4.9510914566929136
20
-5.4738719685039365
11
4.9322440551181099
21
-5.4738719685039365
0
LINE
8
BLACK
6
CONTINUOUS
10
4.9322440551181099
20
-5.4738719685039365
11
4.9322440551181099
21
-5.4989000787401574
0
LINE
8
BLACK
6
CONTINUOUS
10
4.9906083464566926
20
-5.4690212204724409
11
4.991299173228346
21
-5.4709192125984254
0
LINE
8
BLACK
6
CONTINUOUS
10
4.991299173228346
20
-5.4709192125984254
11
4.991299173228346
21
-5.5299743307086615
0
LINE
8
BLACK
6
CONTINUOUS
10
4.991299173228346
20
-5.5299743307086615
11
4.9911211023622046
21
-5.530984251968504
0
LINE
8
BLACK
6
CONTINUOUS
10
4.9911211023622046
20
-5.530984251968504
11
4.9898227952755905
21
-5.5325314960629921
0
LINE
8
BLACK
6
CONTINUOUS
10
4.9898227952755905
20
-5.5325314960629921
11
4.9878336614173229
21
-5.5328822440944885
0
LINE
8
BLACK
6
CONTINUOUS
10
4.9878336614173229
20
-5.5328822440944885
11
4.9860844881889763
21
-5.5318723228346451
0
LINE
8
BLACK
6
CONTINUOUS
10
4.9860844881889763
20
-5.5318723228346451
11
4.9853936614173229
21
-5.5299743307086615
0
LINE
8
BLACK
6
CONTINUOUS
10
4.9853936614173229
20
-5.5299743307086615
11
4.9853936614173229
21
-5.4709192125984254
0
LINE
8
BLACK
6
CONTINUOUS
10
4.9853936614173229
20
-5.4709192125984254
11
4.9855717322834643
21
-5.4699092913385829
0
LINE
8
BLACK
6
CONTINUOUS
10
4.9855717322834643
20
-5.4699092913385829
11
4.9868700393700784
21
-5.4683620472440948
0
LINE
8
BLACK
6
CONTINUOUS
10
4.9868700393700784
20
-5.4683620472440948
11
4.988859173228346
21
-5.4680112992125984
0
LINE
8
BLACK
6
CONTINUOUS
10
4.988859173228346
20
-5.4680112992125984
11
4.9906083464566926
21
-5.4690212204724409
0
LINE
8
BLACK
6
CONTINUOUS
10
5.8985960236220469
20
-5.466158307086614
11
5.8986603937007871
21
-5.4661565748031498
0
LINE
8
BLACK
6
CONTINUOUS
10
5.8986603937007871
20
-5.4661565748031498
11
5.9070968503937005
21
-5.4689687401574805
0
LINE
8
BLACK
6
CONTINUOUS
10
5.9070968503937005
20
-5.4689687401574805
11
5.907998622047244
21
-5.4694570078740155
0
LINE
8
BLACK
6
CONTINUOUS
10
5.907998622047244
20
-5.4694570078740155
11
5.9090559055118108
21
-5.471177992125984
0
LINE
8
BLACK
6
CONTINUOUS
10
5.9090559055118108
20
-5.471177992125984
11
5.9087596456692912
21
-5.4731759842519683
0
LINE
8
BLACK
6
CONTINUOUS
10
5.9087596456692912
20
-5.4731759842519683
11
5.9072483858267715
21
-5.4745160236220469
0
LINE
8
BLACK
6
CONTINUOUS
10
5.9072483858267715
20
-5.4745160236220469
11
5.9052293307086616
21
-5.4745711811023625
0
LINE
8
BLACK
6
CONTINUOUS
10
5.9052293307086616
20
-5.4745711811023625
11
5.8972475196850391
21
-5.4719105511811019
0
LINE
8
BLACK
6
CONTINUOUS
10
5.8972475196850391
20
-5.4719105511811019
11
5.8843629527559056
21
-5.4719105511811019
0
LINE
8
BLACK
6
CONTINUOUS
10
5.8843629527559056
20
-5.4719105511811019
11
5.8797906692913386
21
-5.4741966929133854
0
LINE
8
BLACK
6
CONTINUOUS
10
5.8797906692913386
20
-5.4741966929133854
11
5.8776561417322837
21
-5.4763311811023625
0
LINE
8
BLACK
6
CONTINUOUS
10
5.8776561417322837
20
-5.4763311811023625
11
5.8753700787401577
21
-5.4809033858267719
0
LINE
8
BLACK
6
CONTINUOUS
10
5.8753700787401577
20
-5.4809033858267719
11
5.8753700787401577
21
-5.4851336614173229
0
LINE
8
BLACK
6
CONTINUOUS
10
5.8753700787401577
20
-5.4851336614173229
11
5.8776561417322837
21
-5.4897058661417324
0
LINE
8
BLACK
6
CONTINUOUS
10
5.8776561417322837
20
-5.4897058661417324
11
5.8797906692913386
21
-5.4918403543307086
0
LINE
8
BLACK
6
CONTINUOUS
10
5.8797906692913386
20
-5.4918403543307086
11
5.8846964566929136
21
-5.494293267716535
0
LINE
8
BLACK
6
CONTINUOUS
10
5.8846964566929136
20
-5.494293267716535
11
5.8956306299212597
21
-5.4970268110236216
0
LINE
8
BLACK
6
CONTINUOUS
10
5.8956306299212597
20
-5.4970268110236216
11
5.8960960629921262
21
-5.4972343700787398
0
LINE
8
BLACK
6
CONTINUOUS
10
5.8960960629921262
20
-5.4972343700787398
11
5.8962349999999999
21
-5.4972503937007877
0
LINE
8
BLACK
6
CONTINUOUS
10
5.8962349999999999
20
-5.4972503937007877
11
5.9018593307086613
21
-5.5000625590551184
0
LINE
8
BLACK
6
CONTINUOUS
10
5.9018593307086613
20
-5.5000625590551184
11
5.9025683858267719
21
-5.5005884251968507
0
LINE
8
BLACK
6
CONTINUOUS
10
5.9025683858267719
20
-5.5005884251968507
11
5.9026267322834647
21
-5.5006156692913386
0
LINE
8
BLACK
6
CONTINUOUS
10
5.9026267322834647
20
-5.5006156692913386
11
5.9054388582677166
21
-5.5034278346456693
0
LINE
8
BLACK
6
CONTINUOUS
10
5.9054388582677166
20
-5.5034278346456693
11
5.9059452362204725
21
-5.504150984251968
0
LINE
8
BLACK
6
CONTINUOUS
10
5.9059452362204725
20
-5.504150984251968
11
5.9059919685039368
21
-5.5041952362204727
0
LINE
8
BLACK
6
CONTINUOUS
10
5.9059919685039368
20
-5.5041952362204727
11
5.9088041338582675
21
-5.5098195275590554
0
LINE
8
BLACK
6
CONTINUOUS
10
5.9088041338582675
20
-5.5098195275590554
11
5.9090964960629924
21
-5.5108024409448815
0
LINE
8
BLACK
6
CONTINUOUS
10
5.9090964960629924
20
-5.5108024409448815
11
5.9090554724409445
21
-5.5109741338582676
0
LINE
8
BLACK
6
CONTINUOUS
10
5.9090554724409445
20
-5.5109741338582676
11
5.9091158661417325
21
-5.5111400393700789
0
LINE
8
BLACK
6
CONTINUOUS
10
5.9091158661417325
20
-5.5111400393700789
11
5.9091158661417325
21
-5.5167643307086616
0
LINE
8
BLACK
6
CONTINUOUS
10
5.9091158661417325
20
-5.5167643307086616
11
5.9089377952755902
21
-5.517774251968504
0
LINE
8
BLACK
6
CONTINUOUS
10
5.9089377952755902
20
-5.517774251968504
11
5.9088242913385827
21
-5.5179094881889759
0
LINE
8
BLACK
6
CONTINUOUS
10
5.9088242913385827
20
-5.5179094881889759
11
5.9088041338582675
21
-5.5180848425196851
0
LINE
8
BLACK
6
CONTINUOUS
10
5.9088041338582675
20
-5.5180848425196851
11
5.9059919685039368
21
-5.5237091338582678
0
LINE
8
BLACK
6
CONTINUOUS
10
5.9059919685039368
20
-5.5237091338582678
11
5.9054661023622046
21
-5.5244180708661412
0
LINE
8
BLACK
6
CONTINUOUS
10
5.9054661023622046
20
-5.5244180708661412
11
5.9054388582677166
21
-5.5244765354330712
0
LINE
8
BLACK
6
CONTINUOUS
10
5.9054388582677166
20
-5.5244765354330712
11
5.9026267322834647
21
-5.5272887007874019
0
LINE
8
BLACK
6
CONTINUOUS
10
5.9026267322834647
20
-5.5272887007874019
11
5.9019035826771651
21
-5.527795039370079
0
LINE
8
BLACK
6
CONTINUOUS
10
5.9019035826771651
20
-5.527795039370079
11
5.9018593307086613
21
-5.527841811023622
0
LINE
8
BLACK
6
CONTINUOUS
10
5.9018593307086613
20
-5.527841811023622
11
5.8962349999999999
21
-5.530653937007874
0
LINE
8
BLACK
6
CONTINUOUS
10
5.8962349999999999
20
-5.530653937007874
11
5.8952520472440941
21
-5.5309463385826767
0
LINE
8
BLACK
6
CONTINUOUS
10
5.8952520472440941
20
-5.5309463385826767
11
5.8950803149606301
21
-5.530905275590551
0
LINE
8
BLACK
6
CONTINUOUS
10
5.8950803149606301
20
-5.530905275590551
11
5.8949144881889763
21
-5.530965669291338
0
LINE
8
BLACK
6
CONTINUOUS
10
5.8949144881889763
20
-5.530965669291338
11
5.8808537795275591
21
-5.530965669291338
0
LINE
8
BLACK
6
CONTINUOUS
10
5.8808537795275591
20
-5.530965669291338
11
5.8799843700787404
21
-5.5308123622047241
0
LINE
8
BLACK
6
CONTINUOUS
10
5.8799843700787404
20
-5.5308123622047241
11
5.879920039370079
21
-5.5308141338582679
0
LINE
8
BLACK
6
CONTINUOUS
10
5.879920039370079
20
-5.5308141338582679
11
5.8714835826771656
21
-5.528002007874016
0
LINE
8
BLACK
6
CONTINUOUS
10
5.8714835826771656
20
-5.528002007874016
11
5.8705818110236221
21
-5.5275137401574801
0
LINE
8
BLACK
6
CONTINUOUS
10
5.8705818110236221
20
-5.5275137401574801
11
5.8695245275590553
21
-5.5257927559055116
0
LINE
8
BLACK
6
CONTINUOUS
10
5.8695245275590553
20
-5.5257927559055116
11
5.8698207874015749
21
-5.523794803149606
0
LINE
8
BLACK
6
CONTINUOUS
10
5.8698207874015749
20
-5.523794803149606
11
5.8713320078740159
21
-5.5224547244094486
0
LINE
8
BLACK
6
CONTINUOUS
10
5.8713320078740159
20
-5.5224547244094486
11
5.8733510629921257
21
-5.5223995669291339
0
LINE
8
BLACK
6
CONTINUOUS
10
5.8733510629921257
20
-5.5223995669291339
11
5.881332913385827
21
-5.5250601574803149
0
LINE
8
BLACK
6
CONTINUOUS
10
5.881332913385827
20
-5.5250601574803149
11
5.8942174409448818
21
-5.5250601574803149
0
LINE
8
BLACK
6
CONTINUOUS
10
5.8942174409448818
20
-5.5250601574803149
11
5.8987896456692912
21
-5.5227740551181101
0
LINE
8
BLACK
6
CONTINUOUS
10
5.8987896456692912
20
-5.5227740551181101
11
5.9009241732283462
21
-5.5206395275590552
0
LINE
8
BLACK
6
CONTINUOUS
10
5.9009241732283462
20
-5.5206395275590552
11
5.9032103543307084
21
-5.5160672440944882
0
LINE
8
BLACK
6
CONTINUOUS
10
5.9032103543307084
20
-5.5160672440944882
11
5.9032103543307084
21
-5.5118370866141735
0
LINE
8
BLACK
6
CONTINUOUS
10
5.9032103543307084
20
-5.5118370866141735
11
5.9009241732283462
21
-5.5072648031496065
0
LINE
8
BLACK
6
CONTINUOUS
10
5.9009241732283462
20
-5.5072648031496065
11
5.89878968503937
21
-5.5051302755905507
0
LINE
8
BLACK
6
CONTINUOUS
10
5.89878968503937
20
-5.5051302755905507
11
5.8938839370078737
21
-5.502677401574803
0
LINE
8
BLACK
6
CONTINUOUS
10
5.8938839370078737
20
-5.502677401574803
11
5.8829497637795276
21
-5.4999438976377952
0
LINE
8
BLACK
6
CONTINUOUS
10
5.8829497637795276
20
-5.4999438976377952
11
5.8824842913385824
21
-5.4997362992125982
0
LINE
8
BLACK
6
CONTINUOUS
10
5.8824842913385824
20
-5.4997362992125982
11
5.8823453937007875
21
-5.49972031496063
0
LINE
8
BLACK
6
CONTINUOUS
10
5.8823453937007875
20
-5.49972031496063
11
5.8767211023622048
21
-5.4969081496062993
0
LINE
8
BLACK
6
CONTINUOUS
10
5.8767211023622048
20
-5.4969081496062993
11
5.8760121259842517
21
-5.496382283464567
0
LINE
8
BLACK
6
CONTINUOUS
10
5.8760121259842517
20
-5.496382283464567
11
5.8759537007874014
21
-5.4963550393700782
0
LINE
8
BLACK
6
CONTINUOUS
10
5.8759537007874014
20
-5.4963550393700782
11
5.8731415354330707
21
-5.4935429133858262
0
LINE
8
BLACK
6
CONTINUOUS
10
5.8731415354330707
20
-5.4935429133858262
11
5.8726351574803148
21
-5.4928197637795275
0
LINE
8
BLACK
6
CONTINUOUS
10
5.8726351574803148
20
-5.4928197637795275
11
5.8725884251968505
21
-5.4927755118110237
0
LINE
8
BLACK
6
CONTINUOUS
10
5.8725884251968505
20
-5.4927755118110237
11
5.8697762992125986
21
-5.4871512204724411
0
LINE
8
BLACK
6
CONTINUOUS
10
5.8697762992125986
20
-5.4871512204724411
11
5.8694839370078737
21
-5.4861682677165353
0
LINE
8
BLACK
6
CONTINUOUS
10
5.8694839370078737
20
-5.4861682677165353
11
5.8695249212598428
21
-5.4859965748031492
0
LINE
8
BLACK
6
CONTINUOUS
10
5.8695249212598428
20
-5.4859965748031492
11
5.8694645669291337
21
-5.4858307086614175
0
LINE
8
BLACK
6
CONTINUOUS
10
5.8694645669291337
20
-5.4858307086614175
11
5.8694645669291337
21
-5.4802063779527561
0
LINE
8
BLACK
6
CONTINUOUS
10
5.8694645669291337
20
-5.4802063779527561
11
5.8696426377952751
21
-5.4791964566929137
0
LINE
8
BLACK
6
CONTINUOUS
10
5.8696426377952751
20
-5.4791964566929137
11
5.8697561023622047
21
-5.4790611811023622
0
LINE
8
BLACK
6
CONTINUOUS
10
5.8697561023622047
20
-5.4790611811023622
11
5.8697762992125986
21
-5.4788858661417326
0
LINE
8
BLACK
6
CONTINUOUS
10
5.8697762992125986
20
-5.4788858661417326
11
5.8725884251968505
21
-5.4732615748031499
0
LINE
8
BLACK
6
CONTINUOUS
10
5.8725884251968505
20
-5.4732615748031499
11
5.8731142913385828
21
-5.4725524803149606
0
LINE
8
BLACK
6
CONTINUOUS
10
5.8731142913385828
20
-5.4725524803149606
11
5.8731415354330707
21
-5.4724941732283465
0
LINE
8
BLACK
6
CONTINUOUS
10
5.8731415354330707
20
-5.4724941732283465
11
5.8759537007874014
21
-5.4696820472440946
0
LINE
8
BLACK
6
CONTINUOUS
10
5.8759537007874014
20
-5.4696820472440946
11
5.876676850393701
21
-5.4691756299212599
0
LINE
8
BLACK
6
CONTINUOUS
10
5.876676850393701
20
-5.4691756299212599
11
5.8767211023622048
21
-5.4691289370078735
0
LINE
8
BLACK
6
CONTINUOUS
10
5.8767211023622048
20
-5.4691289370078735
11
5.8823453937007875
21
-5.4663167716535428
0
LINE
8
BLACK
6
CONTINUOUS
10
5.8823453937007875
20
-5.4663167716535428
11
5.8833283070866145
21
-5.4660244094488188
0
LINE
8
BLACK
6
CONTINUOUS
10
5.8833283070866145
20
-5.4660244094488188
11
5.8834999999999997
21
-5.466065393700787
0
LINE
8
BLACK
6
CONTINUOUS
10
5.8834999999999997
20
-5.466065393700787
11
5.883665905511811
21
-5.4660050393700788
0
LINE
8
BLACK
6
CONTINUOUS
10
5.883665905511811
20
-5.4660050393700788
11
5.8977266535433071
21
-5.4660050393700788
0
LINE
8
BLACK
6
CONTINUOUS
10
5.8977266535433071
20
-5.4660050393700788
11
5.8985960236220469
21
-5.466158307086614
0
LINE
8
BLACK
6
CONTINUOUS
10
6.0449683070866138
20
-5.4661831102362202
11
6.046515551181102
21
-5.4674814173228343
0
LINE
8
BLACK
6
CONTINUOUS
10
6.046515551181102
20
-5.4674814173228343
11
6.0468662992125983
21
-5.4694705511811019
0
LINE
8
BLACK
6
CONTINUOUS
10
6.0468662992125983
20
-5.4694705511811019
11
6.0458563779527559
21
-5.4712197244094485
0
LINE
8
BLACK
6
CONTINUOUS
10
6.0458563779527559
20
-5.4712197244094485
11
6.0439583858267714
21
-5.4719105511811019
0
LINE
8
BLACK
6
CONTINUOUS
10
6.0439583858267714
20
-5.4719105511811019
11
6.0334068110236219
21
-5.4719105511811019
0
LINE
8
BLACK
6
CONTINUOUS
10
6.0334068110236219
20
-5.4719105511811019
11
6.0288345669291337
21
-5.4741966535433066
0
LINE
8
BLACK
6
CONTINUOUS
10
6.0288345669291337
20
-5.4741966535433066
11
6.0265680314960628
21
-5.4764631889763775
0
LINE
8
BLACK
6
CONTINUOUS
10
6.0265680314960628
20
-5.4764631889763775
11
6.021389566929134
21
-5.4842309055118106
0
LINE
8
BLACK
6
CONTINUOUS
10
6.021389566929134
20
-5.4842309055118106
11
6.0194087007874018
21
-5.4921543700787403
0
LINE
8
BLACK
6
CONTINUOUS
10
6.0194087007874018
20
-5.4921543700787403
11
6.0200964173228346
21
-5.4916727952755906
0
LINE
8
BLACK
6
CONTINUOUS
10
6.0200964173228346
20
-5.4916727952755906
11
6.0201406692913384
21
-5.4916261023622042
0
LINE
8
BLACK
6
CONTINUOUS
10
6.0201406692913384
20
-5.4916261023622042
11
6.0257649606299211
21
-5.4888139763779522
0
LINE
8
BLACK
6
CONTINUOUS
10
6.0257649606299211
20
-5.4888139763779522
11
6.0267479133858268
21
-5.4885215748031495
0
LINE
8
BLACK
6
CONTINUOUS
10
6.0267479133858268
20
-5.4885215748031495
11
6.0269196062992121
21
-5.4885625984251964
0
LINE
8
BLACK
6
CONTINUOUS
10
6.0269196062992121
20
-5.4885625984251964
11
6.0270854724409446
21
-5.4885022440944882
0
LINE
8
BLACK
6
CONTINUOUS
10
6.0270854724409446
20
-5.4885022440944882
11
6.0383340551181099
21
-5.4885022440944882
0
LINE
8
BLACK
6
CONTINUOUS
10
6.0383340551181099
20
-5.4885022440944882
11
6.0393439763779524
21
-5.4886803149606296
0
LINE
8
BLACK
6
CONTINUOUS
10
6.0393439763779524
20
-5.4886803149606296
11
6.0394792125984251
21
-5.4887937795275592
0
LINE
8
BLACK
6
CONTINUOUS
10
6.0394792125984251
20
-5.4887937795275592
11
6.0396545669291335
21
-5.4888139763779522
0
LINE
8
BLACK
6
CONTINUOUS
10
6.0396545669291335
20
-5.4888139763779522
11
6.0452788976377949
21
-5.4916261023622042
0
LINE
8
BLACK
6
CONTINUOUS
10
6.0452788976377949
20
-5.4916261023622042
11
6.0459879527559055
21
-5.4921519685039373
0
LINE
8
BLACK
6
CONTINUOUS
10
6.0459879527559055
20
-5.4921519685039373
11
6.0460462992125983
21
-5.4921792125984252
0
LINE
8
BLACK
6
CONTINUOUS
10
6.0460462992125983
20
-5.4921792125984252
11
6.0488584251968502
21
-5.4949913779527559
0
LINE
8
BLACK
6
CONTINUOUS
10
6.0488584251968502
20
-5.4949913779527559
11
6.0493648031496061
21
-5.4957145275590547
0
LINE
8
BLACK
6
CONTINUOUS
10
6.0493648031496061
20
-5.4957145275590547
11
6.0494115354330704
21
-5.4957587795275593
0
LINE
8
BLACK
6
CONTINUOUS
10
6.0494115354330704
20
-5.4957587795275593
11
6.0522237007874011
21
-5.501383070866142
0
LINE
8
BLACK
6
CONTINUOUS
10
6.0522237007874011
20
-5.501383070866142
11
6.052516062992126
21
-5.5023659842519681
0
LINE
8
BLACK
6
CONTINUOUS
10
6.052516062992126
20
-5.5023659842519681
11
6.052475039370079
21
-5.5025376771653542
0
LINE
8
BLACK
6
CONTINUOUS
10
6.052475039370079
20
-5.5025376771653542
11
6.0525354330708661
21
-5.5027035826771655
0
LINE
8
BLACK
6
CONTINUOUS
10
6.0525354330708661
20
-5.5027035826771655
11
6.0525354330708661
21
-5.5167643307086616
0
LINE
8
BLACK
6
CONTINUOUS
10
6.0525354330708661
20
-5.5167643307086616
11
6.0523573622047246
21
-5.517774251968504
0
LINE
8
BLACK
6
CONTINUOUS
10
6.0523573622047246
20
-5.517774251968504
11
6.0522438582677163
21
-5.5179094881889759
0
LINE
8
BLACK
6
CONTINUOUS
10
6.0522438582677163
20
-5.5179094881889759
11
6.0522237007874011
21
-5.5180848425196851
0
LINE
8
BLACK
6
CONTINUOUS
10
6.0522237007874011
20
-5.5180848425196851
11
6.0494115354330704
21
-5.5237091338582678
0
LINE
8
BLACK
6
CONTINUOUS
10
6.0494115354330704
20
-5.5237091338582678
11
6.0488856692913382
21
-5.5244180708661412
0
LINE
8
BLACK
6
CONTINUOUS
10
6.0488856692913382
20
-5.5244180708661412
11
6.0488584251968502
21
-5.5244765354330712
0
LINE
8
BLACK
6
CONTINUOUS
10
6.0488584251968502
20
-5.5244765354330712
11
6.0460462992125983
21
-5.5272887007874019
0
LINE
8
BLACK
6
CONTINUOUS
10
6.0460462992125983
20
-5.5272887007874019
11
6.0453231496062987
21
-5.527795039370079
0
LINE
8
BLACK
6
CONTINUOUS
10
6.0453231496062987
20
-5.527795039370079
11
6.0452788976377949
21
-5.527841811023622
0
LINE
8
BLACK
6
CONTINUOUS
10
6.0452788976377949
20
-5.527841811023622
11
6.0396545669291335
21
-5.530653937007874
0
LINE
8
BLACK
6
CONTINUOUS
10
6.0396545669291335
20
-5.530653937007874
11
6.0386716141732286
21
-5.5309463385826767
0
LINE
8
BLACK
6
CONTINUOUS
10
6.0386716141732286
20
-5.5309463385826767
11
6.0384998818897637
21
-5.530905275590551
0
LINE
8
BLACK
6
CONTINUOUS
10
6.0384998818897637
20
-5.530905275590551
11
6.0383340551181099
21
-5.530965669291338
0
LINE
8
BLACK
6
CONTINUOUS
10
6.0383340551181099
20
-5.530965669291338
11
6.0270854724409446
21
-5.530965669291338
0
LINE
8
BLACK
6
CONTINUOUS
10
6.0270854724409446
20
-5.530965669291338
11
6.0260755511811022
21
-5.5307875984251966
0
LINE
8
BLACK
6
CONTINUOUS
10
6.0260755511811022
20
-5.5307875984251966
11
6.0259402755905507
21
-5.5306740944881891
0
LINE
8
BLACK
6
CONTINUOUS
10
6.0259402755905507
20
-5.5306740944881891
11
6.0257649606299211
21
-5.530653937007874
0
LINE
8
BLACK
6
CONTINUOUS
10
6.0257649606299211
20
-5.530653937007874
11
6.0201406692913384
21
-5.527841811023622
0
LINE
8
BLACK
6
CONTINUOUS
10
6.0201406692913384
20
-5.527841811023622
11
6.0194315748031491
21
-5.5273158661417323
0
LINE
8
BLACK
6
CONTINUOUS
10
6.0194315748031491
20
-5.5273158661417323
11
6.019373267716535
21
-5.5272887007874019
0
LINE
8
BLACK
6
CONTINUOUS
10
6.019373267716535
20
-5.5272887007874019
11
6.0165611023622043
21
-5.5244765354330712
0
LINE
8
BLACK
6
CONTINUOUS
10
6.0165611023622043
20
-5.5244765354330712
11
6.0160548031496059
21
-5.5237534251968503
0
LINE
8
BLACK
6
CONTINUOUS
10
6.0160548031496059
20
-5.5237534251968503
11
6.0160079921259841
21
-5.5237091338582678
0
LINE
8
BLACK
6
CONTINUOUS
10
6.0160079921259841
20
-5.5237091338582678
11
6.0131958661417322
21
-5.5180848425196851
0
LINE
8
BLACK
6
CONTINUOUS
10
6.0131958661417322
20
-5.5180848425196851
11
6.0129035039370073
21
-5.5171018897637794
0
LINE
8
BLACK
6
CONTINUOUS
10
6.0129035039370073
20
-5.5171018897637794
11
6.0129444881889764
21
-5.5169301968503932
0
LINE
8
BLACK
6
CONTINUOUS
10
6.0129444881889764
20
-5.5169301968503932
11
6.0128841338582673
21
-5.5167643307086616
0
LINE
8
BLACK
6
CONTINUOUS
10
6.0128841338582673
20
-5.5167643307086616
11
6.0128841338582673
21
-5.4942671259842522
0
LINE
8
BLACK
6
CONTINUOUS
10
6.0128841338582673
20
-5.4942671259842522
11
6.0129864566929134
21
-5.4936867322834644
0
LINE
8
BLACK
6
CONTINUOUS
10
6.0129864566929134
20
-5.4936867322834644
11
6.0129722834645669
21
-5.4935509842519687
0
LINE
8
BLACK
6
CONTINUOUS
10
6.0129722834645669
20
-5.4935509842519687
11
6.0157844094488189
21
-5.4823024015748034
0
LINE
8
BLACK
6
CONTINUOUS
10
6.0157844094488189
20
-5.4823024015748034
11
6.0161881102362207
21
-5.4813972047244093
0
LINE
8
BLACK
6
CONTINUOUS
10
6.0161881102362207
20
-5.4813972047244093
11
6.0161921653543304
21
-5.4813806299212597
0
LINE
8
BLACK
6
CONTINUOUS
10
6.0161921653543304
20
-5.4813806299212597
11
6.0218164960629919
21
-5.4729441732283464
0
LINE
8
BLACK
6
CONTINUOUS
10
6.0218164960629919
20
-5.4729441732283464
11
6.0221272834645667
21
-5.4726188188976375
0
LINE
8
BLACK
6
CONTINUOUS
10
6.0221272834645667
20
-5.4726188188976375
11
6.0221854330708657
21
-5.4724941732283465
0
LINE
8
BLACK
6
CONTINUOUS
10
6.0221854330708657
20
-5.4724941732283465
11
6.0249975590551177
21
-5.4696820472440946
0
LINE
8
BLACK
6
CONTINUOUS
10
6.0249975590551177
20
-5.4696820472440946
11
6.0257206299212598
21
-5.4691757480314962
0
LINE
8
BLACK
6
CONTINUOUS
10
6.0257206299212598
20
-5.4691757480314962
11
6.0257649606299211
21
-5.4691289370078735
0
LINE
8
BLACK
6
CONTINUOUS
10
6.0257649606299211
20
-5.4691289370078735
11
6.0313892519685037
21
-5.4663167716535428
0
LINE
8
BLACK
6
CONTINUOUS
10
6.0313892519685037
20
-5.4663167716535428
11
6.0323721653543307
21
-5.4660244094488188
0
LINE
8
BLACK
6
CONTINUOUS
10
6.0323721653543307
20
-5.4660244094488188
11
6.032543858267716
21
-5.466065393700787
0
LINE
8
BLACK
6
CONTINUOUS
10
6.032543858267716
20
-5.466065393700787
11
6.0327097637795273
21
-5.4660050393700788
0
LINE
8
BLACK
6
CONTINUOUS
10
6.0327097637795273
20
-5.4660050393700788
11
6.0439583858267714
21
-5.4660050393700788
0
LINE
8
BLACK
6
CONTINUOUS
10
6.0439583858267714
20
-5.4660050393700788
11
6.0449683070866138
21
-5.4661831102362202
0
LINE
8
BLACK
6
CONTINUOUS
10
6.0232102362204722
20
-5.4966938582677161
11
6.021075748031496
21
-5.4988283464566932
0
LINE
8
BLACK
6
CONTINUOUS
10
6.021075748031496
20
-5.4988283464566932
11
6.0187896456692913
21
-5.5034005905511814
0
LINE
8
BLACK
6
CONTINUOUS
10
6.0187896456692913
20
-5.5034005905511814
11
6.0187896456692913
21
-5.516067283464567
0
LINE
8
BLACK
6
CONTINUOUS
10
6.0187896456692913
20
-5.516067283464567
11
6.021075748031496
21
-5.5206395275590552
0
LINE
8
BLACK
6
CONTINUOUS
10
6.021075748031496
20
-5.5206395275590552
11
6.0232102362204722
21
-5.5227740157480314
0
LINE
8
BLACK
6
CONTINUOUS
10
6.0232102362204722
20
-5.5227740157480314
11
6.0277825196850392
21
-5.5250601574803149
0
LINE
8
BLACK
6
CONTINUOUS
10
6.0277825196850392
20
-5.5250601574803149
11
6.0376370078740154
21
-5.5250601574803149
0
LINE
8
BLACK
6
CONTINUOUS
10
6.0376370078740154
20
-5.5250601574803149
11
6.0422092125984248
21
-5.5227740551181101
0
LINE
8
BLACK
6
CONTINUOUS
10
6.0422092125984248
20
-5.5227740551181101
11
6.0443437401574798
21
-5.5206395275590552
0
LINE
8
BLACK
6
CONTINUOUS
10
6.0443437401574798
20
-5.5206395275590552
11
6.046629921259842
21
-5.5160672440944882
0
LINE
8
BLACK
6
CONTINUOUS
10
6.046629921259842
20
-5.5160672440944882
11
6.046629921259842
21
-5.5034006299212601
0
LINE
8
BLACK
6
CONTINUOUS
10
6.046629921259842
20
-5.5034006299212601
11
6.0443437401574798
21
-5.4988283464566932
0
LINE
8
BLACK
6
CONTINUOUS
10
6.0443437401574798
20
-5.4988283464566932
11
6.0422092125984248
21
-5.4966938188976373
0
LINE
8
BLACK
6
CONTINUOUS
10
6.0422092125984248
20
-5.4966938188976373
11
6.0376370078740154
21
-5.4944077559055113
0
LINE
8
BLACK
6
CONTINUOUS
10
6.0376370078740154
20
-5.4944077559055113
11
6.0277825196850392
21
-5.4944077559055113
0
LINE
8
BLACK
6
CONTINUOUS
10
6.0277825196850392
20
-5.4944077559055113
11
6.0232102362204722
21
-5.4966938582677161
0
LINE
8
BLACK
6
CONTINUOUS
10
5.9549795275590549
20
-5.4661831102362202
11
5.9551147637795276
21
-5.4662965748031498
0
LINE
8
BLACK
6
CONTINUOUS
10
5.9551147637795276
20
-5.4662965748031498
11
5.955290118110236
21
-5.4663167716535428
0
LINE
8
BLACK
6
CONTINUOUS
10
5.955290118110236
20
-5.4663167716535428
11
5.9609144094488187
21
-5.4691289370078735
0
LINE
8
BLACK
6
CONTINUOUS
10
5.9609144094488187
20
-5.4691289370078735
11
5.9616234645669293
21
-5.4696548425196845
0
LINE
8
BLACK
6
CONTINUOUS
10
5.9616234645669293
20
-5.4696548425196845
11
5.961681811023622
21
-5.4696820472440946
0
LINE
8
BLACK
6
CONTINUOUS
10
5.961681811023622
20
-5.4696820472440946
11
5.9644939763779528
21
-5.4724941732283465
0
LINE
8
BLACK
6
CONTINUOUS
10
5.9644939763779528
20
-5.4724941732283465
11
5.9650003149606299
21
-5.4732172834645665
0
LINE
8
BLACK
6
CONTINUOUS
10
5.9650003149606299
20
-5.4732172834645665
11
5.9650470866141729
21
-5.4732615748031499
0
LINE
8
BLACK
6
CONTINUOUS
10
5.9650470866141729
20
-5.4732615748031499
11
5.9678592125984249
21
-5.4788858661417326
0
LINE
8
BLACK
6
CONTINUOUS
10
5.9678592125984249
20
-5.4788858661417326
11
5.9681516141732285
21
-5.4798688188976374
0
LINE
8
BLACK
6
CONTINUOUS
10
5.9681516141732285
20
-5.4798688188976374
11
5.9681105511811019
21
-5.4800405118110236
0
LINE
8
BLACK
6
CONTINUOUS
10
5.9681105511811019
20
-5.4800405118110236
11
5.9681709448818898
21
-5.4802063779527561
0
LINE
8
BLACK
6
CONTINUOUS
10
5.9681709448818898
20
-5.4802063779527561
11
5.9681709448818898
21
-5.4886428346456695
0
LINE
8
BLACK
6
CONTINUOUS
10
5.9681709448818898
20
-5.4886428346456695
11
5.9679928740157475
21
-5.4896527559055119
0
LINE
8
BLACK
6
CONTINUOUS
10
5.9679928740157475
20
-5.4896527559055119
11
5.96787937007874
21
-5.4897879921259838
0
LINE
8
BLACK
6
CONTINUOUS
10
5.96787937007874
20
-5.4897879921259838
11
5.9678592125984249
21
-5.489963346456693
0
LINE
8
BLACK
6
CONTINUOUS
10
5.9678592125984249
20
-5.489963346456693
11
5.9650470866141729
21
-5.4955876377952757
0
LINE
8
BLACK
6
CONTINUOUS
10
5.9650470866141729
20
-5.4955876377952757
11
5.9645211417322832
21
-5.4962966929133854
0
LINE
8
BLACK
6
CONTINUOUS
10
5.9645211417322832
20
-5.4962966929133854
11
5.9644939763779528
21
-5.4963550393700782
0
LINE
8
BLACK
6
CONTINUOUS
10
5.9644939763779528
20
-5.4963550393700782
11
5.961681811023622
21
-5.4991672047244089
0
LINE
8
BLACK
6
CONTINUOUS
10
5.961681811023622
20
-5.4991672047244089
11
5.9609587007874012
21
-5.4996734645669294
0
LINE
8
BLACK
6
CONTINUOUS
10
5.9609587007874012
20
-5.4996734645669294
11
5.9609144094488187
21
-5.49972031496063
0
LINE
8
BLACK
6
CONTINUOUS
10
5.9609144094488187
20
-5.49972031496063
11
5.955290118110236
21
-5.5025324409448819
0
LINE
8
BLACK
6
CONTINUOUS
10
5.955290118110236
20
-5.5025324409448819
11
5.9543071653543302
21
-5.5028248031496059
0
LINE
8
BLACK
6
CONTINUOUS
10
5.9543071653543302
20
-5.5028248031496059
11
5.954135472440945
21
-5.5027837795275589
0
LINE
8
BLACK
6
CONTINUOUS
10
5.954135472440945
20
-5.5027837795275589
11
5.9539696062992125
21
-5.502844173228346
0
LINE
8
BLACK
6
CONTINUOUS
10
5.9539696062992125
20
-5.502844173228346
11
5.9344251574803151
21
-5.502844173228346
0
LINE
8
BLACK
6
CONTINUOUS
10
5.9344251574803151
20
-5.502844173228346
11
5.9344251574803151
21
-5.5280129133858269
0
LINE
8
BLACK
6
CONTINUOUS
10
5.9344251574803151
20
-5.5280129133858269
11
5.9342470866141728
21
-5.5290228346456693
0
LINE
8
BLACK
6
CONTINUOUS
10
5.9342470866141728
20
-5.5290228346456693
11
5.9329487795275586
21
-5.5305700787401575
0
LINE
8
BLACK
6
CONTINUOUS
10
5.9329487795275586
20
-5.5305700787401575
11
5.930959645669291
21
-5.530920826771653
0
LINE
8
BLACK
6
CONTINUOUS
10
5.930959645669291
20
-5.530920826771653
11
5.9292104724409445
21
-5.5299109055118105
0
LINE
8
BLACK
6
CONTINUOUS
10
5.9292104724409445
20
-5.5299109055118105
11
5.928519645669291
21
-5.5280129133858269
0
LINE
8
BLACK
6
CONTINUOUS
10
5.928519645669291
20
-5.5280129133858269
11
5.928519645669291
21
-5.4689577952755908
0
LINE
8
BLACK
6
CONTINUOUS
10
5.928519645669291
20
-5.4689577952755908
11
5.928587244094488
21
-5.4685742519685041
0
LINE
8
BLACK
6
CONTINUOUS
10
5.928587244094488
20
-5.4685742519685041
11
5.9285644881889761
21
-5.4684450393700788
0
LINE
8
BLACK
6
CONTINUOUS
10
5.9285644881889761
20
-5.4684450393700788
11
5.9286300787401576
21
-5.4683314173228341
0
LINE
8
BLACK
6
CONTINUOUS
10
5.9286300787401576
20
-5.4683314173228341
11
5.9286977165354333
21
-5.4679478740157483
0
LINE
8
BLACK
6
CONTINUOUS
10
5.9286977165354333
20
-5.4679478740157483
11
5.9291908267716531
21
-5.4673601574803152
0
LINE
8
BLACK
6
CONTINUOUS
10
5.9291908267716531
20
-5.4673601574803152
11
5.9295744094488185
21
-5.4666958661417322
0
LINE
8
BLACK
6
CONTINUOUS
10
5.9295744094488185
20
-5.4666958661417322
11
5.9298247244094489
21
-5.4666047244094491
0
LINE
8
BLACK
6
CONTINUOUS
10
5.9298247244094489
20
-5.4666047244094491
11
5.9299960236220475
21
-5.4664006299212593
0
LINE
8
BLACK
6
CONTINUOUS
10
5.9299960236220475
20
-5.4664006299212593
11
5.9307515748031499
21
-5.4662673622047242
0
LINE
8
BLACK
6
CONTINUOUS
10
5.9307515748031499
20
-5.4662673622047242
11
5.931472401574803
21
-5.4660050393700788
0
LINE
8
BLACK
6
CONTINUOUS
10
5.931472401574803
20
-5.4660050393700788
11
5.9539696062992125
21
-5.4660050393700788
0
LINE
8
BLACK
6
CONTINUOUS
10
5.9539696062992125
20
-5.4660050393700788
11
5.9549795275590549
21
-5.4661831102362202
0
LINE
8
BLACK
6
CONTINUOUS
10
5.9344251574803151
20
-5.4969386614173228
11
5.9532725590551179
21
-5.4969386614173228
0
LINE
8
BLACK
6
CONTINUOUS
10
5.9532725590551179
20
-5.4969386614173228
11
5.9578448031496061
21
-5.4946525196850393
0
LINE
8
BLACK
6
CONTINUOUS
10
5.9578448031496061
20
-5.4946525196850393
11
5.9599792913385823
21
-5.4925180314960631
0
LINE
8
BLACK
6
CONTINUOUS
10
5.9599792913385823
20
-5.4925180314960631
11
5.9622654330708658
21
-5.4879457874015749
0
LINE
8
BLACK
6
CONTINUOUS
10
5.9622654330708658
20
-5.4879457874015749
11
5.9622654330708658
21
-5.4809033858267719
0
LINE
8
BLACK
6
CONTINUOUS
10
5.9622654330708658
20
-5.4809033858267719
11
5.959979330708661
21
-5.4763311811023625
0
LINE
8
BLACK
6
CONTINUOUS
10
5.959979330708661
20
-5.4763311811023625
11
5.9578448031496061
21
-5.4741966929133854
0
LINE
8
BLACK
6
CONTINUOUS
10
5.9578448031496061
20
-5.4741966929133854
11
5.9532725590551179
21
-5.4719105511811019
0
LINE
8
BLACK
6
CONTINUOUS
10
5.9532725590551179
20
-5.4719105511811019
11
5.9344251574803151
21
-5.4719105511811019
0
LINE
8
BLACK
6
CONTINUOUS
10
5.9344251574803151
20
-5.4719105511811019
11
5.9344251574803151
21
-5.4969386614173228
0
LINE
8
BLACK
6
CONTINUOUS
10
5.9927894488188977
20
-5.4670598031496063
11
5.9934802755905512
21
-5.4689577952755908
0
LINE
8
BLACK
6
CONTINUOUS
10
5.9934802755905512
20
-5.4689577952755908
11
5.9934802755905512
21
-5.5280129133858269
0
LINE
8
BLACK
6
CONTINUOUS
10
5.9934802755905512
20
-5.5280129133858269
11
5.9933022047244089
21
-5.5290228346456693
0
LINE
8
BLACK
6
CONTINUOUS
10
5.9933022047244089
20
-5.5290228346456693
11
5.9920038976377947
21
-5.5305700787401575
0
LINE
8
BLACK
6
CONTINUOUS
10
5.9920038976377947
20
-5.5305700787401575
11
5.9900147637795271
21
-5.530920826771653
0
LINE
8
BLACK
6
CONTINUOUS
10
5.9900147637795271
20
-5.530920826771653
11
5.9882655905511806
21
-5.5299109055118105
0
LINE
8
BLACK
6
CONTINUOUS
10
5.9882655905511806
20
-5.5299109055118105
11
5.9875747637795271
21
-5.5280129133858269
0
LINE
8
BLACK
6
CONTINUOUS
10
5.9875747637795271
20
-5.5280129133858269
11
5.9875747637795271
21
-5.4689577952755908
0
LINE
8
BLACK
6
CONTINUOUS
10
5.9875747637795271
20
-5.4689577952755908
11
5.9877528346456694
21
-5.4679478740157483
0
LINE
8
BLACK
6
CONTINUOUS
10
5.9877528346456694
20
-5.4679478740157483
11
5.9890511417322836
21
-5.4664006299212593
0
LINE
8
BLACK
6
CONTINUOUS
10
5.9890511417322836
20
-5.4664006299212593
11
5.9910402755905512
21
-5.4660498818897638
0
LINE
8
BLACK
6
CONTINUOUS
10
5.9910402755905512
20
-5.4660498818897638
11
5.9927894488188977
21
-5.4670598031496063
0
LINE
8
BLACK
6
CONTINUOUS
10
4.4015330314960632
20
-5.465757519685039
11
4.4015974015748034
21
-5.4657557874015748
0
LINE
8
BLACK
6
CONTINUOUS
10
4.4015974015748034
20
-5.4657557874015748
11
4.4100338582677168
21
-5.4685679527559055
0
LINE
8
BLACK
6
CONTINUOUS
10
4.4100338582677168
20
-5.4685679527559055
11
4.4109356299212594
21
-5.4690562204724404
0
LINE
8
BLACK
6
CONTINUOUS
10
4.4109356299212594
20
-5.4690562204724404
11
4.4119929133858271
21
-5.470777204724409
0
LINE
8
BLACK
6
CONTINUOUS
10
4.4119929133858271
20
-5.470777204724409
11
4.4116966535433066
21
-5.4727751968503933
0
LINE
8
BLACK
6
CONTINUOUS
10
4.4116966535433066
20
-5.4727751968503933
11
4.4101853937007869
21
-5.4741152362204719
0
LINE
8
BLACK
6
CONTINUOUS
10
4.4101853937007869
20
-5.4741152362204719
11
4.408166338582677
21
-5.4741703937007875
0
LINE
8
BLACK
6
CONTINUOUS
10
4.408166338582677
20
-5.4741703937007875
11
4.4001845275590554
21
-5.4715097637795278
0
LINE
8
BLACK
6
CONTINUOUS
10
4.4001845275590554
20
-5.4715097637795278
11
4.387299960629921
21
-5.4715097637795278
0
LINE
8
BLACK
6
CONTINUOUS
10
4.387299960629921
20
-5.4715097637795278
11
4.3827276771653541
21
-5.4737959055118113
0
LINE
8
BLACK
6
CONTINUOUS
10
4.3827276771653541
20
-5.4737959055118113
11
4.3805931496062991
21
-5.4759303937007875
0
LINE
8
BLACK
6
CONTINUOUS
10
4.3805931496062991
20
-5.4759303937007875
11
4.3783070866141731
21
-5.4805025984251969
0
LINE
8
BLACK
6
CONTINUOUS
10
4.3783070866141731
20
-5.4805025984251969
11
4.3783070866141731
21
-5.4847328740157479
0
LINE
8
BLACK
6
CONTINUOUS
10
4.3783070866141731
20
-5.4847328740157479
11
4.3805931496062991
21
-5.4893050787401574
0
LINE
8
BLACK
6
CONTINUOUS
10
4.3805931496062991
20
-5.4893050787401574
11
4.3827276771653541
21
-5.4914395669291336
0
LINE
8
BLACK
6
CONTINUOUS
10
4.3827276771653541
20
-5.4914395669291336
11
4.387633464566929
21
-5.4938924803149609
0
LINE
8
BLACK
6
CONTINUOUS
10
4.387633464566929
20
-5.4938924803149609
11
4.3985676377952752
21
-5.4966260236220474
0
LINE
8
BLACK
6
CONTINUOUS
10
4.3985676377952752
20
-5.4966260236220474
11
4.3990330708661416
21
-5.4968335826771648
0
LINE
8
BLACK
6
CONTINUOUS
10
4.3990330708661416
20
-5.4968335826771648
11
4.3991720078740153
21
-5.4968496062992127
0
LINE
8
BLACK
6
CONTINUOUS
10
4.3991720078740153
20
-5.4968496062992127
11
4.4047963385826767
21
-5.4996617716535434
0
LINE
8
BLACK
6
CONTINUOUS
10
4.4047963385826767
20
-5.4996617716535434
11
4.4055053937007873
21
-5.5001876377952756
0
LINE
8
BLACK
6
CONTINUOUS
10
4.4055053937007873
20
-5.5001876377952756
11
4.4055637401574801
21
-5.5002148818897636
0
LINE
8
BLACK
6
CONTINUOUS
10
4.4055637401574801
20
-5.5002148818897636
11
4.408375866141732
21
-5.5030270472440943
0
LINE
8
BLACK
6
CONTINUOUS
10
4.408375866141732
20
-5.5030270472440943
11
4.4088822440944879
21
-5.5037501968503939
0
LINE
8
BLACK
6
CONTINUOUS
10
4.4088822440944879
20
-5.5037501968503939
11
4.4089289763779522
21
-5.5037944488188977
0
LINE
8
BLACK
6
CONTINUOUS
10
4.4089289763779522
20
-5.5037944488188977
11
4.4117411417322829
21
-5.5094187401574803
0
LINE
8
BLACK
6
CONTINUOUS
10
4.4117411417322829
20
-5.5094187401574803
11
4.4120335039370078
21
-5.5104016535433074
0
LINE
8
BLACK
6
CONTINUOUS
10
4.4120335039370078
20
-5.5104016535433074
11
4.4119924803149608
21
-5.5105733464566926
0
LINE
8
BLACK
6
CONTINUOUS
10
4.4119924803149608
20
-5.5105733464566926
11
4.4120528740157479
21
-5.5107392519685039
0
LINE
8
BLACK
6
CONTINUOUS
10
4.4120528740157479
20
-5.5107392519685039
11
4.4120528740157479
21
-5.5163635433070866
0
LINE
8
BLACK
6
CONTINUOUS
10
4.4120528740157479
20
-5.5163635433070866
11
4.4118748031496064
21
-5.517373464566929
0
LINE
8
BLACK
6
CONTINUOUS
10
4.4118748031496064
20
-5.517373464566929
11
4.4117612992125981
21
-5.5175087007874017
0
LINE
8
BLACK
6
CONTINUOUS
10
4.4117612992125981
20
-5.5175087007874017
11
4.4117411417322829
21
-5.5176840551181101
0
LINE
8
BLACK
6
CONTINUOUS
10
4.4117411417322829
20
-5.5176840551181101
11
4.4089289763779522
21
-5.5233083464566928
0
LINE
8
BLACK
6
CONTINUOUS
10
4.4089289763779522
20
-5.5233083464566928
11
4.40840311023622
21
-5.5240172834645671
0
LINE
8
BLACK
6
CONTINUOUS
10
4.40840311023622
20
-5.5240172834645671
11
4.408375866141732
21
-5.5240757480314961
0
LINE
8
BLACK
6
CONTINUOUS
10
4.408375866141732
20
-5.5240757480314961
11
4.4055637401574801
21
-5.5268879133858269
0
LINE
8
BLACK
6
CONTINUOUS
10
4.4055637401574801
20
-5.5268879133858269
11
4.4048405905511814
21
-5.527394251968504
0
LINE
8
BLACK
6
CONTINUOUS
10
4.4048405905511814
20
-5.527394251968504
11
4.4047963385826767
21
-5.527441023622047
0
LINE
8
BLACK
6
CONTINUOUS
10
4.4047963385826767
20
-5.527441023622047
11
4.3991720078740153
21
-5.530253149606299
0
LINE
8
BLACK
6
CONTINUOUS
10
4.3991720078740153
20
-5.530253149606299
11
4.3981890551181104
21
-5.5305455511811026
0
LINE
8
BLACK
6
CONTINUOUS
10
4.3981890551181104
20
-5.5305455511811026
11
4.3980173228346455
21
-5.530504488188976
0
LINE
8
BLACK
6
CONTINUOUS
10
4.3980173228346455
20
-5.530504488188976
11
4.3978514960629917
21
-5.5305648818897639
0
LINE
8
BLACK
6
CONTINUOUS
10
4.3978514960629917
20
-5.5305648818897639
11
4.3837907874015745
21
-5.5305648818897639
0
LINE
8
BLACK
6
CONTINUOUS
10
4.3837907874015745
20
-5.5305648818897639
11
4.3829213779527558
21
-5.530411574803149
0
LINE
8
BLACK
6
CONTINUOUS
10
4.3829213779527558
20
-5.530411574803149
11
4.3828570472440944
21
-5.5304133464566929
0
LINE
8
BLACK
6
CONTINUOUS
10
4.3828570472440944
20
-5.5304133464566929
11
4.374420590551181
21
-5.527601220472441
0
LINE
8
BLACK
6
CONTINUOUS
10
4.374420590551181
20
-5.527601220472441
11
4.3735188188976375
21
-5.5271129527559051
0
LINE
8
BLACK
6
CONTINUOUS
10
4.3735188188976375
20
-5.5271129527559051
11
4.3724615354330707
21
-5.5253919685039365
0
LINE
8
BLACK
6
CONTINUOUS
10
4.3724615354330707
20
-5.5253919685039365
11
4.3727577952755903
21
-5.523394015748031
0
LINE
8
BLACK
6
CONTINUOUS
10
4.3727577952755903
20
-5.523394015748031
11
4.3742690157480313
21
-5.5220539370078736
0
LINE
8
BLACK
6
CONTINUOUS
10
4.3742690157480313
20
-5.5220539370078736
11
4.376288070866142
21
-5.5219987795275589
0
LINE
8
BLACK
6
CONTINUOUS
10
4.376288070866142
20
-5.5219987795275589
11
4.3842699212598424
21
-5.5246593700787399
0
LINE
8
BLACK
6
CONTINUOUS
10
4.3842699212598424
20
-5.5246593700787399
11
4.3971544488188972
21
-5.5246593700787399
0
LINE
8
BLACK
6
CONTINUOUS
10
4.3971544488188972
20
-5.5246593700787399
11
4.4017266535433066
21
-5.5223732677165351
0
LINE
8
BLACK
6
CONTINUOUS
10
4.4017266535433066
20
-5.5223732677165351
11
4.4038611811023625
21
-5.5202387401574802
0
LINE
8
BLACK
6
CONTINUOUS
10
4.4038611811023625
20
-5.5202387401574802
11
4.4061473622047247
21
-5.5156664566929132
0
LINE
8
BLACK
6
CONTINUOUS
10
4.4061473622047247
20
-5.5156664566929132
11
4.4061473622047247
21
-5.5114362992125985
0
LINE
8
BLACK
6
CONTINUOUS
10
4.4061473622047247
20
-5.5114362992125985
11
4.4038611811023625
21
-5.5068640157480315
0
LINE
8
BLACK
6
CONTINUOUS
10
4.4038611811023625
20
-5.5068640157480315
11
4.4017266929133854
21
-5.5047294881889766
0
LINE
8
BLACK
6
CONTINUOUS
10
4.4017266929133854
20
-5.5047294881889766
11
4.39682094488189
21
-5.502276614173228
0
LINE
8
BLACK
6
CONTINUOUS
10
4.39682094488189
20
-5.502276614173228
11
4.385886771653543
21
-5.4995431102362202
0
LINE
8
BLACK
6
CONTINUOUS
10
4.385886771653543
20
-5.4995431102362202
11
4.3854212992125987
21
-5.4993355118110232
0
LINE
8
BLACK
6
CONTINUOUS
10
4.3854212992125987
20
-5.4993355118110232
11
4.3852824015748029
21
-5.499319527559055
0
LINE
8
BLACK
6
CONTINUOUS
10
4.3852824015748029
20
-5.499319527559055
11
4.3796581102362202
21
-5.4965073622047242
0
LINE
8
BLACK
6
CONTINUOUS
10
4.3796581102362202
20
-5.4965073622047242
11
4.378949133858268
21
-5.495981496062992
0
LINE
8
BLACK
6
CONTINUOUS
10
4.378949133858268
20
-5.495981496062992
11
4.3788907086614168
21
-5.4959542519685041
0
LINE
8
BLACK
6
CONTINUOUS
10
4.3788907086614168
20
-5.4959542519685041
11
4.3760785433070861
21
-5.4931421259842521
0
LINE
8
BLACK
6
CONTINUOUS
10
4.3760785433070861
20
-5.4931421259842521
11
4.3755721653543302
21
-5.4924189763779525
0
LINE
8
BLACK
6
CONTINUOUS
10
4.3755721653543302
20
-5.4924189763779525
11
4.3755254330708659
21
-5.4923747244094487
0
LINE
8
BLACK
6
CONTINUOUS
10
4.3755254330708659
20
-5.4923747244094487
11
4.372713307086614
21
-5.4867504330708661
0
LINE
8
BLACK
6
CONTINUOUS
10
4.372713307086614
20
-5.4867504330708661
11
4.37242094488189
21
-5.4857674803149603
0
LINE
8
BLACK
6
CONTINUOUS
10
4.37242094488189
20
-5.4857674803149603
11
4.3724619291338582
21
-5.4855957874015751
0
LINE
8
BLACK
6
CONTINUOUS
10
4.3724619291338582
20
-5.4855957874015751
11
4.3724015748031499
21
-5.4854299212598425
0
LINE
8
BLACK
6
CONTINUOUS
10
4.3724015748031499
20
-5.4854299212598425
11
4.3724015748031499
21
-5.4798055905511811
0
LINE
8
BLACK
6
CONTINUOUS
10
4.3724015748031499
20
-5.4798055905511811
11
4.3725796456692914
21
-5.4787956692913387
0
LINE
8
BLACK
6
CONTINUOUS
10
4.3725796456692914
20
-5.4787956692913387
11
4.3726931102362201
21
-5.4786603937007872
0
LINE
8
BLACK
6
CONTINUOUS
10
4.3726931102362201
20
-5.4786603937007872
11
4.372713307086614
21
-5.4784850787401576
0
LINE
8
BLACK
6
CONTINUOUS
10
4.372713307086614
20
-5.4784850787401576
11
4.3755254330708659
21
-5.4728607874015749
0
LINE
8
BLACK
6
CONTINUOUS
10
4.3755254330708659
20
-5.4728607874015749
11
4.3760512992125982
21
-5.4721516929133855
0
LINE
8
BLACK
6
CONTINUOUS
10
4.3760512992125982
20
-5.4721516929133855
11
4.3760785433070861
21
-5.4720933858267715
0
LINE
8
BLACK
6
CONTINUOUS
10
4.3760785433070861
20
-5.4720933858267715
11
4.3788907086614168
21
-5.4692812598425196
0
LINE
8
BLACK
6
CONTINUOUS
10
4.3788907086614168
20
-5.4692812598425196
11
4.3796138582677164
21
-5.4687748425196849
0
LINE
8
BLACK
6
CONTINUOUS
10
4.3796138582677164
20
-5.4687748425196849
11
4.3796581102362202
21
-5.4687281496062994
0
LINE
8
BLACK
6
CONTINUOUS
10
4.3796581102362202
20
-5.4687281496062994
11
4.3852824015748029
21
-5.4659159842519687
0
LINE
8
BLACK
6
CONTINUOUS
10
4.3852824015748029
20
-5.4659159842519687
11
4.3862653149606299
21
-5.4656236220472438
0
LINE
8
BLACK
6
CONTINUOUS
10
4.3862653149606299
20
-5.4656236220472438
11
4.386437007874016
21
-5.4656646062992129
0
LINE
8
BLACK
6
CONTINUOUS
10
4.386437007874016
20
-5.4656646062992129
11
4.3866029133858264
21
-5.4656042519685037
0
LINE
8
BLACK
6
CONTINUOUS
10
4.3866029133858264
20
-5.4656042519685037
11
4.4006636614173225
21
-5.4656042519685037
0
LINE
8
BLACK
6
CONTINUOUS
10
4.4006636614173225
20
-5.4656042519685037
11
4.4015330314960632
21
-5.465757519685039
0
LINE
8
BLACK
6
CONTINUOUS
10
4.5394688582677167
20
-5.4657823228346452
11
4.5396040944881886
21
-5.4658957874015748
0
LINE
8
BLACK
6
CONTINUOUS
10
4.5396040944881886
20
-5.4658957874015748
11
4.5397794488188978
21
-5.4659159842519687
0
LINE
8
BLACK
6
CONTINUOUS
10
4.5397794488188978
20
-5.4659159842519687
11
4.5454037401574805
21
-5.4687281496062994
0
LINE
8
BLACK
6
CONTINUOUS
10
4.5454037401574805
20
-5.4687281496062994
11
4.5461127952755902
21
-5.4692540551181104
0
LINE
8
BLACK
6
CONTINUOUS
10
4.5461127952755902
20
-5.4692540551181104
11
4.546171141732283
21
-5.4692812598425196
0
LINE
8
BLACK
6
CONTINUOUS
10
4.546171141732283
20
-5.4692812598425196
11
4.5489833070866137
21
-5.4720933858267715
0
LINE
8
BLACK
6
CONTINUOUS
10
4.5489833070866137
20
-5.4720933858267715
11
4.5494896456692908
21
-5.4728164960629924
0
LINE
8
BLACK
6
CONTINUOUS
10
4.5494896456692908
20
-5.4728164960629924
11
4.5495364173228348
21
-5.4728607874015749
0
LINE
8
BLACK
6
CONTINUOUS
10
4.5495364173228348
20
-5.4728607874015749
11
4.5523485433070867
21
-5.4784850787401576
0
LINE
8
BLACK
6
CONTINUOUS
10
4.5523485433070867
20
-5.4784850787401576
11
4.5524938188976378
21
-5.4789735433070863
0
LINE
8
BLACK
6
CONTINUOUS
10
4.5524938188976378
20
-5.4789735433070863
11
4.552572125984252
21
-5.4790894488188977
0
LINE
8
BLACK
6
CONTINUOUS
10
4.552572125984252
20
-5.4790894488188977
11
4.5553842913385827
21
-5.490338031496063
0
LINE
8
BLACK
6
CONTINUOUS
10
4.5553842913385827
20
-5.490338031496063
11
4.5554257480314959
21
-5.4909259448818899
0
LINE
8
BLACK
6
CONTINUOUS
10
4.5554257480314959
20
-5.4909259448818899
11
4.5554724409448815
21
-5.4910542125984252
0
LINE
8
BLACK
6
CONTINUOUS
10
4.5554724409448815
20
-5.4910542125984252
11
4.5554724409448815
21
-5.5051149606299212
0
LINE
8
BLACK
6
CONTINUOUS
10
4.5554724409448815
20
-5.5051149606299212
11
4.5553700787401574
21
-5.5056953543307081
0
LINE
8
BLACK
6
CONTINUOUS
10
4.5553700787401574
20
-5.5056953543307081
11
4.5553842913385827
21
-5.5058311417322834
0
LINE
8
BLACK
6
CONTINUOUS
10
4.5553842913385827
20
-5.5058311417322834
11
4.552572125984252
21
-5.51707968503937
0
LINE
8
BLACK
6
CONTINUOUS
10
4.552572125984252
20
-5.51707968503937
11
4.552364527559055
21
-5.5175451181102364
0
LINE
8
BLACK
6
CONTINUOUS
10
4.552364527559055
20
-5.5175451181102364
11
4.5523485433070867
21
-5.5176840551181101
0
LINE
8
BLACK
6
CONTINUOUS
10
4.5523485433070867
20
-5.5176840551181101
11
4.5495364173228348
21
-5.5233083464566928
0
LINE
8
BLACK
6
CONTINUOUS
10
4.5495364173228348
20
-5.5233083464566928
11
4.549010472440945
21
-5.5240174015748034
0
LINE
8
BLACK
6
CONTINUOUS
10
4.549010472440945
20
-5.5240174015748034
11
4.5489833070866137
21
-5.5240757480314961
0
LINE
8
BLACK
6
CONTINUOUS
10
4.5489833070866137
20
-5.5240757480314961
11
4.546171141732283
21
-5.5268879133858269
0
LINE
8
BLACK
6
CONTINUOUS
10
4.546171141732283
20
-5.5268879133858269
11
4.545448031496063
21
-5.5273941732283465
0
LINE
8
BLACK
6
CONTINUOUS
10
4.545448031496063
20
-5.5273941732283465
11
4.5454037401574805
21
-5.527441023622047
0
LINE
8
BLACK
6
CONTINUOUS
10
4.5454037401574805
20
-5.527441023622047
11
4.5397794488188978
21
-5.530253149606299
0
LINE
8
BLACK
6
CONTINUOUS
10
4.5397794488188978
20
-5.530253149606299
11
4.5387964960629921
21
-5.5305455118110238
0
LINE
8
BLACK
6
CONTINUOUS
10
4.5387964960629921
20
-5.5305455118110238
11
4.5386248031496059
21
-5.530504488188976
0
LINE
8
BLACK
6
CONTINUOUS
10
4.5386248031496059
20
-5.530504488188976
11
4.5384589370078743
21
-5.5305648818897639
0
LINE
8
BLACK
6
CONTINUOUS
10
4.5384589370078743
20
-5.5305648818897639
11
4.5328346456692916
21
-5.5305648818897639
0
LINE
8
BLACK
6
CONTINUOUS
10
4.5328346456692916
20
-5.5305648818897639
11
4.5318247244094483
21
-5.5303868110236216
0
LINE
8
BLACK
6
CONTINUOUS
10
4.5318247244094483
20
-5.5303868110236216
11
4.5316894488188977
21
-5.5302733070866141
0
LINE
8
BLACK
6
CONTINUOUS
10
4.5316894488188977
20
-5.5302733070866141
11
4.5315141338582672
21
-5.530253149606299
0
LINE
8
BLACK
6
CONTINUOUS
10
4.5315141338582672
20
-5.530253149606299
11
4.5258898425196845
21
-5.527441023622047
0
LINE
8
BLACK
6
CONTINUOUS
10
4.5258898425196845
20
-5.527441023622047
11
4.5251807480314961
21
-5.5269150787401573
0
LINE
8
BLACK
6
CONTINUOUS
10
4.5251807480314961
20
-5.5269150787401573
11
4.525122440944882
21
-5.5268879133858269
0
LINE
8
BLACK
6
CONTINUOUS
10
4.525122440944882
20
-5.5268879133858269
11
4.5223102755905513
21
-5.5240757480314961
0
LINE
8
BLACK
6
CONTINUOUS
10
4.5223102755905513
20
-5.5240757480314961
11
4.5218039763779529
21
-5.5233526377952753
0
LINE
8
BLACK
6
CONTINUOUS
10
4.5218039763779529
20
-5.5233526377952753
11
4.5217571653543303
21
-5.5233083464566928
0
LINE
8
BLACK
6
CONTINUOUS
10
4.5217571653543303
20
-5.5233083464566928
11
4.5189449999999995
21
-5.5176840551181101
0
LINE
8
BLACK
6
CONTINUOUS
10
4.5189449999999995
20
-5.5176840551181101
11
4.5187996850393697
21
-5.5171955905511814
0
LINE
8
BLACK
6
CONTINUOUS
10
4.5187996850393697
20
-5.5171955905511814
11
4.5187214173228343
21
-5.51707968503937
0
LINE
8
BLACK
6
CONTINUOUS
10
4.5187214173228343
20
-5.51707968503937
11
4.5159092913385823
21
-5.5058311023622046
0
LINE
8
BLACK
6
CONTINUOUS
10
4.5159092913385823
20
-5.5058311023622046
11
4.5158677952755903
21
-5.5052431889763778
0
LINE
8
BLACK
6
CONTINUOUS
10
4.5158677952755903
20
-5.5052431889763778
11
4.5158211417322836
21
-5.5051149606299212
0
LINE
8
BLACK
6
CONTINUOUS
10
4.5158211417322836
20
-5.5051149606299212
11
4.5158211417322836
21
-5.4910542125984252
0
LINE
8
BLACK
6
CONTINUOUS
10
4.5158211417322836
20
-5.4910542125984252
11
4.5159234645669288
21
-5.4904738188976374
0
LINE
8
BLACK
6
CONTINUOUS
10
4.5159234645669288
20
-5.4904738188976374
11
4.5159092913385823
21
-5.4903380708661418
0
LINE
8
BLACK
6
CONTINUOUS
10
4.5159092913385823
20
-5.4903380708661418
11
4.5187214173228343
21
-5.4790894488188977
0
LINE
8
BLACK
6
CONTINUOUS
10
4.5187214173228343
20
-5.4790894488188977
11
4.5189289763779525
21
-5.4786239763779525
0
LINE
8
BLACK
6
CONTINUOUS
10
4.5189289763779525
20
-5.4786239763779525
11
4.5189449999999995
21
-5.4784850787401576
0
LINE
8
BLACK
6
CONTINUOUS
10
4.5189449999999995
20
-5.4784850787401576
11
4.5217571653543303
21
-5.4728607874015749
0
LINE
8
BLACK
6
CONTINUOUS
10
4.5217571653543303
20
-5.4728607874015749
11
4.5222830314960625
21
-5.4721516929133855
0
LINE
8
BLACK
6
CONTINUOUS
10
4.5222830314960625
20
-5.4721516929133855
11
4.5223102755905513
21
-5.4720933858267715
0
LINE
8
BLACK
6
CONTINUOUS
10
4.5223102755905513
20
-5.4720933858267715
11
4.525122440944882
21
-5.4692812598425196
0
LINE
8
BLACK
6
CONTINUOUS
10
4.525122440944882
20
-5.4692812598425196
11
4.5258455905511807
21
-5.4687748425196849
0
LINE
8
BLACK
6
CONTINUOUS
10
4.5258455905511807
20
-5.4687748425196849
11
4.5258898425196845
21
-5.4687281496062994
0
LINE
8
BLACK
6
CONTINUOUS
10
4.5258898425196845
20
-5.4687281496062994
11
4.5315141338582672
21
-5.4659159842519687
0
LINE
8
BLACK
6
CONTINUOUS
10
4.5315141338582672
20
-5.4659159842519687
11
4.5324970472440942
21
-5.4656236220472438
0
LINE
8
BLACK
6
CONTINUOUS
10
4.5324970472440942
20
-5.4656236220472438
11
4.5326687401574803
21
-5.4656646062992129
0
LINE
8
BLACK
6
CONTINUOUS
10
4.5326687401574803
20
-5.4656646062992129
11
4.5328346456692916
21
-5.4656042519685037
0
LINE
8
BLACK
6
CONTINUOUS
10
4.5328346456692916
20
-5.4656042519685037
11
4.5384589370078743
21
-5.4656042519685037
0
LINE
8
BLACK
6
CONTINUOUS
10
4.5384589370078743
20
-5.4656042519685037
11
4.5394688582677167
21
-5.4657823228346452
0
LINE
8
BLACK
6
CONTINUOUS
10
4.5289594094488184
20
-5.4737959055118113
11
4.5268248818897634
21
-5.4759303937007875
0
LINE
8
BLACK
6
CONTINUOUS
10
4.5268248818897634
20
-5.4759303937007875
11
4.5243720078740157
21
-5.4808361417322837
0
LINE
8
BLACK
6
CONTINUOUS
10
4.5243720078740157
20
-5.4808361417322837
11
4.5217266535433067
21
-5.491417716535433
0
LINE
8
BLACK
6
CONTINUOUS
10
4.5217266535433067
20
-5.491417716535433
11
4.5217266535433067
21
-5.5047514173228347
0
LINE
8
BLACK
6
CONTINUOUS
10
4.5217266535433067
20
-5.5047514173228347
11
4.5243720078740157
21
-5.5153329527559052
0
LINE
8
BLACK
6
CONTINUOUS
10
4.5243720078740157
20
-5.5153329527559052
11
4.5268248818897634
21
-5.5202387007874014
0
LINE
8
BLACK
6
CONTINUOUS
10
4.5268248818897634
20
-5.5202387007874014
11
4.5289594094488184
21
-5.5223732283464564
0
LINE
8
BLACK
6
CONTINUOUS
10
4.5289594094488184
20
-5.5223732283464564
11
4.5335316929133853
21
-5.5246593700787399
0
LINE
8
BLACK
6
CONTINUOUS
10
4.5335316929133853
20
-5.5246593700787399
11
4.5377618897637797
21
-5.5246593700787399
0
LINE
8
BLACK
6
CONTINUOUS
10
4.5377618897637797
20
-5.5246593700787399
11
4.5423341338582679
21
-5.5223732283464564
0
LINE
8
BLACK
6
CONTINUOUS
10
4.5423341338582679
20
-5.5223732283464564
11
4.5444686220472441
21
-5.5202387401574802
0
LINE
8
BLACK
6
CONTINUOUS
10
4.5444686220472441
20
-5.5202387401574802
11
4.5469214960629918
21
-5.5153329921259839
0
LINE
8
BLACK
6
CONTINUOUS
10
4.5469214960629918
20
-5.5153329921259839
11
4.5495669291338583
21
-5.5047513779527559
0
LINE
8
BLACK
6
CONTINUOUS
10
4.5495669291338583
20
-5.5047513779527559
11
4.5495669291338583
21
-5.4914177559055117
0
LINE
8
BLACK
6
CONTINUOUS
10
4.5495669291338583
20
-5.4914177559055117
11
4.5469214960629918
21
-5.480836102362205
0
LINE
8
BLACK
6
CONTINUOUS
10
4.5469214960629918
20
-5.480836102362205
11
4.5444686614173229
21
-5.4759303937007875
0
LINE
8
BLACK
6
CONTINUOUS
10
4.5444686614173229
20
-5.4759303937007875
11
4.5423341338582679
21
-5.4737959055118113
0
LINE
8
BLACK
6
CONTINUOUS
10
4.5423341338582679
20
-5.4737959055118113
11
4.5377618897637797
21
-5.4715097637795278
0
LINE
8
BLACK
6
CONTINUOUS
10
4.5377618897637797
20
-5.4715097637795278
11
4.5335316929133853
21
-5.4715097637795278
0
LINE
8
BLACK
6
CONTINUOUS
10
4.5335316929133853
20
-5.4715097637795278
11
4.5289594094488184
21
-5.4737959055118113
0
LINE
8
BLACK
6
CONTINUOUS
10
4.4579165354330712
20
-5.4657823228346452
11
4.458051771653543
21
-5.4658957874015748
0
LINE
8
BLACK
6
CONTINUOUS
10
4.458051771653543
20
-5.4658957874015748
11
4.4582271259842523
21
-5.4659159842519687
0
LINE
8
BLACK
6
CONTINUOUS
10
4.4582271259842523
20
-5.4659159842519687
11
4.463851417322835
21
-5.4687281496062994
0
LINE
8
BLACK
6
CONTINUOUS
10
4.463851417322835
20
-5.4687281496062994
11
4.4645604724409447
21
-5.4692540551181104
0
LINE
8
BLACK
6
CONTINUOUS
10
4.4645604724409447
20
-5.4692540551181104
11
4.4646188188976375
21
-5.4692812598425196
0
LINE
8
BLACK
6
CONTINUOUS
10
4.4646188188976375
20
-5.4692812598425196
11
4.4674309842519682
21
-5.4720933858267715
0
LINE
8
BLACK
6
CONTINUOUS
10
4.4674309842519682
20
-5.4720933858267715
11
4.4679373228346453
21
-5.4728164960629924
0
LINE
8
BLACK
6
CONTINUOUS
10
4.4679373228346453
20
-5.4728164960629924
11
4.4679840944881892
21
-5.4728607874015749
0
LINE
8
BLACK
6
CONTINUOUS
10
4.4679840944881892
20
-5.4728607874015749
11
4.4707962204724412
21
-5.4784850787401576
0
LINE
8
BLACK
6
CONTINUOUS
10
4.4707962204724412
20
-5.4784850787401576
11
4.4710886220472439
21
-5.4794680314960624
0
LINE
8
BLACK
6
CONTINUOUS
10
4.4710886220472439
20
-5.4794680314960624
11
4.4710475590551182
21
-5.4796397244094486
0
LINE
8
BLACK
6
CONTINUOUS
10
4.4710475590551182
20
-5.4796397244094486
11
4.4711079527559052
21
-5.4798055905511811
0
LINE
8
BLACK
6
CONTINUOUS
10
4.4711079527559052
20
-5.4798055905511811
11
4.4711079527559052
21
-5.4882420472440945
0
LINE
8
BLACK
6
CONTINUOUS
10
4.4711079527559052
20
-5.4882420472440945
11
4.4709298818897638
21
-5.4892519685039369
0
LINE
8
BLACK
6
CONTINUOUS
10
4.4709298818897638
20
-5.4892519685039369
11
4.4708163779527554
21
-5.4893872047244097
0
LINE
8
BLACK
6
CONTINUOUS
10
4.4708163779527554
20
-5.4893872047244097
11
4.4707962204724412
21
-5.489562559055118
0
LINE
8
BLACK
6
CONTINUOUS
10
4.4707962204724412
20
-5.489562559055118
11
4.4679840944881892
21
-5.4951868503937007
0
LINE
8
BLACK
6
CONTINUOUS
10
4.4679840944881892
20
-5.4951868503937007
11
4.4674581496062995
21
-5.4958959055118113
0
LINE
8
BLACK
6
CONTINUOUS
10
4.4674581496062995
20
-5.4958959055118113
11
4.4674309842519682
21
-5.4959542519685041
0
LINE
8
BLACK
6
CONTINUOUS
10
4.4674309842519682
20
-5.4959542519685041
11
4.4646188188976375
21
-5.4987664173228348
0
LINE
8
BLACK
6
CONTINUOUS
10
4.4646188188976375
20
-5.4987664173228348
11
4.4638957086614175
21
-5.4992726771653544
0
LINE
8
BLACK
6
CONTINUOUS
10
4.4638957086614175
20
-5.4992726771653544
11
4.463851417322835
21
-5.499319527559055
0
LINE
8
BLACK
6
CONTINUOUS
10
4.463851417322835
20
-5.499319527559055
11
4.4582271259842523
21
-5.5021316535433069
0
LINE
8
BLACK
6
CONTINUOUS
10
4.4582271259842523
20
-5.5021316535433069
11
4.4572441732283465
21
-5.5024240157480317
0
LINE
8
BLACK
6
CONTINUOUS
10
4.4572441732283465
20
-5.5024240157480317
11
4.4570724803149604
21
-5.5023829921259839
0
LINE
8
BLACK
6
CONTINUOUS
10
4.4570724803149604
20
-5.5023829921259839
11
4.4569066141732279
21
-5.5024433858267718
0
LINE
8
BLACK
6
CONTINUOUS
10
4.4569066141732279
20
-5.5024433858267718
11
4.4373621653543305
21
-5.5024433858267718
0
LINE
8
BLACK
6
CONTINUOUS
10
4.4373621653543305
20
-5.5024433858267718
11
4.4373621653543305
21
-5.5276121259842519
0
LINE
8
BLACK
6
CONTINUOUS
10
4.4373621653543305
20
-5.5276121259842519
11
4.4371840944881891
21
-5.5286220472440943
0
LINE
8
BLACK
6
CONTINUOUS
10
4.4371840944881891
20
-5.5286220472440943
11
4.4358857874015749
21
-5.5301692913385825
0
LINE
8
BLACK
6
CONTINUOUS
10
4.4358857874015749
20
-5.5301692913385825
11
4.4338966535433073
21
-5.5305200393700789
0
LINE
8
BLACK
6
CONTINUOUS
10
4.4338966535433073
20
-5.5305200393700789
11
4.4321474803149608
21
-5.5295101181102364
0
LINE
8
BLACK
6
CONTINUOUS
10
4.4321474803149608
20
-5.5295101181102364
11
4.4314566535433073
21
-5.5276121259842519
0
LINE
8
BLACK
6
CONTINUOUS
10
4.4314566535433073
20
-5.5276121259842519
11
4.4314566535433073
21
-5.4685570078740158
0
LINE
8
BLACK
6
CONTINUOUS
10
4.4314566535433073
20
-5.4685570078740158
11
4.4315242519685034
21
-5.4681734645669291
0
LINE
8
BLACK
6
CONTINUOUS
10
4.4315242519685034
20
-5.4681734645669291
11
4.4315014960629924
21
-5.4680442519685037
0
LINE
8
BLACK
6
CONTINUOUS
10
4.4315014960629924
20
-5.4680442519685037
11
4.431567086614173
21
-5.46793062992126
0
LINE
8
BLACK
6
CONTINUOUS
10
4.431567086614173
20
-5.46793062992126
11
4.4316347244094487
21
-5.4675470866141733
0
LINE
8
BLACK
6
CONTINUOUS
10
4.4316347244094487
20
-5.4675470866141733
11
4.4321278346456694
21
-5.4669593700787402
0
LINE
8
BLACK
6
CONTINUOUS
10
4.4321278346456694
20
-5.4669593700787402
11
4.4325114173228348
21
-5.4662950787401572
0
LINE
8
BLACK
6
CONTINUOUS
10
4.4325114173228348
20
-5.4662950787401572
11
4.4327617322834643
21
-5.4662039370078741
0
LINE
8
BLACK
6
CONTINUOUS
10
4.4327617322834643
20
-5.4662039370078741
11
4.4329330314960629
21
-5.4659998425196852
0
LINE
8
BLACK
6
CONTINUOUS
10
4.4329330314960629
20
-5.4659998425196852
11
4.4336885826771653
21
-5.4658665748031492
0
LINE
8
BLACK
6
CONTINUOUS
10
4.4336885826771653
20
-5.4658665748031492
11
4.4344094094488185
21
-5.4656042519685037
0
LINE
8
BLACK
6
CONTINUOUS
10
4.4344094094488185
20
-5.4656042519685037
11
4.4569066141732279
21
-5.4656042519685037
0
LINE
8
BLACK
6
CONTINUOUS
10
4.4569066141732279
20
-5.4656042519685037
11
4.4579165354330712
21
-5.4657823228346452
0
LINE
8
BLACK
6
CONTINUOUS
10
4.4373621653543305
20
-5.4965378740157478
11
4.4562095669291342
21
-5.4965378740157478
0
LINE
8
BLACK
6
CONTINUOUS
10
4.4562095669291342
20
-5.4965378740157478
11
4.4607818110236224
21
-5.4942517322834643
0
LINE
8
BLACK
6
CONTINUOUS
10
4.4607818110236224
20
-5.4942517322834643
11
4.4629162992125986
21
-5.4921172440944881
0
LINE
8
BLACK
6
CONTINUOUS
10
4.4629162992125986
20
-5.4921172440944881
11
4.4652024409448821
21
-5.4875449999999999
0
LINE
8
BLACK
6
CONTINUOUS
10
4.4652024409448821
20
-5.4875449999999999
11
4.4652024409448821
21
-5.4805025984251969
0
LINE
8
BLACK
6
CONTINUOUS
10
4.4652024409448821
20
-5.4805025984251969
11
4.4629163385826773
21
-5.4759303937007875
0
LINE
8
BLACK
6
CONTINUOUS
10
4.4629163385826773
20
-5.4759303937007875
11
4.4607818110236224
21
-5.4737959055118113
0
LINE
8
BLACK
6
CONTINUOUS
10
4.4607818110236224
20
-5.4737959055118113
11
4.4562095669291342
21
-5.4715097637795278
0
LINE
8
BLACK
6
CONTINUOUS
10
4.4562095669291342
20
-5.4715097637795278
11
4.4373621653543305
21
-5.4715097637795278
0
LINE
8
BLACK
6
CONTINUOUS
10
4.4373621653543305
20
-5.4715097637795278
11
4.4373621653543305
21
-5.4965378740157478
0
LINE
8
BLACK
6
CONTINUOUS
10
4.4957264566929132
20
-5.4666590157480313
11
4.4964172834645666
21
-5.4685570078740158
0
LINE
8
BLACK
6
CONTINUOUS
10
4.4964172834645666
20
-5.4685570078740158
11
4.4964172834645666
21
-5.5276121259842519
0
LINE
8
BLACK
6
CONTINUOUS
10
4.4964172834645666
20
-5.5276121259842519
11
4.4962392125984252
21
-5.5286220472440943
0
LINE
8
BLACK
6
CONTINUOUS
10
4.4962392125984252
20
-5.5286220472440943
11
4.494940905511811
21
-5.5301692913385825
0
LINE
8
BLACK
6
CONTINUOUS
10
4.494940905511811
20
-5.5301692913385825
11
4.4929517716535434
21
-5.5305200393700789
0
LINE
8
BLACK
6
CONTINUOUS
10
4.4929517716535434
20
-5.5305200393700789
11
4.4912025984251969
21
-5.5295101181102364
0
LINE
8
BLACK
6
CONTINUOUS
10
4.4912025984251969
20
-5.5295101181102364
11
4.4905117716535434
21
-5.5276121259842519
0
LINE
8
BLACK
6
CONTINUOUS
10
4.4905117716535434
20
-5.5276121259842519
11
4.4905117716535434
21
-5.4685570078740158
0
LINE
8
BLACK
6
CONTINUOUS
10
4.4905117716535434
20
-5.4685570078740158
11
4.4906898425196848
21
-5.4675470866141733
0
LINE
8
BLACK
6
CONTINUOUS
10
4.4906898425196848
20
-5.4675470866141733
11
4.491988149606299
21
-5.4659998425196852
0
LINE
8
BLACK
6
CONTINUOUS
10
4.491988149606299
20
-5.4659998425196852
11
4.4939772834645666
21
-5.4656490944881888
0
LINE
8
BLACK
6
CONTINUOUS
10
4.4939772834645666
20
-5.4656490944881888
11
4.4957264566929132
21
-5.4666590157480313
0
LINE
8
BLACK
6
CONTINUOUS
10
4.6499582283464562
20
-5.463867755905512
11
4.6500225984251964
21
-5.4638660236220469
0
LINE
8
BLACK
6
CONTINUOUS
10
4.6500225984251964
20
-5.4638660236220469
11
4.6584590551181098
21
-5.4666781889763776
0
LINE
8
BLACK
6
CONTINUOUS
10
4.6584590551181098
20
-5.4666781889763776
11
4.6593608267716533
21
-5.4671664566929135
0
LINE
8
BLACK
6
CONTINUOUS
10
4.6593608267716533
20
-5.4671664566929135
11
4.6604181102362201
21
-5.468887440944882
0
LINE
8
BLACK
6
CONTINUOUS
10
4.6604181102362201
20
-5.468887440944882
11
4.6601218503937005
21
-5.4708854330708663
0
LINE
8
BLACK
6
CONTINUOUS
10
4.6601218503937005
20
-5.4708854330708663
11
4.6586105905511808
21
-5.4722254724409449
0
LINE
8
BLACK
6
CONTINUOUS
10
4.6586105905511808
20
-5.4722254724409449
11
4.6565915354330709
21
-5.4722806299212596
0
LINE
8
BLACK
6
CONTINUOUS
10
4.6565915354330709
20
-5.4722806299212596
11
4.6486097244094484
21
-5.4696199999999999
0
LINE
8
BLACK
6
CONTINUOUS
10
4.6486097244094484
20
-5.4696199999999999
11
4.6357251574803149
21
-5.4696199999999999
0
LINE
8
BLACK
6
CONTINUOUS
10
4.6357251574803149
20
-5.4696199999999999
11
4.6311528740157479
21
-5.4719061417322834
0
LINE
8
BLACK
6
CONTINUOUS
10
4.6311528740157479
20
-5.4719061417322834
11
4.629018346456693
21
-5.4740406299212596
0
LINE
8
BLACK
6
CONTINUOUS
10
4.629018346456693
20
-5.4740406299212596
11
4.626732283464567
21
-5.4786128346456691
0
LINE
8
BLACK
6
CONTINUOUS
10
4.626732283464567
20
-5.4786128346456691
11
4.626732283464567
21
-5.4828431102362201
0
LINE
8
BLACK
6
CONTINUOUS
10
4.626732283464567
20
-5.4828431102362201
11
4.629018346456693
21
-5.4874153149606295
0
LINE
8
BLACK
6
CONTINUOUS
10
4.629018346456693
20
-5.4874153149606295
11
4.6311528740157479
21
-5.4895498031496066
0
LINE
8
BLACK
6
CONTINUOUS
10
4.6311528740157479
20
-5.4895498031496066
11
4.6360586614173229
21
-5.492002716535433
0
LINE
8
BLACK
6
CONTINUOUS
10
4.6360586614173229
20
-5.492002716535433
11
4.646992834645669
21
-5.4947362598425196
0
LINE
8
BLACK
6
CONTINUOUS
10
4.646992834645669
20
-5.4947362598425196
11
4.6474582677165355
21
-5.4949438188976378
0
LINE
8
BLACK
6
CONTINUOUS
10
4.6474582677165355
20
-5.4949438188976378
11
4.6475972047244092
21
-5.4949598425196848
0
LINE
8
BLACK
6
CONTINUOUS
10
4.6475972047244092
20
-5.4949598425196848
11
4.6532215354330706
21
-5.4977720078740155
0
LINE
8
BLACK
6
CONTINUOUS
10
4.6532215354330706
20
-5.4977720078740155
11
4.6539305905511812
21
-5.4982978740157478
0
LINE
8
BLACK
6
CONTINUOUS
10
4.6539305905511812
20
-5.4982978740157478
11
4.653988937007874
21
-5.4983251181102357
0
LINE
8
BLACK
6
CONTINUOUS
10
4.653988937007874
20
-5.4983251181102357
11
4.6568010629921259
21
-5.5011372834645664
0
LINE
8
BLACK
6
CONTINUOUS
10
4.6568010629921259
20
-5.5011372834645664
11
4.6573074409448818
21
-5.501860433070866
0
LINE
8
BLACK
6
CONTINUOUS
10
4.6573074409448818
20
-5.501860433070866
11
4.6573541732283461
21
-5.5019046850393698
0
LINE
8
BLACK
6
CONTINUOUS
10
4.6573541732283461
20
-5.5019046850393698
11
4.6601663385826768
21
-5.5075289763779525
0
LINE
8
BLACK
6
CONTINUOUS
10
4.6601663385826768
20
-5.5075289763779525
11
4.6604587007874017
21
-5.5085118897637795
0
LINE
8
BLACK
6
CONTINUOUS
10
4.6604587007874017
20
-5.5085118897637795
11
4.6604176771653538
21
-5.5086835826771656
0
LINE
8
BLACK
6
CONTINUOUS
10
4.6604176771653538
20
-5.5086835826771656
11
4.6604780708661417
21
-5.508849488188976
0
LINE
8
BLACK
6
CONTINUOUS
10
4.6604780708661417
20
-5.508849488188976
11
4.6604780708661417
21
-5.5144737795275587
0
LINE
8
BLACK
6
CONTINUOUS
10
4.6604780708661417
20
-5.5144737795275587
11
4.6603000000000003
21
-5.5154837007874011
0
LINE
8
BLACK
6
CONTINUOUS
10
4.6603000000000003
20
-5.5154837007874011
11
4.660186496062992
21
-5.5156189370078739
0
LINE
8
BLACK
6
CONTINUOUS
10
4.660186496062992
20
-5.5156189370078739
11
4.6601663385826768
21
-5.5157942913385822
0
LINE
8
BLACK
6
CONTINUOUS
10
4.6601663385826768
20
-5.5157942913385822
11
4.6573541732283461
21
-5.5214185826771649
0
LINE
8
BLACK
6
CONTINUOUS
10
4.6573541732283461
20
-5.5214185826771649
11
4.6568283070866139
21
-5.5221275196850392
0
LINE
8
BLACK
6
CONTINUOUS
10
4.6568283070866139
20
-5.5221275196850392
11
4.6568010629921259
21
-5.5221859842519683
0
LINE
8
BLACK
6
CONTINUOUS
10
4.6568010629921259
20
-5.5221859842519683
11
4.653988937007874
21
-5.524998149606299
0
LINE
8
BLACK
6
CONTINUOUS
10
4.653988937007874
20
-5.524998149606299
11
4.6532657874015744
21
-5.5255044881889761
0
LINE
8
BLACK
6
CONTINUOUS
10
4.6532657874015744
20
-5.5255044881889761
11
4.6532215354330706
21
-5.5255512598425192
0
LINE
8
BLACK
6
CONTINUOUS
10
4.6532215354330706
20
-5.5255512598425192
11
4.6475972047244092
21
-5.5283633858267711
0
LINE
8
BLACK
6
CONTINUOUS
10
4.6475972047244092
20
-5.5283633858267711
11
4.6466142519685034
21
-5.5286557874015747
0
LINE
8
BLACK
6
CONTINUOUS
10
4.6466142519685034
20
-5.5286557874015747
11
4.6464425196850394
21
-5.528614724409449
0
LINE
8
BLACK
6
CONTINUOUS
10
4.6464425196850394
20
-5.528614724409449
11
4.6462766929133856
21
-5.528675118110236
0
LINE
8
BLACK
6
CONTINUOUS
10
4.6462766929133856
20
-5.528675118110236
11
4.6322159842519683
21
-5.528675118110236
0
LINE
8
BLACK
6
CONTINUOUS
10
4.6322159842519683
20
-5.528675118110236
11
4.6313465748031497
21
-5.5285218110236221
0
LINE
8
BLACK
6
CONTINUOUS
10
4.6313465748031497
20
-5.5285218110236221
11
4.6312822440944883
21
-5.528523582677165
0
LINE
8
BLACK
6
CONTINUOUS
10
4.6312822440944883
20
-5.528523582677165
11
4.6228457874015749
21
-5.5257114566929131
0
LINE
8
BLACK
6
CONTINUOUS
10
4.6228457874015749
20
-5.5257114566929131
11
4.6219440157480314
21
-5.5252231889763781
0
LINE
8
BLACK
6
CONTINUOUS
10
4.6219440157480314
20
-5.5252231889763781
11
4.6208867322834646
21
-5.5235022047244096
0
LINE
8
BLACK
6
CONTINUOUS
10
4.6208867322834646
20
-5.5235022047244096
11
4.6211829921259842
21
-5.521504251968504
0
LINE
8
BLACK
6
CONTINUOUS
10
4.6211829921259842
20
-5.521504251968504
11
4.6226942125984252
21
-5.5201641732283466
0
LINE
8
BLACK
6
CONTINUOUS
10
4.6226942125984252
20
-5.5201641732283466
11
4.624713267716535
21
-5.520109015748031
0
LINE
8
BLACK
6
CONTINUOUS
10
4.624713267716535
20
-5.520109015748031
11
4.6326951181102363
21
-5.5227696062992129
0
LINE
8
BLACK
6
CONTINUOUS
10
4.6326951181102363
20
-5.5227696062992129
11
4.645579645669291
21
-5.5227696062992129
0
LINE
8
BLACK
6
CONTINUOUS
10
4.645579645669291
20
-5.5227696062992129
11
4.6501518503937005
21
-5.5204835039370082
0
LINE
8
BLACK
6
CONTINUOUS
10
4.6501518503937005
20
-5.5204835039370082
11
4.6522863779527555
21
-5.5183489763779523
0
LINE
8
BLACK
6
CONTINUOUS
10
4.6522863779527555
20
-5.5183489763779523
11
4.6545725590551177
21
-5.5137766929133853
0
LINE
8
BLACK
6
CONTINUOUS
10
4.6545725590551177
20
-5.5137766929133853
11
4.6545725590551177
21
-5.5095465354330706
0
LINE
8
BLACK
6
CONTINUOUS
10
4.6545725590551177
20
-5.5095465354330706
11
4.6522863779527555
21
-5.5049742519685037
0
LINE
8
BLACK
6
CONTINUOUS
10
4.6522863779527555
20
-5.5049742519685037
11
4.6501518897637792
21
-5.5028397244094487
0
LINE
8
BLACK
6
CONTINUOUS
10
4.6501518897637792
20
-5.5028397244094487
11
4.645246141732283
21
-5.500386850393701
0
LINE
8
BLACK
6
CONTINUOUS
10
4.645246141732283
20
-5.500386850393701
11
4.6343119685039369
21
-5.4976533464566923
0
LINE
8
BLACK
6
CONTINUOUS
10
4.6343119685039369
20
-5.4976533464566923
11
4.6338464960629917
21
-5.4974457480314962
0
LINE
8
BLACK
6
CONTINUOUS
10
4.6338464960629917
20
-5.4974457480314962
11
4.6337075984251967
21
-5.4974297637795271
0
LINE
8
BLACK
6
CONTINUOUS
10
4.6337075984251967
20
-5.4974297637795271
11
4.6280833070866141
21
-5.4946175984251964
0
LINE
8
BLACK
6
CONTINUOUS
10
4.6280833070866141
20
-5.4946175984251964
11
4.627374330708661
21
-5.4940917322834641
0
LINE
8
BLACK
6
CONTINUOUS
10
4.627374330708661
20
-5.4940917322834641
11
4.6273159055118107
21
-5.4940644881889762
0
LINE
8
BLACK
6
CONTINUOUS
10
4.6273159055118107
20
-5.4940644881889762
11
4.62450374015748
21
-5.4912523622047242
0
LINE
8
BLACK
6
CONTINUOUS
10
4.62450374015748
20
-5.4912523622047242
11
4.6239973622047241
21
-5.4905292125984246
0
LINE
8
BLACK
6
CONTINUOUS
10
4.6239973622047241
20
-5.4905292125984246
11
4.6239506299212598
21
-5.4904849606299209
0
LINE
8
BLACK
6
CONTINUOUS
10
4.6239506299212598
20
-5.4904849606299209
11
4.6211385039370079
21
-5.4848606692913382
0
LINE
8
BLACK
6
CONTINUOUS
10
4.6211385039370079
20
-5.4848606692913382
11
4.620846141732283
21
-5.4838777165354333
0
LINE
8
BLACK
6
CONTINUOUS
10
4.620846141732283
20
-5.4838777165354333
11
4.6208871259842521
21
-5.4837060236220472
0
LINE
8
BLACK
6
CONTINUOUS
10
4.6208871259842521
20
-5.4837060236220472
11
4.6208267716535429
21
-5.4835401574803146
0
LINE
8
BLACK
6
CONTINUOUS
10
4.6208267716535429
20
-5.4835401574803146
11
4.6208267716535429
21
-5.4779158267716532
0
LINE
8
BLACK
6
CONTINUOUS
10
4.6208267716535429
20
-5.4779158267716532
11
4.6210048425196852
21
-5.4769059055118108
0
LINE
8
BLACK
6
CONTINUOUS
10
4.6210048425196852
20
-5.4769059055118108
11
4.621118307086614
21
-5.4767706299212593
0
LINE
8
BLACK
6
CONTINUOUS
10
4.621118307086614
20
-5.4767706299212593
11
4.6211385039370079
21
-5.4765953149606297
0
LINE
8
BLACK
6
CONTINUOUS
10
4.6211385039370079
20
-5.4765953149606297
11
4.6239506299212598
21
-5.470971023622047
0
LINE
8
BLACK
6
CONTINUOUS
10
4.6239506299212598
20
-5.470971023622047
11
4.624476496062992
21
-5.4702619291338586
0
LINE
8
BLACK
6
CONTINUOUS
10
4.624476496062992
20
-5.4702619291338586
11
4.62450374015748
21
-5.4702036220472436
0
LINE
8
BLACK
6
CONTINUOUS
10
4.62450374015748
20
-5.4702036220472436
11
4.6273159055118107
21
-5.4673914960629917
0
LINE
8
BLACK
6
CONTINUOUS
10
4.6273159055118107
20
-5.4673914960629917
11
4.6280390551181103
21
-5.4668850787401571
0
LINE
8
BLACK
6
CONTINUOUS
10
4.6280390551181103
20
-5.4668850787401571
11
4.6280833070866141
21
-5.4668383858267715
0
LINE
8
BLACK
6
CONTINUOUS
10
4.6280833070866141
20
-5.4668383858267715
11
4.6337075984251967
21
-5.4640262204724408
0
LINE
8
BLACK
6
CONTINUOUS
10
4.6337075984251967
20
-5.4640262204724408
11
4.6346905118110238
21
-5.4637338582677168
0
LINE
8
BLACK
6
CONTINUOUS
10
4.6346905118110238
20
-5.4637338582677168
11
4.634862204724409
21
-5.463774842519685
0
LINE
8
BLACK
6
CONTINUOUS
10
4.634862204724409
20
-5.463774842519685
11
4.6350281102362203
21
-5.4637144881889759
0
LINE
8
BLACK
6
CONTINUOUS
10
4.6350281102362203
20
-5.4637144881889759
11
4.6490888582677163
21
-5.4637144881889759
0
LINE
8
BLACK
6
CONTINUOUS
10
4.6490888582677163
20
-5.4637144881889759
11
4.6499582283464562
21
-5.463867755905512
0
LINE
8
BLACK
6
CONTINUOUS
10
4.7844174803149606
20
-5.463788779527559
11
4.7845847244094486
21
-5.4637593307086609
0
LINE
8
BLACK
6
CONTINUOUS
10
4.7845847244094486
20
-5.4637593307086609
11
4.7853266929133857
21
-5.4641877165354327
0
LINE
8
BLACK
6
CONTINUOUS
10
4.7853266929133857
20
-5.4641877165354327
11
4.7861116535433066
21
-5.4645321259842516
0
LINE
8
BLACK
6
CONTINUOUS
10
4.7861116535433066
20
-5.4645321259842516
11
4.7861869291338586
21
-5.4646843700787402
0
LINE
8
BLACK
6
CONTINUOUS
10
4.7861869291338586
20
-5.4646843700787402
11
4.7863338976377952
21
-5.4647692519685034
0
LINE
8
BLACK
6
CONTINUOUS
10
4.7863338976377952
20
-5.4647692519685034
11
4.7866268503937004
21
-5.465574094488189
0
LINE
8
BLACK
6
CONTINUOUS
10
4.7866268503937004
20
-5.465574094488189
11
4.7870068503937011
21
-5.466342677165354
0
LINE
8
BLACK
6
CONTINUOUS
10
4.7870068503937011
20
-5.466342677165354
11
4.7869666141732283
21
-5.466507677165354
0
LINE
8
BLACK
6
CONTINUOUS
10
4.7869666141732283
20
-5.466507677165354
11
4.7870247244094486
21
-5.4666672440944879
0
LINE
8
BLACK
6
CONTINUOUS
10
4.7870247244094486
20
-5.4666672440944879
11
4.7870247244094486
21
-5.5227696062992129
0
LINE
8
BLACK
6
CONTINUOUS
10
4.7870247244094486
20
-5.5227696062992129
11
4.8009448818897633
21
-5.5227696062992129
0
LINE
8
BLACK
6
CONTINUOUS
10
4.8009448818897633
20
-5.5227696062992129
11
4.8019548031496058
21
-5.5229476771653543
0
LINE
8
BLACK
6
CONTINUOUS
10
4.8019548031496058
20
-5.5229476771653543
11
4.8035020472440948
21
-5.5242459842519684
0
LINE
8
BLACK
6
CONTINUOUS
10
4.8035020472440948
20
-5.5242459842519684
11
4.8038527952755903
21
-5.526235118110236
0
LINE
8
BLACK
6
CONTINUOUS
10
4.8038527952755903
20
-5.526235118110236
11
4.8028428740157478
21
-5.5279842913385826
0
LINE
8
BLACK
6
CONTINUOUS
10
4.8028428740157478
20
-5.5279842913385826
11
4.8009448818897633
21
-5.528675118110236
0
LINE
8
BLACK
6
CONTINUOUS
10
4.8009448818897633
20
-5.528675118110236
11
4.7671990944881886
21
-5.528675118110236
0
LINE
8
BLACK
6
CONTINUOUS
10
4.7671990944881886
20
-5.528675118110236
11
4.7661891732283461
21
-5.5284970472440946
0
LINE
8
BLACK
6
CONTINUOUS
10
4.7661891732283461
20
-5.5284970472440946
11
4.764641929133858
21
-5.5271987401574805
0
LINE
8
BLACK
6
CONTINUOUS
10
4.764641929133858
20
-5.5271987401574805
11
4.7642911811023625
21
-5.5252096062992129
0
LINE
8
BLACK
6
CONTINUOUS
10
4.7642911811023625
20
-5.5252096062992129
11
4.7653011023622049
21
-5.5234604330708663
0
LINE
8
BLACK
6
CONTINUOUS
10
4.7653011023622049
20
-5.5234604330708663
11
4.7671990944881886
21
-5.5227696062992129
0
LINE
8
BLACK
6
CONTINUOUS
10
4.7671990944881886
20
-5.5227696062992129
11
4.7811192125984254
21
-5.5227696062992129
0
LINE
8
BLACK
6
CONTINUOUS
10
4.7811192125984254
20
-5.5227696062992129
11
4.7811192125984254
21
-5.476419527559055
0
LINE
8
BLACK
6
CONTINUOUS
10
4.7811192125984254
20
-5.476419527559055
11
4.7809045275590547
21
-5.4767415748031496
0
LINE
8
BLACK
6
CONTINUOUS
10
4.7809045275590547
20
-5.4767415748031496
11
4.7805937401574798
21
-5.4770668897637798
0
LINE
8
BLACK
6
CONTINUOUS
10
4.7805937401574798
20
-5.4770668897637798
11
4.7805355905511808
21
-5.4771916141732282
0
LINE
8
BLACK
6
CONTINUOUS
10
4.7805355905511808
20
-5.4771916141732282
11
4.7749112992125982
21
-5.4828159055118109
0
LINE
8
BLACK
6
CONTINUOUS
10
4.7749112992125982
20
-5.4828159055118109
11
4.7741881889763782
21
-5.4833221653543305
0
LINE
8
BLACK
6
CONTINUOUS
10
4.7741881889763782
20
-5.4833221653543305
11
4.7741438976377948
21
-5.483369015748031
0
LINE
8
BLACK
6
CONTINUOUS
10
4.7741438976377948
20
-5.483369015748031
11
4.7685196062992121
21
-5.4861811811023617
0
LINE
8
BLACK
6
CONTINUOUS
10
4.7685196062992121
20
-5.4861811811023617
11
4.767536692913386
21
-5.4864735433070866
0
LINE
8
BLACK
6
CONTINUOUS
10
4.767536692913386
20
-5.4864735433070866
11
4.7655721653543308
21
-5.4860042913385829
0
LINE
8
BLACK
6
CONTINUOUS
10
4.7655721653543308
20
-5.4860042913385829
11
4.7643688582677166
21
-5.4843820078740153
0
LINE
8
BLACK
6
CONTINUOUS
10
4.7643688582677166
20
-5.4843820078740153
11
4.7644899212598428
21
-5.4823658267716535
0
LINE
8
BLACK
6
CONTINUOUS
10
4.7644899212598428
20
-5.4823658267716535
11
4.765878582677165
21
-5.4808991338582675
0
LINE
8
BLACK
6
CONTINUOUS
10
4.765878582677165
20
-5.4808991338582675
11
4.7710742519685034
21
-5.4783012598425191
0
LINE
8
BLACK
6
CONTINUOUS
10
4.7710742519685034
20
-5.4783012598425191
11
4.7761529921259838
21
-5.4732225196850388
0
LINE
8
BLACK
6
CONTINUOUS
10
4.7761529921259838
20
-5.4732225196850388
11
4.7816151181102358
21
-5.4650293307086617
0
LINE
8
BLACK
6
CONTINUOUS
10
4.7816151181102358
20
-5.4650293307086617
11
4.7823235039370076
21
-5.4642877952755908
0
LINE
8
BLACK
6
CONTINUOUS
10
4.7823235039370076
20
-5.4642877952755908
11
4.7824864566929133
21
-5.4642400787401577
0
LINE
8
BLACK
6
CONTINUOUS
10
4.7824864566929133
20
-5.4642400787401577
11
4.782595590551181
21
-5.4641100787401573
0
LINE
8
BLACK
6
CONTINUOUS
10
4.782595590551181
20
-5.4641100787401573
11
4.7834393700787396
21
-5.4639612598425193
0
LINE
8
BLACK
6
CONTINUOUS
10
4.7834393700787396
20
-5.4639612598425193
11
4.7842620078740152
21
-5.4637205905511808
0
LINE
8
BLACK
6
CONTINUOUS
10
4.7842620078740152
20
-5.4637205905511808
11
4.7844174803149606
21
-5.463788779527559
0
LINE
8
BLACK
6
CONTINUOUS
10
5.1499582283464562
20
-5.463867755905512
11
5.1500225984251964
21
-5.4638660236220469
0
LINE
8
BLACK
6
CONTINUOUS
10
5.1500225984251964
20
-5.4638660236220469
11
5.1584590551181098
21
-5.4666781889763776
0
LINE
8
BLACK
6
CONTINUOUS
10
5.1584590551181098
20
-5.4666781889763776
11
5.1593608267716533
21
-5.4671664566929135
0
LINE
8
BLACK
6
CONTINUOUS
10
5.1593608267716533
20
-5.4671664566929135
11
5.1604181102362201
21
-5.468887440944882
0
LINE
8
BLACK
6
CONTINUOUS
10
5.1604181102362201
20
-5.468887440944882
11
5.1601218503937005
21
-5.4708854330708663
0
LINE
8
BLACK
6
CONTINUOUS
10
5.1601218503937005
20
-5.4708854330708663
11
5.1586105905511808
21
-5.4722254724409449
0
LINE
8
BLACK
6
CONTINUOUS
10
5.1586105905511808
20
-5.4722254724409449
11
5.1565915354330709
21
-5.4722806299212596
0
LINE
8
BLACK
6
CONTINUOUS
10
5.1565915354330709
20
-5.4722806299212596
11
5.1486097244094484
21
-5.4696199999999999
0
LINE
8
BLACK
6
CONTINUOUS
10
5.1486097244094484
20
-5.4696199999999999
11
5.1357251574803149
21
-5.4696199999999999
0
LINE
8
BLACK
6
CONTINUOUS
10
5.1357251574803149
20
-5.4696199999999999
11
5.1311528740157479
21
-5.4719061417322834
0
LINE
8
BLACK
6
CONTINUOUS
10
5.1311528740157479
20
-5.4719061417322834
11
5.129018346456693
21
-5.4740406299212596
0
LINE
8
BLACK
6
CONTINUOUS
10
5.129018346456693
20
-5.4740406299212596
11
5.126732283464567
21
-5.4786128346456691
0
LINE
8
BLACK
6
CONTINUOUS
10
5.126732283464567
20
-5.4786128346456691
11
5.126732283464567
21
-5.4828431102362201
0
LINE
8
BLACK
6
CONTINUOUS
10
5.126732283464567
20
-5.4828431102362201
11
5.129018346456693
21
-5.4874153149606295
0
LINE
8
BLACK
6
CONTINUOUS
10
5.129018346456693
20
-5.4874153149606295
11
5.1311528740157479
21
-5.4895498031496066
0
LINE
8
BLACK
6
CONTINUOUS
10
5.1311528740157479
20
-5.4895498031496066
11
5.1360586614173229
21
-5.492002716535433
0
LINE
8
BLACK
6
CONTINUOUS
10
5.1360586614173229
20
-5.492002716535433
11
5.146992834645669
21
-5.4947362598425196
0
LINE
8
BLACK
6
CONTINUOUS
10
5.146992834645669
20
-5.4947362598425196
11
5.1474582677165355
21
-5.4949438188976378
0
LINE
8
BLACK
6
CONTINUOUS
10
5.1474582677165355
20
-5.4949438188976378
11
5.1475972047244092
21
-5.4949598425196848
0
LINE
8
BLACK
6
CONTINUOUS
10
5.1475972047244092
20
-5.4949598425196848
11
5.1532215354330706
21
-5.4977720078740155
0
LINE
8
BLACK
6
CONTINUOUS
10
5.1532215354330706
20
-5.4977720078740155
11
5.1539305905511812
21
-5.4982978740157478
0
LINE
8
BLACK
6
CONTINUOUS
10
5.1539305905511812
20
-5.4982978740157478
11
5.153988937007874
21
-5.4983251181102357
0
LINE
8
BLACK
6
CONTINUOUS
10
5.153988937007874
20
-5.4983251181102357
11
5.1568010629921259
21
-5.5011372834645664
0
LINE
8
BLACK
6
CONTINUOUS
10
5.1568010629921259
20
-5.5011372834645664
11
5.1573074409448818
21
-5.501860433070866
0
LINE
8
BLACK
6
CONTINUOUS
10
5.1573074409448818
20
-5.501860433070866
11
5.1573541732283461
21
-5.5019046850393698
0
LINE
8
BLACK
6
CONTINUOUS
10
5.1573541732283461
20
-5.5019046850393698
11
5.1601663385826768
21
-5.5075289763779525
0
LINE
8
BLACK
6
CONTINUOUS
10
5.1601663385826768
20
-5.5075289763779525
11
5.1604587007874017
21
-5.5085118897637795
0
LINE
8
BLACK
6
CONTINUOUS
10
5.1604587007874017
20
-5.5085118897637795
11
5.1604176771653538
21
-5.5086835826771656
0
LINE
8
BLACK
6
CONTINUOUS
10
5.1604176771653538
20
-5.5086835826771656
11
5.1604780708661417
21
-5.508849488188976
0
LINE
8
BLACK
6
CONTINUOUS
10
5.1604780708661417
20
-5.508849488188976
11
5.1604780708661417
21
-5.5144737795275587
0
LINE
8
BLACK
6
CONTINUOUS
10
5.1604780708661417
20
-5.5144737795275587
11
5.1602999999999994
21
-5.5154837007874011
0
LINE
8
BLACK
6
CONTINUOUS
10
5.1602999999999994
20
-5.5154837007874011
11
5.160186496062992
21
-5.5156189370078739
0
LINE
8
BLACK
6
CONTINUOUS
10
5.160186496062992
20
-5.5156189370078739
11
5.1601663385826768
21
-5.5157942913385822
0
LINE
8
BLACK
6
CONTINUOUS
10
5.1601663385826768
20
-5.5157942913385822
11
5.1573541732283461
21
-5.5214185826771649
0
LINE
8
BLACK
6
CONTINUOUS
10
5.1573541732283461
20
-5.5214185826771649
11
5.1568283070866139
21
-5.5221275196850392
0
LINE
8
BLACK
6
CONTINUOUS
10
5.1568283070866139
20
-5.5221275196850392
11
5.1568010629921259
21
-5.5221859842519683
0
LINE
8
BLACK
6
CONTINUOUS
10
5.1568010629921259
20
-5.5221859842519683
11
5.153988937007874
21
-5.524998149606299
0
LINE
8
BLACK
6
CONTINUOUS
10
5.153988937007874
20
-5.524998149606299
11
5.1532657874015744
21
-5.5255044881889761
0
LINE
8
BLACK
6
CONTINUOUS
10
5.1532657874015744
20
-5.5255044881889761
11
5.1532215354330706
21
-5.5255512598425192
0
LINE
8
BLACK
6
CONTINUOUS
10
5.1532215354330706
20
-5.5255512598425192
11
5.1475972047244092
21
-5.5283633858267711
0
LINE
8
BLACK
6
CONTINUOUS
10
5.1475972047244092
20
-5.5283633858267711
11
5.1466142519685034
21
-5.5286557874015747
0
LINE
8
BLACK
6
CONTINUOUS
10
5.1466142519685034
20
-5.5286557874015747
11
5.1464425196850394
21
-5.528614724409449
0
LINE
8
BLACK
6
CONTINUOUS
10
5.1464425196850394
20
-5.528614724409449
11
5.1462766929133856
21
-5.528675118110236
0
LINE
8
BLACK
6
CONTINUOUS
10
5.1462766929133856
20
-5.528675118110236
11
5.1322159842519683
21
-5.528675118110236
0
LINE
8
BLACK
6
CONTINUOUS
10
5.1322159842519683
20
-5.528675118110236
11
5.1313465748031497
21
-5.5285218110236221
0
LINE
8
BLACK
6
CONTINUOUS
10
5.1313465748031497
20
-5.5285218110236221
11
5.1312822440944883
21
-5.528523582677165
0
LINE
8
BLACK
6
CONTINUOUS
10
5.1312822440944883
20
-5.528523582677165
11
5.1228457874015749
21
-5.5257114566929131
0
LINE
8
BLACK
6
CONTINUOUS
10
5.1228457874015749
20
-5.5257114566929131
11
5.1219440157480314
21
-5.5252231889763781
0
LINE
8
BLACK
6
CONTINUOUS
10
5.1219440157480314
20
-5.5252231889763781
11
5.1208867322834646
21
-5.5235022047244096
0
LINE
8
BLACK
6
CONTINUOUS
10
5.1208867322834646
20
-5.5235022047244096
11
5.1211829921259842
21
-5.521504251968504
0
LINE
8
BLACK
6
CONTINUOUS
10
5.1211829921259842
20
-5.521504251968504
11
5.1226942125984252
21
-5.5201641732283466
0
LINE
8
BLACK
6
CONTINUOUS
10
5.1226942125984252
20
-5.5201641732283466
11
5.124713267716535
21
-5.520109015748031
0
LINE
8
BLACK
6
CONTINUOUS
10
5.124713267716535
20
-5.520109015748031
11
5.1326951181102363
21
-5.5227696062992129
0
LINE
8
BLACK
6
CONTINUOUS
10
5.1326951181102363
20
-5.5227696062992129
11
5.145579645669291
21
-5.5227696062992129
0
LINE
8
BLACK
6
CONTINUOUS
10
5.145579645669291
20
-5.5227696062992129
11
5.1501518503937005
21
-5.5204835039370082
0
LINE
8
BLACK
6
CONTINUOUS
10
5.1501518503937005
20
-5.5204835039370082
11
5.1522863779527555
21
-5.5183489763779523
0
LINE
8
BLACK
6
CONTINUOUS
10
5.1522863779527555
20
-5.5183489763779523
11
5.1545725590551177
21
-5.5137766929133853
0
LINE
8
BLACK
6
CONTINUOUS
10
5.1545725590551177
20
-5.5137766929133853
11
5.1545725590551177
21
-5.5095465354330706
0
LINE
8
BLACK
6
CONTINUOUS
10
5.1545725590551177
20
-5.5095465354330706
11
5.1522863779527555
21
-5.5049742519685037
0
LINE
8
BLACK
6
CONTINUOUS
10
5.1522863779527555
20
-5.5049742519685037
11
5.1501518897637792
21
-5.5028397244094487
0
LINE
8
BLACK
6
CONTINUOUS
10
5.1501518897637792
20
-5.5028397244094487
11
5.145246141732283
21
-5.500386850393701
0
LINE
8
BLACK
6
CONTINUOUS
10
5.145246141732283
20
-5.500386850393701
11
5.1343119685039369
21
-5.4976533464566923
0
LINE
8
BLACK
6
CONTINUOUS
10
5.1343119685039369
20
-5.4976533464566923
11
5.1338464960629917
21
-5.4974457480314962
0
LINE
8
BLACK
6
CONTINUOUS
10
5.1338464960629917
20
-5.4974457480314962
11
5.1337075984251967
21
-5.4974297637795271
0
LINE
8
BLACK
6
CONTINUOUS
10
5.1337075984251967
20
-5.4974297637795271
11
5.1280833070866141
21
-5.4946175984251964
0
LINE
8
BLACK
6
CONTINUOUS
10
5.1280833070866141
20
-5.4946175984251964
11
5.127374330708661
21
-5.4940917322834641
0
LINE
8
BLACK
6
CONTINUOUS
10
5.127374330708661
20
-5.4940917322834641
11
5.1273159055118107
21
-5.4940644881889762
0
LINE
8
BLACK
6
CONTINUOUS
10
5.1273159055118107
20
-5.4940644881889762
11
5.12450374015748
21
-5.4912523622047242
0
LINE
8
BLACK
6
CONTINUOUS
10
5.12450374015748
20
-5.4912523622047242
11
5.1239973622047241
21
-5.4905292125984246
0
LINE
8
BLACK
6
CONTINUOUS
10
5.1239973622047241
20
-5.4905292125984246
11
5.1239506299212598
21
-5.4904849606299209
0
LINE
8
BLACK
6
CONTINUOUS
10
5.1239506299212598
20
-5.4904849606299209
11
5.1211385039370079
21
-5.4848606692913382
0
LINE
8
BLACK
6
CONTINUOUS
10
5.1211385039370079
20
-5.4848606692913382
11
5.120846141732283
21
-5.4838777165354333
0
LINE
8
BLACK
6
CONTINUOUS
10
5.120846141732283
20
-5.4838777165354333
11
5.1208871259842521
21
-5.4837060236220472
0
LINE
8
BLACK
6
CONTINUOUS
10
5.1208871259842521
20
-5.4837060236220472
11
5.1208267716535429
21
-5.4835401574803146
0
LINE
8
BLACK
6
CONTINUOUS
10
5.1208267716535429
20
-5.4835401574803146
11
5.1208267716535429
21
-5.4779158267716532
0
LINE
8
BLACK
6
CONTINUOUS
10
5.1208267716535429
20
-5.4779158267716532
11
5.1210048425196852
21
-5.4769059055118108
0
LINE
8
BLACK
6
CONTINUOUS
10
5.1210048425196852
20
-5.4769059055118108
11
5.121118307086614
21
-5.4767706299212593
0
LINE
8
BLACK
6
CONTINUOUS
10
5.121118307086614
20
-5.4767706299212593
11
5.1211385039370079
21
-5.4765953149606297
0
LINE
8
BLACK
6
CONTINUOUS
10
5.1211385039370079
20
-5.4765953149606297
11
5.1239506299212598
21
-5.470971023622047
0
LINE
8
BLACK
6
CONTINUOUS
10
5.1239506299212598
20
-5.470971023622047
11
5.124476496062992
21
-5.4702619291338586
0
LINE
8
BLACK
6
CONTINUOUS
10
5.124476496062992
20
-5.4702619291338586
11
5.12450374015748
21
-5.4702036220472436
0
LINE
8
BLACK
6
CONTINUOUS
10
5.12450374015748
20
-5.4702036220472436
11
5.1273159055118107
21
-5.4673914960629917
0
LINE
8
BLACK
6
CONTINUOUS
10
5.1273159055118107
20
-5.4673914960629917
11
5.1280390551181103
21
-5.4668850787401571
0
LINE
8
BLACK
6
CONTINUOUS
10
5.1280390551181103
20
-5.4668850787401571
11
5.1280833070866141
21
-5.4668383858267715
0
LINE
8
BLACK
6
CONTINUOUS
10
5.1280833070866141
20
-5.4668383858267715
11
5.1337075984251967
21
-5.4640262204724408
0
LINE
8
BLACK
6
CONTINUOUS
10
5.1337075984251967
20
-5.4640262204724408
11
5.1346905118110238
21
-5.4637338582677168
0
LINE
8
BLACK
6
CONTINUOUS
10
5.1346905118110238
20
-5.4637338582677168
11
5.134862204724409
21
-5.463774842519685
0
LINE
8
BLACK
6
CONTINUOUS
10
5.134862204724409
20
-5.463774842519685
11
5.1350281102362203
21
-5.4637144881889759
0
LINE
8
BLACK
6
CONTINUOUS
10
5.1350281102362203
20
-5.4637144881889759
11
5.1490888582677163
21
-5.4637144881889759
0
LINE
8
BLACK
6
CONTINUOUS
10
5.1490888582677163
20
-5.4637144881889759
11
5.1499582283464562
21
-5.463867755905512
0
LINE
8
BLACK
6
CONTINUOUS
10
5.3013821653543305
20
-5.4637915748031496
11
5.3015176771653545
21
-5.4637705905511806
0
LINE
8
BLACK
6
CONTINUOUS
10
5.3015176771653545
20
-5.4637705905511806
11
5.3016223228346453
21
-5.4638339370078741
0
LINE
8
BLACK
6
CONTINUOUS
10
5.3016223228346453
20
-5.4638339370078741
11
5.3019548031496058
21
-5.4638925590551182
0
LINE
8
BLACK
6
CONTINUOUS
10
5.3019548031496058
20
-5.4638925590551182
11
5.3025647244094483
21
-5.4644043307086614
0
LINE
8
BLACK
6
CONTINUOUS
10
5.3025647244094483
20
-5.4644043307086614
11
5.3032456299212596
21
-5.4648164960629924
0
LINE
8
BLACK
6
CONTINUOUS
10
5.3032456299212596
20
-5.4648164960629924
11
5.3033215748031495
21
-5.4650394094488188
0
LINE
8
BLACK
6
CONTINUOUS
10
5.3033215748031495
20
-5.4650394094488188
11
5.3035020472440948
21
-5.4651908661417323
0
LINE
8
BLACK
6
CONTINUOUS
10
5.3035020472440948
20
-5.4651908661417323
11
5.3036403149606297
21
-5.4659750000000003
0
LINE
8
BLACK
6
CONTINUOUS
10
5.3036403149606297
20
-5.4659750000000003
11
5.3038969685039365
21
-5.4667283464566925
0
LINE
8
BLACK
6
CONTINUOUS
10
5.3038969685039365
20
-5.4667283464566925
11
5.3038118503937008
21
-5.466947874015748
0
LINE
8
BLACK
6
CONTINUOUS
10
5.3038118503937008
20
-5.466947874015748
11
5.3038527952755903
21
-5.4671799999999999
0
LINE
8
BLACK
6
CONTINUOUS
10
5.3038527952755903
20
-5.4671799999999999
11
5.3034546456692908
21
-5.4678695275590554
0
LINE
8
BLACK
6
CONTINUOUS
10
5.3034546456692908
20
-5.4678695275590554
11
5.3031670472440942
21
-5.4686116535433067
0
LINE
8
BLACK
6
CONTINUOUS
10
5.3031670472440942
20
-5.4686116535433067
11
5.2877670078740158
21
-5.4862116929133853
0
LINE
8
BLACK
6
CONTINUOUS
10
5.2877670078740158
20
-5.4862116929133853
11
5.2896962598425192
21
-5.4862116929133853
0
LINE
8
BLACK
6
CONTINUOUS
10
5.2896962598425192
20
-5.4862116929133853
11
5.2907061811023617
21
-5.4863897637795276
0
LINE
8
BLACK
6
CONTINUOUS
10
5.2907061811023617
20
-5.4863897637795276
11
5.2908414173228344
21
-5.4865032283464563
0
LINE
8
BLACK
6
CONTINUOUS
10
5.2908414173228344
20
-5.4865032283464563
11
5.2910167716535428
21
-5.4865234251968502
0
LINE
8
BLACK
6
CONTINUOUS
10
5.2910167716535428
20
-5.4865234251968502
11
5.2966411023622042
21
-5.4893355511811022
0
LINE
8
BLACK
6
CONTINUOUS
10
5.2966411023622042
20
-5.4893355511811022
11
5.2973501574803148
21
-5.4898614173228344
0
LINE
8
BLACK
6
CONTINUOUS
10
5.2973501574803148
20
-5.4898614173228344
11
5.2974085039370076
21
-5.4898886614173223
0
LINE
8
BLACK
6
CONTINUOUS
10
5.2974085039370076
20
-5.4898886614173223
11
5.3002206299212595
21
-5.4927008267716531
0
LINE
8
BLACK
6
CONTINUOUS
10
5.3002206299212595
20
-5.4927008267716531
11
5.3007270078740154
21
-5.4934239763779527
0
LINE
8
BLACK
6
CONTINUOUS
10
5.3007270078740154
20
-5.4934239763779527
11
5.3007737401574806
21
-5.4934682283464564
0
LINE
8
BLACK
6
CONTINUOUS
10
5.3007737401574806
20
-5.4934682283464564
11
5.3035859055118113
21
-5.4990925196850391
0
LINE
8
BLACK
6
CONTINUOUS
10
5.3035859055118113
20
-5.4990925196850391
11
5.3038782677165353
21
-5.5000754330708661
0
LINE
8
BLACK
6
CONTINUOUS
10
5.3038782677165353
20
-5.5000754330708661
11
5.3038372440944883
21
-5.5002471259842522
0
LINE
8
BLACK
6
CONTINUOUS
10
5.3038372440944883
20
-5.5002471259842522
11
5.3038976377952753
21
-5.5004130314960626
0
LINE
8
BLACK
6
CONTINUOUS
10
5.3038976377952753
20
-5.5004130314960626
11
5.3038976377952753
21
-5.5144737795275587
0
LINE
8
BLACK
6
CONTINUOUS
10
5.3038976377952753
20
-5.5144737795275587
11
5.3037195669291339
21
-5.5154837007874011
0
LINE
8
BLACK
6
CONTINUOUS
10
5.3037195669291339
20
-5.5154837007874011
11
5.3036060629921256
21
-5.5156189370078739
0
LINE
8
BLACK
6
CONTINUOUS
10
5.3036060629921256
20
-5.5156189370078739
11
5.3035859055118113
21
-5.5157942913385822
0
LINE
8
BLACK
6
CONTINUOUS
10
5.3035859055118113
20
-5.5157942913385822
11
5.3007737401574806
21
-5.5214185826771649
0
LINE
8
BLACK
6
CONTINUOUS
10
5.3007737401574806
20
-5.5214185826771649
11
5.3002478740157475
21
-5.5221275196850392
0
LINE
8
BLACK
6
CONTINUOUS
10
5.3002478740157475
20
-5.5221275196850392
11
5.3002206299212595
21
-5.5221859842519683
0
LINE
8
BLACK
6
CONTINUOUS
10
5.3002206299212595
20
-5.5221859842519683
11
5.2974085039370076
21
-5.524998149606299
0
LINE
8
BLACK
6
CONTINUOUS
10
5.2974085039370076
20
-5.524998149606299
11
5.2966853543307089
21
-5.5255044881889761
0
LINE
8
BLACK
6
CONTINUOUS
10
5.2966853543307089
20
-5.5255044881889761
11
5.2966411023622042
21
-5.5255512598425192
0
LINE
8
BLACK
6
CONTINUOUS
10
5.2966411023622042
20
-5.5255512598425192
11
5.2910167716535428
21
-5.5283633858267711
0
LINE
8
BLACK
6
CONTINUOUS
10
5.2910167716535428
20
-5.5283633858267711
11
5.2900338188976379
21
-5.5286557874015747
0
LINE
8
BLACK
6
CONTINUOUS
10
5.2900338188976379
20
-5.5286557874015747
11
5.289862086614173
21
-5.528614724409449
0
LINE
8
BLACK
6
CONTINUOUS
10
5.289862086614173
20
-5.528614724409449
11
5.2896962598425192
21
-5.528675118110236
0
LINE
8
BLACK
6
CONTINUOUS
10
5.2896962598425192
20
-5.528675118110236
11
5.2728233858267712
21
-5.528675118110236
0
LINE
8
BLACK
6
CONTINUOUS
10
5.2728233858267712
20
-5.528675118110236
11
5.2718134645669288
21
-5.5284970472440946
0
LINE
8
BLACK
6
CONTINUOUS
10
5.2718134645669288
20
-5.5284970472440946
11
5.2716781889763782
21
-5.5283835433070863
0
LINE
8
BLACK
6
CONTINUOUS
10
5.2716781889763782
20
-5.5283835433070863
11
5.2715028740157477
21
-5.5283633858267711
0
LINE
8
BLACK
6
CONTINUOUS
10
5.2715028740157477
20
-5.5283633858267711
11
5.265878582677165
21
-5.5255512598425192
0
LINE
8
BLACK
6
CONTINUOUS
10
5.265878582677165
20
-5.5255512598425192
11
5.2651694881889766
21
-5.5250253149606294
0
LINE
8
BLACK
6
CONTINUOUS
10
5.2651694881889766
20
-5.5250253149606294
11
5.2651111811023616
21
-5.524998149606299
0
LINE
8
BLACK
6
CONTINUOUS
10
5.2651111811023616
20
-5.524998149606299
11
5.2622990157480309
21
-5.5221859842519683
0
LINE
8
BLACK
6
CONTINUOUS
10
5.2622990157480309
20
-5.5221859842519683
11
5.2617108267716537
21
-5.5213459448818893
0
LINE
8
BLACK
6
CONTINUOUS
10
5.2617108267716537
20
-5.5213459448818893
11
5.2615347637795278
21
-5.5193338582677161
0
LINE
8
BLACK
6
CONTINUOUS
10
5.2615347637795278
20
-5.5193338582677161
11
5.2626933070866144
21
-5.5176792913385828
0
LINE
8
BLACK
6
CONTINUOUS
10
5.2626933070866144
20
-5.5176792913385828
11
5.2646442519685035
21
-5.5171565748031499
0
LINE
8
BLACK
6
CONTINUOUS
10
5.2646442519685035
20
-5.5171565748031499
11
5.2664748425196848
21
-5.5180101574803144
0
LINE
8
BLACK
6
CONTINUOUS
10
5.2664748425196848
20
-5.5180101574803144
11
5.2689481496062989
21
-5.5204834645669294
0
LINE
8
BLACK
6
CONTINUOUS
10
5.2689481496062989
20
-5.5204834645669294
11
5.2735204330708658
21
-5.5227696062992129
0
LINE
8
BLACK
6
CONTINUOUS
10
5.2735204330708658
20
-5.5227696062992129
11
5.2889992125984246
21
-5.5227696062992129
0
LINE
8
BLACK
6
CONTINUOUS
10
5.2889992125984246
20
-5.5227696062992129
11
5.2935714173228341
21
-5.5204835039370082
0
LINE
8
BLACK
6
CONTINUOUS
10
5.2935714173228341
20
-5.5204835039370082
11
5.2957059448818899
21
-5.5183489763779523
0
LINE
8
BLACK
6
CONTINUOUS
10
5.2957059448818899
20
-5.5183489763779523
11
5.2979921259842522
21
-5.5137766929133853
0
LINE
8
BLACK
6
CONTINUOUS
10
5.2979921259842522
20
-5.5137766929133853
11
5.2979921259842522
21
-5.5011100787401572
0
LINE
8
BLACK
6
CONTINUOUS
10
5.2979921259842522
20
-5.5011100787401572
11
5.2957059448818899
21
-5.4965377952755903
0
LINE
8
BLACK
6
CONTINUOUS
10
5.2957059448818899
20
-5.4965377952755903
11
5.2935714173228341
21
-5.4944032677165353
0
LINE
8
BLACK
6
CONTINUOUS
10
5.2935714173228341
20
-5.4944032677165353
11
5.2889992125984246
21
-5.4921172047244093
0
LINE
8
BLACK
6
CONTINUOUS
10
5.2889992125984246
20
-5.4921172047244093
11
5.2812598425196846
21
-5.4921172047244093
0
LINE
8
BLACK
6
CONTINUOUS
10
5.2812598425196846
20
-5.4921172047244093
11
5.2808224803149608
21
-5.4920400787401578
0
LINE
8
BLACK
6
CONTINUOUS
10
5.2808224803149608
20
-5.4920400787401578
11
5.2806870078740156
21
-5.4920611023622046
0
LINE
8
BLACK
6
CONTINUOUS
10
5.2806870078740156
20
-5.4920611023622046
11
5.2805823228346451
21
-5.4919977165354332
0
LINE
8
BLACK
6
CONTINUOUS
10
5.2805823228346451
20
-5.4919977165354332
11
5.2802499212598422
21
-5.4919391338582679
0
LINE
8
BLACK
6
CONTINUOUS
10
5.2802499212598422
20
-5.4919391338582679
11
5.2796401181102359
21
-5.4914274409448813
0
LINE
8
BLACK
6
CONTINUOUS
10
5.2796401181102359
20
-5.4914274409448813
11
5.2789590944881892
21
-5.4910152362204725
0
LINE
8
BLACK
6
CONTINUOUS
10
5.2789590944881892
20
-5.4910152362204725
11
5.2788831102362206
21
-5.4907922047244098
0
LINE
8
BLACK
6
CONTINUOUS
10
5.2788831102362206
20
-5.4907922047244098
11
5.278702677165354
21
-5.4906408267716538
0
LINE
8
BLACK
6
CONTINUOUS
10
5.278702677165354
20
-5.4906408267716538
11
5.2785644094488191
21
-5.4898568503937009
0
LINE
8
BLACK
6
CONTINUOUS
10
5.2785644094488191
20
-5.4898568503937009
11
5.2783077165354326
21
-5.4891033464566927
0
LINE
8
BLACK
6
CONTINUOUS
10
5.2783077165354326
20
-5.4891033464566927
11
5.2783928346456692
21
-5.4888837007874018
0
LINE
8
BLACK
6
CONTINUOUS
10
5.2783928346456692
20
-5.4888837007874018
11
5.2783519291338585
21
-5.4886516929133853
0
LINE
8
BLACK
6
CONTINUOUS
10
5.2783519291338585
20
-5.4886516929133853
11
5.2787499999999996
21
-5.4879622047244094
0
LINE
8
BLACK
6
CONTINUOUS
10
5.2787499999999996
20
-5.4879622047244094
11
5.2790376771653538
21
-5.4872200393700785
0
LINE
8
BLACK
6
CONTINUOUS
10
5.2790376771653538
20
-5.4872200393700785
11
5.2944376771653543
21
-5.4696199999999999
0
LINE
8
BLACK
6
CONTINUOUS
10
5.2944376771653543
20
-5.4696199999999999
11
5.2643869291338579
21
-5.4696199999999999
0
LINE
8
BLACK
6
CONTINUOUS
10
5.2643869291338579
20
-5.4696199999999999
11
5.2633770078740154
21
-5.4694419291338585
0
LINE
8
BLACK
6
CONTINUOUS
10
5.2633770078740154
20
-5.4694419291338585
11
5.2618297637795273
21
-5.4681436220472444
0
LINE
8
BLACK
6
CONTINUOUS
10
5.2618297637795273
20
-5.4681436220472444
11
5.2614790157480318
21
-5.4661544881889759
0
LINE
8
BLACK
6
CONTINUOUS
10
5.2614790157480318
20
-5.4661544881889759
11
5.2624889370078742
21
-5.4644053149606302
0
LINE
8
BLACK
6
CONTINUOUS
10
5.2624889370078742
20
-5.4644053149606302
11
5.2643869291338579
21
-5.4637144881889759
0
LINE
8
BLACK
6
CONTINUOUS
10
5.2643869291338579
20
-5.4637144881889759
11
5.3009448818897633
21
-5.4637144881889759
0
LINE
8
BLACK
6
CONTINUOUS
10
5.3009448818897633
20
-5.4637144881889759
11
5.3013821653543305
21
-5.4637915748031496
0
LINE
8
BLACK
6
CONTINUOUS
10
5.3999582283464562
20
-5.463867755905512
11
5.4000225984251964
21
-5.4638660236220469
0
LINE
8
BLACK
6
CONTINUOUS
10
5.4000225984251964
20
-5.4638660236220469
11
5.4084590551181098
21
-5.4666781889763776
0
LINE
8
BLACK
6
CONTINUOUS
10
5.4084590551181098
20
-5.4666781889763776
11
5.4093608267716533
21
-5.4671664566929135
0
LINE
8
BLACK
6
CONTINUOUS
10
5.4093608267716533
20
-5.4671664566929135
11
5.4104181102362201
21
-5.468887440944882
0
LINE
8
BLACK
6
CONTINUOUS
10
5.4104181102362201
20
-5.468887440944882
11
5.4101218503937005
21
-5.4708854330708663
0
LINE
8
BLACK
6
CONTINUOUS
10
5.4101218503937005
20
-5.4708854330708663
11
5.4086105905511808
21
-5.4722254724409449
0
LINE
8
BLACK
6
CONTINUOUS
10
5.4086105905511808
20
-5.4722254724409449
11
5.4065915354330709
21
-5.4722806299212596
0
LINE
8
BLACK
6
CONTINUOUS
10
5.4065915354330709
20
-5.4722806299212596
11
5.3986097244094484
21
-5.4696199999999999
0
LINE
8
BLACK
6
CONTINUOUS
10
5.3986097244094484
20
-5.4696199999999999
11
5.3857251574803149
21
-5.4696199999999999
0
LINE
8
BLACK
6
CONTINUOUS
10
5.3857251574803149
20
-5.4696199999999999
11
5.3811528740157479
21
-5.4719061417322834
0
LINE
8
BLACK
6
CONTINUOUS
10
5.3811528740157479
20
-5.4719061417322834
11
5.379018346456693
21
-5.4740406299212596
0
LINE
8
BLACK
6
CONTINUOUS
10
5.379018346456693
20
-5.4740406299212596
11
5.376732283464567
21
-5.4786128346456691
0
LINE
8
BLACK
6
CONTINUOUS
10
5.376732283464567
20
-5.4786128346456691
11
5.376732283464567
21
-5.4828431102362201
0
LINE
8
BLACK
6
CONTINUOUS
10
5.376732283464567
20
-5.4828431102362201
11
5.379018346456693
21
-5.4874153149606295
0
LINE
8
BLACK
6
CONTINUOUS
10
5.379018346456693
20
-5.4874153149606295
11
5.3811528740157479
21
-5.4895498031496066
0
LINE
8
BLACK
6
CONTINUOUS
10
5.3811528740157479
20
-5.4895498031496066
11
5.3860586614173229
21
-5.492002716535433
0
LINE
8
BLACK
6
CONTINUOUS
10
5.3860586614173229
20
-5.492002716535433
11
5.396992834645669
21
-5.4947362598425196
0
LINE
8
BLACK
6
CONTINUOUS
10
5.396992834645669
20
-5.4947362598425196
11
5.3974582677165355
21
-5.4949438188976378
0
LINE
8
BLACK
6
CONTINUOUS
10
5.3974582677165355
20
-5.4949438188976378
11
5.3975972047244092
21
-5.4949598425196848
0
LINE
8
BLACK
6
CONTINUOUS
10
5.3975972047244092
20
-5.4949598425196848
11
5.4032215354330706
21
-5.4977720078740155
0
LINE
8
BLACK
6
CONTINUOUS
10
5.4032215354330706
20
-5.4977720078740155
11
5.4039305905511812
21
-5.4982978740157478
0
LINE
8
BLACK
6
CONTINUOUS
10
5.4039305905511812
20
-5.4982978740157478
11
5.403988937007874
21
-5.4983251181102357
0
LINE
8
BLACK
6
CONTINUOUS
10
5.403988937007874
20
-5.4983251181102357
11
5.4068010629921259
21
-5.5011372834645664
0
LINE
8
BLACK
6
CONTINUOUS
10
5.4068010629921259
20
-5.5011372834645664
11
5.4073074409448818
21
-5.501860433070866
0
LINE
8
BLACK
6
CONTINUOUS
10
5.4073074409448818
20
-5.501860433070866
11
5.4073541732283461
21
-5.5019046850393698
0
LINE
8
BLACK
6
CONTINUOUS
10
5.4073541732283461
20
-5.5019046850393698
11
5.4101663385826768
21
-5.5075289763779525
0
LINE
8
BLACK
6
CONTINUOUS
10
5.4101663385826768
20
-5.5075289763779525
11
5.4104587007874017
21
-5.5085118897637795
0
LINE
8
BLACK
6
CONTINUOUS
10
5.4104587007874017
20
-5.5085118897637795
11
5.4104176771653538
21
-5.5086835826771656
0
LINE
8
BLACK
6
CONTINUOUS
10
5.4104176771653538
20
-5.5086835826771656
11
5.4104780708661417
21
-5.508849488188976
0
LINE
8
BLACK
6
CONTINUOUS
10
5.4104780708661417
20
-5.508849488188976
11
5.4104780708661417
21
-5.5144737795275587
0
LINE
8
BLACK
6
CONTINUOUS
10
5.4104780708661417
20
-5.5144737795275587
11
5.4102999999999994
21
-5.5154837007874011
0
LINE
8
BLACK
6
CONTINUOUS
10
5.4102999999999994
20
-5.5154837007874011
11
5.410186496062992
21
-5.5156189370078739
0
LINE
8
BLACK
6
CONTINUOUS
10
5.410186496062992
20
-5.5156189370078739
11
5.4101663385826768
21
-5.5157942913385822
0
LINE
8
BLACK
6
CONTINUOUS
10
5.4101663385826768
20
-5.5157942913385822
11
5.4073541732283461
21
-5.5214185826771649
0
LINE
8
BLACK
6
CONTINUOUS
10
5.4073541732283461
20
-5.5214185826771649
11
5.4068283070866139
21
-5.5221275196850392
0
LINE
8
BLACK
6
CONTINUOUS
10
5.4068283070866139
20
-5.5221275196850392
11
5.4068010629921259
21
-5.5221859842519683
0
LINE
8
BLACK
6
CONTINUOUS
10
5.4068010629921259
20
-5.5221859842519683
11
5.403988937007874
21
-5.524998149606299
0
LINE
8
BLACK
6
CONTINUOUS
10
5.403988937007874
20
-5.524998149606299
11
5.4032657874015744
21
-5.5255044881889761
0
LINE
8
BLACK
6
CONTINUOUS
10
5.4032657874015744
20
-5.5255044881889761
11
5.4032215354330706
21
-5.5255512598425192
0
LINE
8
BLACK
6
CONTINUOUS
10
5.4032215354330706
20
-5.5255512598425192
11
5.3975972047244092
21
-5.5283633858267711
0
LINE
8
BLACK
6
CONTINUOUS
10
5.3975972047244092
20
-5.5283633858267711
11
5.3966142519685034
21
-5.5286557874015747
0
LINE
8
BLACK
6
CONTINUOUS
10
5.3966142519685034
20
-5.5286557874015747
11
5.3964425196850394
21
-5.528614724409449
0
LINE
8
BLACK
6
CONTINUOUS
10
5.3964425196850394
20
-5.528614724409449
11
5.3962766929133856
21
-5.528675118110236
0
LINE
8
BLACK
6
CONTINUOUS
10
5.3962766929133856
20
-5.528675118110236
11
5.3822159842519683
21
-5.528675118110236
0
LINE
8
BLACK
6
CONTINUOUS
10
5.3822159842519683
20
-5.528675118110236
11
5.3813465748031497
21
-5.5285218110236221
0
LINE
8
BLACK
6
CONTINUOUS
10
5.3813465748031497
20
-5.5285218110236221
11
5.3812822440944883
21
-5.528523582677165
0
LINE
8
BLACK
6
CONTINUOUS
10
5.3812822440944883
20
-5.528523582677165
11
5.3728457874015749
21
-5.5257114566929131
0
LINE
8
BLACK
6
CONTINUOUS
10
5.3728457874015749
20
-5.5257114566929131
11
5.3719440157480314
21
-5.5252231889763781
0
LINE
8
BLACK
6
CONTINUOUS
10
5.3719440157480314
20
-5.5252231889763781
11
5.3708867322834646
21
-5.5235022047244096
0
LINE
8
BLACK
6
CONTINUOUS
10
5.3708867322834646
20
-5.5235022047244096
11
5.3711829921259842
21
-5.521504251968504
0
LINE
8
BLACK
6
CONTINUOUS
10
5.3711829921259842
20
-5.521504251968504
11
5.3726942125984252
21
-5.5201641732283466
0
LINE
8
BLACK
6
CONTINUOUS
10
5.3726942125984252
20
-5.5201641732283466
11
5.374713267716535
21
-5.520109015748031
0
LINE
8
BLACK
6
CONTINUOUS
10
5.374713267716535
20
-5.520109015748031
11
5.3826951181102363
21
-5.5227696062992129
0
LINE
8
BLACK
6
CONTINUOUS
10
5.3826951181102363
20
-5.5227696062992129
11
5.395579645669291
21
-5.5227696062992129
0
LINE
8
BLACK
6
CONTINUOUS
10
5.395579645669291
20
-5.5227696062992129
11
5.4001518503937005
21
-5.5204835039370082
0
LINE
8
BLACK
6
CONTINUOUS
10
5.4001518503937005
20
-5.5204835039370082
11
5.4022863779527555
21
-5.5183489763779523
0
LINE
8
BLACK
6
CONTINUOUS
10
5.4022863779527555
20
-5.5183489763779523
11
5.4045725590551177
21
-5.5137766929133853
0
LINE
8
BLACK
6
CONTINUOUS
10
5.4045725590551177
20
-5.5137766929133853
11
5.4045725590551177
21
-5.5095465354330706
0
LINE
8
BLACK
6
CONTINUOUS
10
5.4045725590551177
20
-5.5095465354330706
11
5.4022863779527555
21
-5.5049742519685037
0
LINE
8
BLACK
6
CONTINUOUS
10
5.4022863779527555
20
-5.5049742519685037
11
5.4001518897637792
21
-5.5028397244094487
0
LINE
8
BLACK
6
CONTINUOUS
10
5.4001518897637792
20
-5.5028397244094487
11
5.395246141732283
21
-5.500386850393701
0
LINE
8
BLACK
6
CONTINUOUS
10
5.395246141732283
20
-5.500386850393701
11
5.3843119685039369
21
-5.4976533464566923
0
LINE
8
BLACK
6
CONTINUOUS
10
5.3843119685039369
20
-5.4976533464566923
11
5.3838464960629917
21
-5.4974457480314962
0
LINE
8
BLACK
6
CONTINUOUS
10
5.3838464960629917
20
-5.4974457480314962
11
5.3837075984251967
21
-5.4974297637795271
0
LINE
8
BLACK
6
CONTINUOUS
10
5.3837075984251967
20
-5.4974297637795271
11
5.3780833070866141
21
-5.4946175984251964
0
LINE
8
BLACK
6
CONTINUOUS
10
5.3780833070866141
20
-5.4946175984251964
11
5.377374330708661
21
-5.4940917322834641
0
LINE
8
BLACK
6
CONTINUOUS
10
5.377374330708661
20
-5.4940917322834641
11
5.3773159055118107
21
-5.4940644881889762
0
LINE
8
BLACK
6
CONTINUOUS
10
5.3773159055118107
20
-5.4940644881889762
11
5.37450374015748
21
-5.4912523622047242
0
LINE
8
BLACK
6
CONTINUOUS
10
5.37450374015748
20
-5.4912523622047242
11
5.3739973622047241
21
-5.4905292125984246
0
LINE
8
BLACK
6
CONTINUOUS
10
5.3739973622047241
20
-5.4905292125984246
11
5.3739506299212598
21
-5.4904849606299209
0
LINE
8
BLACK
6
CONTINUOUS
10
5.3739506299212598
20
-5.4904849606299209
11
5.3711385039370079
21
-5.4848606692913382
0
LINE
8
BLACK
6
CONTINUOUS
10
5.3711385039370079
20
-5.4848606692913382
11
5.370846141732283
21
-5.4838777165354333
0
LINE
8
BLACK
6
CONTINUOUS
10
5.370846141732283
20
-5.4838777165354333
11
5.3708871259842521
21
-5.4837060236220472
0
LINE
8
BLACK
6
CONTINUOUS
10
5.3708871259842521
20
-5.4837060236220472
11
5.3708267716535429
21
-5.4835401574803146
0
LINE
8
BLACK
6
CONTINUOUS
10
5.3708267716535429
20
-5.4835401574803146
11
5.3708267716535429
21
-5.4779158267716532
0
LINE
8
BLACK
6
CONTINUOUS
10
5.3708267716535429
20
-5.4779158267716532
11
5.3710048425196852
21
-5.4769059055118108
0
LINE
8
BLACK
6
CONTINUOUS
10
5.3710048425196852
20
-5.4769059055118108
11
5.371118307086614
21
-5.4767706299212593
0
LINE
8
BLACK
6
CONTINUOUS
10
5.371118307086614
20
-5.4767706299212593
11
5.3711385039370079
21
-5.4765953149606297
0
LINE
8
BLACK
6
CONTINUOUS
10
5.3711385039370079
20
-5.4765953149606297
11
5.3739506299212598
21
-5.470971023622047
0
LINE
8
BLACK
6
CONTINUOUS
10
5.3739506299212598
20
-5.470971023622047
11
5.374476496062992
21
-5.4702619291338586
0
LINE
8
BLACK
6
CONTINUOUS
10
5.374476496062992
20
-5.4702619291338586
11
5.37450374015748
21
-5.4702036220472436
0
LINE
8
BLACK
6
CONTINUOUS
10
5.37450374015748
20
-5.4702036220472436
11
5.3773159055118107
21
-5.4673914960629917
0
LINE
8
BLACK
6
CONTINUOUS
10
5.3773159055118107
20
-5.4673914960629917
11
5.3780390551181103
21
-5.4668850787401571
0
LINE
8
BLACK
6
CONTINUOUS
10
5.3780390551181103
20
-5.4668850787401571
11
5.3780833070866141
21
-5.4668383858267715
0
LINE
8
BLACK
6
CONTINUOUS
10
5.3780833070866141
20
-5.4668383858267715
11
5.3837075984251967
21
-5.4640262204724408
0
LINE
8
BLACK
6
CONTINUOUS
10
5.3837075984251967
20
-5.4640262204724408
11
5.3846905118110238
21
-5.4637338582677168
0
LINE
8
BLACK
6
CONTINUOUS
10
5.3846905118110238
20
-5.4637338582677168
11
5.384862204724409
21
-5.463774842519685
0
LINE
8
BLACK
6
CONTINUOUS
10
5.384862204724409
20
-5.463774842519685
11
5.3850281102362203
21
-5.4637144881889759
0
LINE
8
BLACK
6
CONTINUOUS
10
5.3850281102362203
20
-5.4637144881889759
11
5.3990888582677163
21
-5.4637144881889759
0
LINE
8
BLACK
6
CONTINUOUS
10
5.3990888582677163
20
-5.4637144881889759
11
5.3999582283464562
21
-5.463867755905512
0
LINE
8
BLACK
6
CONTINUOUS
10
5.6499582283464562
20
-5.463867755905512
11
5.6500225984251964
21
-5.4638660236220469
0
LINE
8
BLACK
6
CONTINUOUS
10
5.6500225984251964
20
-5.4638660236220469
11
5.6584590551181098
21
-5.4666781889763776
0
LINE
8
BLACK
6
CONTINUOUS
10
5.6584590551181098
20
-5.4666781889763776
11
5.6593608267716533
21
-5.4671664566929135
0
LINE
8
BLACK
6
CONTINUOUS
10
5.6593608267716533
20
-5.4671664566929135
11
5.6604181102362201
21
-5.468887440944882
0
LINE
8
BLACK
6
CONTINUOUS
10
5.6604181102362201
20
-5.468887440944882
11
5.6601218503937005
21
-5.4708854330708663
0
LINE
8
BLACK
6
CONTINUOUS
10
5.6601218503937005
20
-5.4708854330708663
11
5.6586105905511808
21
-5.4722254724409449
0
LINE
8
BLACK
6
CONTINUOUS
10
5.6586105905511808
20
-5.4722254724409449
11
5.6565915354330709
21
-5.4722806299212596
0
LINE
8
BLACK
6
CONTINUOUS
10
5.6565915354330709
20
-5.4722806299212596
11
5.6486097244094484
21
-5.4696199999999999
0
LINE
8
BLACK
6
CONTINUOUS
10
5.6486097244094484
20
-5.4696199999999999
11
5.6357251574803149
21
-5.4696199999999999
0
LINE
8
BLACK
6
CONTINUOUS
10
5.6357251574803149
20
-5.4696199999999999
11
5.6311528740157479
21
-5.4719061417322834
0
LINE
8
BLACK
6
CONTINUOUS
10
5.6311528740157479
20
-5.4719061417322834
11
5.629018346456693
21
-5.4740406299212596
0
LINE
8
BLACK
6
CONTINUOUS
10
5.629018346456693
20
-5.4740406299212596
11
5.626732283464567
21
-5.4786128346456691
0
LINE
8
BLACK
6
CONTINUOUS
10
5.626732283464567
20
-5.4786128346456691
11
5.626732283464567
21
-5.4828431102362201
0
LINE
8
BLACK
6
CONTINUOUS
10
5.626732283464567
20
-5.4828431102362201
11
5.629018346456693
21
-5.4874153149606295
0
LINE
8
BLACK
6
CONTINUOUS
10
5.629018346456693
20
-5.4874153149606295
11
5.6311528740157479
21
-5.4895498031496066
0
LINE
8
BLACK
6
CONTINUOUS
10
5.6311528740157479
20
-5.4895498031496066
11
5.6360586614173229
21
-5.492002716535433
0
LINE
8
BLACK
6
CONTINUOUS
10
5.6360586614173229
20
-5.492002716535433
11
5.646992834645669
21
-5.4947362598425196
0
LINE
8
BLACK
6
CONTINUOUS
10
5.646992834645669
20
-5.4947362598425196
11
5.6474582677165355
21
-5.4949438188976378
0
LINE
8
BLACK
6
CONTINUOUS
10
5.6474582677165355
20
-5.4949438188976378
11
5.6475972047244092
21
-5.4949598425196848
0
LINE
8
BLACK
6
CONTINUOUS
10
5.6475972047244092
20
-5.4949598425196848
11
5.6532215354330706
21
-5.4977720078740155
0
LINE
8
BLACK
6
CONTINUOUS
10
5.6532215354330706
20
-5.4977720078740155
11
5.6539305905511812
21
-5.4982978740157478
0
LINE
8
BLACK
6
CONTINUOUS
10
5.6539305905511812
20
-5.4982978740157478
11
5.653988937007874
21
-5.4983251181102357
0
LINE
8
BLACK
6
CONTINUOUS
10
5.653988937007874
20
-5.4983251181102357
11
5.6568010629921259
21
-5.5011372834645664
0
LINE
8
BLACK
6
CONTINUOUS
10
5.6568010629921259
20
-5.5011372834645664
11
5.6573074409448818
21
-5.501860433070866
0
LINE
8
BLACK
6
CONTINUOUS
10
5.6573074409448818
20
-5.501860433070866
11
5.6573541732283461
21
-5.5019046850393698
0
LINE
8
BLACK
6
CONTINUOUS
10
5.6573541732283461
20
-5.5019046850393698
11
5.6601663385826768
21
-5.5075289763779525
0
LINE
8
BLACK
6
CONTINUOUS
10
5.6601663385826768
20
-5.5075289763779525
11
5.6604587007874017
21
-5.5085118897637795
0
LINE
8
BLACK
6
CONTINUOUS
10
5.6604587007874017
20
-5.5085118897637795
11
5.6604176771653538
21
-5.5086835826771656
0
LINE
8
BLACK
6
CONTINUOUS
10
5.6604176771653538
20
-5.5086835826771656
11
5.6604780708661417
21
-5.508849488188976
0
LINE
8
BLACK
6
CONTINUOUS
10
5.6604780708661417
20
-5.508849488188976
11
5.6604780708661417
21
-5.5144737795275587
0
LINE
8
BLACK
6
CONTINUOUS
10
5.6604780708661417
20
-5.5144737795275587
11
5.6602999999999994
21
-5.5154837007874011
0
LINE
8
BLACK
6
CONTINUOUS
10
5.6602999999999994
20
-5.5154837007874011
11
5.660186496062992
21
-5.5156189370078739
0
LINE
8
BLACK
6
CONTINUOUS
10
5.660186496062992
20
-5.5156189370078739
11
5.6601663385826768
21
-5.5157942913385822
0
LINE
8
BLACK
6
CONTINUOUS
10
5.6601663385826768
20
-5.5157942913385822
11
5.6573541732283461
21
-5.5214185826771649
0
LINE
8
BLACK
6
CONTINUOUS
10
5.6573541732283461
20
-5.5214185826771649
11
5.6568283070866139
21
-5.5221275196850392
0
LINE
8
BLACK
6
CONTINUOUS
10
5.6568283070866139
20
-5.5221275196850392
11
5.6568010629921259
21
-5.5221859842519683
0
LINE
8
BLACK
6
CONTINUOUS
10
5.6568010629921259
20
-5.5221859842519683
11
5.653988937007874
21
-5.524998149606299
0
LINE
8
BLACK
6
CONTINUOUS
10
5.653988937007874
20
-5.524998149606299
11
5.6532657874015744
21
-5.5255044881889761
0
LINE
8
BLACK
6
CONTINUOUS
10
5.6532657874015744
20
-5.5255044881889761
11
5.6532215354330706
21
-5.5255512598425192
0
LINE
8
BLACK
6
CONTINUOUS
10
5.6532215354330706
20
-5.5255512598425192
11
5.6475972047244092
21
-5.5283633858267711
0
LINE
8
BLACK
6
CONTINUOUS
10
5.6475972047244092
20
-5.5283633858267711
11
5.6466142519685034
21
-5.5286557874015747
0
LINE
8
BLACK
6
CONTINUOUS
10
5.6466142519685034
20
-5.5286557874015747
11
5.6464425196850394
21
-5.528614724409449
0
LINE
8
BLACK
6
CONTINUOUS
10
5.6464425196850394
20
-5.528614724409449
11
5.6462766929133856
21
-5.528675118110236
0
LINE
8
BLACK
6
CONTINUOUS
10
5.6462766929133856
20
-5.528675118110236
11
5.6322159842519683
21
-5.528675118110236
0
LINE
8
BLACK
6
CONTINUOUS
10
5.6322159842519683
20
-5.528675118110236
11
5.6313465748031497
21
-5.5285218110236221
0
LINE
8
BLACK
6
CONTINUOUS
10
5.6313465748031497
20
-5.5285218110236221
11
5.6312822440944883
21
-5.528523582677165
0
LINE
8
BLACK
6
CONTINUOUS
10
5.6312822440944883
20
-5.528523582677165
11
5.6228457874015749
21
-5.5257114566929131
0
LINE
8
BLACK
6
CONTINUOUS
10
5.6228457874015749
20
-5.5257114566929131
11
5.6219440157480314
21
-5.5252231889763781
0
LINE
8
BLACK
6
CONTINUOUS
10
5.6219440157480314
20
-5.5252231889763781
11
5.6208867322834646
21
-5.5235022047244096
0
LINE
8
BLACK
6
CONTINUOUS
10
5.6208867322834646
20
-5.5235022047244096
11
5.6211829921259842
21
-5.521504251968504
0
LINE
8
BLACK
6
CONTINUOUS
10
5.6211829921259842
20
-5.521504251968504
11
5.6226942125984252
21
-5.5201641732283466
0
LINE
8
BLACK
6
CONTINUOUS
10
5.6226942125984252
20
-5.5201641732283466
11
5.624713267716535
21
-5.520109015748031
0
LINE
8
BLACK
6
CONTINUOUS
10
5.624713267716535
20
-5.520109015748031
11
5.6326951181102363
21
-5.5227696062992129
0
LINE
8
BLACK
6
CONTINUOUS
10
5.6326951181102363
20
-5.5227696062992129
11
5.645579645669291
21
-5.5227696062992129
0
LINE
8
BLACK
6
CONTINUOUS
10
5.645579645669291
20
-5.5227696062992129
11
5.6501518503937005
21
-5.5204835039370082
0
LINE
8
BLACK
6
CONTINUOUS
10
5.6501518503937005
20
-5.5204835039370082
11
5.6522863779527555
21
-5.5183489763779523
0
LINE
8
BLACK
6
CONTINUOUS
10
5.6522863779527555
20
-5.5183489763779523
11
5.6545725590551177
21
-5.5137766929133853
0
LINE
8
BLACK
6
CONTINUOUS
10
5.6545725590551177
20
-5.5137766929133853
11
5.6545725590551177
21
-5.5095465354330706
0
LINE
8
BLACK
6
CONTINUOUS
10
5.6545725590551177
20
-5.5095465354330706
11
5.6522863779527555
21
-5.5049742519685037
0
LINE
8
BLACK
6
CONTINUOUS
10
5.6522863779527555
20
-5.5049742519685037
11
5.6501518897637792
21
-5.5028397244094487
0
LINE
8
BLACK
6
CONTINUOUS
10
5.6501518897637792
20
-5.5028397244094487
11
5.645246141732283
21
-5.500386850393701
0
LINE
8
BLACK
6
CONTINUOUS
10
5.645246141732283
20
-5.500386850393701
11
5.6343119685039369
21
-5.4976533464566923
0
LINE
8
BLACK
6
CONTINUOUS
10
5.6343119685039369
20
-5.4976533464566923
11
5.6338464960629917
21
-5.4974457480314962
0
LINE
8
BLACK
6
CONTINUOUS
10
5.6338464960629917
20
-5.4974457480314962
11
5.6337075984251967
21
-5.4974297637795271
0
LINE
8
BLACK
6
CONTINUOUS
10
5.6337075984251967
20
-5.4974297637795271
11
5.6280833070866141
21
-5.4946175984251964
0
LINE
8
BLACK
6
CONTINUOUS
10
5.6280833070866141
20
-5.4946175984251964
11
5.627374330708661
21
-5.4940917322834641
0
LINE
8
BLACK
6
CONTINUOUS
10
5.627374330708661
20
-5.4940917322834641
11
5.6273159055118107
21
-5.4940644881889762
0
LINE
8
BLACK
6
CONTINUOUS
10
5.6273159055118107
20
-5.4940644881889762
11
5.62450374015748
21
-5.4912523622047242
0
LINE
8
BLACK
6
CONTINUOUS
10
5.62450374015748
20
-5.4912523622047242
11
5.6239973622047241
21
-5.4905292125984246
0
LINE
8
BLACK
6
CONTINUOUS
10
5.6239973622047241
20
-5.4905292125984246
11
5.6239506299212598
21
-5.4904849606299209
0
LINE
8
BLACK
6
CONTINUOUS
10
5.6239506299212598
20
-5.4904849606299209
11
5.6211385039370079
21
-5.4848606692913382
0
LINE
8
BLACK
6
CONTINUOUS
10
5.6211385039370079
20
-5.4848606692913382
11
5.620846141732283
21
-5.4838777165354333
0
LINE
8
BLACK
6
CONTINUOUS
10
5.620846141732283
20
-5.4838777165354333
11
5.6208871259842521
21
-5.4837060236220472
0
LINE
8
BLACK
6
CONTINUOUS
10
5.6208871259842521
20
-5.4837060236220472
11
5.6208267716535429
21
-5.4835401574803146
0
LINE
8
BLACK
6
CONTINUOUS
10
5.6208267716535429
20
-5.4835401574803146
11
5.6208267716535429
21
-5.4779158267716532
0
LINE
8
BLACK
6
CONTINUOUS
10
5.6208267716535429
20
-5.4779158267716532
11
5.6210048425196852
21
-5.4769059055118108
0
LINE
8
BLACK
6
CONTINUOUS
10
5.6210048425196852
20
-5.4769059055118108
11
5.621118307086614
21
-5.4767706299212593
0
LINE
8
BLACK
6
CONTINUOUS
10
5.621118307086614
20
-5.4767706299212593
11
5.6211385039370079
21
-5.4765953149606297
0
LINE
8
BLACK
6
CONTINUOUS
10
5.6211385039370079
20
-5.4765953149606297
11
5.6239506299212598
21
-5.470971023622047
0
LINE
8
BLACK
6
CONTINUOUS
10
5.6239506299212598
20
-5.470971023622047
11
5.624476496062992
21
-5.4702619291338586
0
LINE
8
BLACK
6
CONTINUOUS
10
5.624476496062992
20
-5.4702619291338586
11
5.62450374015748
21
-5.4702036220472436
0
LINE
8
BLACK
6
CONTINUOUS
10
5.62450374015748
20
-5.4702036220472436
11
5.6273159055118107
21
-5.4673914960629917
0
LINE
8
BLACK
6
CONTINUOUS
10
5.6273159055118107
20
-5.4673914960629917
11
5.6280390551181103
21
-5.4668850787401571
0
LINE
8
BLACK
6
CONTINUOUS
10
5.6280390551181103
20
-5.4668850787401571
11
5.6280833070866141
21
-5.4668383858267715
0
LINE
8
BLACK
6
CONTINUOUS
10
5.6280833070866141
20
-5.4668383858267715
11
5.6337075984251967
21
-5.4640262204724408
0
LINE
8
BLACK
6
CONTINUOUS
10
5.6337075984251967
20
-5.4640262204724408
11
5.6346905118110238
21
-5.4637338582677168
0
LINE
8
BLACK
6
CONTINUOUS
10
5.6346905118110238
20
-5.4637338582677168
11
5.634862204724409
21
-5.463774842519685
0
LINE
8
BLACK
6
CONTINUOUS
10
5.634862204724409
20
-5.463774842519685
11
5.6350281102362203
21
-5.4637144881889759
0
LINE
8
BLACK
6
CONTINUOUS
10
5.6350281102362203
20
-5.4637144881889759
11
5.6490888582677163
21
-5.4637144881889759
0
LINE
8
BLACK
6
CONTINUOUS
10
5.6490888582677163
20
-5.4637144881889759
11
5.6499582283464562
21
-5.463867755905512
0
LINE
8
BLACK
6
CONTINUOUS
10
5.7991426377952751
20
-5.4638925590551182
11
5.8006898818897641
21
-5.4651908661417323
0
LINE
8
BLACK
6
CONTINUOUS
10
5.8006898818897641
20
-5.4651908661417323
11
5.8010406299212596
21
-5.4671799999999999
0
LINE
8
BLACK
6
CONTINUOUS
10
5.8010406299212596
20
-5.4671799999999999
11
5.8000307086614171
21
-5.4689291732283465
0
LINE
8
BLACK
6
CONTINUOUS
10
5.8000307086614171
20
-5.4689291732283465
11
5.7981327165354326
21
-5.4696199999999999
0
LINE
8
BLACK
6
CONTINUOUS
10
5.7981327165354326
20
-5.4696199999999999
11
5.77268342519685
21
-5.4696199999999999
0
LINE
8
BLACK
6
CONTINUOUS
10
5.77268342519685
20
-5.4696199999999999
11
5.7708182677165354
21
-5.488271771653543
0
LINE
8
BLACK
6
CONTINUOUS
10
5.7708182677165354
20
-5.488271771653543
11
5.7743150787401571
21
-5.4865234251968502
0
LINE
8
BLACK
6
CONTINUOUS
10
5.7743150787401571
20
-5.4865234251968502
11
5.7752979921259842
21
-5.4862310236220475
0
LINE
8
BLACK
6
CONTINUOUS
10
5.7752979921259842
20
-5.4862310236220475
11
5.7754696850393703
21
-5.4862720472440945
0
LINE
8
BLACK
6
CONTINUOUS
10
5.7754696850393703
20
-5.4862720472440945
11
5.7756355511811019
21
-5.4862116929133853
0
LINE
8
BLACK
6
CONTINUOUS
10
5.7756355511811019
20
-5.4862116929133853
11
5.7896962598425192
21
-5.4862116929133853
0
LINE
8
BLACK
6
CONTINUOUS
10
5.7896962598425192
20
-5.4862116929133853
11
5.7907061811023617
21
-5.4863897637795276
0
LINE
8
BLACK
6
CONTINUOUS
10
5.7907061811023617
20
-5.4863897637795276
11
5.7908414173228344
21
-5.4865032283464563
0
LINE
8
BLACK
6
CONTINUOUS
10
5.7908414173228344
20
-5.4865032283464563
11
5.7910167716535428
21
-5.4865234251968502
0
LINE
8
BLACK
6
CONTINUOUS
10
5.7910167716535428
20
-5.4865234251968502
11
5.7966411023622042
21
-5.4893355511811022
0
LINE
8
BLACK
6
CONTINUOUS
10
5.7966411023622042
20
-5.4893355511811022
11
5.7973501574803148
21
-5.4898614173228344
0
LINE
8
BLACK
6
CONTINUOUS
10
5.7973501574803148
20
-5.4898614173228344
11
5.7974085039370076
21
-5.4898886614173223
0
LINE
8
BLACK
6
CONTINUOUS
10
5.7974085039370076
20
-5.4898886614173223
11
5.8002206299212595
21
-5.4927008267716531
0
LINE
8
BLACK
6
CONTINUOUS
10
5.8002206299212595
20
-5.4927008267716531
11
5.8007270078740154
21
-5.4934239763779527
0
LINE
8
BLACK
6
CONTINUOUS
10
5.8007270078740154
20
-5.4934239763779527
11
5.8007737401574806
21
-5.4934682283464564
0
LINE
8
BLACK
6
CONTINUOUS
10
5.8007737401574806
20
-5.4934682283464564
11
5.8035859055118113
21
-5.4990925196850391
0
LINE
8
BLACK
6
CONTINUOUS
10
5.8035859055118113
20
-5.4990925196850391
11
5.8038782677165353
21
-5.5000754330708661
0
LINE
8
BLACK
6
CONTINUOUS
10
5.8038782677165353
20
-5.5000754330708661
11
5.8038372440944883
21
-5.5002471259842522
0
LINE
8
BLACK
6
CONTINUOUS
10
5.8038372440944883
20
-5.5002471259842522
11
5.8038976377952753
21
-5.5004130314960626
0
LINE
8
BLACK
6
CONTINUOUS
10
5.8038976377952753
20
-5.5004130314960626
11
5.8038976377952753
21
-5.5144737795275587
0
LINE
8
BLACK
6
CONTINUOUS
10
5.8038976377952753
20
-5.5144737795275587
11
5.8037195669291339
21
-5.5154837007874011
0
LINE
8
BLACK
6
CONTINUOUS
10
5.8037195669291339
20
-5.5154837007874011
11
5.8036060629921256
21
-5.5156189370078739
0
LINE
8
BLACK
6
CONTINUOUS
10
5.8036060629921256
20
-5.5156189370078739
11
5.8035859055118113
21
-5.5157942913385822
0
LINE
8
BLACK
6
CONTINUOUS
10
5.8035859055118113
20
-5.5157942913385822
11
5.8007737401574806
21
-5.5214185826771649
0
LINE
8
BLACK
6
CONTINUOUS
10
5.8007737401574806
20
-5.5214185826771649
11
5.8002478740157475
21
-5.5221275196850392
0
LINE
8
BLACK
6
CONTINUOUS
10
5.8002478740157475
20
-5.5221275196850392
11
5.8002206299212595
21
-5.5221859842519683
0
LINE
8
BLACK
6
CONTINUOUS
10
5.8002206299212595
20
-5.5221859842519683
11
5.7974085039370076
21
-5.524998149606299
0
LINE
8
BLACK
6
CONTINUOUS
10
5.7974085039370076
20
-5.524998149606299
11
5.7966853543307089
21
-5.5255044881889761
0
LINE
8
BLACK
6
CONTINUOUS
10
5.7966853543307089
20
-5.5255044881889761
11
5.7966411023622042
21
-5.5255512598425192
0
LINE
8
BLACK
6
CONTINUOUS
10
5.7966411023622042
20
-5.5255512598425192
11
5.7910167716535428
21
-5.5283633858267711
0
LINE
8
BLACK
6
CONTINUOUS
10
5.7910167716535428
20
-5.5283633858267711
11
5.7900338188976379
21
-5.5286557874015747
0
LINE
8
BLACK
6
CONTINUOUS
10
5.7900338188976379
20
-5.5286557874015747
11
5.789862086614173
21
-5.528614724409449
0
LINE
8
BLACK
6
CONTINUOUS
10
5.789862086614173
20
-5.528614724409449
11
5.7896962598425192
21
-5.528675118110236
0
LINE
8
BLACK
6
CONTINUOUS
10
5.7896962598425192
20
-5.528675118110236
11
5.7756355511811019
21
-5.528675118110236
0
LINE
8
BLACK
6
CONTINUOUS
10
5.7756355511811019
20
-5.528675118110236
11
5.7746256299212595
21
-5.5284970472440946
0
LINE
8
BLACK
6
CONTINUOUS
10
5.7746256299212595
20
-5.5284970472440946
11
5.7744903543307089
21
-5.5283835433070863
0
LINE
8
BLACK
6
CONTINUOUS
10
5.7744903543307089
20
-5.5283835433070863
11
5.7743150787401571
21
-5.5283633858267711
0
LINE
8
BLACK
6
CONTINUOUS
10
5.7743150787401571
20
-5.5283633858267711
11
5.768690708661417
21
-5.5255512598425192
0
LINE
8
BLACK
6
CONTINUOUS
10
5.768690708661417
20
-5.5255512598425192
11
5.7679816141732285
21
-5.5250253543307082
0
LINE
8
BLACK
6
CONTINUOUS
10
5.7679816141732285
20
-5.5250253543307082
11
5.7679233070866136
21
-5.524998149606299
0
LINE
8
BLACK
6
CONTINUOUS
10
5.7679233070866136
20
-5.524998149606299
11
5.7651111811023616
21
-5.5221859842519683
0
LINE
8
BLACK
6
CONTINUOUS
10
5.7651111811023616
20
-5.5221859842519683
11
5.7645229527559056
21
-5.5213459448818893
0
LINE
8
BLACK
6
CONTINUOUS
10
5.7645229527559056
20
-5.5213459448818893
11
5.7643469685039372
21
-5.5193338188976373
0
LINE
8
BLACK
6
CONTINUOUS
10
5.7643469685039372
20
-5.5193338188976373
11
5.7655054724409451
21
-5.5176792913385828
0
LINE
8
BLACK
6
CONTINUOUS
10
5.7655054724409451
20
-5.5176792913385828
11
5.767456456692913
21
-5.5171565748031499
0
LINE
8
BLACK
6
CONTINUOUS
10
5.767456456692913
20
-5.5171565748031499
11
5.7692870078740155
21
-5.5180101574803144
0
LINE
8
BLACK
6
CONTINUOUS
10
5.7692870078740155
20
-5.5180101574803144
11
5.7717603149606296
21
-5.5204834645669294
0
LINE
8
BLACK
6
CONTINUOUS
10
5.7717603149606296
20
-5.5204834645669294
11
5.7763325984251965
21
-5.5227696062992129
0
LINE
8
BLACK
6
CONTINUOUS
10
5.7763325984251965
20
-5.5227696062992129
11
5.7889992125984246
21
-5.5227696062992129
0
LINE
8
BLACK
6
CONTINUOUS
10
5.7889992125984246
20
-5.5227696062992129
11
5.7935714173228341
21
-5.5204835039370082
0
LINE
8
BLACK
6
CONTINUOUS
10
5.7935714173228341
20
-5.5204835039370082
11
5.7957059448818899
21
-5.5183489763779523
0
LINE
8
BLACK
6
CONTINUOUS
10
5.7957059448818899
20
-5.5183489763779523
11
5.7979921259842522
21
-5.5137766929133853
0
LINE
8
BLACK
6
CONTINUOUS
10
5.7979921259842522
20
-5.5137766929133853
11
5.7979921259842522
21
-5.5011100787401572
0
LINE
8
BLACK
6
CONTINUOUS
10
5.7979921259842522
20
-5.5011100787401572
11
5.7957059448818899
21
-5.4965377952755903
0
LINE
8
BLACK
6
CONTINUOUS
10
5.7957059448818899
20
-5.4965377952755903
11
5.7935714173228341
21
-5.4944032677165353
0
LINE
8
BLACK
6
CONTINUOUS
10
5.7935714173228341
20
-5.4944032677165353
11
5.7889992125984246
21
-5.4921172047244093
0
LINE
8
BLACK
6
CONTINUOUS
10
5.7889992125984246
20
-5.4921172047244093
11
5.7763325984251965
21
-5.4921172047244093
0
LINE
8
BLACK
6
CONTINUOUS
10
5.7763325984251965
20
-5.4921172047244093
11
5.7717603149606296
21
-5.4944033070866141
0
LINE
8
BLACK
6
CONTINUOUS
10
5.7717603149606296
20
-5.4944033070866141
11
5.7692870078740155
21
-5.4968766535433069
0
LINE
8
BLACK
6
CONTINUOUS
10
5.7692870078740155
20
-5.4968766535433069
11
5.7684470078740153
21
-5.497464842519685
0
LINE
8
BLACK
6
CONTINUOUS
10
5.7684470078740153
20
-5.497464842519685
11
5.7684275984251965
21
-5.4974665354330705
0
LINE
8
BLACK
6
CONTINUOUS
10
5.7684275984251965
20
-5.4974665354330705
11
5.7684137007874012
21
-5.4974801181102357
0
LINE
8
BLACK
6
CONTINUOUS
10
5.7684137007874012
20
-5.4974801181102357
11
5.7674233070866139
21
-5.4975544094488189
0
LINE
8
BLACK
6
CONTINUOUS
10
5.7674233070866139
20
-5.4975544094488189
11
5.7664348818897633
21
-5.4976409055118109
0
LINE
8
BLACK
6
CONTINUOUS
10
5.7664348818897633
20
-5.4976409055118109
11
5.7664189370078738
21
-5.4976297244094487
0
LINE
8
BLACK
6
CONTINUOUS
10
5.7664189370078738
20
-5.4976297244094487
11
5.7663995275590549
21
-5.4976312204724405
0
LINE
8
BLACK
6
CONTINUOUS
10
5.7663995275590549
20
-5.4976312204724405
11
5.7655937401574802
21
-5.4970519685039365
0
LINE
8
BLACK
6
CONTINUOUS
10
5.7655937401574802
20
-5.4970519685039365
11
5.76478031496063
21
-5.4964824015748031
0
LINE
8
BLACK
6
CONTINUOUS
10
5.76478031496063
20
-5.4964824015748031
11
5.7647752362204727
21
-5.4964635433070868
0
LINE
8
BLACK
6
CONTINUOUS
10
5.7647752362204727
20
-5.4964635433070868
11
5.7647595275590549
21
-5.4964522440944883
0
LINE
8
BLACK
6
CONTINUOUS
10
5.7647595275590549
20
-5.4964522440944883
11
5.7645146456692915
21
-5.4954908267716531
0
LINE
8
BLACK
6
CONTINUOUS
10
5.7645146456692915
20
-5.4954908267716531
11
5.7642575984251971
21
-5.4945314173228343
0
LINE
8
BLACK
6
CONTINUOUS
10
5.7642575984251971
20
-5.4945314173228343
11
5.764265787401575
21
-5.4945138188976372
0
LINE
8
BLACK
6
CONTINUOUS
10
5.764265787401575
20
-5.4945138188976372
11
5.7642609842519681
21
-5.4944949212598422
0
LINE
8
BLACK
6
CONTINUOUS
10
5.7642609842519681
20
-5.4944949212598422
11
5.76707311023622
21
-5.4663734645669289
0
LINE
8
BLACK
6
CONTINUOUS
10
5.76707311023622
20
-5.4663734645669289
11
5.7671153937007871
21
-5.4662230708661417
0
LINE
8
BLACK
6
CONTINUOUS
10
5.7671153937007871
20
-5.4662230708661417
11
5.7671033070866144
21
-5.4661544881889759
0
LINE
8
BLACK
6
CONTINUOUS
10
5.7671033070866144
20
-5.4661544881889759
11
5.7671645275590553
21
-5.46604842519685
0
LINE
8
BLACK
6
CONTINUOUS
10
5.7671645275590553
20
-5.46604842519685
11
5.7673507874015746
21
-5.4653862598425196
0
LINE
8
BLACK
6
CONTINUOUS
10
5.7673507874015746
20
-5.4653862598425196
11
5.7677996850393702
21
-5.4649483464566924
0
LINE
8
BLACK
6
CONTINUOUS
10
5.7677996850393702
20
-5.4649483464566924
11
5.7681132283464569
21
-5.4644053149606302
0
LINE
8
BLACK
6
CONTINUOUS
10
5.7681132283464569
20
-5.4644053149606302
11
5.7685010629921258
21
-5.4642641338582676
0
LINE
8
BLACK
6
CONTINUOUS
10
5.7685010629921258
20
-5.4642641338582676
11
5.7687966141732279
21
-5.4639758661417321
0
LINE
8
BLACK
6
CONTINUOUS
10
5.7687966141732279
20
-5.4639758661417321
11
5.7694219291338582
21
-5.4639289370078741
0
LINE
8
BLACK
6
CONTINUOUS
10
5.7694219291338582
20
-5.4639289370078741
11
5.7700112204724405
21
-5.4637144881889759
0
LINE
8
BLACK
6
CONTINUOUS
10
5.7700112204724405
20
-5.4637144881889759
11
5.7981327165354326
21
-5.4637144881889759
0
LINE
8
BLACK
6
CONTINUOUS
10
5.7981327165354326
20
-5.4637144881889759
11
5.7991426377952751
21
-5.4638925590551182
0
LINE
8
BLACK
6
CONTINUOUS
10
4.7063417322834642
20
-5.4638925590551182
11
4.7064769685039369
21
-5.4640060236220469
0
LINE
8
BLACK
6
CONTINUOUS
10
4.7064769685039369
20
-5.4640060236220469
11
4.7066523228346453
21
-5.4640262204724408
0
LINE
8
BLACK
6
CONTINUOUS
10
4.7066523228346453
20
-5.4640262204724408
11
4.712276614173228
21
-5.4668383858267715
0
LINE
8
BLACK
6
CONTINUOUS
10
4.712276614173228
20
-5.4668383858267715
11
4.7129856692913386
21
-5.4673642913385825
0
LINE
8
BLACK
6
CONTINUOUS
10
4.7129856692913386
20
-5.4673642913385825
11
4.7130440157480313
21
-5.4673914960629917
0
LINE
8
BLACK
6
CONTINUOUS
10
4.7130440157480313
20
-5.4673914960629917
11
4.715856181102362
21
-5.4702036220472436
0
LINE
8
BLACK
6
CONTINUOUS
10
4.715856181102362
20
-5.4702036220472436
11
4.7163625196850392
21
-5.4709267322834645
0
LINE
8
BLACK
6
CONTINUOUS
10
4.7163625196850392
20
-5.4709267322834645
11
4.7164092913385822
21
-5.470971023622047
0
LINE
8
BLACK
6
CONTINUOUS
10
4.7164092913385822
20
-5.470971023622047
11
4.7192214173228342
21
-5.4765953149606297
0
LINE
8
BLACK
6
CONTINUOUS
10
4.7192214173228342
20
-5.4765953149606297
11
4.7195138188976378
21
-5.4775782677165354
0
LINE
8
BLACK
6
CONTINUOUS
10
4.7195138188976378
20
-5.4775782677165354
11
4.7194727559055121
21
-5.4777499606299207
0
LINE
8
BLACK
6
CONTINUOUS
10
4.7194727559055121
20
-5.4777499606299207
11
4.7195331496062991
21
-5.4779158267716532
0
LINE
8
BLACK
6
CONTINUOUS
10
4.7195331496062991
20
-5.4779158267716532
11
4.7195331496062991
21
-5.4863522834645666
0
LINE
8
BLACK
6
CONTINUOUS
10
4.7195331496062991
20
-5.4863522834645666
11
4.7193550787401577
21
-5.4873622047244091
0
LINE
8
BLACK
6
CONTINUOUS
10
4.7193550787401577
20
-5.4873622047244091
11
4.7192415748031493
21
-5.4874974409448818
0
LINE
8
BLACK
6
CONTINUOUS
10
4.7192415748031493
20
-5.4874974409448818
11
4.7192214173228342
21
-5.4876727952755902
0
LINE
8
BLACK
6
CONTINUOUS
10
4.7192214173228342
20
-5.4876727952755902
11
4.7164092913385822
21
-5.4932970866141728
0
LINE
8
BLACK
6
CONTINUOUS
10
4.7164092913385822
20
-5.4932970866141728
11
4.7158833464566925
21
-5.4940061417322834
0
LINE
8
BLACK
6
CONTINUOUS
10
4.7158833464566925
20
-5.4940061417322834
11
4.715856181102362
21
-5.4940644881889762
0
LINE
8
BLACK
6
CONTINUOUS
10
4.715856181102362
20
-5.4940644881889762
11
4.7130440157480313
21
-5.4968766535433069
0
LINE
8
BLACK
6
CONTINUOUS
10
4.7130440157480313
20
-5.4968766535433069
11
4.7123209055118105
21
-5.4973829133858265
0
LINE
8
BLACK
6
CONTINUOUS
10
4.7123209055118105
20
-5.4973829133858265
11
4.712276614173228
21
-5.4974297637795271
0
LINE
8
BLACK
6
CONTINUOUS
10
4.712276614173228
20
-5.4974297637795271
11
4.7066523228346453
21
-5.500241889763779
0
LINE
8
BLACK
6
CONTINUOUS
10
4.7066523228346453
20
-5.500241889763779
11
4.7056693700787404
21
-5.5005342519685039
0
LINE
8
BLACK
6
CONTINUOUS
10
4.7056693700787404
20
-5.5005342519685039
11
4.7054976771653543
21
-5.5004932283464569
0
LINE
8
BLACK
6
CONTINUOUS
10
4.7054976771653543
20
-5.5004932283464569
11
4.7053318110236217
21
-5.500553622047244
0
LINE
8
BLACK
6
CONTINUOUS
10
4.7053318110236217
20
-5.500553622047244
11
4.6857873622047244
21
-5.500553622047244
0
LINE
8
BLACK
6
CONTINUOUS
10
4.6857873622047244
20
-5.500553622047244
11
4.6857873622047244
21
-5.525722362204724
0
LINE
8
BLACK
6
CONTINUOUS
10
4.6857873622047244
20
-5.525722362204724
11
4.6856092913385829
21
-5.5267322834645665
0
LINE
8
BLACK
6
CONTINUOUS
10
4.6856092913385829
20
-5.5267322834645665
11
4.6843109842519688
21
-5.5282795275590546
0
LINE
8
BLACK
6
CONTINUOUS
10
4.6843109842519688
20
-5.5282795275590546
11
4.6823218503937003
21
-5.528630275590551
0
LINE
8
BLACK
6
CONTINUOUS
10
4.6823218503937003
20
-5.528630275590551
11
4.6805726771653546
21
-5.5276203543307085
0
LINE
8
BLACK
6
CONTINUOUS
10
4.6805726771653546
20
-5.5276203543307085
11
4.6798818503937003
21
-5.525722362204724
0
LINE
8
BLACK
6
CONTINUOUS
10
4.6798818503937003
20
-5.525722362204724
11
4.6798818503937003
21
-5.4666672440944879
0
LINE
8
BLACK
6
CONTINUOUS
10
4.6798818503937003
20
-5.4666672440944879
11
4.6799494488188973
21
-5.4662837007874012
0
LINE
8
BLACK
6
CONTINUOUS
10
4.6799494488188973
20
-5.4662837007874012
11
4.6799266929133854
21
-5.4661544881889759
0
LINE
8
BLACK
6
CONTINUOUS
10
4.6799266929133854
20
-5.4661544881889759
11
4.6799922834645669
21
-5.4660408661417321
0
LINE
8
BLACK
6
CONTINUOUS
10
4.6799922834645669
20
-5.4660408661417321
11
4.6800599212598426
21
-5.4656573228346454
0
LINE
8
BLACK
6
CONTINUOUS
10
4.6800599212598426
20
-5.4656573228346454
11
4.6805530314960633
21
-5.4650696062992123
0
LINE
8
BLACK
6
CONTINUOUS
10
4.6805530314960633
20
-5.4650696062992123
11
4.6809366141732278
21
-5.4644053149606302
0
LINE
8
BLACK
6
CONTINUOUS
10
4.6809366141732278
20
-5.4644053149606302
11
4.6811869291338581
21
-5.4643141732283462
0
LINE
8
BLACK
6
CONTINUOUS
10
4.6811869291338581
20
-5.4643141732283462
11
4.6813582283464568
21
-5.4641100787401573
0
LINE
8
BLACK
6
CONTINUOUS
10
4.6813582283464568
20
-5.4641100787401573
11
4.6821137795275591
21
-5.4639768110236222
0
LINE
8
BLACK
6
CONTINUOUS
10
4.6821137795275591
20
-5.4639768110236222
11
4.6828346062992123
21
-5.4637144881889759
0
LINE
8
BLACK
6
CONTINUOUS
10
4.6828346062992123
20
-5.4637144881889759
11
4.7053318110236217
21
-5.4637144881889759
0
LINE
8
BLACK
6
CONTINUOUS
10
4.7053318110236217
20
-5.4637144881889759
11
4.7063417322834642
21
-5.4638925590551182
0
LINE
8
BLACK
6
CONTINUOUS
10
4.6857873622047244
20
-5.4946481102362199
11
4.7046347637795272
21
-5.4946481102362199
0
LINE
8
BLACK
6
CONTINUOUS
10
4.7046347637795272
20
-5.4946481102362199
11
4.7092070078740154
21
-5.4923619685039373
0
LINE
8
BLACK
6
CONTINUOUS
10
4.7092070078740154
20
-5.4923619685039373
11
4.7113414960629925
21
-5.4902274803149602
0
LINE
8
BLACK
6
CONTINUOUS
10
4.7113414960629925
20
-5.4902274803149602
11
4.713627637795275
21
-5.485655236220472
0
LINE
8
BLACK
6
CONTINUOUS
10
4.713627637795275
20
-5.485655236220472
11
4.713627637795275
21
-5.4786128346456691
0
LINE
8
BLACK
6
CONTINUOUS
10
4.713627637795275
20
-5.4786128346456691
11
4.7113415354330703
21
-5.4740406299212596
0
LINE
8
BLACK
6
CONTINUOUS
10
4.7113415354330703
20
-5.4740406299212596
11
4.7092070078740154
21
-5.4719061417322834
0
LINE
8
BLACK
6
CONTINUOUS
10
4.7092070078740154
20
-5.4719061417322834
11
4.7046347637795272
21
-5.4696199999999999
0
LINE
8
BLACK
6
CONTINUOUS
10
4.7046347637795272
20
-5.4696199999999999
11
4.6857873622047244
21
-5.4696199999999999
0
LINE
8
BLACK
6
CONTINUOUS
10
4.6857873622047244
20
-5.4696199999999999
11
4.6857873622047244
21
-5.4946481102362199
0
LINE
8
BLACK
6
CONTINUOUS
10
4.744151653543307
20
-5.4647692519685034
11
4.7448424803149605
21
-5.4666672440944879
0
LINE
8
BLACK
6
CONTINUOUS
10
4.7448424803149605
20
-5.4666672440944879
11
4.7448424803149605
21
-5.525722362204724
0
LINE
8
BLACK
6
CONTINUOUS
10
4.7448424803149605
20
-5.525722362204724
11
4.7446644094488191
21
-5.5267322834645665
0
LINE
8
BLACK
6
CONTINUOUS
10
4.7446644094488191
20
-5.5267322834645665
11
4.7433661023622049
21
-5.5282795275590546
0
LINE
8
BLACK
6
CONTINUOUS
10
4.7433661023622049
20
-5.5282795275590546
11
4.7413769685039373
21
-5.528630275590551
0
LINE
8
BLACK
6
CONTINUOUS
10
4.7413769685039373
20
-5.528630275590551
11
4.7396277952755907
21
-5.5276203543307085
0
LINE
8
BLACK
6
CONTINUOUS
10
4.7396277952755907
20
-5.5276203543307085
11
4.7389369685039373
21
-5.525722362204724
0
LINE
8
BLACK
6
CONTINUOUS
10
4.7389369685039373
20
-5.525722362204724
11
4.7389369685039373
21
-5.4666672440944879
0
LINE
8
BLACK
6
CONTINUOUS
10
4.7389369685039373
20
-5.4666672440944879
11
4.7391150393700787
21
-5.4656573228346454
0
LINE
8
BLACK
6
CONTINUOUS
10
4.7391150393700787
20
-5.4656573228346454
11
4.7404133464566929
21
-5.4641100787401573
0
LINE
8
BLACK
6
CONTINUOUS
10
4.7404133464566929
20
-5.4641100787401573
11
4.7424024803149605
21
-5.4637593307086609
0
LINE
8
BLACK
6
CONTINUOUS
10
4.7424024803149605
20
-5.4637593307086609
11
4.744151653543307
21
-5.4647692519685034
0
LINE
8
BLACK
6
CONTINUOUS
10
5.2063417322834642
20
-5.4638925590551182
11
5.2064769685039369
21
-5.4640060236220469
0
LINE
8
BLACK
6
CONTINUOUS
10
5.2064769685039369
20
-5.4640060236220469
11
5.2066523228346453
21
-5.4640262204724408
0
LINE
8
BLACK
6
CONTINUOUS
10
5.2066523228346453
20
-5.4640262204724408
11
5.212276614173228
21
-5.4668383858267715
0
LINE
8
BLACK
6
CONTINUOUS
10
5.212276614173228
20
-5.4668383858267715
11
5.2129856692913386
21
-5.4673642913385825
0
LINE
8
BLACK
6
CONTINUOUS
10
5.2129856692913386
20
-5.4673642913385825
11
5.2130440157480313
21
-5.4673914960629917
0
LINE
8
BLACK
6
CONTINUOUS
10
5.2130440157480313
20
-5.4673914960629917
11
5.215856181102362
21
-5.4702036220472436
0
LINE
8
BLACK
6
CONTINUOUS
10
5.215856181102362
20
-5.4702036220472436
11
5.2163625196850392
21
-5.4709267322834645
0
LINE
8
BLACK
6
CONTINUOUS
10
5.2163625196850392
20
-5.4709267322834645
11
5.2164092913385822
21
-5.470971023622047
0
LINE
8
BLACK
6
CONTINUOUS
10
5.2164092913385822
20
-5.470971023622047
11
5.2192214173228342
21
-5.4765953149606297
0
LINE
8
BLACK
6
CONTINUOUS
10
5.2192214173228342
20
-5.4765953149606297
11
5.2195138188976378
21
-5.4775782677165354
0
LINE
8
BLACK
6
CONTINUOUS
10
5.2195138188976378
20
-5.4775782677165354
11
5.2194727559055121
21
-5.4777499606299207
0
LINE
8
BLACK
6
CONTINUOUS
10
5.2194727559055121
20
-5.4777499606299207
11
5.2195331496062991
21
-5.4779158267716532
0
LINE
8
BLACK
6
CONTINUOUS
10
5.2195331496062991
20
-5.4779158267716532
11
5.2195331496062991
21
-5.4863522834645666
0
LINE
8
BLACK
6
CONTINUOUS
10
5.2195331496062991
20
-5.4863522834645666
11
5.2193550787401577
21
-5.4873622047244091
0
LINE
8
BLACK
6
CONTINUOUS
10
5.2193550787401577
20
-5.4873622047244091
11
5.2192415748031493
21
-5.4874974409448818
0
LINE
8
BLACK
6
CONTINUOUS
10
5.2192415748031493
20
-5.4874974409448818
11
5.2192214173228342
21
-5.4876727952755902
0
LINE
8
BLACK
6
CONTINUOUS
10
5.2192214173228342
20
-5.4876727952755902
11
5.2164092913385822
21
-5.4932970866141728
0
LINE
8
BLACK
6
CONTINUOUS
10
5.2164092913385822
20
-5.4932970866141728
11
5.2158833464566925
21
-5.4940061417322834
0
LINE
8
BLACK
6
CONTINUOUS
10
5.2158833464566925
20
-5.4940061417322834
11
5.215856181102362
21
-5.4940644881889762
0
LINE
8
BLACK
6
CONTINUOUS
10
5.215856181102362
20
-5.4940644881889762
11
5.2130440157480313
21
-5.4968766535433069
0
LINE
8
BLACK
6
CONTINUOUS
10
5.2130440157480313
20
-5.4968766535433069
11
5.2123209055118105
21
-5.4973829133858265
0
LINE
8
BLACK
6
CONTINUOUS
10
5.2123209055118105
20
-5.4973829133858265
11
5.212276614173228
21
-5.4974297637795271
0
LINE
8
BLACK
6
CONTINUOUS
10
5.212276614173228
20
-5.4974297637795271
11
5.2066523228346453
21
-5.500241889763779
0
LINE
8
BLACK
6
CONTINUOUS
10
5.2066523228346453
20
-5.500241889763779
11
5.2056693700787404
21
-5.5005342519685039
0
LINE
8
BLACK
6
CONTINUOUS
10
5.2056693700787404
20
-5.5005342519685039
11
5.2054976771653543
21
-5.5004932283464569
0
LINE
8
BLACK
6
CONTINUOUS
10
5.2054976771653543
20
-5.5004932283464569
11
5.2053318110236217
21
-5.500553622047244
0
LINE
8
BLACK
6
CONTINUOUS
10
5.2053318110236217
20
-5.500553622047244
11
5.1857873622047244
21
-5.500553622047244
0
LINE
8
BLACK
6
CONTINUOUS
10
5.1857873622047244
20
-5.500553622047244
11
5.1857873622047244
21
-5.525722362204724
0
LINE
8
BLACK
6
CONTINUOUS
10
5.1857873622047244
20
-5.525722362204724
11
5.1856092913385829
21
-5.5267322834645665
0
LINE
8
BLACK
6
CONTINUOUS
10
5.1856092913385829
20
-5.5267322834645665
11
5.1843109842519688
21
-5.5282795275590546
0
LINE
8
BLACK
6
CONTINUOUS
10
5.1843109842519688
20
-5.5282795275590546
11
5.1823218503937003
21
-5.528630275590551
0
LINE
8
BLACK
6
CONTINUOUS
10
5.1823218503937003
20
-5.528630275590551
11
5.1805726771653546
21
-5.5276203543307085
0
LINE
8
BLACK
6
CONTINUOUS
10
5.1805726771653546
20
-5.5276203543307085
11
5.1798818503937003
21
-5.525722362204724
0
LINE
8
BLACK
6
CONTINUOUS
10
5.1798818503937003
20
-5.525722362204724
11
5.1798818503937003
21
-5.4666672440944879
0
LINE
8
BLACK
6
CONTINUOUS
10
5.1798818503937003
20
-5.4666672440944879
11
5.1799494488188973
21
-5.4662837007874012
0
LINE
8
BLACK
6
CONTINUOUS
10
5.1799494488188973
20
-5.4662837007874012
11
5.1799266929133854
21
-5.4661544881889759
0
LINE
8
BLACK
6
CONTINUOUS
10
5.1799266929133854
20
-5.4661544881889759
11
5.1799922834645669
21
-5.4660408661417321
0
LINE
8
BLACK
6
CONTINUOUS
10
5.1799922834645669
20
-5.4660408661417321
11
5.1800599212598426
21
-5.4656573228346454
0
LINE
8
BLACK
6
CONTINUOUS
10
5.1800599212598426
20
-5.4656573228346454
11
5.1805530314960633
21
-5.4650696062992123
0
LINE
8
BLACK
6
CONTINUOUS
10
5.1805530314960633
20
-5.4650696062992123
11
5.1809366141732278
21
-5.4644053149606302
0
LINE
8
BLACK
6
CONTINUOUS
10
5.1809366141732278
20
-5.4644053149606302
11
5.1811869291338581
21
-5.4643141732283462
0
LINE
8
BLACK
6
CONTINUOUS
10
5.1811869291338581
20
-5.4643141732283462
11
5.1813582283464568
21
-5.4641100787401573
0
LINE
8
BLACK
6
CONTINUOUS
10
5.1813582283464568
20
-5.4641100787401573
11
5.1821137795275591
21
-5.4639768110236222
0
LINE
8
BLACK
6
CONTINUOUS
10
5.1821137795275591
20
-5.4639768110236222
11
5.1828346062992123
21
-5.4637144881889759
0
LINE
8
BLACK
6
CONTINUOUS
10
5.1828346062992123
20
-5.4637144881889759
11
5.2053318110236217
21
-5.4637144881889759
0
LINE
8
BLACK
6
CONTINUOUS
10
5.2053318110236217
20
-5.4637144881889759
11
5.2063417322834642
21
-5.4638925590551182
0
LINE
8
BLACK
6
CONTINUOUS
10
5.1857873622047244
20
-5.4946481102362199
11
5.2046347637795272
21
-5.4946481102362199
0
LINE
8
BLACK
6
CONTINUOUS
10
5.2046347637795272
20
-5.4946481102362199
11
5.2092070078740154
21
-5.4923619685039373
0
LINE
8
BLACK
6
CONTINUOUS
10
5.2092070078740154
20
-5.4923619685039373
11
5.2113414960629916
21
-5.4902274803149602
0
LINE
8
BLACK
6
CONTINUOUS
10
5.2113414960629916
20
-5.4902274803149602
11
5.213627637795275
21
-5.485655236220472
0
LINE
8
BLACK
6
CONTINUOUS
10
5.213627637795275
20
-5.485655236220472
11
5.213627637795275
21
-5.4786128346456691
0
LINE
8
BLACK
6
CONTINUOUS
10
5.213627637795275
20
-5.4786128346456691
11
5.2113415354330703
21
-5.4740406299212596
0
LINE
8
BLACK
6
CONTINUOUS
10
5.2113415354330703
20
-5.4740406299212596
11
5.2092070078740154
21
-5.4719061417322834
0
LINE
8
BLACK
6
CONTINUOUS
10
5.2092070078740154
20
-5.4719061417322834
11
5.2046347637795272
21
-5.4696199999999999
0
LINE
8
BLACK
6
CONTINUOUS
10
5.2046347637795272
20
-5.4696199999999999
11
5.1857873622047244
21
-5.4696199999999999
0
LINE
8
BLACK
6
CONTINUOUS
10
5.1857873622047244
20
-5.4696199999999999
11
5.1857873622047244
21
-5.4946481102362199
0
LINE
8
BLACK
6
CONTINUOUS
10
5.244151653543307
20
-5.4647692519685034
11
5.2448424803149605
21
-5.4666672440944879
0
LINE
8
BLACK
6
CONTINUOUS
10
5.2448424803149605
20
-5.4666672440944879
11
5.2448424803149605
21
-5.525722362204724
0
LINE
8
BLACK
6
CONTINUOUS
10
5.2448424803149605
20
-5.525722362204724
11
5.2446644094488191
21
-5.5267322834645665
0
LINE
8
BLACK
6
CONTINUOUS
10
5.2446644094488191
20
-5.5267322834645665
11
5.2433661023622049
21
-5.5282795275590546
0
LINE
8
BLACK
6
CONTINUOUS
10
5.2433661023622049
20
-5.5282795275590546
11
5.2413769685039373
21
-5.528630275590551
0
LINE
8
BLACK
6
CONTINUOUS
10
5.2413769685039373
20
-5.528630275590551
11
5.2396277952755907
21
-5.5276203543307085
0
LINE
8
BLACK
6
CONTINUOUS
10
5.2396277952755907
20
-5.5276203543307085
11
5.2389369685039373
21
-5.525722362204724
0
LINE
8
BLACK
6
CONTINUOUS
10
5.2389369685039373
20
-5.525722362204724
11
5.2389369685039373
21
-5.4666672440944879
0
LINE
8
BLACK
6
CONTINUOUS
10
5.2389369685039373
20
-5.4666672440944879
11
5.2391150393700787
21
-5.4656573228346454
0
LINE
8
BLACK
6
CONTINUOUS
10
5.2391150393700787
20
-5.4656573228346454
11
5.2404133464566929
21
-5.4641100787401573
0
LINE
8
BLACK
6
CONTINUOUS
10
5.2404133464566929
20
-5.4641100787401573
11
5.2424024803149605
21
-5.4637593307086609
0
LINE
8
BLACK
6
CONTINUOUS
10
5.2424024803149605
20
-5.4637593307086609
11
5.244151653543307
21
-5.4647692519685034
0
LINE
8
BLACK
6
CONTINUOUS
10
5.4563417322834642
20
-5.4638925590551182
11
5.4564769685039369
21
-5.4640060236220469
0
LINE
8
BLACK
6
CONTINUOUS
10
5.4564769685039369
20
-5.4640060236220469
11
5.4566523228346453
21
-5.4640262204724408
0
LINE
8
BLACK
6
CONTINUOUS
10
5.4566523228346453
20
-5.4640262204724408
11
5.462276614173228
21
-5.4668383858267715
0
LINE
8
BLACK
6
CONTINUOUS
10
5.462276614173228
20
-5.4668383858267715
11
5.4629856692913386
21
-5.4673642913385825
0
LINE
8
BLACK
6
CONTINUOUS
10
5.4629856692913386
20
-5.4673642913385825
11
5.4630440157480313
21
-5.4673914960629917
0
LINE
8
BLACK
6
CONTINUOUS
10
5.4630440157480313
20
-5.4673914960629917
11
5.465856181102362
21
-5.4702036220472436
0
LINE
8
BLACK
6
CONTINUOUS
10
5.465856181102362
20
-5.4702036220472436
11
5.4663625196850392
21
-5.4709267322834645
0
LINE
8
BLACK
6
CONTINUOUS
10
5.4663625196850392
20
-5.4709267322834645
11
5.4664092913385822
21
-5.470971023622047
0
LINE
8
BLACK
6
CONTINUOUS
10
5.4664092913385822
20
-5.470971023622047
11
5.4692214173228342
21
-5.4765953149606297
0
LINE
8
BLACK
6
CONTINUOUS
10
5.4692214173228342
20
-5.4765953149606297
11
5.4695138188976378
21
-5.4775782677165354
0
LINE
8
BLACK
6
CONTINUOUS
10
5.4695138188976378
20
-5.4775782677165354
11
5.4694727559055121
21
-5.4777499606299207
0
LINE
8
BLACK
6
CONTINUOUS
10
5.4694727559055121
20
-5.4777499606299207
11
5.4695331496062991
21
-5.4779158267716532
0
LINE
8
BLACK
6
CONTINUOUS
10
5.4695331496062991
20
-5.4779158267716532
11
5.4695331496062991
21
-5.4863522834645666
0
LINE
8
BLACK
6
CONTINUOUS
10
5.4695331496062991
20
-5.4863522834645666
11
5.4693550787401577
21
-5.4873622047244091
0
LINE
8
BLACK
6
CONTINUOUS
10
5.4693550787401577
20
-5.4873622047244091
11
5.4692415748031493
21
-5.4874974409448818
0
LINE
8
BLACK
6
CONTINUOUS
10
5.4692415748031493
20
-5.4874974409448818
11
5.4692214173228342
21
-5.4876727952755902
0
LINE
8
BLACK
6
CONTINUOUS
10
5.4692214173228342
20
-5.4876727952755902
11
5.4664092913385822
21
-5.4932970866141728
0
LINE
8
BLACK
6
CONTINUOUS
10
5.4664092913385822
20
-5.4932970866141728
11
5.4658833464566925
21
-5.4940061417322834
0
LINE
8
BLACK
6
CONTINUOUS
10
5.4658833464566925
20
-5.4940061417322834
11
5.465856181102362
21
-5.4940644881889762
0
LINE
8
BLACK
6
CONTINUOUS
10
5.465856181102362
20
-5.4940644881889762
11
5.4630440157480313
21
-5.4968766535433069
0
LINE
8
BLACK
6
CONTINUOUS
10
5.4630440157480313
20
-5.4968766535433069
11
5.4623209055118105
21
-5.4973829133858265
0
LINE
8
BLACK
6
CONTINUOUS
10
5.4623209055118105
20
-5.4973829133858265
11
5.462276614173228
21
-5.4974297637795271
0
LINE
8
BLACK
6
CONTINUOUS
10
5.462276614173228
20
-5.4974297637795271
11
5.4566523228346453
21
-5.500241889763779
0
LINE
8
BLACK
6
CONTINUOUS
10
5.4566523228346453
20
-5.500241889763779
11
5.4556693700787404
21
-5.5005342519685039
0
LINE
8
BLACK
6
CONTINUOUS
10
5.4556693700787404
20
-5.5005342519685039
11
5.4554976771653543
21
-5.5004932283464569
0
LINE
8
BLACK
6
CONTINUOUS
10
5.4554976771653543
20
-5.5004932283464569
11
5.4553318110236217
21
-5.500553622047244
0
LINE
8
BLACK
6
CONTINUOUS
10
5.4553318110236217
20
-5.500553622047244
11
5.4357873622047244
21
-5.500553622047244
0
LINE
8
BLACK
6
CONTINUOUS
10
5.4357873622047244
20
-5.500553622047244
11
5.4357873622047244
21
-5.525722362204724
0
LINE
8
BLACK
6
CONTINUOUS
10
5.4357873622047244
20
-5.525722362204724
11
5.4356092913385829
21
-5.5267322834645665
0
LINE
8
BLACK
6
CONTINUOUS
10
5.4356092913385829
20
-5.5267322834645665
11
5.4343109842519688
21
-5.5282795275590546
0
LINE
8
BLACK
6
CONTINUOUS
10
5.4343109842519688
20
-5.5282795275590546
11
5.4323218503937003
21
-5.528630275590551
0
LINE
8
BLACK
6
CONTINUOUS
10
5.4323218503937003
20
-5.528630275590551
11
5.4305726771653546
21
-5.5276203543307085
0
LINE
8
BLACK
6
CONTINUOUS
10
5.4305726771653546
20
-5.5276203543307085
11
5.4298818503937003
21
-5.525722362204724
0
LINE
8
BLACK
6
CONTINUOUS
10
5.4298818503937003
20
-5.525722362204724
11
5.4298818503937003
21
-5.4666672440944879
0
LINE
8
BLACK
6
CONTINUOUS
10
5.4298818503937003
20
-5.4666672440944879
11
5.4299494488188973
21
-5.4662837007874012
0
LINE
8
BLACK
6
CONTINUOUS
10
5.4299494488188973
20
-5.4662837007874012
11
5.4299266929133854
21
-5.4661544881889759
0
LINE
8
BLACK
6
CONTINUOUS
10
5.4299266929133854
20
-5.4661544881889759
11
5.4299922834645669
21
-5.4660408661417321
0
LINE
8
BLACK
6
CONTINUOUS
10
5.4299922834645669
20
-5.4660408661417321
11
5.4300599212598426
21
-5.4656573228346454
0
LINE
8
BLACK
6
CONTINUOUS
10
5.4300599212598426
20
-5.4656573228346454
11
5.4305530314960633
21
-5.4650696062992123
0
LINE
8
BLACK
6
CONTINUOUS
10
5.4305530314960633
20
-5.4650696062992123
11
5.4309366141732278
21
-5.4644053149606302
0
LINE
8
BLACK
6
CONTINUOUS
10
5.4309366141732278
20
-5.4644053149606302
11
5.4311869291338581
21
-5.4643141732283462
0
LINE
8
BLACK
6
CONTINUOUS
10
5.4311869291338581
20
-5.4643141732283462
11
5.4313582283464568
21
-5.4641100787401573
0
LINE
8
BLACK
6
CONTINUOUS
10
5.4313582283464568
20
-5.4641100787401573
11
5.4321137795275591
21
-5.4639768110236222
0
LINE
8
BLACK
6
CONTINUOUS
10
5.4321137795275591
20
-5.4639768110236222
11
5.4328346062992123
21
-5.4637144881889759
0
LINE
8
BLACK
6
CONTINUOUS
10
5.4328346062992123
20
-5.4637144881889759
11
5.4553318110236217
21
-5.4637144881889759
0
LINE
8
BLACK
6
CONTINUOUS
10
5.4553318110236217
20
-5.4637144881889759
11
5.4563417322834642
21
-5.4638925590551182
0
LINE
8
BLACK
6
CONTINUOUS
10
5.4357873622047244
20
-5.4946481102362199
11
5.4546347637795272
21
-5.4946481102362199
0
LINE
8
BLACK
6
CONTINUOUS
10
5.4546347637795272
20
-5.4946481102362199
11
5.4592070078740154
21
-5.4923619685039373
0
LINE
8
BLACK
6
CONTINUOUS
10
5.4592070078740154
20
-5.4923619685039373
11
5.4613414960629916
21
-5.4902274803149602
0
LINE
8
BLACK
6
CONTINUOUS
10
5.4613414960629916
20
-5.4902274803149602
11
5.463627637795275
21
-5.485655236220472
0
LINE
8
BLACK
6
CONTINUOUS
10
5.463627637795275
20
-5.485655236220472
11
5.463627637795275
21
-5.4786128346456691
0
LINE
8
BLACK
6
CONTINUOUS
10
5.463627637795275
20
-5.4786128346456691
11
5.4613415354330703
21
-5.4740406299212596
0
LINE
8
BLACK
6
CONTINUOUS
10
5.4613415354330703
20
-5.4740406299212596
11
5.4592070078740154
21
-5.4719061417322834
0
LINE
8
BLACK
6
CONTINUOUS
10
5.4592070078740154
20
-5.4719061417322834
11
5.4546347637795272
21
-5.4696199999999999
0
LINE
8
BLACK
6
CONTINUOUS
10
5.4546347637795272
20
-5.4696199999999999
11
5.4357873622047244
21
-5.4696199999999999
0
LINE
8
BLACK
6
CONTINUOUS
10
5.4357873622047244
20
-5.4696199999999999
11
5.4357873622047244
21
-5.4946481102362199
0
LINE
8
BLACK
6
CONTINUOUS
10
5.494151653543307
20
-5.4647692519685034
11
5.4948424803149605
21
-5.4666672440944879
0
LINE
8
BLACK
6
CONTINUOUS
10
5.4948424803149605
20
-5.4666672440944879
11
5.4948424803149605
21
-5.525722362204724
0
LINE
8
BLACK
6
CONTINUOUS
10
5.4948424803149605
20
-5.525722362204724
11
5.4946644094488191
21
-5.5267322834645665
0
LINE
8
BLACK
6
CONTINUOUS
10
5.4946644094488191
20
-5.5267322834645665
11
5.4933661023622049
21
-5.5282795275590546
0
LINE
8
BLACK
6
CONTINUOUS
10
5.4933661023622049
20
-5.5282795275590546
11
5.4913769685039373
21
-5.528630275590551
0
LINE
8
BLACK
6
CONTINUOUS
10
5.4913769685039373
20
-5.528630275590551
11
5.4896277952755907
21
-5.5276203543307085
0
LINE
8
BLACK
6
CONTINUOUS
10
5.4896277952755907
20
-5.5276203543307085
11
5.4889369685039373
21
-5.525722362204724
0
LINE
8
BLACK
6
CONTINUOUS
10
5.4889369685039373
20
-5.525722362204724
11
5.4889369685039373
21
-5.4666672440944879
0
LINE
8
BLACK
6
CONTINUOUS
10
5.4889369685039373
20
-5.4666672440944879
11
5.4891150393700787
21
-5.4656573228346454
0
LINE
8
BLACK
6
CONTINUOUS
10
5.4891150393700787
20
-5.4656573228346454
11
5.4904133464566929
21
-5.4641100787401573
0
LINE
8
BLACK
6
CONTINUOUS
10
5.4904133464566929
20
-5.4641100787401573
11
5.4924024803149605
21
-5.4637593307086609
0
LINE
8
BLACK
6
CONTINUOUS
10
5.4924024803149605
20
-5.4637593307086609
11
5.494151653543307
21
-5.4647692519685034
0
LINE
8
BLACK
6
CONTINUOUS
10
5.5326658267716535
20
-5.4612585826771651
11
5.5340059055118109
21
-5.4627698425196849
0
LINE
8
BLACK
6
CONTINUOUS
10
5.5340059055118109
20
-5.4627698425196849
11
5.5340610629921256
21
-5.464788858267716
0
LINE
8
BLACK
6
CONTINUOUS
10
5.5340610629921256
20
-5.464788858267716
11
5.5212958267716532
21
-5.5030845669291342
0
LINE
8
BLACK
6
CONTINUOUS
10
5.5212958267716532
20
-5.5030845669291342
11
5.5423678346456695
21
-5.5030845669291342
0
LINE
8
BLACK
6
CONTINUOUS
10
5.5423678346456695
20
-5.5030845669291342
11
5.5423678346456695
21
-5.4863522834645666
0
LINE
8
BLACK
6
CONTINUOUS
10
5.5423678346456695
20
-5.4863522834645666
11
5.5425459055118109
21
-5.4853423622047242
0
LINE
8
BLACK
6
CONTINUOUS
10
5.5425459055118109
20
-5.4853423622047242
11
5.5438442125984251
21
-5.483795118110236
0
LINE
8
BLACK
6
CONTINUOUS
10
5.5438442125984251
20
-5.483795118110236
11
5.5458333464566927
21
-5.4834443700787396
0
LINE
8
BLACK
6
CONTINUOUS
10
5.5458333464566927
20
-5.4834443700787396
11
5.5475825196850392
21
-5.484454291338583
0
LINE
8
BLACK
6
CONTINUOUS
10
5.5475825196850392
20
-5.484454291338583
11
5.5482733464566927
21
-5.4863522834645666
0
LINE
8
BLACK
6
CONTINUOUS
10
5.5482733464566927
20
-5.4863522834645666
11
5.5482733464566927
21
-5.5030845669291342
0
LINE
8
BLACK
6
CONTINUOUS
10
5.5482733464566927
20
-5.5030845669291342
11
5.5537570078740153
21
-5.5030845669291342
0
LINE
8
BLACK
6
CONTINUOUS
10
5.5537570078740153
20
-5.5030845669291342
11
5.5547669291338577
21
-5.5032626377952756
0
LINE
8
BLACK
6
CONTINUOUS
10
5.5547669291338577
20
-5.5032626377952756
11
5.5563141732283468
21
-5.5045609448818897
0
LINE
8
BLACK
6
CONTINUOUS
10
5.5563141732283468
20
-5.5045609448818897
11
5.5566649212598422
21
-5.5065500787401573
0
LINE
8
BLACK
6
CONTINUOUS
10
5.5566649212598422
20
-5.5065500787401573
11
5.5556549999999998
21
-5.5082992519685039
0
LINE
8
BLACK
6
CONTINUOUS
10
5.5556549999999998
20
-5.5082992519685039
11
5.5537570078740153
21
-5.5089900787401573
0
LINE
8
BLACK
6
CONTINUOUS
10
5.5537570078740153
20
-5.5089900787401573
11
5.5482733464566927
21
-5.5089900787401573
0
LINE
8
BLACK
6
CONTINUOUS
10
5.5482733464566927
20
-5.5089900787401573
11
5.5482733464566927
21
-5.525722362204724
0
LINE
8
BLACK
6
CONTINUOUS
10
5.5482733464566927
20
-5.525722362204724
11
5.5480952755905513
21
-5.5267322834645665
0
LINE
8
BLACK
6
CONTINUOUS
10
5.5480952755905513
20
-5.5267322834645665
11
5.5467969685039371
21
-5.5282795275590546
0
LINE
8
BLACK
6
CONTINUOUS
10
5.5467969685039371
20
-5.5282795275590546
11
5.5448078346456695
21
-5.528630275590551
0
LINE
8
BLACK
6
CONTINUOUS
10
5.5448078346456695
20
-5.528630275590551
11
5.543058661417323
21
-5.5276203543307085
0
LINE
8
BLACK
6
CONTINUOUS
10
5.543058661417323
20
-5.5276203543307085
11
5.5423678346456695
21
-5.525722362204724
0
LINE
8
BLACK
6
CONTINUOUS
10
5.5423678346456695
20
-5.525722362204724
11
5.5423678346456695
21
-5.5089900787401573
0
LINE
8
BLACK
6
CONTINUOUS
10
5.5423678346456695
20
-5.5089900787401573
11
5.5171990944881886
21
-5.5089900787401573
0
LINE
8
BLACK
6
CONTINUOUS
10
5.5171990944881886
20
-5.5089900787401573
11
5.5161891732283461
21
-5.5088120078740159
0
LINE
8
BLACK
6
CONTINUOUS
10
5.5161891732283461
20
-5.5088120078740159
11
5.5160162992125983
21
-5.5086669291338586
0
LINE
8
BLACK
6
CONTINUOUS
10
5.5160162992125983
20
-5.5086669291338586
11
5.5157930708661418
21
-5.5086338582677161
0
LINE
8
BLACK
6
CONTINUOUS
10
5.5157930708661418
20
-5.5086338582677161
11
5.5152587401574804
21
-5.5080312598425198
0
LINE
8
BLACK
6
CONTINUOUS
10
5.5152587401574804
20
-5.5080312598425198
11
5.514641929133858
21
-5.5075137007874018
0
LINE
8
BLACK
6
CONTINUOUS
10
5.514641929133858
20
-5.5075137007874018
11
5.5146027165354328
21
-5.5072914566929132
0
LINE
8
BLACK
6
CONTINUOUS
10
5.5146027165354328
20
-5.5072914566929132
11
5.5144530314960631
21
-5.5071226377952751
0
LINE
8
BLACK
6
CONTINUOUS
10
5.5144530314960631
20
-5.5071226377952751
11
5.5144310236220475
21
-5.5063177165354329
0
LINE
8
BLACK
6
CONTINUOUS
10
5.5144310236220475
20
-5.5063177165354329
11
5.5142911811023625
21
-5.5055245669291342
0
LINE
8
BLACK
6
CONTINUOUS
10
5.5142911811023625
20
-5.5055245669291342
11
5.5144040157480312
21
-5.5053290944881885
0
LINE
8
BLACK
6
CONTINUOUS
10
5.5144040157480312
20
-5.5053290944881885
11
5.5143978740157475
21
-5.5051035826771653
0
LINE
8
BLACK
6
CONTINUOUS
10
5.5143978740157475
20
-5.5051035826771653
11
5.5284586220472436
21
-5.4629213779527559
0
LINE
8
BLACK
6
CONTINUOUS
10
5.5284586220472436
20
-5.4629213779527559
11
5.5289468897637795
21
-5.4620196062992123
0
LINE
8
BLACK
6
CONTINUOUS
10
5.5289468897637795
20
-5.4620196062992123
11
5.530667874015748
21
-5.4609623228346456
0
LINE
8
BLACK
6
CONTINUOUS
10
5.530667874015748
20
-5.4609623228346456
11
5.5326658267716535
21
-5.4612585826771651
0
LINE
8
BLACK
6
CONTINUOUS
10
5.7063417322834642
20
-5.4638925590551182
11
5.7064769685039369
21
-5.4640060236220469
0
LINE
8
BLACK
6
CONTINUOUS
10
5.7064769685039369
20
-5.4640060236220469
11
5.7066523228346453
21
-5.4640262204724408
0
LINE
8
BLACK
6
CONTINUOUS
10
5.7066523228346453
20
-5.4640262204724408
11
5.712276614173228
21
-5.4668383858267715
0
LINE
8
BLACK
6
CONTINUOUS
10
5.712276614173228
20
-5.4668383858267715
11
5.7129856692913386
21
-5.4673642913385825
0
LINE
8
BLACK
6
CONTINUOUS
10
5.7129856692913386
20
-5.4673642913385825
11
5.7130440157480313
21
-5.4673914960629917
0
LINE
8
BLACK
6
CONTINUOUS
10
5.7130440157480313
20
-5.4673914960629917
11
5.715856181102362
21
-5.4702036220472436
0
LINE
8
BLACK
6
CONTINUOUS
10
5.715856181102362
20
-5.4702036220472436
11
5.7163625196850392
21
-5.4709267322834645
0
LINE
8
BLACK
6
CONTINUOUS
10
5.7163625196850392
20
-5.4709267322834645
11
5.7164092913385822
21
-5.470971023622047
0
LINE
8
BLACK
6
CONTINUOUS
10
5.7164092913385822
20
-5.470971023622047
11
5.7192214173228342
21
-5.4765953149606297
0
LINE
8
BLACK
6
CONTINUOUS
10
5.7192214173228342
20
-5.4765953149606297
11
5.7195138188976378
21
-5.4775782677165354
0
LINE
8
BLACK
6
CONTINUOUS
10
5.7195138188976378
20
-5.4775782677165354
11
5.7194727559055121
21
-5.4777499606299207
0
LINE
8
BLACK
6
CONTINUOUS
10
5.7194727559055121
20
-5.4777499606299207
11
5.7195331496062991
21
-5.4779158267716532
0
LINE
8
BLACK
6
CONTINUOUS
10
5.7195331496062991
20
-5.4779158267716532
11
5.7195331496062991
21
-5.4863522834645666
0
LINE
8
BLACK
6
CONTINUOUS
10
5.7195331496062991
20
-5.4863522834645666
11
5.7193550787401577
21
-5.4873622047244091
0
LINE
8
BLACK
6
CONTINUOUS
10
5.7193550787401577
20
-5.4873622047244091
11
5.7192415748031493
21
-5.4874974409448818
0
LINE
8
BLACK
6
CONTINUOUS
10
5.7192415748031493
20
-5.4874974409448818
11
5.7192214173228342
21
-5.4876727952755902
0
LINE
8
BLACK
6
CONTINUOUS
10
5.7192214173228342
20
-5.4876727952755902
11
5.7164092913385822
21
-5.4932970866141728
0
LINE
8
BLACK
6
CONTINUOUS
10
5.7164092913385822
20
-5.4932970866141728
11
5.7158833464566925
21
-5.4940061417322834
0
LINE
8
BLACK
6
CONTINUOUS
10
5.7158833464566925
20
-5.4940061417322834
11
5.715856181102362
21
-5.4940644881889762
0
LINE
8
BLACK
6
CONTINUOUS
10
5.715856181102362
20
-5.4940644881889762
11
5.7130440157480313
21
-5.4968766535433069
0
LINE
8
BLACK
6
CONTINUOUS
10
5.7130440157480313
20
-5.4968766535433069
11
5.7123209055118105
21
-5.4973829133858265
0
LINE
8
BLACK
6
CONTINUOUS
10
5.7123209055118105
20
-5.4973829133858265
11
5.712276614173228
21
-5.4974297637795271
0
LINE
8
BLACK
6
CONTINUOUS
10
5.712276614173228
20
-5.4974297637795271
11
5.7066523228346453
21
-5.500241889763779
0
LINE
8
BLACK
6
CONTINUOUS
10
5.7066523228346453
20
-5.500241889763779
11
5.7056693700787404
21
-5.5005342519685039
0
LINE
8
BLACK
6
CONTINUOUS
10
5.7056693700787404
20
-5.5005342519685039
11
5.7054976771653543
21
-5.5004932283464569
0
LINE
8
BLACK
6
CONTINUOUS
10
5.7054976771653543
20
-5.5004932283464569
11
5.7053318110236217
21
-5.500553622047244
0
LINE
8
BLACK
6
CONTINUOUS
10
5.7053318110236217
20
-5.500553622047244
11
5.6857873622047244
21
-5.500553622047244
0
LINE
8
BLACK
6
CONTINUOUS
10
5.6857873622047244
20
-5.500553622047244
11
5.6857873622047244
21
-5.525722362204724
0
LINE
8
BLACK
6
CONTINUOUS
10
5.6857873622047244
20
-5.525722362204724
11
5.6856092913385829
21
-5.5267322834645665
0
LINE
8
BLACK
6
CONTINUOUS
10
5.6856092913385829
20
-5.5267322834645665
11
5.6843109842519688
21
-5.5282795275590546
0
LINE
8
BLACK
6
CONTINUOUS
10
5.6843109842519688
20
-5.5282795275590546
11
5.6823218503937003
21
-5.528630275590551
0
LINE
8
BLACK
6
CONTINUOUS
10
5.6823218503937003
20
-5.528630275590551
11
5.6805726771653546
21
-5.5276203543307085
0
LINE
8
BLACK
6
CONTINUOUS
10
5.6805726771653546
20
-5.5276203543307085
11
5.6798818503937003
21
-5.525722362204724
0
LINE
8
BLACK
6
CONTINUOUS
10
5.6798818503937003
20
-5.525722362204724
11
5.6798818503937003
21
-5.4666672440944879
0
LINE
8
BLACK
6
CONTINUOUS
10
5.6798818503937003
20
-5.4666672440944879
11
5.6799494488188973
21
-5.4662837007874012
0
LINE
8
BLACK
6
CONTINUOUS
10
5.6799494488188973
20
-5.4662837007874012
11
5.6799266929133854
21
-5.4661544881889759
0
LINE
8
BLACK
6
CONTINUOUS
10
5.6799266929133854
20
-5.4661544881889759
11
5.6799922834645669
21
-5.4660408661417321
0
LINE
8
BLACK
6
CONTINUOUS
10
5.6799922834645669
20
-5.4660408661417321
11
5.6800599212598426
21
-5.4656573228346454
0
LINE
8
BLACK
6
CONTINUOUS
10
5.6800599212598426
20
-5.4656573228346454
11
5.6805530314960633
21
-5.4650696062992123
0
LINE
8
BLACK
6
CONTINUOUS
10
5.6805530314960633
20
-5.4650696062992123
11
5.6809366141732278
21
-5.4644053149606302
0
LINE
8
BLACK
6
CONTINUOUS
10
5.6809366141732278
20
-5.4644053149606302
11
5.6811869291338581
21
-5.4643141732283462
0
LINE
8
BLACK
6
CONTINUOUS
10
5.6811869291338581
20
-5.4643141732283462
11
5.6813582283464568
21
-5.4641100787401573
0
LINE
8
BLACK
6
CONTINUOUS
10
5.6813582283464568
20
-5.4641100787401573
11
5.6821137795275591
21
-5.4639768110236222
0
LINE
8
BLACK
6
CONTINUOUS
10
5.6821137795275591
20
-5.4639768110236222
11
5.6828346062992123
21
-5.4637144881889759
0
LINE
8
BLACK
6
CONTINUOUS
10
5.6828346062992123
20
-5.4637144881889759
11
5.7053318110236217
21
-5.4637144881889759
0
LINE
8
BLACK
6
CONTINUOUS
10
5.7053318110236217
20
-5.4637144881889759
11
5.7063417322834642
21
-5.4638925590551182
0
LINE
8
BLACK
6
CONTINUOUS
10
5.6857873622047244
20
-5.4946481102362199
11
5.7046347637795272
21
-5.4946481102362199
0
LINE
8
BLACK
6
CONTINUOUS
10
5.7046347637795272
20
-5.4946481102362199
11
5.7092070078740154
21
-5.4923619685039373
0
LINE
8
BLACK
6
CONTINUOUS
10
5.7092070078740154
20
-5.4923619685039373
11
5.7113414960629916
21
-5.4902274803149602
0
LINE
8
BLACK
6
CONTINUOUS
10
5.7113414960629916
20
-5.4902274803149602
11
5.713627637795275
21
-5.485655236220472
0
LINE
8
BLACK
6
CONTINUOUS
10
5.713627637795275
20
-5.485655236220472
11
5.713627637795275
21
-5.4786128346456691
0
LINE
8
BLACK
6
CONTINUOUS
10
5.713627637795275
20
-5.4786128346456691
11
5.7113415354330703
21
-5.4740406299212596
0
LINE
8
BLACK
6
CONTINUOUS
10
5.7113415354330703
20
-5.4740406299212596
11
5.7092070078740154
21
-5.4719061417322834
0
LINE
8
BLACK
6
CONTINUOUS
10
5.7092070078740154
20
-5.4719061417322834
11
5.7046347637795272
21
-5.4696199999999999
0
LINE
8
BLACK
6
CONTINUOUS
10
5.7046347637795272
20
-5.4696199999999999
11
5.6857873622047244
21
-5.4696199999999999
0
LINE
8
BLACK
6
CONTINUOUS
10
5.6857873622047244
20
-5.4696199999999999
11
5.6857873622047244
21
-5.4946481102362199
0
LINE
8
BLACK
6
CONTINUOUS
10
5.744151653543307
20
-5.4647692519685034
11
5.7448424803149605
21
-5.4666672440944879
0
LINE
8
BLACK
6
CONTINUOUS
10
5.7448424803149605
20
-5.4666672440944879
11
5.7448424803149605
21
-5.525722362204724
0
LINE
8
BLACK
6
CONTINUOUS
10
5.7448424803149605
20
-5.525722362204724
11
5.7446644094488191
21
-5.5267322834645665
0
LINE
8
BLACK
6
CONTINUOUS
10
5.7446644094488191
20
-5.5267322834645665
11
5.7433661023622049
21
-5.5282795275590546
0
LINE
8
BLACK
6
CONTINUOUS
10
5.7433661023622049
20
-5.5282795275590546
11
5.7413769685039373
21
-5.528630275590551
0
LINE
8
BLACK
6
CONTINUOUS
10
5.7413769685039373
20
-5.528630275590551
11
5.7396277952755907
21
-5.5276203543307085
0
LINE
8
BLACK
6
CONTINUOUS
10
5.7396277952755907
20
-5.5276203543307085
11
5.7389369685039373
21
-5.525722362204724
0
LINE
8
BLACK
6
CONTINUOUS
10
5.7389369685039373
20
-5.525722362204724
11
5.7389369685039373
21
-5.4666672440944879
0
LINE
8
BLACK
6
CONTINUOUS
10
5.7389369685039373
20
-5.4666672440944879
11
5.7391150393700787
21
-5.4656573228346454
0
LINE
8
BLACK
6
CONTINUOUS
10
5.7391150393700787
20
-5.4656573228346454
11
5.7404133464566929
21
-5.4641100787401573
0
LINE
8
BLACK
6
CONTINUOUS
10
5.7404133464566929
20
-5.4641100787401573
11
5.7424024803149605
21
-5.4637593307086609
0
LINE
8
BLACK
6
CONTINUOUS
10
5.7424024803149605
20
-5.4637593307086609
11
5.744151653543307
21
-5.4647692519685034
0
CIRCLE
8
BLACK
10
5.1319999999999997
20
-6.7720000000000002
40
0.0068897637795276
0
CIRCLE
8
BLACK
10
5.1319999999999997
20
-6.6719999999999997
40
0.0068897637795276
0
CIRCLE
8
BLACK
10
5.2320000000000002
20
-6.7720000000000002
40
0.0068897637795276
0
CIRCLE
8
BLACK
10
5.2320000000000002
20
-6.6719999999999997
40
0.0068897637795276
0
CIRCLE
8
BLACK
10
5.3319999999999999
20
-6.7720000000000002
40
0.0068897637795276
0
CIRCLE
8
BLACK
10
5.3319999999999999
20
-6.6719999999999997
40
0.0068897637795276
0
CIRCLE
8
BLACK
10
4.4199999999999999
20
-6.0348511811023622
40
0.0068897637795276
0
CIRCLE
8
BLACK
10
4.5199999999999996
20
-6.0348511811023622
40
0.0068897637795276
0
CIRCLE
8
BLACK
10
4.4199999999999999
20
-6.1348511811023618
40
0.0068897637795276
0
CIRCLE
8
BLACK
10
4.5199999999999996
20
-6.1348511811023618
40
0.0068897637795276
0
CIRCLE
8
BLACK
10
4.4199999999999999
20
-6.2348511811023624
40
0.0068897637795276
0
CIRCLE
8
BLACK
10
4.5199999999999996
20
-6.2348511811023624
40
0.0068897637795276
0
CIRCLE
8
BLACK
10
5.1623622047244098
20
-5.6187094488188976
40
0.0068897637795276
0
CIRCLE
8
BLACK
10
5.2623622047244094
20
-5.6187094488188976
40
0.0068897637795276
0
CIRCLE
8
BLACK
10
5.1623622047244098
20
-5.7187094488188972
40
0.0068897637795276
0
CIRCLE
8
BLACK
10
5.2623622047244094
20
-5.7187094488188972
40
0.0068897637795276
0
CIRCLE
8
BLACK
10
5.1623622047244098
20
-5.8187094488188977
40
0.0068897637795276
0
CIRCLE
8
BLACK
10
5.2623622047244094
20
-5.8187094488188977
40
0.0068897637795276
0
CIRCLE
8
BLACK
10
4.4139370078740159
20
-5.6205992125984254
40
0.0068897637795276
0
CIRCLE
8
BLACK
10
4.5139370078740155
20
-5.6205992125984254
40
0.0068897637795276
0
CIRCLE
8
BLACK
10
4.4139370078740159
20
-5.7205992125984251
40
0.0068897637795276
0
CIRCLE
8
BLACK
10
4.5139370078740155
20
-5.7205992125984251
40
0.0068897637795276
0
CIRCLE
8
BLACK
10
4.4139370078740159
20
-5.8205992125984247
40
0.0068897637795276
0
CIRCLE
8
BLACK
10
4.5139370078740155
20
-5.8205992125984247
40
0.0068897637795276
0
CIRCLE
8
BLACK
10
5.4123622047244098
20
-5.6187094488188976
40
0.0068897637795276
0
CIRCLE
8
BLACK
10
5.5123622047244094
20
-5.6187094488188976
40
0.0068897637795276
0
CIRCLE
8
BLACK
10
5.4123622047244098
20
-5.7187094488188972
40
0.0068897637795276
0
CIRCLE
8
BLACK
10
5.5123622047244094
20
-5.7187094488188972
40
0.0068897637795276
0
CIRCLE
8
BLACK
10
5.4123622047244098
20
-5.8187094488188977
40
0.0068897637795276
0
CIRCLE
8
BLACK
10
5.5123622047244094
20
-5.8187094488188977
40
0.0068897637795276
0
CIRCLE
8
BLACK
10
4.6623622047244098
20
-5.6187094488188976
40
0.0068897637795276
0
CIRCLE
8
BLACK
10
4.7623622047244094
20
-5.6187094488188976
40
0.0068897637795276
0
CIRCLE
8
BLACK
10
4.6623622047244098
20
-5.7187094488188972
40
0.0068897637795276
0
CIRCLE
8
BLACK
10
4.7623622047244094
20
-5.7187094488188972
40
0.0068897637795276
0
CIRCLE
8
BLACK
10
4.6623622047244098
20
-5.8187094488188977
40
0.0068897637795276
0
CIRCLE
8
BLACK
10
4.7623622047244094
20
-5.8187094488188977
40
0.0068897637795276
0
CIRCLE
8
BLACK
10
5.6623622047244089
20
-5.6187094488188976
40
0.0068897637795276
0
CIRCLE
8
BLACK
10
5.7623622047244094
20
-5.6187094488188976
40
0.0068897637795276
0
CIRCLE
8
BLACK
10
5.6623622047244089
20
-5.7187094488188972
40
0.0068897637795276
0
CIRCLE
8
BLACK
10
5.7623622047244094
20
-5.7187094488188972
40
0.0068897637795276
0
CIRCLE
8
BLACK
10
5.6623622047244089
20
-5.8187094488188977
40
0.0068897637795276
0
CIRCLE
8
BLACK
10
5.7623622047244094
20
-5.8187094488188977
40
0.0068897637795276
0
CIRCLE
8
BLACK
10
4.9088188976377953
20
-5.6229614173228342
40
0.0068897637795276
0
CIRCLE
8
BLACK
10
5.008818897637795
20
-5.6229614173228342
40
0.0068897637795276
0
CIRCLE
8
BLACK
10
4.9088188976377953
20
-5.7229614173228347
40
0.0068897637795276
0
CIRCLE
8
BLACK
10
5.008818897637795
20
-5.7229614173228347
40
0.0068897637795276
0
CIRCLE
8
BLACK
10
4.9088188976377953
20
-5.8229614173228343
40
0.0068897637795276
0
CIRCLE
8
BLACK
10
5.008818897637795
20
-5.8229614173228343
40
0.0068897637795276
0
CIRCLE
8
BLACK
10
5.9109999999999996
20
-5.6209999999999996
40
0.0068897637795276
0
CIRCLE
8
BLACK
10
6.0110000000000001
20
-5.6209999999999996
40
0.0068897637795276
0
CIRCLE
8
BLACK
10
5.9109999999999996
20
-5.7210000000000001
40
0.0068897637795276
0
CIRCLE
8
BLACK
10
6.0110000000000001
20
-5.7210000000000001
40
0.0068897637795276
0
CIRCLE
8
BLACK
10
5.9109999999999996
20
-5.8209999999999997
40
0.0068897637795276
0
CIRCLE
8
BLACK
10
6.0110000000000001
20
-5.8209999999999997
40
0.0068897637795276
0
CIRCLE
8
BLACK
10
4.3999999999999995
20
-6.7999999999999998
40
0.0068897637795276
0
CIRCLE
8
BLACK
10
6.
20
-6.7999999999999998
40
0.0068897637795276
0
CIRCLE
8
BLACK
10
4.3999999999999995
20
-5.2000000000000002
40
0.0068897637795276
0
CIRCLE
8
BLACK
10
6.
20
-5.2000000000000002
40
0.0068897637795276
  0
ENDSEC
  0
EOF
