  0
SECTION
  2
HEADER
  9
$ANGBASE
  50
0.0
  9
$ANGDIR
  70
1
  9
$MEASUREMENT
  70
0
  0
ENDSEC
  0
SECTION
  2
TABLES
  0
TABLE
  2
LTYPE
  70
4
  0
LTYPE
  5
40F
  2
CONTINUOUS
  70
0
  3
Solid line
  72
65
  73
0
  40
0.0
  0
LTYPE
  5
410
  2
DASHDOT
 70
0
  3
Dash Dot ____ _ ____ _
 72
65
 73
4
 40
2.0
 49
1.25
 49
-0.25
 49
0.25
 49
-0.25
  0
LTYPE
  5
411
  2
DASHED
 70
0
  3
Dashed __ __ __ __ __
 72
65
 73
2
 40
0.75
 49
0.5
 49
-0.25
  0
LTYPE
  5
43B
  2
DOTTED
 70
0
  3
Dotted .  .  .  .
 72
65
 73
2
 40
0.2
 49
0.0
 49
-0.2
  0
ENDTAB
  0
TABLE
  2
STYLE
  70
4
  0
STYLE
  2
KICAD
  70
0
  40
0
  41
1
  42
1
  50
0
  71
0
  3
isocp.shx
  0
STYLE
  2
KICADB
  70
0
  40
0
  41
1
  42
1
  50
0
  71
0
  3
isocp.shx
  0
STYLE
  2
KICADI
  70
0
  40
0
  41
1
  42
1
  50
15
  71
0
  3
isocp.shx
  0
STYLE
  2
KICADBI
  70
0
  40
0
  41
1
  42
1
  50
15
  71
0
  3
isocp.shx
  0
ENDTAB
  0
TABLE
  2
LAYER
  70
1
  0
LAYER
  2
BLACK
  70
0
  62
7
  6
CONTINUOUS
  0
ENDTAB
  0
ENDSEC
  0
SECTION
  2
ENTITIES
0
LINE
8
BLACK
6
CONTINUOUS
10
4.4148931496062991
20
-6.7347489370078737
11
4.424451968503937
21
-6.7376974409448813
0
LINE
8
BLACK
6
CONTINUOUS
10
4.424451968503937
20
-6.7376974409448813
11
4.4334645669291337
21
-6.7420376771653538
0
LINE
8
BLACK
6
CONTINUOUS
10
4.4334645669291337
20
-6.7420376771653538
11
4.441729645669291
21
-6.7476726771653546
0
LINE
8
BLACK
6
CONTINUOUS
10
4.441729645669291
20
-6.7476726771653546
11
4.4490625196850395
21
-6.7544766141732282
0
LINE
8
BLACK
6
CONTINUOUS
10
4.4490625196850395
20
-6.7544766141732282
11
4.4552994488188977
21
-6.7622974803149605
0
LINE
8
BLACK
6
CONTINUOUS
10
4.4552994488188977
20
-6.7622974803149605
11
4.4603010629921256
21
-6.7709605511811022
0
LINE
8
BLACK
6
CONTINUOUS
10
4.4603010629921256
20
-6.7709605511811022
11
4.4639556692913382
21
-6.7802722834645666
0
LINE
8
BLACK
6
CONTINUOUS
10
4.4639556692913382
20
-6.7802722834645666
11
4.4661815748031497
21
-6.7900247244094487
0
LINE
8
BLACK
6
CONTINUOUS
10
4.4661815748031497
20
-6.7900247244094487
11
4.466929133858268
21
-6.7999999999999998
0
LINE
8
BLACK
6
CONTINUOUS
10
4.466929133858268
20
-6.7999999999999998
11
4.4661815748031497
21
-6.8099752755905509
0
LINE
8
BLACK
6
CONTINUOUS
10
4.4661815748031497
20
-6.8099752755905509
11
4.4639556692913382
21
-6.8197277165354331
0
LINE
8
BLACK
6
CONTINUOUS
10
4.4639556692913382
20
-6.8197277165354331
11
4.4603010629921256
21
-6.8290394488188975
0
LINE
8
BLACK
6
CONTINUOUS
10
4.4603010629921256
20
-6.8290394488188975
11
4.4552994488188977
21
-6.8377025196850392
0
LINE
8
BLACK
6
CONTINUOUS
10
4.4552994488188977
20
-6.8377025196850392
11
4.4490625196850395
21
-6.8455233858267714
0
LINE
8
BLACK
6
CONTINUOUS
10
4.4490625196850395
20
-6.8455233858267714
11
4.441729645669291
21
-6.8523273228346451
0
LINE
8
BLACK
6
CONTINUOUS
10
4.441729645669291
20
-6.8523273228346451
11
4.4334645669291337
21
-6.8579623228346458
0
LINE
8
BLACK
6
CONTINUOUS
10
4.4334645669291337
20
-6.8579623228346458
11
4.424451968503937
21
-6.8623025590551183
0
LINE
8
BLACK
6
CONTINUOUS
10
4.424451968503937
20
-6.8623025590551183
11
4.4148931496062991
21
-6.865251062992126
0
LINE
8
BLACK
6
CONTINUOUS
10
4.4148931496062991
20
-6.865251062992126
11
4.4050016141732282
21
-6.8667419685039368
0
LINE
8
BLACK
6
CONTINUOUS
10
4.4050016141732282
20
-6.8667419685039368
11
4.3949983858267716
21
-6.8667419685039368
0
LINE
8
BLACK
6
CONTINUOUS
10
4.3949983858267716
20
-6.8667419685039368
11
4.3851068503937007
21
-6.865251062992126
0
LINE
8
BLACK
6
CONTINUOUS
10
4.3851068503937007
20
-6.865251062992126
11
4.3755480314960629
21
-6.8623025590551183
0
LINE
8
BLACK
6
CONTINUOUS
10
4.3755480314960629
20
-6.8623025590551183
11
4.3665354330708661
21
-6.8579623228346458
0
LINE
8
BLACK
6
CONTINUOUS
10
4.3665354330708661
20
-6.8579623228346458
11
4.3582703543307089
21
-6.8523273228346451
0
LINE
8
BLACK
6
CONTINUOUS
10
4.3582703543307089
20
-6.8523273228346451
11
4.3509374803149603
21
-6.8455233858267714
0
LINE
8
BLACK
6
CONTINUOUS
10
4.3509374803149603
20
-6.8455233858267714
11
4.3447005511811021
21
-6.8377025196850392
0
LINE
8
BLACK
6
CONTINUOUS
10
4.3447005511811021
20
-6.8377025196850392
11
4.3396989370078742
21
-6.8290394488188975
0
LINE
8
BLACK
6
CONTINUOUS
10
4.3396989370078742
20
-6.8290394488188975
11
4.3360443307086616
21
-6.8197277165354331
0
LINE
8
BLACK
6
CONTINUOUS
10
4.3360443307086616
20
-6.8197277165354331
11
4.3338184251968501
21
-6.8099752755905509
0
LINE
8
BLACK
6
CONTINUOUS
10
4.3338184251968501
20
-6.8099752755905509
11
4.3330708661417319
21
-6.7999999999999998
0
LINE
8
BLACK
6
CONTINUOUS
10
4.3330708661417319
20
-6.7999999999999998
11
4.3338184251968501
21
-6.7900247244094487
0
LINE
8
BLACK
6
CONTINUOUS
10
4.3338184251968501
20
-6.7900247244094487
11
4.3360443307086616
21
-6.7802722834645666
0
LINE
8
BLACK
6
CONTINUOUS
10
4.3360443307086616
20
-6.7802722834645666
11
4.3396989370078742
21
-6.7709605511811022
0
LINE
8
BLACK
6
CONTINUOUS
10
4.3396989370078742
20
-6.7709605511811022
11
4.3447005511811021
21
-6.7622974803149605
0
LINE
8
BLACK
6
CONTINUOUS
10
4.3447005511811021
20
-6.7622974803149605
11
4.3509374803149603
21
-6.7544766141732282
0
LINE
8
BLACK
6
CONTINUOUS
10
4.3509374803149603
20
-6.7544766141732282
11
4.3582703543307089
21
-6.7476726771653546
0
LINE
8
BLACK
6
CONTINUOUS
10
4.3582703543307089
20
-6.7476726771653546
11
4.3665354330708661
21
-6.7420376771653538
0
LINE
8
BLACK
6
CONTINUOUS
10
4.3665354330708661
20
-6.7420376771653538
11
4.3755480314960629
21
-6.7376974409448813
0
LINE
8
BLACK
6
CONTINUOUS
10
4.3755480314960629
20
-6.7376974409448813
11
4.3851068503937007
21
-6.7347489370078737
0
LINE
8
BLACK
6
CONTINUOUS
10
4.3851068503937007
20
-6.7347489370078737
11
4.3949983858267716
21
-6.7332580314960628
0
LINE
8
BLACK
6
CONTINUOUS
10
4.3949983858267716
20
-6.7332580314960628
11
4.4050016141732282
21
-6.7332580314960628
0
LINE
8
BLACK
6
CONTINUOUS
10
4.4050016141732282
20
-6.7332580314960628
11
4.4148931496062991
21
-6.7347489370078737
0
LINE
8
BLACK
6
CONTINUOUS
10
6.0148931496062987
20
-6.7347489370078737
11
6.0244519685039366
21
-6.7376974409448813
0
LINE
8
BLACK
6
CONTINUOUS
10
6.0244519685039366
20
-6.7376974409448813
11
6.0334645669291334
21
-6.7420376771653538
0
LINE
8
BLACK
6
CONTINUOUS
10
6.0334645669291334
20
-6.7420376771653538
11
6.0417296456692915
21
-6.7476726771653546
0
LINE
8
BLACK
6
CONTINUOUS
10
6.0417296456692915
20
-6.7476726771653546
11
6.0490625196850392
21
-6.7544766141732282
0
LINE
8
BLACK
6
CONTINUOUS
10
6.0490625196850392
20
-6.7544766141732282
11
6.0552994488188974
21
-6.7622974803149605
0
LINE
8
BLACK
6
CONTINUOUS
10
6.0552994488188974
20
-6.7622974803149605
11
6.0603010629921261
21
-6.7709605511811022
0
LINE
8
BLACK
6
CONTINUOUS
10
6.0603010629921261
20
-6.7709605511811022
11
6.0639556692913388
21
-6.7802722834645666
0
LINE
8
BLACK
6
CONTINUOUS
10
6.0639556692913388
20
-6.7802722834645666
11
6.0661815748031493
21
-6.7900247244094487
0
LINE
8
BLACK
6
CONTINUOUS
10
6.0661815748031493
20
-6.7900247244094487
11
6.0669291338582676
21
-6.7999999999999998
0
LINE
8
BLACK
6
CONTINUOUS
10
6.0669291338582676
20
-6.7999999999999998
11
6.0661815748031493
21
-6.8099752755905509
0
LINE
8
BLACK
6
CONTINUOUS
10
6.0661815748031493
20
-6.8099752755905509
11
6.0639556692913388
21
-6.8197277165354331
0
LINE
8
BLACK
6
CONTINUOUS
10
6.0639556692913388
20
-6.8197277165354331
11
6.0603010629921261
21
-6.8290394488188975
0
LINE
8
BLACK
6
CONTINUOUS
10
6.0603010629921261
20
-6.8290394488188975
11
6.0552994488188974
21
-6.8377025196850392
0
LINE
8
BLACK
6
CONTINUOUS
10
6.0552994488188974
20
-6.8377025196850392
11
6.0490625196850392
21
-6.8455233858267714
0
LINE
8
BLACK
6
CONTINUOUS
10
6.0490625196850392
20
-6.8455233858267714
11
6.0417296456692915
21
-6.8523273228346451
0
LINE
8
BLACK
6
CONTINUOUS
10
6.0417296456692915
20
-6.8523273228346451
11
6.0334645669291334
21
-6.8579623228346458
0
LINE
8
BLACK
6
CONTINUOUS
10
6.0334645669291334
20
-6.8579623228346458
11
6.0244519685039366
21
-6.8623025590551183
0
LINE
8
BLACK
6
CONTINUOUS
10
6.0244519685039366
20
-6.8623025590551183
11
6.0148931496062987
21
-6.865251062992126
0
LINE
8
BLACK
6
CONTINUOUS
10
6.0148931496062987
20
-6.865251062992126
11
6.0050016141732279
21
-6.8667419685039368
0
LINE
8
BLACK
6
CONTINUOUS
10
6.0050016141732279
20
-6.8667419685039368
11
5.9949983858267712
21
-6.8667419685039368
0
LINE
8
BLACK
6
CONTINUOUS
10
5.9949983858267712
20
-6.8667419685039368
11
5.9851068503937004
21
-6.865251062992126
0
LINE
8
BLACK
6
CONTINUOUS
10
5.9851068503937004
20
-6.865251062992126
11
5.9755480314960625
21
-6.8623025590551183
0
LINE
8
BLACK
6
CONTINUOUS
10
5.9755480314960625
20
-6.8623025590551183
11
5.9665354330708658
21
-6.8579623228346458
0
LINE
8
BLACK
6
CONTINUOUS
10
5.9665354330708658
20
-6.8579623228346458
11
5.9582703543307085
21
-6.8523273228346451
0
LINE
8
BLACK
6
CONTINUOUS
10
5.9582703543307085
20
-6.8523273228346451
11
5.9509374803149608
21
-6.8455233858267714
0
LINE
8
BLACK
6
CONTINUOUS
10
5.9509374803149608
20
-6.8455233858267714
11
5.9447005511811026
21
-6.8377025196850392
0
LINE
8
BLACK
6
CONTINUOUS
10
5.9447005511811026
20
-6.8377025196850392
11
5.9396989370078739
21
-6.8290394488188975
0
LINE
8
BLACK
6
CONTINUOUS
10
5.9396989370078739
20
-6.8290394488188975
11
5.9360443307086612
21
-6.8197277165354331
0
LINE
8
BLACK
6
CONTINUOUS
10
5.9360443307086612
20
-6.8197277165354331
11
5.9338184251968507
21
-6.8099752755905509
0
LINE
8
BLACK
6
CONTINUOUS
10
5.9338184251968507
20
-6.8099752755905509
11
5.9330708661417324
21
-6.7999999999999998
0
LINE
8
BLACK
6
CONTINUOUS
10
5.9330708661417324
20
-6.7999999999999998
11
5.9338184251968507
21
-6.7900247244094487
0
LINE
8
BLACK
6
CONTINUOUS
10
5.9338184251968507
20
-6.7900247244094487
11
5.9360443307086612
21
-6.7802722834645666
0
LINE
8
BLACK
6
CONTINUOUS
10
5.9360443307086612
20
-6.7802722834645666
11
5.9396989370078739
21
-6.7709605511811022
0
LINE
8
BLACK
6
CONTINUOUS
10
5.9396989370078739
20
-6.7709605511811022
11
5.9447005511811026
21
-6.7622974803149605
0
LINE
8
BLACK
6
CONTINUOUS
10
5.9447005511811026
20
-6.7622974803149605
11
5.9509374803149608
21
-6.7544766141732282
0
LINE
8
BLACK
6
CONTINUOUS
10
5.9509374803149608
20
-6.7544766141732282
11
5.9582703543307085
21
-6.7476726771653546
0
LINE
8
BLACK
6
CONTINUOUS
10
5.9582703543307085
20
-6.7476726771653546
11
5.9665354330708658
21
-6.7420376771653538
0
LINE
8
BLACK
6
CONTINUOUS
10
5.9665354330708658
20
-6.7420376771653538
11
5.9755480314960625
21
-6.7376974409448813
0
LINE
8
BLACK
6
CONTINUOUS
10
5.9755480314960625
20
-6.7376974409448813
11
5.9851068503937004
21
-6.7347489370078737
0
LINE
8
BLACK
6
CONTINUOUS
10
5.9851068503937004
20
-6.7347489370078737
11
5.9949983858267712
21
-6.7332580314960628
0
LINE
8
BLACK
6
CONTINUOUS
10
5.9949983858267712
20
-6.7332580314960628
11
6.0050016141732279
21
-6.7332580314960628
0
LINE
8
BLACK
6
CONTINUOUS
10
6.0050016141732279
20
-6.7332580314960628
11
6.0148931496062987
21
-6.7347489370078737
0
LINE
8
BLACK
6
CONTINUOUS
10
5.1650132677165352
20
-6.7347253543307088
11
5.1675677559055115
21
-6.7364322440944884
0
LINE
8
BLACK
6
CONTINUOUS
10
5.1675677559055115
20
-6.7364322440944884
11
5.1692746456692911
21
-6.7389867322834647
0
LINE
8
BLACK
6
CONTINUOUS
10
5.1692746456692911
20
-6.7389867322834647
11
5.1698740157480314
21
-6.742
0
LINE
8
BLACK
6
CONTINUOUS
10
5.1698740157480314
20
-6.742
11
5.1698740157480314
21
-6.8019999999999996
0
LINE
8
BLACK
6
CONTINUOUS
10
5.1698740157480314
20
-6.8019999999999996
11
5.1692746456692911
21
-6.8050132677165349
0
LINE
8
BLACK
6
CONTINUOUS
10
5.1692746456692911
20
-6.8050132677165349
11
5.1675677559055115
21
-6.8075677559055112
0
LINE
8
BLACK
6
CONTINUOUS
10
5.1675677559055115
20
-6.8075677559055112
11
5.1650132677165352
21
-6.8092746456692907
0
LINE
8
BLACK
6
CONTINUOUS
10
5.1650132677165352
20
-6.8092746456692907
11
5.1619999999999999
21
-6.8098740157480311
0
LINE
8
BLACK
6
CONTINUOUS
10
5.1619999999999999
20
-6.8098740157480311
11
5.1020000000000003
21
-6.8098740157480311
0
LINE
8
BLACK
6
CONTINUOUS
10
5.1020000000000003
20
-6.8098740157480311
11
5.0989867322834641
21
-6.8092746456692907
0
LINE
8
BLACK
6
CONTINUOUS
10
5.0989867322834641
20
-6.8092746456692907
11
5.0964322440944878
21
-6.8075677559055112
0
LINE
8
BLACK
6
CONTINUOUS
10
5.0964322440944878
20
-6.8075677559055112
11
5.0947253543307083
21
-6.8050132677165349
0
LINE
8
BLACK
6
CONTINUOUS
10
5.0947253543307083
20
-6.8050132677165349
11
5.0941259842519688
21
-6.8019999999999996
0
LINE
8
BLACK
6
CONTINUOUS
10
5.0941259842519688
20
-6.8019999999999996
11
5.0941259842519688
21
-6.742
0
LINE
8
BLACK
6
CONTINUOUS
10
5.0941259842519688
20
-6.742
11
5.0947253543307083
21
-6.7389867322834647
0
LINE
8
BLACK
6
CONTINUOUS
10
5.0947253543307083
20
-6.7389867322834647
11
5.0964322440944878
21
-6.7364322440944884
0
LINE
8
BLACK
6
CONTINUOUS
10
5.0964322440944878
20
-6.7364322440944884
11
5.0989867322834641
21
-6.7347253543307088
0
LINE
8
BLACK
6
CONTINUOUS
10
5.0989867322834641
20
-6.7347253543307088
11
5.1020000000000003
21
-6.7341259842519685
0
LINE
8
BLACK
6
CONTINUOUS
10
5.1020000000000003
20
-6.7341259842519685
11
5.1619999999999999
21
-6.7341259842519685
0
LINE
8
BLACK
6
CONTINUOUS
10
5.1619999999999999
20
-6.7341259842519685
11
5.1650132677165352
21
-6.7347253543307088
0
LINE
8
BLACK
6
CONTINUOUS
10
5.2650132677165349
20
-6.7347253543307088
11
5.2675677559055121
21
-6.7364322440944884
0
LINE
8
BLACK
6
CONTINUOUS
10
5.2675677559055121
20
-6.7364322440944884
11
5.2692746456692916
21
-6.7389867322834647
0
LINE
8
BLACK
6
CONTINUOUS
10
5.2692746456692916
20
-6.7389867322834647
11
5.269874015748031
21
-6.742
0
LINE
8
BLACK
6
CONTINUOUS
10
5.269874015748031
20
-6.742
11
5.269874015748031
21
-6.8019999999999996
0
LINE
8
BLACK
6
CONTINUOUS
10
5.269874015748031
20
-6.8019999999999996
11
5.2692746456692916
21
-6.8050132677165349
0
LINE
8
BLACK
6
CONTINUOUS
10
5.2692746456692916
20
-6.8050132677165349
11
5.2675677559055121
21
-6.8075677559055112
0
LINE
8
BLACK
6
CONTINUOUS
10
5.2675677559055121
20
-6.8075677559055112
11
5.2650132677165349
21
-6.8092746456692907
0
LINE
8
BLACK
6
CONTINUOUS
10
5.2650132677165349
20
-6.8092746456692907
11
5.2619999999999996
21
-6.8098740157480311
0
LINE
8
BLACK
6
CONTINUOUS
10
5.2619999999999996
20
-6.8098740157480311
11
5.202
21
-6.8098740157480311
0
LINE
8
BLACK
6
CONTINUOUS
10
5.202
20
-6.8098740157480311
11
5.1989867322834646
21
-6.8092746456692907
0
LINE
8
BLACK
6
CONTINUOUS
10
5.1989867322834646
20
-6.8092746456692907
11
5.1964322440944883
21
-6.8075677559055112
0
LINE
8
BLACK
6
CONTINUOUS
10
5.1964322440944883
20
-6.8075677559055112
11
5.1947253543307088
21
-6.8050132677165349
0
LINE
8
BLACK
6
CONTINUOUS
10
5.1947253543307088
20
-6.8050132677165349
11
5.1941259842519685
21
-6.8019999999999996
0
LINE
8
BLACK
6
CONTINUOUS
10
5.1941259842519685
20
-6.8019999999999996
11
5.1941259842519685
21
-6.742
0
LINE
8
BLACK
6
CONTINUOUS
10
5.1941259842519685
20
-6.742
11
5.1947253543307088
21
-6.7389867322834647
0
LINE
8
BLACK
6
CONTINUOUS
10
5.1947253543307088
20
-6.7389867322834647
11
5.1964322440944883
21
-6.7364322440944884
0
LINE
8
BLACK
6
CONTINUOUS
10
5.1964322440944883
20
-6.7364322440944884
11
5.1989867322834646
21
-6.7347253543307088
0
LINE
8
BLACK
6
CONTINUOUS
10
5.1989867322834646
20
-6.7347253543307088
11
5.202
21
-6.7341259842519685
0
LINE
8
BLACK
6
CONTINUOUS
10
5.202
20
-6.7341259842519685
11
5.2619999999999996
21
-6.7341259842519685
0
LINE
8
BLACK
6
CONTINUOUS
10
5.2619999999999996
20
-6.7341259842519685
11
5.2650132677165349
21
-6.7347253543307088
0
LINE
8
BLACK
6
CONTINUOUS
10
5.3650132677165354
20
-6.7347253543307088
11
5.3675677559055117
21
-6.7364322440944884
0
LINE
8
BLACK
6
CONTINUOUS
10
5.3675677559055117
20
-6.7364322440944884
11
5.3692746456692912
21
-6.7389867322834647
0
LINE
8
BLACK
6
CONTINUOUS
10
5.3692746456692912
20
-6.7389867322834647
11
5.3698740157480316
21
-6.742
0
LINE
8
BLACK
6
CONTINUOUS
10
5.3698740157480316
20
-6.742
11
5.3698740157480316
21
-6.8019999999999996
0
LINE
8
BLACK
6
CONTINUOUS
10
5.3698740157480316
20
-6.8019999999999996
11
5.3692746456692912
21
-6.8050132677165349
0
LINE
8
BLACK
6
CONTINUOUS
10
5.3692746456692912
20
-6.8050132677165349
11
5.3675677559055117
21
-6.8075677559055112
0
LINE
8
BLACK
6
CONTINUOUS
10
5.3675677559055117
20
-6.8075677559055112
11
5.3650132677165354
21
-6.8092746456692907
0
LINE
8
BLACK
6
CONTINUOUS
10
5.3650132677165354
20
-6.8092746456692907
11
5.3620000000000001
21
-6.8098740157480311
0
LINE
8
BLACK
6
CONTINUOUS
10
5.3620000000000001
20
-6.8098740157480311
11
5.3019999999999996
21
-6.8098740157480311
0
LINE
8
BLACK
6
CONTINUOUS
10
5.3019999999999996
20
-6.8098740157480311
11
5.2989867322834643
21
-6.8092746456692907
0
LINE
8
BLACK
6
CONTINUOUS
10
5.2989867322834643
20
-6.8092746456692907
11
5.296432244094488
21
-6.8075677559055112
0
LINE
8
BLACK
6
CONTINUOUS
10
5.296432244094488
20
-6.8075677559055112
11
5.2947253543307085
21
-6.8050132677165349
0
LINE
8
BLACK
6
CONTINUOUS
10
5.2947253543307085
20
-6.8050132677165349
11
5.2941259842519681
21
-6.8019999999999996
0
LINE
8
BLACK
6
CONTINUOUS
10
5.2941259842519681
20
-6.8019999999999996
11
5.2941259842519681
21
-6.742
0
LINE
8
BLACK
6
CONTINUOUS
10
5.2941259842519681
20
-6.742
11
5.2947253543307085
21
-6.7389867322834647
0
LINE
8
BLACK
6
CONTINUOUS
10
5.2947253543307085
20
-6.7389867322834647
11
5.296432244094488
21
-6.7364322440944884
0
LINE
8
BLACK
6
CONTINUOUS
10
5.296432244094488
20
-6.7364322440944884
11
5.2989867322834643
21
-6.7347253543307088
0
LINE
8
BLACK
6
CONTINUOUS
10
5.2989867322834643
20
-6.7347253543307088
11
5.3019999999999996
21
-6.7341259842519685
0
LINE
8
BLACK
6
CONTINUOUS
10
5.3019999999999996
20
-6.7341259842519685
11
5.3620000000000001
21
-6.7341259842519685
0
LINE
8
BLACK
6
CONTINUOUS
10
5.3620000000000001
20
-6.7341259842519685
11
5.3650132677165354
21
-6.7347253543307088
0
LINE
8
BLACK
6
CONTINUOUS
10
5.1650132677165352
20
-6.6347253543307083
11
5.1675677559055115
21
-6.6364322440944878
0
LINE
8
BLACK
6
CONTINUOUS
10
5.1675677559055115
20
-6.6364322440944878
11
5.1692746456692911
21
-6.6389867322834641
0
LINE
8
BLACK
6
CONTINUOUS
10
5.1692746456692911
20
-6.6389867322834641
11
5.1698740157480314
21
-6.6419999999999995
0
LINE
8
BLACK
6
CONTINUOUS
10
5.1698740157480314
20
-6.6419999999999995
11
5.1698740157480314
21
-6.702
0
LINE
8
BLACK
6
CONTINUOUS
10
5.1698740157480314
20
-6.702
11
5.1692746456692911
21
-6.7050132677165353
0
LINE
8
BLACK
6
CONTINUOUS
10
5.1692746456692911
20
-6.7050132677165353
11
5.1675677559055115
21
-6.7075677559055116
0
LINE
8
BLACK
6
CONTINUOUS
10
5.1675677559055115
20
-6.7075677559055116
11
5.1650132677165352
21
-6.7092746456692911
0
LINE
8
BLACK
6
CONTINUOUS
10
5.1650132677165352
20
-6.7092746456692911
11
5.1619999999999999
21
-6.7098740157480314
0
LINE
8
BLACK
6
CONTINUOUS
10
5.1619999999999999
20
-6.7098740157480314
11
5.1020000000000003
21
-6.7098740157480314
0
LINE
8
BLACK
6
CONTINUOUS
10
5.1020000000000003
20
-6.7098740157480314
11
5.0989867322834641
21
-6.7092746456692911
0
LINE
8
BLACK
6
CONTINUOUS
10
5.0989867322834641
20
-6.7092746456692911
11
5.0964322440944878
21
-6.7075677559055116
0
LINE
8
BLACK
6
CONTINUOUS
10
5.0964322440944878
20
-6.7075677559055116
11
5.0947253543307083
21
-6.7050132677165353
0
LINE
8
BLACK
6
CONTINUOUS
10
5.0947253543307083
20
-6.7050132677165353
11
5.0941259842519688
21
-6.702
0
LINE
8
BLACK
6
CONTINUOUS
10
5.0941259842519688
20
-6.702
11
5.0941259842519688
21
-6.6419999999999995
0
LINE
8
BLACK
6
CONTINUOUS
10
5.0941259842519688
20
-6.6419999999999995
11
5.0947253543307083
21
-6.6389867322834641
0
LINE
8
BLACK
6
CONTINUOUS
10
5.0947253543307083
20
-6.6389867322834641
11
5.0964322440944878
21
-6.6364322440944878
0
LINE
8
BLACK
6
CONTINUOUS
10
5.0964322440944878
20
-6.6364322440944878
11
5.0989867322834641
21
-6.6347253543307083
0
LINE
8
BLACK
6
CONTINUOUS
10
5.0989867322834641
20
-6.6347253543307083
11
5.1020000000000003
21
-6.634125984251968
0
LINE
8
BLACK
6
CONTINUOUS
10
5.1020000000000003
20
-6.634125984251968
11
5.1619999999999999
21
-6.634125984251968
0
LINE
8
BLACK
6
CONTINUOUS
10
5.1619999999999999
20
-6.634125984251968
11
5.1650132677165352
21
-6.6347253543307083
0
LINE
8
BLACK
6
CONTINUOUS
10
5.2650132677165349
20
-6.6347253543307083
11
5.2675677559055121
21
-6.6364322440944878
0
LINE
8
BLACK
6
CONTINUOUS
10
5.2675677559055121
20
-6.6364322440944878
11
5.2692746456692916
21
-6.6389867322834641
0
LINE
8
BLACK
6
CONTINUOUS
10
5.2692746456692916
20
-6.6389867322834641
11
5.269874015748031
21
-6.6419999999999995
0
LINE
8
BLACK
6
CONTINUOUS
10
5.269874015748031
20
-6.6419999999999995
11
5.269874015748031
21
-6.702
0
LINE
8
BLACK
6
CONTINUOUS
10
5.269874015748031
20
-6.702
11
5.2692746456692916
21
-6.7050132677165353
0
LINE
8
BLACK
6
CONTINUOUS
10
5.2692746456692916
20
-6.7050132677165353
11
5.2675677559055121
21
-6.7075677559055116
0
LINE
8
BLACK
6
CONTINUOUS
10
5.2675677559055121
20
-6.7075677559055116
11
5.2650132677165349
21
-6.7092746456692911
0
LINE
8
BLACK
6
CONTINUOUS
10
5.2650132677165349
20
-6.7092746456692911
11
5.2619999999999996
21
-6.7098740157480314
0
LINE
8
BLACK
6
CONTINUOUS
10
5.2619999999999996
20
-6.7098740157480314
11
5.202
21
-6.7098740157480314
0
LINE
8
BLACK
6
CONTINUOUS
10
5.202
20
-6.7098740157480314
11
5.1989867322834646
21
-6.7092746456692911
0
LINE
8
BLACK
6
CONTINUOUS
10
5.1989867322834646
20
-6.7092746456692911
11
5.1964322440944883
21
-6.7075677559055116
0
LINE
8
BLACK
6
CONTINUOUS
10
5.1964322440944883
20
-6.7075677559055116
11
5.1947253543307088
21
-6.7050132677165353
0
LINE
8
BLACK
6
CONTINUOUS
10
5.1947253543307088
20
-6.7050132677165353
11
5.1941259842519685
21
-6.702
0
LINE
8
BLACK
6
CONTINUOUS
10
5.1941259842519685
20
-6.702
11
5.1941259842519685
21
-6.6419999999999995
0
LINE
8
BLACK
6
CONTINUOUS
10
5.1941259842519685
20
-6.6419999999999995
11
5.1947253543307088
21
-6.6389867322834641
0
LINE
8
BLACK
6
CONTINUOUS
10
5.1947253543307088
20
-6.6389867322834641
11
5.1964322440944883
21
-6.6364322440944878
0
LINE
8
BLACK
6
CONTINUOUS
10
5.1964322440944883
20
-6.6364322440944878
11
5.1989867322834646
21
-6.6347253543307083
0
LINE
8
BLACK
6
CONTINUOUS
10
5.1989867322834646
20
-6.6347253543307083
11
5.202
21
-6.634125984251968
0
LINE
8
BLACK
6
CONTINUOUS
10
5.202
20
-6.634125984251968
11
5.2619999999999996
21
-6.634125984251968
0
LINE
8
BLACK
6
CONTINUOUS
10
5.2619999999999996
20
-6.634125984251968
11
5.2650132677165349
21
-6.6347253543307083
0
LINE
8
BLACK
6
CONTINUOUS
10
5.3650132677165354
20
-6.6347253543307083
11
5.3675677559055117
21
-6.6364322440944878
0
LINE
8
BLACK
6
CONTINUOUS
10
5.3675677559055117
20
-6.6364322440944878
11
5.3692746456692912
21
-6.6389867322834641
0
LINE
8
BLACK
6
CONTINUOUS
10
5.3692746456692912
20
-6.6389867322834641
11
5.3698740157480316
21
-6.6419999999999995
0
LINE
8
BLACK
6
CONTINUOUS
10
5.3698740157480316
20
-6.6419999999999995
11
5.3698740157480316
21
-6.702
0
LINE
8
BLACK
6
CONTINUOUS
10
5.3698740157480316
20
-6.702
11
5.3692746456692912
21
-6.7050132677165353
0
LINE
8
BLACK
6
CONTINUOUS
10
5.3692746456692912
20
-6.7050132677165353
11
5.3675677559055117
21
-6.7075677559055116
0
LINE
8
BLACK
6
CONTINUOUS
10
5.3675677559055117
20
-6.7075677559055116
11
5.3650132677165354
21
-6.7092746456692911
0
LINE
8
BLACK
6
CONTINUOUS
10
5.3650132677165354
20
-6.7092746456692911
11
5.3620000000000001
21
-6.7098740157480314
0
LINE
8
BLACK
6
CONTINUOUS
10
5.3620000000000001
20
-6.7098740157480314
11
5.3019999999999996
21
-6.7098740157480314
0
LINE
8
BLACK
6
CONTINUOUS
10
5.3019999999999996
20
-6.7098740157480314
11
5.2989867322834643
21
-6.7092746456692911
0
LINE
8
BLACK
6
CONTINUOUS
10
5.2989867322834643
20
-6.7092746456692911
11
5.296432244094488
21
-6.7075677559055116
0
LINE
8
BLACK
6
CONTINUOUS
10
5.296432244094488
20
-6.7075677559055116
11
5.2947253543307085
21
-6.7050132677165353
0
LINE
8
BLACK
6
CONTINUOUS
10
5.2947253543307085
20
-6.7050132677165353
11
5.2941259842519681
21
-6.702
0
LINE
8
BLACK
6
CONTINUOUS
10
5.2941259842519681
20
-6.702
11
5.2941259842519681
21
-6.6419999999999995
0
LINE
8
BLACK
6
CONTINUOUS
10
5.2941259842519681
20
-6.6419999999999995
11
5.2947253543307085
21
-6.6389867322834641
0
LINE
8
BLACK
6
CONTINUOUS
10
5.2947253543307085
20
-6.6389867322834641
11
5.296432244094488
21
-6.6364322440944878
0
LINE
8
BLACK
6
CONTINUOUS
10
5.296432244094488
20
-6.6364322440944878
11
5.2989867322834643
21
-6.6347253543307083
0
LINE
8
BLACK
6
CONTINUOUS
10
5.2989867322834643
20
-6.6347253543307083
11
5.3019999999999996
21
-6.634125984251968
0
LINE
8
BLACK
6
CONTINUOUS
10
5.3019999999999996
20
-6.634125984251968
11
5.3620000000000001
21
-6.634125984251968
0
LINE
8
BLACK
6
CONTINUOUS
10
5.3620000000000001
20
-6.634125984251968
11
5.3650132677165354
21
-6.6347253543307083
0
LINE
8
BLACK
6
CONTINUOUS
10
5.1593912204724406
20
-6.5161348031496065
11
5.1619457086614169
21
-6.517841692913386
0
LINE
8
BLACK
6
CONTINUOUS
10
5.1619457086614169
20
-6.517841692913386
11
5.1636525984251964
21
-6.5203961811023623
0
LINE
8
BLACK
6
CONTINUOUS
10
5.1636525984251964
20
-6.5203961811023623
11
5.1642519685039368
21
-6.5234094488188976
0
LINE
8
BLACK
6
CONTINUOUS
10
5.1642519685039368
20
-6.5234094488188976
11
5.1642519685039368
21
-6.5745905511811022
0
LINE
8
BLACK
6
CONTINUOUS
10
5.1642519685039368
20
-6.5745905511811022
11
5.1636525984251964
21
-6.5776038188976376
0
LINE
8
BLACK
6
CONTINUOUS
10
5.1636525984251964
20
-6.5776038188976376
11
5.1619457086614169
21
-6.5801583070866139
0
LINE
8
BLACK
6
CONTINUOUS
10
5.1619457086614169
20
-6.5801583070866139
11
5.1593912204724406
21
-6.5818651968503934
0
LINE
8
BLACK
6
CONTINUOUS
10
5.1593912204724406
20
-6.5818651968503934
11
5.1563779527559053
21
-6.5824645669291337
0
LINE
8
BLACK
6
CONTINUOUS
10
5.1563779527559053
20
-6.5824645669291337
11
5.0973228346456692
21
-6.5824645669291337
0
LINE
8
BLACK
6
CONTINUOUS
10
5.0973228346456692
20
-6.5824645669291337
11
5.0943095669291338
21
-6.5818651968503934
0
LINE
8
BLACK
6
CONTINUOUS
10
5.0943095669291338
20
-6.5818651968503934
11
5.0917550787401575
21
-6.5801583070866139
0
LINE
8
BLACK
6
CONTINUOUS
10
5.0917550787401575
20
-6.5801583070866139
11
5.090048188976378
21
-6.5776038188976376
0
LINE
8
BLACK
6
CONTINUOUS
10
5.090048188976378
20
-6.5776038188976376
11
5.0894488188976377
21
-6.5745905511811022
0
LINE
8
BLACK
6
CONTINUOUS
10
5.0894488188976377
20
-6.5745905511811022
11
5.0894488188976377
21
-6.5234094488188976
0
LINE
8
BLACK
6
CONTINUOUS
10
5.0894488188976377
20
-6.5234094488188976
11
5.090048188976378
21
-6.5203961811023623
0
LINE
8
BLACK
6
CONTINUOUS
10
5.090048188976378
20
-6.5203961811023623
11
5.0917550787401575
21
-6.517841692913386
0
LINE
8
BLACK
6
CONTINUOUS
10
5.0917550787401575
20
-6.517841692913386
11
5.0943095669291338
21
-6.5161348031496065
0
LINE
8
BLACK
6
CONTINUOUS
10
5.0943095669291338
20
-6.5161348031496065
11
5.0973228346456692
21
-6.5155354330708661
0
LINE
8
BLACK
6
CONTINUOUS
10
5.0973228346456692
20
-6.5155354330708661
11
5.1563779527559053
21
-6.5155354330708661
0
LINE
8
BLACK
6
CONTINUOUS
10
5.1563779527559053
20
-6.5155354330708661
11
5.1593912204724406
21
-6.5161348031496065
0
LINE
8
BLACK
6
CONTINUOUS
10
5.2656904330708656
20
-6.5161348031496065
11
5.2682449212598428
21
-6.517841692913386
0
LINE
8
BLACK
6
CONTINUOUS
10
5.2682449212598428
20
-6.517841692913386
11
5.2699518110236223
21
-6.5203961811023623
0
LINE
8
BLACK
6
CONTINUOUS
10
5.2699518110236223
20
-6.5203961811023623
11
5.2705511811023618
21
-6.5234094488188976
0
LINE
8
BLACK
6
CONTINUOUS
10
5.2705511811023618
20
-6.5234094488188976
11
5.2705511811023618
21
-6.5745905511811022
0
LINE
8
BLACK
6
CONTINUOUS
10
5.2705511811023618
20
-6.5745905511811022
11
5.2699518110236223
21
-6.5776038188976376
0
LINE
8
BLACK
6
CONTINUOUS
10
5.2699518110236223
20
-6.5776038188976376
11
5.2682449212598428
21
-6.5801583070866139
0
LINE
8
BLACK
6
CONTINUOUS
10
5.2682449212598428
20
-6.5801583070866139
11
5.2656904330708656
21
-6.5818651968503934
0
LINE
8
BLACK
6
CONTINUOUS
10
5.2656904330708656
20
-6.5818651968503934
11
5.2626771653543303
21
-6.5824645669291337
0
LINE
8
BLACK
6
CONTINUOUS
10
5.2626771653543303
20
-6.5824645669291337
11
5.2036220472440942
21
-6.5824645669291337
0
LINE
8
BLACK
6
CONTINUOUS
10
5.2036220472440942
20
-6.5824645669291337
11
5.2006087795275588
21
-6.5818651968503934
0
LINE
8
BLACK
6
CONTINUOUS
10
5.2006087795275588
20
-6.5818651968503934
11
5.1980542913385825
21
-6.5801583070866139
0
LINE
8
BLACK
6
CONTINUOUS
10
5.1980542913385825
20
-6.5801583070866139
11
5.196347401574803
21
-6.5776038188976376
0
LINE
8
BLACK
6
CONTINUOUS
10
5.196347401574803
20
-6.5776038188976376
11
5.1957480314960627
21
-6.5745905511811022
0
LINE
8
BLACK
6
CONTINUOUS
10
5.1957480314960627
20
-6.5745905511811022
11
5.1957480314960627
21
-6.5234094488188976
0
LINE
8
BLACK
6
CONTINUOUS
10
5.1957480314960627
20
-6.5234094488188976
11
5.196347401574803
21
-6.5203961811023623
0
LINE
8
BLACK
6
CONTINUOUS
10
5.196347401574803
20
-6.5203961811023623
11
5.1980542913385825
21
-6.517841692913386
0
LINE
8
BLACK
6
CONTINUOUS
10
5.1980542913385825
20
-6.517841692913386
11
5.2006087795275588
21
-6.5161348031496065
0
LINE
8
BLACK
6
CONTINUOUS
10
5.2006087795275588
20
-6.5161348031496065
11
5.2036220472440942
21
-6.5155354330708661
0
LINE
8
BLACK
6
CONTINUOUS
10
5.2036220472440942
20
-6.5155354330708661
11
5.2626771653543303
21
-6.5155354330708661
0
LINE
8
BLACK
6
CONTINUOUS
10
5.2626771653543303
20
-6.5155354330708661
11
5.2656904330708656
21
-6.5161348031496065
0
LINE
8
BLACK
6
CONTINUOUS
10
5.1592337401574806
20
-6.3779615748031491
11
5.1617882283464569
21
-6.3796684645669286
0
LINE
8
BLACK
6
CONTINUOUS
10
5.1617882283464569
20
-6.3796684645669286
11
5.1634951181102364
21
-6.3822229527559058
0
LINE
8
BLACK
6
CONTINUOUS
10
5.1634951181102364
20
-6.3822229527559058
11
5.1640944881889759
21
-6.3852362204724411
0
LINE
8
BLACK
6
CONTINUOUS
10
5.1640944881889759
20
-6.3852362204724411
11
5.1640944881889759
21
-6.4147637795275587
0
LINE
8
BLACK
6
CONTINUOUS
10
5.1640944881889759
20
-6.4147637795275587
11
5.1634951181102364
21
-6.417777047244094
0
LINE
8
BLACK
6
CONTINUOUS
10
5.1634951181102364
20
-6.417777047244094
11
5.1617882283464569
21
-6.4203315354330703
0
LINE
8
BLACK
6
CONTINUOUS
10
5.1617882283464569
20
-6.4203315354330703
11
5.1592337401574806
21
-6.4220384251968499
0
LINE
8
BLACK
6
CONTINUOUS
10
5.1592337401574806
20
-6.4220384251968499
11
5.1562204724409444
21
-6.4226377952755902
0
LINE
8
BLACK
6
CONTINUOUS
10
5.1562204724409444
20
-6.4226377952755902
11
5.1089763779527555
21
-6.4226377952755902
0
LINE
8
BLACK
6
CONTINUOUS
10
5.1089763779527555
20
-6.4226377952755902
11
5.1059631102362202
21
-6.4220384251968499
0
LINE
8
BLACK
6
CONTINUOUS
10
5.1059631102362202
20
-6.4220384251968499
11
5.1034086220472439
21
-6.4203315354330703
0
LINE
8
BLACK
6
CONTINUOUS
10
5.1034086220472439
20
-6.4203315354330703
11
5.1017017322834644
21
-6.417777047244094
0
LINE
8
BLACK
6
CONTINUOUS
10
5.1017017322834644
20
-6.417777047244094
11
5.101102362204724
21
-6.4147637795275587
0
LINE
8
BLACK
6
CONTINUOUS
10
5.101102362204724
20
-6.4147637795275587
11
5.101102362204724
21
-6.3852362204724411
0
LINE
8
BLACK
6
CONTINUOUS
10
5.101102362204724
20
-6.3852362204724411
11
5.1017017322834644
21
-6.3822229527559058
0
LINE
8
BLACK
6
CONTINUOUS
10
5.1017017322834644
20
-6.3822229527559058
11
5.1034086220472439
21
-6.3796684645669286
0
LINE
8
BLACK
6
CONTINUOUS
10
5.1034086220472439
20
-6.3796684645669286
11
5.1059631102362202
21
-6.3779615748031491
0
LINE
8
BLACK
6
CONTINUOUS
10
5.1059631102362202
20
-6.3779615748031491
11
5.1089763779527555
21
-6.3773622047244096
0
LINE
8
BLACK
6
CONTINUOUS
10
5.1089763779527555
20
-6.3773622047244096
11
5.1562204724409444
21
-6.3773622047244096
0
LINE
8
BLACK
6
CONTINUOUS
10
5.1562204724409444
20
-6.3773622047244096
11
5.1592337401574806
21
-6.3779615748031491
0
LINE
8
BLACK
6
CONTINUOUS
10
5.2340368897637797
20
-6.3779615748031491
11
5.236591377952756
21
-6.3796684645669286
0
LINE
8
BLACK
6
CONTINUOUS
10
5.236591377952756
20
-6.3796684645669286
11
5.2382982677165355
21
-6.3822229527559058
0
LINE
8
BLACK
6
CONTINUOUS
10
5.2382982677165355
20
-6.3822229527559058
11
5.2388976377952758
21
-6.3852362204724411
0
LINE
8
BLACK
6
CONTINUOUS
10
5.2388976377952758
20
-6.3852362204724411
11
5.2388976377952758
21
-6.4147637795275587
0
LINE
8
BLACK
6
CONTINUOUS
10
5.2388976377952758
20
-6.4147637795275587
11
5.2382982677165355
21
-6.417777047244094
0
LINE
8
BLACK
6
CONTINUOUS
10
5.2382982677165355
20
-6.417777047244094
11
5.236591377952756
21
-6.4203315354330703
0
LINE
8
BLACK
6
CONTINUOUS
10
5.236591377952756
20
-6.4203315354330703
11
5.2340368897637797
21
-6.4220384251968499
0
LINE
8
BLACK
6
CONTINUOUS
10
5.2340368897637797
20
-6.4220384251968499
11
5.2310236220472444
21
-6.4226377952755902
0
LINE
8
BLACK
6
CONTINUOUS
10
5.2310236220472444
20
-6.4226377952755902
11
5.1837795275590546
21
-6.4226377952755902
0
LINE
8
BLACK
6
CONTINUOUS
10
5.1837795275590546
20
-6.4226377952755902
11
5.1807662598425193
21
-6.4220384251968499
0
LINE
8
BLACK
6
CONTINUOUS
10
5.1807662598425193
20
-6.4220384251968499
11
5.178211771653543
21
-6.4203315354330703
0
LINE
8
BLACK
6
CONTINUOUS
10
5.178211771653543
20
-6.4203315354330703
11
5.1765048818897634
21
-6.417777047244094
0
LINE
8
BLACK
6
CONTINUOUS
10
5.1765048818897634
20
-6.417777047244094
11
5.1759055118110231
21
-6.4147637795275587
0
LINE
8
BLACK
6
CONTINUOUS
10
5.1759055118110231
20
-6.4147637795275587
11
5.1759055118110231
21
-6.3852362204724411
0
LINE
8
BLACK
6
CONTINUOUS
10
5.1759055118110231
20
-6.3852362204724411
11
5.1765048818897634
21
-6.3822229527559058
0
LINE
8
BLACK
6
CONTINUOUS
10
5.1765048818897634
20
-6.3822229527559058
11
5.178211771653543
21
-6.3796684645669286
0
LINE
8
BLACK
6
CONTINUOUS
10
5.178211771653543
20
-6.3796684645669286
11
5.1807662598425193
21
-6.3779615748031491
0
LINE
8
BLACK
6
CONTINUOUS
10
5.1807662598425193
20
-6.3779615748031491
11
5.1837795275590546
21
-6.3773622047244096
0
LINE
8
BLACK
6
CONTINUOUS
10
5.1837795275590546
20
-6.3773622047244096
11
5.2310236220472444
21
-6.3773622047244096
0
LINE
8
BLACK
6
CONTINUOUS
10
5.2310236220472444
20
-6.3773622047244096
11
5.2340368897637797
21
-6.3779615748031491
0
LINE
8
BLACK
6
CONTINUOUS
10
5.1521864960629919
20
-6.2619072440944876
11
5.1547409842519682
21
-6.2636141338582672
0
LINE
8
BLACK
6
CONTINUOUS
10
5.1547409842519682
20
-6.2636141338582672
11
5.1564478740157478
21
-6.2661686220472443
0
LINE
8
BLACK
6
CONTINUOUS
10
5.1564478740157478
20
-6.2661686220472443
11
5.1570472440944881
21
-6.2691818897637797
0
LINE
8
BLACK
6
CONTINUOUS
10
5.1570472440944881
20
-6.2691818897637797
11
5.1570472440944881
21
-6.3282370078740158
0
LINE
8
BLACK
6
CONTINUOUS
10
5.1570472440944881
20
-6.3282370078740158
11
5.1564478740157478
21
-6.3312502755905511
0
LINE
8
BLACK
6
CONTINUOUS
10
5.1564478740157478
20
-6.3312502755905511
11
5.1547409842519682
21
-6.3338047637795274
0
LINE
8
BLACK
6
CONTINUOUS
10
5.1547409842519682
20
-6.3338047637795274
11
5.1521864960629919
21
-6.3355116535433069
0
LINE
8
BLACK
6
CONTINUOUS
10
5.1521864960629919
20
-6.3355116535433069
11
5.1491732283464566
21
-6.3361110236220473
0
LINE
8
BLACK
6
CONTINUOUS
10
5.1491732283464566
20
-6.3361110236220473
11
5.1255511811023622
21
-6.3361110236220473
0
LINE
8
BLACK
6
CONTINUOUS
10
5.1255511811023622
20
-6.3361110236220473
11
5.1225379133858269
21
-6.3355116535433069
0
LINE
8
BLACK
6
CONTINUOUS
10
5.1225379133858269
20
-6.3355116535433069
11
5.1199834251968506
21
-6.3338047637795274
0
LINE
8
BLACK
6
CONTINUOUS
10
5.1199834251968506
20
-6.3338047637795274
11
5.118276535433071
21
-6.3312502755905511
0
LINE
8
BLACK
6
CONTINUOUS
10
5.118276535433071
20
-6.3312502755905511
11
5.1176771653543307
21
-6.3282370078740158
0
LINE
8
BLACK
6
CONTINUOUS
10
5.1176771653543307
20
-6.3282370078740158
11
5.1176771653543307
21
-6.2691818897637797
0
LINE
8
BLACK
6
CONTINUOUS
10
5.1176771653543307
20
-6.2691818897637797
11
5.118276535433071
21
-6.2661686220472443
0
LINE
8
BLACK
6
CONTINUOUS
10
5.118276535433071
20
-6.2661686220472443
11
5.1199834251968506
21
-6.2636141338582672
0
LINE
8
BLACK
6
CONTINUOUS
10
5.1199834251968506
20
-6.2636141338582672
11
5.1225379133858269
21
-6.2619072440944876
0
LINE
8
BLACK
6
CONTINUOUS
10
5.1225379133858269
20
-6.2619072440944876
11
5.1255511811023622
21
-6.2613078740157482
0
LINE
8
BLACK
6
CONTINUOUS
10
5.1255511811023622
20
-6.2613078740157482
11
5.1491732283464566
21
-6.2613078740157482
0
LINE
8
BLACK
6
CONTINUOUS
10
5.1491732283464566
20
-6.2613078740157482
11
5.1521864960629919
21
-6.2619072440944876
0
LINE
8
BLACK
6
CONTINUOUS
10
5.2021864960629918
20
-6.2619072440944876
11
5.2047409842519681
21
-6.2636141338582672
0
LINE
8
BLACK
6
CONTINUOUS
10
5.2047409842519681
20
-6.2636141338582672
11
5.2064478740157476
21
-6.2661686220472443
0
LINE
8
BLACK
6
CONTINUOUS
10
5.2064478740157476
20
-6.2661686220472443
11
5.2070472440944879
21
-6.2691818897637797
0
LINE
8
BLACK
6
CONTINUOUS
10
5.2070472440944879
20
-6.2691818897637797
11
5.2070472440944879
21
-6.3282370078740158
0
LINE
8
BLACK
6
CONTINUOUS
10
5.2070472440944879
20
-6.3282370078740158
11
5.2064478740157476
21
-6.3312502755905511
0
LINE
8
BLACK
6
CONTINUOUS
10
5.2064478740157476
20
-6.3312502755905511
11
5.2047409842519681
21
-6.3338047637795274
0
LINE
8
BLACK
6
CONTINUOUS
10
5.2047409842519681
20
-6.3338047637795274
11
5.2021864960629918
21
-6.3355116535433069
0
LINE
8
BLACK
6
CONTINUOUS
10
5.2021864960629918
20
-6.3355116535433069
11
5.1991732283464565
21
-6.3361110236220473
0
LINE
8
BLACK
6
CONTINUOUS
10
5.1991732283464565
20
-6.3361110236220473
11
5.175551181102362
21
-6.3361110236220473
0
LINE
8
BLACK
6
CONTINUOUS
10
5.175551181102362
20
-6.3361110236220473
11
5.1725379133858267
21
-6.3355116535433069
0
LINE
8
BLACK
6
CONTINUOUS
10
5.1725379133858267
20
-6.3355116535433069
11
5.1699834251968504
21
-6.3338047637795274
0
LINE
8
BLACK
6
CONTINUOUS
10
5.1699834251968504
20
-6.3338047637795274
11
5.1682765354330709
21
-6.3312502755905511
0
LINE
8
BLACK
6
CONTINUOUS
10
5.1682765354330709
20
-6.3312502755905511
11
5.1676771653543305
21
-6.3282370078740158
0
LINE
8
BLACK
6
CONTINUOUS
10
5.1676771653543305
20
-6.3282370078740158
11
5.1676771653543305
21
-6.2691818897637797
0
LINE
8
BLACK
6
CONTINUOUS
10
5.1676771653543305
20
-6.2691818897637797
11
5.1682765354330709
21
-6.2661686220472443
0
LINE
8
BLACK
6
CONTINUOUS
10
5.1682765354330709
20
-6.2661686220472443
11
5.1699834251968504
21
-6.2636141338582672
0
LINE
8
BLACK
6
CONTINUOUS
10
5.1699834251968504
20
-6.2636141338582672
11
5.1725379133858267
21
-6.2619072440944876
0
LINE
8
BLACK
6
CONTINUOUS
10
5.1725379133858267
20
-6.2619072440944876
11
5.175551181102362
21
-6.2613078740157482
0
LINE
8
BLACK
6
CONTINUOUS
10
5.175551181102362
20
-6.2613078740157482
11
5.1991732283464565
21
-6.2613078740157482
0
LINE
8
BLACK
6
CONTINUOUS
10
5.1991732283464565
20
-6.2613078740157482
11
5.2021864960629918
21
-6.2619072440944876
0
LINE
8
BLACK
6
CONTINUOUS
10
5.2521864960629916
20
-6.2619072440944876
11
5.2547409842519688
21
-6.2636141338582672
0
LINE
8
BLACK
6
CONTINUOUS
10
5.2547409842519688
20
-6.2636141338582672
11
5.2564478740157483
21
-6.2661686220472443
0
LINE
8
BLACK
6
CONTINUOUS
10
5.2564478740157483
20
-6.2661686220472443
11
5.2570472440944878
21
-6.2691818897637797
0
LINE
8
BLACK
6
CONTINUOUS
10
5.2570472440944878
20
-6.2691818897637797
11
5.2570472440944878
21
-6.3282370078740158
0
LINE
8
BLACK
6
CONTINUOUS
10
5.2570472440944878
20
-6.3282370078740158
11
5.2564478740157483
21
-6.3312502755905511
0
LINE
8
BLACK
6
CONTINUOUS
10
5.2564478740157483
20
-6.3312502755905511
11
5.2547409842519688
21
-6.3338047637795274
0
LINE
8
BLACK
6
CONTINUOUS
10
5.2547409842519688
20
-6.3338047637795274
11
5.2521864960629916
21
-6.3355116535433069
0
LINE
8
BLACK
6
CONTINUOUS
10
5.2521864960629916
20
-6.3355116535433069
11
5.2491732283464563
21
-6.3361110236220473
0
LINE
8
BLACK
6
CONTINUOUS
10
5.2491732283464563
20
-6.3361110236220473
11
5.2255511811023618
21
-6.3361110236220473
0
LINE
8
BLACK
6
CONTINUOUS
10
5.2255511811023618
20
-6.3361110236220473
11
5.2225379133858265
21
-6.3355116535433069
0
LINE
8
BLACK
6
CONTINUOUS
10
5.2225379133858265
20
-6.3355116535433069
11
5.2199834251968502
21
-6.3338047637795274
0
LINE
8
BLACK
6
CONTINUOUS
10
5.2199834251968502
20
-6.3338047637795274
11
5.2182765354330707
21
-6.3312502755905511
0
LINE
8
BLACK
6
CONTINUOUS
10
5.2182765354330707
20
-6.3312502755905511
11
5.2176771653543303
21
-6.3282370078740158
0
LINE
8
BLACK
6
CONTINUOUS
10
5.2176771653543303
20
-6.3282370078740158
11
5.2176771653543303
21
-6.2691818897637797
0
LINE
8
BLACK
6
CONTINUOUS
10
5.2176771653543303
20
-6.2691818897637797
11
5.2182765354330707
21
-6.2661686220472443
0
LINE
8
BLACK
6
CONTINUOUS
10
5.2182765354330707
20
-6.2661686220472443
11
5.2199834251968502
21
-6.2636141338582672
0
LINE
8
BLACK
6
CONTINUOUS
10
5.2199834251968502
20
-6.2636141338582672
11
5.2225379133858265
21
-6.2619072440944876
0
LINE
8
BLACK
6
CONTINUOUS
10
5.2225379133858265
20
-6.2619072440944876
11
5.2255511811023618
21
-6.2613078740157482
0
LINE
8
BLACK
6
CONTINUOUS
10
5.2255511811023618
20
-6.2613078740157482
11
5.2491732283464563
21
-6.2613078740157482
0
LINE
8
BLACK
6
CONTINUOUS
10
5.2491732283464563
20
-6.2613078740157482
11
5.2521864960629916
21
-6.2619072440944876
0
LINE
8
BLACK
6
CONTINUOUS
10
5.3021864960629923
20
-6.2619072440944876
11
5.3047409842519686
21
-6.2636141338582672
0
LINE
8
BLACK
6
CONTINUOUS
10
5.3047409842519686
20
-6.2636141338582672
11
5.3064478740157481
21
-6.2661686220472443
0
LINE
8
BLACK
6
CONTINUOUS
10
5.3064478740157481
20
-6.2661686220472443
11
5.3070472440944885
21
-6.2691818897637797
0
LINE
8
BLACK
6
CONTINUOUS
10
5.3070472440944885
20
-6.2691818897637797
11
5.3070472440944885
21
-6.3282370078740158
0
LINE
8
BLACK
6
CONTINUOUS
10
5.3070472440944885
20
-6.3282370078740158
11
5.3064478740157481
21
-6.3312502755905511
0
LINE
8
BLACK
6
CONTINUOUS
10
5.3064478740157481
20
-6.3312502755905511
11
5.3047409842519686
21
-6.3338047637795274
0
LINE
8
BLACK
6
CONTINUOUS
10
5.3047409842519686
20
-6.3338047637795274
11
5.3021864960629923
21
-6.3355116535433069
0
LINE
8
BLACK
6
CONTINUOUS
10
5.3021864960629923
20
-6.3355116535433069
11
5.299173228346457
21
-6.3361110236220473
0
LINE
8
BLACK
6
CONTINUOUS
10
5.299173228346457
20
-6.3361110236220473
11
5.2755511811023617
21
-6.3361110236220473
0
LINE
8
BLACK
6
CONTINUOUS
10
5.2755511811023617
20
-6.3361110236220473
11
5.2725379133858263
21
-6.3355116535433069
0
LINE
8
BLACK
6
CONTINUOUS
10
5.2725379133858263
20
-6.3355116535433069
11
5.26998342519685
21
-6.3338047637795274
0
LINE
8
BLACK
6
CONTINUOUS
10
5.26998342519685
20
-6.3338047637795274
11
5.2682765354330705
21
-6.3312502755905511
0
LINE
8
BLACK
6
CONTINUOUS
10
5.2682765354330705
20
-6.3312502755905511
11
5.2676771653543302
21
-6.3282370078740158
0
LINE
8
BLACK
6
CONTINUOUS
10
5.2676771653543302
20
-6.3282370078740158
11
5.2676771653543302
21
-6.2691818897637797
0
LINE
8
BLACK
6
CONTINUOUS
10
5.2676771653543302
20
-6.2691818897637797
11
5.2682765354330705
21
-6.2661686220472443
0
LINE
8
BLACK
6
CONTINUOUS
10
5.2682765354330705
20
-6.2661686220472443
11
5.26998342519685
21
-6.2636141338582672
0
LINE
8
BLACK
6
CONTINUOUS
10
5.26998342519685
20
-6.2636141338582672
11
5.2725379133858263
21
-6.2619072440944876
0
LINE
8
BLACK
6
CONTINUOUS
10
5.2725379133858263
20
-6.2619072440944876
11
5.2755511811023617
21
-6.2613078740157482
0
LINE
8
BLACK
6
CONTINUOUS
10
5.2755511811023617
20
-6.2613078740157482
11
5.299173228346457
21
-6.2613078740157482
0
LINE
8
BLACK
6
CONTINUOUS
10
5.299173228346457
20
-6.2613078740157482
11
5.3021864960629923
21
-6.2619072440944876
0
LINE
8
BLACK
6
CONTINUOUS
10
5.3521864960629921
20
-6.2619072440944876
11
5.3547409842519684
21
-6.2636141338582672
0
LINE
8
BLACK
6
CONTINUOUS
10
5.3547409842519684
20
-6.2636141338582672
11
5.356447874015748
21
-6.2661686220472443
0
LINE
8
BLACK
6
CONTINUOUS
10
5.356447874015748
20
-6.2661686220472443
11
5.3570472440944883
21
-6.2691818897637797
0
LINE
8
BLACK
6
CONTINUOUS
10
5.3570472440944883
20
-6.2691818897637797
11
5.3570472440944883
21
-6.3282370078740158
0
LINE
8
BLACK
6
CONTINUOUS
10
5.3570472440944883
20
-6.3282370078740158
11
5.356447874015748
21
-6.3312502755905511
0
LINE
8
BLACK
6
CONTINUOUS
10
5.356447874015748
20
-6.3312502755905511
11
5.3547409842519684
21
-6.3338047637795274
0
LINE
8
BLACK
6
CONTINUOUS
10
5.3547409842519684
20
-6.3338047637795274
11
5.3521864960629921
21
-6.3355116535433069
0
LINE
8
BLACK
6
CONTINUOUS
10
5.3521864960629921
20
-6.3355116535433069
11
5.3491732283464568
21
-6.3361110236220473
0
LINE
8
BLACK
6
CONTINUOUS
10
5.3491732283464568
20
-6.3361110236220473
11
5.3255511811023624
21
-6.3361110236220473
0
LINE
8
BLACK
6
CONTINUOUS
10
5.3255511811023624
20
-6.3361110236220473
11
5.322537913385827
21
-6.3355116535433069
0
LINE
8
BLACK
6
CONTINUOUS
10
5.322537913385827
20
-6.3355116535433069
11
5.3199834251968499
21
-6.3338047637795274
0
LINE
8
BLACK
6
CONTINUOUS
10
5.3199834251968499
20
-6.3338047637795274
11
5.3182765354330703
21
-6.3312502755905511
0
LINE
8
BLACK
6
CONTINUOUS
10
5.3182765354330703
20
-6.3312502755905511
11
5.3176771653543309
21
-6.3282370078740158
0
LINE
8
BLACK
6
CONTINUOUS
10
5.3176771653543309
20
-6.3282370078740158
11
5.3176771653543309
21
-6.2691818897637797
0
LINE
8
BLACK
6
CONTINUOUS
10
5.3176771653543309
20
-6.2691818897637797
11
5.3182765354330703
21
-6.2661686220472443
0
LINE
8
BLACK
6
CONTINUOUS
10
5.3182765354330703
20
-6.2661686220472443
11
5.3199834251968499
21
-6.2636141338582672
0
LINE
8
BLACK
6
CONTINUOUS
10
5.3199834251968499
20
-6.2636141338582672
11
5.322537913385827
21
-6.2619072440944876
0
LINE
8
BLACK
6
CONTINUOUS
10
5.322537913385827
20
-6.2619072440944876
11
5.3255511811023624
21
-6.2613078740157482
0
LINE
8
BLACK
6
CONTINUOUS
10
5.3255511811023624
20
-6.2613078740157482
11
5.3491732283464568
21
-6.2613078740157482
0
LINE
8
BLACK
6
CONTINUOUS
10
5.3491732283464568
20
-6.2613078740157482
11
5.3521864960629921
21
-6.2619072440944876
0
LINE
8
BLACK
6
CONTINUOUS
10
5.4021864960629919
20
-6.2619072440944876
11
5.4047409842519682
21
-6.2636141338582672
0
LINE
8
BLACK
6
CONTINUOUS
10
5.4047409842519682
20
-6.2636141338582672
11
5.4064478740157478
21
-6.2661686220472443
0
LINE
8
BLACK
6
CONTINUOUS
10
5.4064478740157478
20
-6.2661686220472443
11
5.4070472440944881
21
-6.2691818897637797
0
LINE
8
BLACK
6
CONTINUOUS
10
5.4070472440944881
20
-6.2691818897637797
11
5.4070472440944881
21
-6.3282370078740158
0
LINE
8
BLACK
6
CONTINUOUS
10
5.4070472440944881
20
-6.3282370078740158
11
5.4064478740157478
21
-6.3312502755905511
0
LINE
8
BLACK
6
CONTINUOUS
10
5.4064478740157478
20
-6.3312502755905511
11
5.4047409842519682
21
-6.3338047637795274
0
LINE
8
BLACK
6
CONTINUOUS
10
5.4047409842519682
20
-6.3338047637795274
11
5.4021864960629919
21
-6.3355116535433069
0
LINE
8
BLACK
6
CONTINUOUS
10
5.4021864960629919
20
-6.3355116535433069
11
5.3991732283464566
21
-6.3361110236220473
0
LINE
8
BLACK
6
CONTINUOUS
10
5.3991732283464566
20
-6.3361110236220473
11
5.3755511811023622
21
-6.3361110236220473
0
LINE
8
BLACK
6
CONTINUOUS
10
5.3755511811023622
20
-6.3361110236220473
11
5.3725379133858269
21
-6.3355116535433069
0
LINE
8
BLACK
6
CONTINUOUS
10
5.3725379133858269
20
-6.3355116535433069
11
5.3699834251968506
21
-6.3338047637795274
0
LINE
8
BLACK
6
CONTINUOUS
10
5.3699834251968506
20
-6.3338047637795274
11
5.368276535433071
21
-6.3312502755905511
0
LINE
8
BLACK
6
CONTINUOUS
10
5.368276535433071
20
-6.3312502755905511
11
5.3676771653543307
21
-6.3282370078740158
0
LINE
8
BLACK
6
CONTINUOUS
10
5.3676771653543307
20
-6.3282370078740158
11
5.3676771653543307
21
-6.2691818897637797
0
LINE
8
BLACK
6
CONTINUOUS
10
5.3676771653543307
20
-6.2691818897637797
11
5.368276535433071
21
-6.2661686220472443
0
LINE
8
BLACK
6
CONTINUOUS
10
5.368276535433071
20
-6.2661686220472443
11
5.3699834251968506
21
-6.2636141338582672
0
LINE
8
BLACK
6
CONTINUOUS
10
5.3699834251968506
20
-6.2636141338582672
11
5.3725379133858269
21
-6.2619072440944876
0
LINE
8
BLACK
6
CONTINUOUS
10
5.3725379133858269
20
-6.2619072440944876
11
5.3755511811023622
21
-6.2613078740157482
0
LINE
8
BLACK
6
CONTINUOUS
10
5.3755511811023622
20
-6.2613078740157482
11
5.3991732283464566
21
-6.2613078740157482
0
LINE
8
BLACK
6
CONTINUOUS
10
5.3991732283464566
20
-6.2613078740157482
11
5.4021864960629919
21
-6.2619072440944876
0
LINE
8
BLACK
6
CONTINUOUS
10
5.4521864960629918
20
-6.2619072440944876
11
5.4547409842519681
21
-6.2636141338582672
0
LINE
8
BLACK
6
CONTINUOUS
10
5.4547409842519681
20
-6.2636141338582672
11
5.4564478740157476
21
-6.2661686220472443
0
LINE
8
BLACK
6
CONTINUOUS
10
5.4564478740157476
20
-6.2661686220472443
11
5.4570472440944879
21
-6.2691818897637797
0
LINE
8
BLACK
6
CONTINUOUS
10
5.4570472440944879
20
-6.2691818897637797
11
5.4570472440944879
21
-6.3282370078740158
0
LINE
8
BLACK
6
CONTINUOUS
10
5.4570472440944879
20
-6.3282370078740158
11
5.4564478740157476
21
-6.3312502755905511
0
LINE
8
BLACK
6
CONTINUOUS
10
5.4564478740157476
20
-6.3312502755905511
11
5.4547409842519681
21
-6.3338047637795274
0
LINE
8
BLACK
6
CONTINUOUS
10
5.4547409842519681
20
-6.3338047637795274
11
5.4521864960629918
21
-6.3355116535433069
0
LINE
8
BLACK
6
CONTINUOUS
10
5.4521864960629918
20
-6.3355116535433069
11
5.4491732283464565
21
-6.3361110236220473
0
LINE
8
BLACK
6
CONTINUOUS
10
5.4491732283464565
20
-6.3361110236220473
11
5.425551181102362
21
-6.3361110236220473
0
LINE
8
BLACK
6
CONTINUOUS
10
5.425551181102362
20
-6.3361110236220473
11
5.4225379133858267
21
-6.3355116535433069
0
LINE
8
BLACK
6
CONTINUOUS
10
5.4225379133858267
20
-6.3355116535433069
11
5.4199834251968504
21
-6.3338047637795274
0
LINE
8
BLACK
6
CONTINUOUS
10
5.4199834251968504
20
-6.3338047637795274
11
5.4182765354330709
21
-6.3312502755905511
0
LINE
8
BLACK
6
CONTINUOUS
10
5.4182765354330709
20
-6.3312502755905511
11
5.4176771653543305
21
-6.3282370078740158
0
LINE
8
BLACK
6
CONTINUOUS
10
5.4176771653543305
20
-6.3282370078740158
11
5.4176771653543305
21
-6.2691818897637797
0
LINE
8
BLACK
6
CONTINUOUS
10
5.4176771653543305
20
-6.2691818897637797
11
5.4182765354330709
21
-6.2661686220472443
0
LINE
8
BLACK
6
CONTINUOUS
10
5.4182765354330709
20
-6.2661686220472443
11
5.4199834251968504
21
-6.2636141338582672
0
LINE
8
BLACK
6
CONTINUOUS
10
5.4199834251968504
20
-6.2636141338582672
11
5.4225379133858267
21
-6.2619072440944876
0
LINE
8
BLACK
6
CONTINUOUS
10
5.4225379133858267
20
-6.2619072440944876
11
5.425551181102362
21
-6.2613078740157482
0
LINE
8
BLACK
6
CONTINUOUS
10
5.425551181102362
20
-6.2613078740157482
11
5.4491732283464565
21
-6.2613078740157482
0
LINE
8
BLACK
6
CONTINUOUS
10
5.4491732283464565
20
-6.2613078740157482
11
5.4521864960629918
21
-6.2619072440944876
0
LINE
8
BLACK
6
CONTINUOUS
10
4.6648242913385829
20
-6.2588152755905506
11
4.6673787795275592
21
-6.2605221653543301
0
LINE
8
BLACK
6
CONTINUOUS
10
4.6673787795275592
20
-6.2605221653543301
11
4.6690856692913387
21
-6.2630766535433073
0
LINE
8
BLACK
6
CONTINUOUS
10
4.6690856692913387
20
-6.2630766535433073
11
4.6696850393700791
21
-6.2660899212598427
0
LINE
8
BLACK
6
CONTINUOUS
10
4.6696850393700791
20
-6.2660899212598427
11
4.6696850393700791
21
-6.3251450393700788
0
LINE
8
BLACK
6
CONTINUOUS
10
4.6696850393700791
20
-6.3251450393700788
11
4.6690856692913387
21
-6.3281583070866141
0
LINE
8
BLACK
6
CONTINUOUS
10
4.6690856692913387
20
-6.3281583070866141
11
4.6673787795275592
21
-6.3307127952755904
0
LINE
8
BLACK
6
CONTINUOUS
10
4.6673787795275592
20
-6.3307127952755904
11
4.6648242913385829
21
-6.3324196850393699
0
LINE
8
BLACK
6
CONTINUOUS
10
4.6648242913385829
20
-6.3324196850393699
11
4.6618110236220476
21
-6.3330190551181103
0
LINE
8
BLACK
6
CONTINUOUS
10
4.6618110236220476
20
-6.3330190551181103
11
4.6381889763779522
21
-6.3330190551181103
0
LINE
8
BLACK
6
CONTINUOUS
10
4.6381889763779522
20
-6.3330190551181103
11
4.6351757086614169
21
-6.3324196850393699
0
LINE
8
BLACK
6
CONTINUOUS
10
4.6351757086614169
20
-6.3324196850393699
11
4.6326212204724406
21
-6.3307127952755904
0
LINE
8
BLACK
6
CONTINUOUS
10
4.6326212204724406
20
-6.3307127952755904
11
4.6309143307086611
21
-6.3281583070866141
0
LINE
8
BLACK
6
CONTINUOUS
10
4.6309143307086611
20
-6.3281583070866141
11
4.6303149606299208
21
-6.3251450393700788
0
LINE
8
BLACK
6
CONTINUOUS
10
4.6303149606299208
20
-6.3251450393700788
11
4.6303149606299208
21
-6.2660899212598427
0
LINE
8
BLACK
6
CONTINUOUS
10
4.6303149606299208
20
-6.2660899212598427
11
4.6309143307086611
21
-6.2630766535433073
0
LINE
8
BLACK
6
CONTINUOUS
10
4.6309143307086611
20
-6.2630766535433073
11
4.6326212204724406
21
-6.2605221653543301
0
LINE
8
BLACK
6
CONTINUOUS
10
4.6326212204724406
20
-6.2605221653543301
11
4.6351757086614169
21
-6.2588152755905506
0
LINE
8
BLACK
6
CONTINUOUS
10
4.6351757086614169
20
-6.2588152755905506
11
4.6381889763779522
21
-6.2582159055118112
0
LINE
8
BLACK
6
CONTINUOUS
10
4.6381889763779522
20
-6.2582159055118112
11
4.6618110236220476
21
-6.2582159055118112
0
LINE
8
BLACK
6
CONTINUOUS
10
4.6618110236220476
20
-6.2582159055118112
11
4.6648242913385829
21
-6.2588152755905506
0
LINE
8
BLACK
6
CONTINUOUS
10
4.7148242913385827
20
-6.2588152755905506
11
4.717378779527559
21
-6.2605221653543301
0
LINE
8
BLACK
6
CONTINUOUS
10
4.717378779527559
20
-6.2605221653543301
11
4.7190856692913385
21
-6.2630766535433073
0
LINE
8
BLACK
6
CONTINUOUS
10
4.7190856692913385
20
-6.2630766535433073
11
4.7196850393700789
21
-6.2660899212598427
0
LINE
8
BLACK
6
CONTINUOUS
10
4.7196850393700789
20
-6.2660899212598427
11
4.7196850393700789
21
-6.3251450393700788
0
LINE
8
BLACK
6
CONTINUOUS
10
4.7196850393700789
20
-6.3251450393700788
11
4.7190856692913385
21
-6.3281583070866141
0
LINE
8
BLACK
6
CONTINUOUS
10
4.7190856692913385
20
-6.3281583070866141
11
4.717378779527559
21
-6.3307127952755904
0
LINE
8
BLACK
6
CONTINUOUS
10
4.717378779527559
20
-6.3307127952755904
11
4.7148242913385827
21
-6.3324196850393699
0
LINE
8
BLACK
6
CONTINUOUS
10
4.7148242913385827
20
-6.3324196850393699
11
4.7118110236220474
21
-6.3330190551181103
0
LINE
8
BLACK
6
CONTINUOUS
10
4.7118110236220474
20
-6.3330190551181103
11
4.688188976377953
21
-6.3330190551181103
0
LINE
8
BLACK
6
CONTINUOUS
10
4.688188976377953
20
-6.3330190551181103
11
4.6851757086614176
21
-6.3324196850393699
0
LINE
8
BLACK
6
CONTINUOUS
10
4.6851757086614176
20
-6.3324196850393699
11
4.6826212204724404
21
-6.3307127952755904
0
LINE
8
BLACK
6
CONTINUOUS
10
4.6826212204724404
20
-6.3307127952755904
11
4.6809143307086609
21
-6.3281583070866141
0
LINE
8
BLACK
6
CONTINUOUS
10
4.6809143307086609
20
-6.3281583070866141
11
4.6803149606299215
21
-6.3251450393700788
0
LINE
8
BLACK
6
CONTINUOUS
10
4.6803149606299215
20
-6.3251450393700788
11
4.6803149606299215
21
-6.2660899212598427
0
LINE
8
BLACK
6
CONTINUOUS
10
4.6803149606299215
20
-6.2660899212598427
11
4.6809143307086609
21
-6.2630766535433073
0
LINE
8
BLACK
6
CONTINUOUS
10
4.6809143307086609
20
-6.2630766535433073
11
4.6826212204724404
21
-6.2605221653543301
0
LINE
8
BLACK
6
CONTINUOUS
10
4.6826212204724404
20
-6.2605221653543301
11
4.6851757086614176
21
-6.2588152755905506
0
LINE
8
BLACK
6
CONTINUOUS
10
4.6851757086614176
20
-6.2588152755905506
11
4.688188976377953
21
-6.2582159055118112
0
LINE
8
BLACK
6
CONTINUOUS
10
4.688188976377953
20
-6.2582159055118112
11
4.7118110236220474
21
-6.2582159055118112
0
LINE
8
BLACK
6
CONTINUOUS
10
4.7118110236220474
20
-6.2582159055118112
11
4.7148242913385827
21
-6.2588152755905506
0
LINE
8
BLACK
6
CONTINUOUS
10
4.7648242913385825
20
-6.2588152755905506
11
4.7673787795275588
21
-6.2605221653543301
0
LINE
8
BLACK
6
CONTINUOUS
10
4.7673787795275588
20
-6.2605221653543301
11
4.7690856692913384
21
-6.2630766535433073
0
LINE
8
BLACK
6
CONTINUOUS
10
4.7690856692913384
20
-6.2630766535433073
11
4.7696850393700787
21
-6.2660899212598427
0
LINE
8
BLACK
6
CONTINUOUS
10
4.7696850393700787
20
-6.2660899212598427
11
4.7696850393700787
21
-6.3251450393700788
0
LINE
8
BLACK
6
CONTINUOUS
10
4.7696850393700787
20
-6.3251450393700788
11
4.7690856692913384
21
-6.3281583070866141
0
LINE
8
BLACK
6
CONTINUOUS
10
4.7690856692913384
20
-6.3281583070866141
11
4.7673787795275588
21
-6.3307127952755904
0
LINE
8
BLACK
6
CONTINUOUS
10
4.7673787795275588
20
-6.3307127952755904
11
4.7648242913385825
21
-6.3324196850393699
0
LINE
8
BLACK
6
CONTINUOUS
10
4.7648242913385825
20
-6.3324196850393699
11
4.7618110236220472
21
-6.3330190551181103
0
LINE
8
BLACK
6
CONTINUOUS
10
4.7618110236220472
20
-6.3330190551181103
11
4.7381889763779528
21
-6.3330190551181103
0
LINE
8
BLACK
6
CONTINUOUS
10
4.7381889763779528
20
-6.3330190551181103
11
4.7351757086614175
21
-6.3324196850393699
0
LINE
8
BLACK
6
CONTINUOUS
10
4.7351757086614175
20
-6.3324196850393699
11
4.7326212204724412
21
-6.3307127952755904
0
LINE
8
BLACK
6
CONTINUOUS
10
4.7326212204724412
20
-6.3307127952755904
11
4.7309143307086616
21
-6.3281583070866141
0
LINE
8
BLACK
6
CONTINUOUS
10
4.7309143307086616
20
-6.3281583070866141
11
4.7303149606299213
21
-6.3251450393700788
0
LINE
8
BLACK
6
CONTINUOUS
10
4.7303149606299213
20
-6.3251450393700788
11
4.7303149606299213
21
-6.2660899212598427
0
LINE
8
BLACK
6
CONTINUOUS
10
4.7303149606299213
20
-6.2660899212598427
11
4.7309143307086616
21
-6.2630766535433073
0
LINE
8
BLACK
6
CONTINUOUS
10
4.7309143307086616
20
-6.2630766535433073
11
4.7326212204724412
21
-6.2605221653543301
0
LINE
8
BLACK
6
CONTINUOUS
10
4.7326212204724412
20
-6.2605221653543301
11
4.7351757086614175
21
-6.2588152755905506
0
LINE
8
BLACK
6
CONTINUOUS
10
4.7351757086614175
20
-6.2588152755905506
11
4.7381889763779528
21
-6.2582159055118112
0
LINE
8
BLACK
6
CONTINUOUS
10
4.7381889763779528
20
-6.2582159055118112
11
4.7618110236220472
21
-6.2582159055118112
0
LINE
8
BLACK
6
CONTINUOUS
10
4.7618110236220472
20
-6.2582159055118112
11
4.7648242913385825
21
-6.2588152755905506
0
LINE
8
BLACK
6
CONTINUOUS
10
4.8148242913385824
20
-6.2588152755905506
11
4.8173787795275587
21
-6.2605221653543301
0
LINE
8
BLACK
6
CONTINUOUS
10
4.8173787795275587
20
-6.2605221653543301
11
4.8190856692913382
21
-6.2630766535433073
0
LINE
8
BLACK
6
CONTINUOUS
10
4.8190856692913382
20
-6.2630766535433073
11
4.8196850393700785
21
-6.2660899212598427
0
LINE
8
BLACK
6
CONTINUOUS
10
4.8196850393700785
20
-6.2660899212598427
11
4.8196850393700785
21
-6.3251450393700788
0
LINE
8
BLACK
6
CONTINUOUS
10
4.8196850393700785
20
-6.3251450393700788
11
4.8190856692913382
21
-6.3281583070866141
0
LINE
8
BLACK
6
CONTINUOUS
10
4.8190856692913382
20
-6.3281583070866141
11
4.8173787795275587
21
-6.3307127952755904
0
LINE
8
BLACK
6
CONTINUOUS
10
4.8173787795275587
20
-6.3307127952755904
11
4.8148242913385824
21
-6.3324196850393699
0
LINE
8
BLACK
6
CONTINUOUS
10
4.8148242913385824
20
-6.3324196850393699
11
4.811811023622047
21
-6.3330190551181103
0
LINE
8
BLACK
6
CONTINUOUS
10
4.811811023622047
20
-6.3330190551181103
11
4.7881889763779526
21
-6.3330190551181103
0
LINE
8
BLACK
6
CONTINUOUS
10
4.7881889763779526
20
-6.3330190551181103
11
4.7851757086614173
21
-6.3324196850393699
0
LINE
8
BLACK
6
CONTINUOUS
10
4.7851757086614173
20
-6.3324196850393699
11
4.782621220472441
21
-6.3307127952755904
0
LINE
8
BLACK
6
CONTINUOUS
10
4.782621220472441
20
-6.3307127952755904
11
4.7809143307086615
21
-6.3281583070866141
0
LINE
8
BLACK
6
CONTINUOUS
10
4.7809143307086615
20
-6.3281583070866141
11
4.7803149606299211
21
-6.3251450393700788
0
LINE
8
BLACK
6
CONTINUOUS
10
4.7803149606299211
20
-6.3251450393700788
11
4.7803149606299211
21
-6.2660899212598427
0
LINE
8
BLACK
6
CONTINUOUS
10
4.7803149606299211
20
-6.2660899212598427
11
4.7809143307086615
21
-6.2630766535433073
0
LINE
8
BLACK
6
CONTINUOUS
10
4.7809143307086615
20
-6.2630766535433073
11
4.782621220472441
21
-6.2605221653543301
0
LINE
8
BLACK
6
CONTINUOUS
10
4.782621220472441
20
-6.2605221653543301
11
4.7851757086614173
21
-6.2588152755905506
0
LINE
8
BLACK
6
CONTINUOUS
10
4.7851757086614173
20
-6.2588152755905506
11
4.7881889763779526
21
-6.2582159055118112
0
LINE
8
BLACK
6
CONTINUOUS
10
4.7881889763779526
20
-6.2582159055118112
11
4.811811023622047
21
-6.2582159055118112
0
LINE
8
BLACK
6
CONTINUOUS
10
4.811811023622047
20
-6.2582159055118112
11
4.8148242913385824
21
-6.2588152755905506
0
LINE
8
BLACK
6
CONTINUOUS
10
4.8648242913385822
20
-6.2588152755905506
11
4.8673787795275594
21
-6.2605221653543301
0
LINE
8
BLACK
6
CONTINUOUS
10
4.8673787795275594
20
-6.2605221653543301
11
4.8690856692913389
21
-6.2630766535433073
0
LINE
8
BLACK
6
CONTINUOUS
10
4.8690856692913389
20
-6.2630766535433073
11
4.8696850393700783
21
-6.2660899212598427
0
LINE
8
BLACK
6
CONTINUOUS
10
4.8696850393700783
20
-6.2660899212598427
11
4.8696850393700783
21
-6.3251450393700788
0
LINE
8
BLACK
6
CONTINUOUS
10
4.8696850393700783
20
-6.3251450393700788
11
4.8690856692913389
21
-6.3281583070866141
0
LINE
8
BLACK
6
CONTINUOUS
10
4.8690856692913389
20
-6.3281583070866141
11
4.8673787795275594
21
-6.3307127952755904
0
LINE
8
BLACK
6
CONTINUOUS
10
4.8673787795275594
20
-6.3307127952755904
11
4.8648242913385822
21
-6.3324196850393699
0
LINE
8
BLACK
6
CONTINUOUS
10
4.8648242913385822
20
-6.3324196850393699
11
4.8618110236220469
21
-6.3330190551181103
0
LINE
8
BLACK
6
CONTINUOUS
10
4.8618110236220469
20
-6.3330190551181103
11
4.8381889763779524
21
-6.3330190551181103
0
LINE
8
BLACK
6
CONTINUOUS
10
4.8381889763779524
20
-6.3330190551181103
11
4.8351757086614171
21
-6.3324196850393699
0
LINE
8
BLACK
6
CONTINUOUS
10
4.8351757086614171
20
-6.3324196850393699
11
4.8326212204724408
21
-6.3307127952755904
0
LINE
8
BLACK
6
CONTINUOUS
10
4.8326212204724408
20
-6.3307127952755904
11
4.8309143307086613
21
-6.3281583070866141
0
LINE
8
BLACK
6
CONTINUOUS
10
4.8309143307086613
20
-6.3281583070866141
11
4.8303149606299209
21
-6.3251450393700788
0
LINE
8
BLACK
6
CONTINUOUS
10
4.8303149606299209
20
-6.3251450393700788
11
4.8303149606299209
21
-6.2660899212598427
0
LINE
8
BLACK
6
CONTINUOUS
10
4.8303149606299209
20
-6.2660899212598427
11
4.8309143307086613
21
-6.2630766535433073
0
LINE
8
BLACK
6
CONTINUOUS
10
4.8309143307086613
20
-6.2630766535433073
11
4.8326212204724408
21
-6.2605221653543301
0
LINE
8
BLACK
6
CONTINUOUS
10
4.8326212204724408
20
-6.2605221653543301
11
4.8351757086614171
21
-6.2588152755905506
0
LINE
8
BLACK
6
CONTINUOUS
10
4.8351757086614171
20
-6.2588152755905506
11
4.8381889763779524
21
-6.2582159055118112
0
LINE
8
BLACK
6
CONTINUOUS
10
4.8381889763779524
20
-6.2582159055118112
11
4.8618110236220469
21
-6.2582159055118112
0
LINE
8
BLACK
6
CONTINUOUS
10
4.8618110236220469
20
-6.2582159055118112
11
4.8648242913385822
21
-6.2588152755905506
0
LINE
8
BLACK
6
CONTINUOUS
10
4.9148242913385829
20
-6.2588152755905506
11
4.9173787795275592
21
-6.2605221653543301
0
LINE
8
BLACK
6
CONTINUOUS
10
4.9173787795275592
20
-6.2605221653543301
11
4.9190856692913387
21
-6.2630766535433073
0
LINE
8
BLACK
6
CONTINUOUS
10
4.9190856692913387
20
-6.2630766535433073
11
4.9196850393700791
21
-6.2660899212598427
0
LINE
8
BLACK
6
CONTINUOUS
10
4.9196850393700791
20
-6.2660899212598427
11
4.9196850393700791
21
-6.3251450393700788
0
LINE
8
BLACK
6
CONTINUOUS
10
4.9196850393700791
20
-6.3251450393700788
11
4.9190856692913387
21
-6.3281583070866141
0
LINE
8
BLACK
6
CONTINUOUS
10
4.9190856692913387
20
-6.3281583070866141
11
4.9173787795275592
21
-6.3307127952755904
0
LINE
8
BLACK
6
CONTINUOUS
10
4.9173787795275592
20
-6.3307127952755904
11
4.9148242913385829
21
-6.3324196850393699
0
LINE
8
BLACK
6
CONTINUOUS
10
4.9148242913385829
20
-6.3324196850393699
11
4.9118110236220467
21
-6.3330190551181103
0
LINE
8
BLACK
6
CONTINUOUS
10
4.9118110236220467
20
-6.3330190551181103
11
4.8881889763779522
21
-6.3330190551181103
0
LINE
8
BLACK
6
CONTINUOUS
10
4.8881889763779522
20
-6.3330190551181103
11
4.8851757086614169
21
-6.3324196850393699
0
LINE
8
BLACK
6
CONTINUOUS
10
4.8851757086614169
20
-6.3324196850393699
11
4.8826212204724406
21
-6.3307127952755904
0
LINE
8
BLACK
6
CONTINUOUS
10
4.8826212204724406
20
-6.3307127952755904
11
4.8809143307086611
21
-6.3281583070866141
0
LINE
8
BLACK
6
CONTINUOUS
10
4.8809143307086611
20
-6.3281583070866141
11
4.8803149606299208
21
-6.3251450393700788
0
LINE
8
BLACK
6
CONTINUOUS
10
4.8803149606299208
20
-6.3251450393700788
11
4.8803149606299208
21
-6.2660899212598427
0
LINE
8
BLACK
6
CONTINUOUS
10
4.8803149606299208
20
-6.2660899212598427
11
4.8809143307086611
21
-6.2630766535433073
0
LINE
8
BLACK
6
CONTINUOUS
10
4.8809143307086611
20
-6.2630766535433073
11
4.8826212204724406
21
-6.2605221653543301
0
LINE
8
BLACK
6
CONTINUOUS
10
4.8826212204724406
20
-6.2605221653543301
11
4.8851757086614169
21
-6.2588152755905506
0
LINE
8
BLACK
6
CONTINUOUS
10
4.8851757086614169
20
-6.2588152755905506
11
4.8881889763779522
21
-6.2582159055118112
0
LINE
8
BLACK
6
CONTINUOUS
10
4.8881889763779522
20
-6.2582159055118112
11
4.9118110236220467
21
-6.2582159055118112
0
LINE
8
BLACK
6
CONTINUOUS
10
4.9118110236220467
20
-6.2582159055118112
11
4.9148242913385829
21
-6.2588152755905506
0
LINE
8
BLACK
6
CONTINUOUS
10
4.9648242913385827
20
-6.2588152755905506
11
4.967378779527559
21
-6.2605221653543301
0
LINE
8
BLACK
6
CONTINUOUS
10
4.967378779527559
20
-6.2605221653543301
11
4.9690856692913385
21
-6.2630766535433073
0
LINE
8
BLACK
6
CONTINUOUS
10
4.9690856692913385
20
-6.2630766535433073
11
4.9696850393700789
21
-6.2660899212598427
0
LINE
8
BLACK
6
CONTINUOUS
10
4.9696850393700789
20
-6.2660899212598427
11
4.9696850393700789
21
-6.3251450393700788
0
LINE
8
BLACK
6
CONTINUOUS
10
4.9696850393700789
20
-6.3251450393700788
11
4.9690856692913385
21
-6.3281583070866141
0
LINE
8
BLACK
6
CONTINUOUS
10
4.9690856692913385
20
-6.3281583070866141
11
4.967378779527559
21
-6.3307127952755904
0
LINE
8
BLACK
6
CONTINUOUS
10
4.967378779527559
20
-6.3307127952755904
11
4.9648242913385827
21
-6.3324196850393699
0
LINE
8
BLACK
6
CONTINUOUS
10
4.9648242913385827
20
-6.3324196850393699
11
4.9618110236220474
21
-6.3330190551181103
0
LINE
8
BLACK
6
CONTINUOUS
10
4.9618110236220474
20
-6.3330190551181103
11
4.938188976377953
21
-6.3330190551181103
0
LINE
8
BLACK
6
CONTINUOUS
10
4.938188976377953
20
-6.3330190551181103
11
4.9351757086614176
21
-6.3324196850393699
0
LINE
8
BLACK
6
CONTINUOUS
10
4.9351757086614176
20
-6.3324196850393699
11
4.9326212204724404
21
-6.3307127952755904
0
LINE
8
BLACK
6
CONTINUOUS
10
4.9326212204724404
20
-6.3307127952755904
11
4.9309143307086609
21
-6.3281583070866141
0
LINE
8
BLACK
6
CONTINUOUS
10
4.9309143307086609
20
-6.3281583070866141
11
4.9303149606299215
21
-6.3251450393700788
0
LINE
8
BLACK
6
CONTINUOUS
10
4.9303149606299215
20
-6.3251450393700788
11
4.9303149606299215
21
-6.2660899212598427
0
LINE
8
BLACK
6
CONTINUOUS
10
4.9303149606299215
20
-6.2660899212598427
11
4.9309143307086609
21
-6.2630766535433073
0
LINE
8
BLACK
6
CONTINUOUS
10
4.9309143307086609
20
-6.2630766535433073
11
4.9326212204724404
21
-6.2605221653543301
0
LINE
8
BLACK
6
CONTINUOUS
10
4.9326212204724404
20
-6.2605221653543301
11
4.9351757086614176
21
-6.2588152755905506
0
LINE
8
BLACK
6
CONTINUOUS
10
4.9351757086614176
20
-6.2588152755905506
11
4.938188976377953
21
-6.2582159055118112
0
LINE
8
BLACK
6
CONTINUOUS
10
4.938188976377953
20
-6.2582159055118112
11
4.9618110236220474
21
-6.2582159055118112
0
LINE
8
BLACK
6
CONTINUOUS
10
4.9618110236220474
20
-6.2582159055118112
11
4.9648242913385827
21
-6.2588152755905506
0
LINE
8
BLACK
6
CONTINUOUS
10
6.0751392519685039
20
-6.2702143307086615
11
6.0776937401574802
21
-6.271921220472441
0
LINE
8
BLACK
6
CONTINUOUS
10
6.0776937401574802
20
-6.271921220472441
11
6.0794006299212597
21
-6.2744757086614174
0
LINE
8
BLACK
6
CONTINUOUS
10
6.0794006299212597
20
-6.2744757086614174
11
6.0800000000000001
21
-6.2774889763779527
0
LINE
8
BLACK
6
CONTINUOUS
10
6.0800000000000001
20
-6.2774889763779527
11
6.0800000000000001
21
-6.3247330708661416
0
LINE
8
BLACK
6
CONTINUOUS
10
6.0800000000000001
20
-6.3247330708661416
11
6.0794006299212597
21
-6.3277463385826769
0
LINE
8
BLACK
6
CONTINUOUS
10
6.0794006299212597
20
-6.3277463385826769
11
6.0776937401574802
21
-6.3303008267716532
0
LINE
8
BLACK
6
CONTINUOUS
10
6.0776937401574802
20
-6.3303008267716532
11
6.0751392519685039
21
-6.3320077165354327
0
LINE
8
BLACK
6
CONTINUOUS
10
6.0751392519685039
20
-6.3320077165354327
11
6.0721259842519686
21
-6.332607086614173
0
LINE
8
BLACK
6
CONTINUOUS
10
6.0721259842519686
20
-6.332607086614173
11
6.0425984251968501
21
-6.332607086614173
0
LINE
8
BLACK
6
CONTINUOUS
10
6.0425984251968501
20
-6.332607086614173
11
6.0395851574803148
21
-6.3320077165354327
0
LINE
8
BLACK
6
CONTINUOUS
10
6.0395851574803148
20
-6.3320077165354327
11
6.0370306692913385
21
-6.3303008267716532
0
LINE
8
BLACK
6
CONTINUOUS
10
6.0370306692913385
20
-6.3303008267716532
11
6.0353237795275589
21
-6.3277463385826769
0
LINE
8
BLACK
6
CONTINUOUS
10
6.0353237795275589
20
-6.3277463385826769
11
6.0347244094488186
21
-6.3247330708661416
0
LINE
8
BLACK
6
CONTINUOUS
10
6.0347244094488186
20
-6.3247330708661416
11
6.0347244094488186
21
-6.2774889763779527
0
LINE
8
BLACK
6
CONTINUOUS
10
6.0347244094488186
20
-6.2774889763779527
11
6.0353237795275589
21
-6.2744757086614174
0
LINE
8
BLACK
6
CONTINUOUS
10
6.0353237795275589
20
-6.2744757086614174
11
6.0370306692913385
21
-6.271921220472441
0
LINE
8
BLACK
6
CONTINUOUS
10
6.0370306692913385
20
-6.271921220472441
11
6.0395851574803148
21
-6.2702143307086615
0
LINE
8
BLACK
6
CONTINUOUS
10
6.0395851574803148
20
-6.2702143307086615
11
6.0425984251968501
21
-6.2696149606299212
0
LINE
8
BLACK
6
CONTINUOUS
10
6.0425984251968501
20
-6.2696149606299212
11
6.0721259842519686
21
-6.2696149606299212
0
LINE
8
BLACK
6
CONTINUOUS
10
6.0721259842519686
20
-6.2696149606299212
11
6.0751392519685039
21
-6.2702143307086615
0
LINE
8
BLACK
6
CONTINUOUS
10
5.0577770472440946
20
-6.2665048818897633
11
5.0603315354330709
21
-6.2682117716535428
0
LINE
8
BLACK
6
CONTINUOUS
10
5.0603315354330709
20
-6.2682117716535428
11
5.0620384251968504
21
-6.2707662598425191
0
LINE
8
BLACK
6
CONTINUOUS
10
5.0620384251968504
20
-6.2707662598425191
11
5.0626377952755908
21
-6.2737795275590553
0
LINE
8
BLACK
6
CONTINUOUS
10
5.0626377952755908
20
-6.2737795275590553
11
5.0626377952755908
21
-6.3210236220472442
0
LINE
8
BLACK
6
CONTINUOUS
10
5.0626377952755908
20
-6.3210236220472442
11
5.0620384251968504
21
-6.3240368897637795
0
LINE
8
BLACK
6
CONTINUOUS
10
5.0620384251968504
20
-6.3240368897637795
11
5.0603315354330709
21
-6.3265913779527558
0
LINE
8
BLACK
6
CONTINUOUS
10
5.0603315354330709
20
-6.3265913779527558
11
5.0577770472440946
21
-6.3282982677165354
0
LINE
8
BLACK
6
CONTINUOUS
10
5.0577770472440946
20
-6.3282982677165354
11
5.0547637795275593
21
-6.3288976377952757
0
LINE
8
BLACK
6
CONTINUOUS
10
5.0547637795275593
20
-6.3288976377952757
11
5.0252362204724408
21
-6.3288976377952757
0
LINE
8
BLACK
6
CONTINUOUS
10
5.0252362204724408
20
-6.3288976377952757
11
5.0222229527559055
21
-6.3282982677165354
0
LINE
8
BLACK
6
CONTINUOUS
10
5.0222229527559055
20
-6.3282982677165354
11
5.0196684645669292
21
-6.3265913779527558
0
LINE
8
BLACK
6
CONTINUOUS
10
5.0196684645669292
20
-6.3265913779527558
11
5.0179615748031496
21
-6.3240368897637795
0
LINE
8
BLACK
6
CONTINUOUS
10
5.0179615748031496
20
-6.3240368897637795
11
5.0173622047244093
21
-6.3210236220472442
0
LINE
8
BLACK
6
CONTINUOUS
10
5.0173622047244093
20
-6.3210236220472442
11
5.0173622047244093
21
-6.2737795275590553
0
LINE
8
BLACK
6
CONTINUOUS
10
5.0173622047244093
20
-6.2737795275590553
11
5.0179615748031496
21
-6.2707662598425191
0
LINE
8
BLACK
6
CONTINUOUS
10
5.0179615748031496
20
-6.2707662598425191
11
5.0196684645669292
21
-6.2682117716535428
0
LINE
8
BLACK
6
CONTINUOUS
10
5.0196684645669292
20
-6.2682117716535428
11
5.0222229527559055
21
-6.2665048818897633
0
LINE
8
BLACK
6
CONTINUOUS
10
5.0222229527559055
20
-6.2665048818897633
11
5.0252362204724408
21
-6.2659055118110238
0
LINE
8
BLACK
6
CONTINUOUS
10
5.0252362204724408
20
-6.2659055118110238
11
5.0547637795275593
21
-6.2659055118110238
0
LINE
8
BLACK
6
CONTINUOUS
10
5.0547637795275593
20
-6.2659055118110238
11
5.0577770472440946
21
-6.2665048818897633
0
LINE
8
BLACK
6
CONTINUOUS
10
5.7786038188976381
20
-6.2796237795275589
11
5.7811583070866144
21
-6.2813306692913384
0
LINE
8
BLACK
6
CONTINUOUS
10
5.7811583070866144
20
-6.2813306692913384
11
5.7828651968503939
21
-6.2838851574803147
0
LINE
8
BLACK
6
CONTINUOUS
10
5.7828651968503939
20
-6.2838851574803147
11
5.7834645669291334
21
-6.28689842519685
0
LINE
8
BLACK
6
CONTINUOUS
10
5.7834645669291334
20
-6.28689842519685
11
5.7834645669291334
21
-6.3105204724409445
0
LINE
8
BLACK
6
CONTINUOUS
10
5.7834645669291334
20
-6.3105204724409445
11
5.7828651968503939
21
-6.3135337401574798
0
LINE
8
BLACK
6
CONTINUOUS
10
5.7828651968503939
20
-6.3135337401574798
11
5.7811583070866144
21
-6.3160882283464561
0
LINE
8
BLACK
6
CONTINUOUS
10
5.7811583070866144
20
-6.3160882283464561
11
5.7786038188976381
21
-6.3177951181102356
0
LINE
8
BLACK
6
CONTINUOUS
10
5.7786038188976381
20
-6.3177951181102356
11
5.7755905511811019
21
-6.318394488188976
0
LINE
8
BLACK
6
CONTINUOUS
10
5.7755905511811019
20
-6.318394488188976
11
5.7165354330708658
21
-6.318394488188976
0
LINE
8
BLACK
6
CONTINUOUS
10
5.7165354330708658
20
-6.318394488188976
11
5.7135221653543304
21
-6.3177951181102356
0
LINE
8
BLACK
6
CONTINUOUS
10
5.7135221653543304
20
-6.3177951181102356
11
5.7109676771653541
21
-6.3160882283464561
0
LINE
8
BLACK
6
CONTINUOUS
10
5.7109676771653541
20
-6.3160882283464561
11
5.7092607874015746
21
-6.3135337401574798
0
LINE
8
BLACK
6
CONTINUOUS
10
5.7092607874015746
20
-6.3135337401574798
11
5.7086614173228343
21
-6.3105204724409445
0
LINE
8
BLACK
6
CONTINUOUS
10
5.7086614173228343
20
-6.3105204724409445
11
5.7086614173228343
21
-6.28689842519685
0
LINE
8
BLACK
6
CONTINUOUS
10
5.7086614173228343
20
-6.28689842519685
11
5.7092607874015746
21
-6.2838851574803147
0
LINE
8
BLACK
6
CONTINUOUS
10
5.7092607874015746
20
-6.2838851574803147
11
5.7109676771653541
21
-6.2813306692913384
0
LINE
8
BLACK
6
CONTINUOUS
10
5.7109676771653541
20
-6.2813306692913384
11
5.7135221653543304
21
-6.2796237795275589
0
LINE
8
BLACK
6
CONTINUOUS
10
5.7135221653543304
20
-6.2796237795275589
11
5.7165354330708658
21
-6.2790244094488186
0
LINE
8
BLACK
6
CONTINUOUS
10
5.7165354330708658
20
-6.2790244094488186
11
5.7755905511811019
21
-6.2790244094488186
0
LINE
8
BLACK
6
CONTINUOUS
10
5.7755905511811019
20
-6.2790244094488186
11
5.7786038188976381
21
-6.2796237795275589
0
LINE
8
BLACK
6
CONTINUOUS
10
5.9912022440944881
20
-6.2796237795275589
11
5.9937567322834644
21
-6.2813306692913384
0
LINE
8
BLACK
6
CONTINUOUS
10
5.9937567322834644
20
-6.2813306692913384
11
5.9954636220472439
21
-6.2838851574803147
0
LINE
8
BLACK
6
CONTINUOUS
10
5.9954636220472439
20
-6.2838851574803147
11
5.9960629921259843
21
-6.28689842519685
0
LINE
8
BLACK
6
CONTINUOUS
10
5.9960629921259843
20
-6.28689842519685
11
5.9960629921259843
21
-6.3105204724409445
0
LINE
8
BLACK
6
CONTINUOUS
10
5.9960629921259843
20
-6.3105204724409445
11
5.9954636220472439
21
-6.3135337401574798
0
LINE
8
BLACK
6
CONTINUOUS
10
5.9954636220472439
20
-6.3135337401574798
11
5.9937567322834644
21
-6.3160882283464561
0
LINE
8
BLACK
6
CONTINUOUS
10
5.9937567322834644
20
-6.3160882283464561
11
5.9912022440944881
21
-6.3177951181102356
0
LINE
8
BLACK
6
CONTINUOUS
10
5.9912022440944881
20
-6.3177951181102356
11
5.9881889763779528
21
-6.318394488188976
0
LINE
8
BLACK
6
CONTINUOUS
10
5.9881889763779528
20
-6.318394488188976
11
5.9291338582677167
21
-6.318394488188976
0
LINE
8
BLACK
6
CONTINUOUS
10
5.9291338582677167
20
-6.318394488188976
11
5.9261205905511813
21
-6.3177951181102356
0
LINE
8
BLACK
6
CONTINUOUS
10
5.9261205905511813
20
-6.3177951181102356
11
5.9235661023622042
21
-6.3160882283464561
0
LINE
8
BLACK
6
CONTINUOUS
10
5.9235661023622042
20
-6.3160882283464561
11
5.9218592125984246
21
-6.3135337401574798
0
LINE
8
BLACK
6
CONTINUOUS
10
5.9218592125984246
20
-6.3135337401574798
11
5.9212598425196852
21
-6.3105204724409445
0
LINE
8
BLACK
6
CONTINUOUS
10
5.9212598425196852
20
-6.3105204724409445
11
5.9212598425196852
21
-6.28689842519685
0
LINE
8
BLACK
6
CONTINUOUS
10
5.9212598425196852
20
-6.28689842519685
11
5.9218592125984246
21
-6.2838851574803147
0
LINE
8
BLACK
6
CONTINUOUS
10
5.9218592125984246
20
-6.2838851574803147
11
5.9235661023622042
21
-6.2813306692913384
0
LINE
8
BLACK
6
CONTINUOUS
10
5.9235661023622042
20
-6.2813306692913384
11
5.9261205905511813
21
-6.2796237795275589
0
LINE
8
BLACK
6
CONTINUOUS
10
5.9261205905511813
20
-6.2796237795275589
11
5.9291338582677167
21
-6.2790244094488186
0
LINE
8
BLACK
6
CONTINUOUS
10
5.9291338582677167
20
-6.2790244094488186
11
5.9881889763779528
21
-6.2790244094488186
0
LINE
8
BLACK
6
CONTINUOUS
10
5.9881889763779528
20
-6.2790244094488186
11
5.9912022440944881
21
-6.2796237795275589
0
LINE
8
BLACK
6
CONTINUOUS
10
4.4530132677165355
20
-6.197576535433071
11
4.4555677559055118
21
-6.1992834251968505
0
LINE
8
BLACK
6
CONTINUOUS
10
4.4555677559055118
20
-6.1992834251968505
11
4.4572746456692913
21
-6.2018379133858268
0
LINE
8
BLACK
6
CONTINUOUS
10
4.4572746456692913
20
-6.2018379133858268
11
4.4578740157480317
21
-6.2048511811023621
0
LINE
8
BLACK
6
CONTINUOUS
10
4.4578740157480317
20
-6.2048511811023621
11
4.4578740157480317
21
-6.2648511811023617
0
LINE
8
BLACK
6
CONTINUOUS
10
4.4578740157480317
20
-6.2648511811023617
11
4.4572746456692913
21
-6.2678644488188979
0
LINE
8
BLACK
6
CONTINUOUS
10
4.4572746456692913
20
-6.2678644488188979
11
4.4555677559055118
21
-6.2704189370078742
0
LINE
8
BLACK
6
CONTINUOUS
10
4.4555677559055118
20
-6.2704189370078742
11
4.4530132677165355
21
-6.2721258267716538
0
LINE
8
BLACK
6
CONTINUOUS
10
4.4530132677165355
20
-6.2721258267716538
11
4.4500000000000002
21
-6.2727251968503932
0
LINE
8
BLACK
6
CONTINUOUS
10
4.4500000000000002
20
-6.2727251968503932
11
4.3899999999999997
21
-6.2727251968503932
0
LINE
8
BLACK
6
CONTINUOUS
10
4.3899999999999997
20
-6.2727251968503932
11
4.3869867322834644
21
-6.2721258267716538
0
LINE
8
BLACK
6
CONTINUOUS
10
4.3869867322834644
20
-6.2721258267716538
11
4.3844322440944881
21
-6.2704189370078742
0
LINE
8
BLACK
6
CONTINUOUS
10
4.3844322440944881
20
-6.2704189370078742
11
4.3827253543307085
21
-6.2678644488188979
0
LINE
8
BLACK
6
CONTINUOUS
10
4.3827253543307085
20
-6.2678644488188979
11
4.3821259842519682
21
-6.2648511811023617
0
LINE
8
BLACK
6
CONTINUOUS
10
4.3821259842519682
20
-6.2648511811023617
11
4.3821259842519682
21
-6.2048511811023621
0
LINE
8
BLACK
6
CONTINUOUS
10
4.3821259842519682
20
-6.2048511811023621
11
4.3827253543307085
21
-6.2018379133858268
0
LINE
8
BLACK
6
CONTINUOUS
10
4.3827253543307085
20
-6.2018379133858268
11
4.3844322440944881
21
-6.1992834251968505
0
LINE
8
BLACK
6
CONTINUOUS
10
4.3844322440944881
20
-6.1992834251968505
11
4.3869867322834644
21
-6.197576535433071
0
LINE
8
BLACK
6
CONTINUOUS
10
4.3869867322834644
20
-6.197576535433071
11
4.3899999999999997
21
-6.1969771653543306
0
LINE
8
BLACK
6
CONTINUOUS
10
4.3899999999999997
20
-6.1969771653543306
11
4.4500000000000002
21
-6.1969771653543306
0
LINE
8
BLACK
6
CONTINUOUS
10
4.4500000000000002
20
-6.1969771653543306
11
4.4530132677165355
21
-6.197576535433071
0
LINE
8
BLACK
6
CONTINUOUS
10
4.5530132677165351
20
-6.197576535433071
11
4.5555677559055114
21
-6.1992834251968505
0
LINE
8
BLACK
6
CONTINUOUS
10
4.5555677559055114
20
-6.1992834251968505
11
4.557274645669291
21
-6.2018379133858268
0
LINE
8
BLACK
6
CONTINUOUS
10
4.557274645669291
20
-6.2018379133858268
11
4.5578740157480313
21
-6.2048511811023621
0
LINE
8
BLACK
6
CONTINUOUS
10
4.5578740157480313
20
-6.2048511811023621
11
4.5578740157480313
21
-6.2648511811023617
0
LINE
8
BLACK
6
CONTINUOUS
10
4.5578740157480313
20
-6.2648511811023617
11
4.557274645669291
21
-6.2678644488188979
0
LINE
8
BLACK
6
CONTINUOUS
10
4.557274645669291
20
-6.2678644488188979
11
4.5555677559055114
21
-6.2704189370078742
0
LINE
8
BLACK
6
CONTINUOUS
10
4.5555677559055114
20
-6.2704189370078742
11
4.5530132677165351
21
-6.2721258267716538
0
LINE
8
BLACK
6
CONTINUOUS
10
4.5530132677165351
20
-6.2721258267716538
11
4.5499999999999998
21
-6.2727251968503932
0
LINE
8
BLACK
6
CONTINUOUS
10
4.5499999999999998
20
-6.2727251968503932
11
4.4900000000000002
21
-6.2727251968503932
0
LINE
8
BLACK
6
CONTINUOUS
10
4.4900000000000002
20
-6.2727251968503932
11
4.4869867322834649
21
-6.2721258267716538
0
LINE
8
BLACK
6
CONTINUOUS
10
4.4869867322834649
20
-6.2721258267716538
11
4.4844322440944877
21
-6.2704189370078742
0
LINE
8
BLACK
6
CONTINUOUS
10
4.4844322440944877
20
-6.2704189370078742
11
4.4827253543307082
21
-6.2678644488188979
0
LINE
8
BLACK
6
CONTINUOUS
10
4.4827253543307082
20
-6.2678644488188979
11
4.4821259842519687
21
-6.2648511811023617
0
LINE
8
BLACK
6
CONTINUOUS
10
4.4821259842519687
20
-6.2648511811023617
11
4.4821259842519687
21
-6.2048511811023621
0
LINE
8
BLACK
6
CONTINUOUS
10
4.4821259842519687
20
-6.2048511811023621
11
4.4827253543307082
21
-6.2018379133858268
0
LINE
8
BLACK
6
CONTINUOUS
10
4.4827253543307082
20
-6.2018379133858268
11
4.4844322440944877
21
-6.1992834251968505
0
LINE
8
BLACK
6
CONTINUOUS
10
4.4844322440944877
20
-6.1992834251968505
11
4.4869867322834649
21
-6.197576535433071
0
LINE
8
BLACK
6
CONTINUOUS
10
4.4869867322834649
20
-6.197576535433071
11
4.4900000000000002
21
-6.1969771653543306
0
LINE
8
BLACK
6
CONTINUOUS
10
4.4900000000000002
20
-6.1969771653543306
11
4.5499999999999998
21
-6.1969771653543306
0
LINE
8
BLACK
6
CONTINUOUS
10
4.5499999999999998
20
-6.1969771653543306
11
4.5530132677165351
21
-6.197576535433071
0
LINE
8
BLACK
6
CONTINUOUS
10
5.7786038188976381
20
-6.2296237795275591
11
5.7811583070866144
21
-6.2313306692913386
0
LINE
8
BLACK
6
CONTINUOUS
10
5.7811583070866144
20
-6.2313306692913386
11
5.7828651968503939
21
-6.2338851574803149
0
LINE
8
BLACK
6
CONTINUOUS
10
5.7828651968503939
20
-6.2338851574803149
11
5.7834645669291334
21
-6.2368984251968502
0
LINE
8
BLACK
6
CONTINUOUS
10
5.7834645669291334
20
-6.2368984251968502
11
5.7834645669291334
21
-6.2605204724409447
0
LINE
8
BLACK
6
CONTINUOUS
10
5.7834645669291334
20
-6.2605204724409447
11
5.7828651968503939
21
-6.26353374015748
0
LINE
8
BLACK
6
CONTINUOUS
10
5.7828651968503939
20
-6.26353374015748
11
5.7811583070866144
21
-6.2660882283464563
0
LINE
8
BLACK
6
CONTINUOUS
10
5.7811583070866144
20
-6.2660882283464563
11
5.7786038188976381
21
-6.2677951181102358
0
LINE
8
BLACK
6
CONTINUOUS
10
5.7786038188976381
20
-6.2677951181102358
11
5.7755905511811019
21
-6.2683944881889762
0
LINE
8
BLACK
6
CONTINUOUS
10
5.7755905511811019
20
-6.2683944881889762
11
5.7165354330708658
21
-6.2683944881889762
0
LINE
8
BLACK
6
CONTINUOUS
10
5.7165354330708658
20
-6.2683944881889762
11
5.7135221653543304
21
-6.2677951181102358
0
LINE
8
BLACK
6
CONTINUOUS
10
5.7135221653543304
20
-6.2677951181102358
11
5.7109676771653541
21
-6.2660882283464563
0
LINE
8
BLACK
6
CONTINUOUS
10
5.7109676771653541
20
-6.2660882283464563
11
5.7092607874015746
21
-6.26353374015748
0
LINE
8
BLACK
6
CONTINUOUS
10
5.7092607874015746
20
-6.26353374015748
11
5.7086614173228343
21
-6.2605204724409447
0
LINE
8
BLACK
6
CONTINUOUS
10
5.7086614173228343
20
-6.2605204724409447
11
5.7086614173228343
21
-6.2368984251968502
0
LINE
8
BLACK
6
CONTINUOUS
10
5.7086614173228343
20
-6.2368984251968502
11
5.7092607874015746
21
-6.2338851574803149
0
LINE
8
BLACK
6
CONTINUOUS
10
5.7092607874015746
20
-6.2338851574803149
11
5.7109676771653541
21
-6.2313306692913386
0
LINE
8
BLACK
6
CONTINUOUS
10
5.7109676771653541
20
-6.2313306692913386
11
5.7135221653543304
21
-6.2296237795275591
0
LINE
8
BLACK
6
CONTINUOUS
10
5.7135221653543304
20
-6.2296237795275591
11
5.7165354330708658
21
-6.2290244094488187
0
LINE
8
BLACK
6
CONTINUOUS
10
5.7165354330708658
20
-6.2290244094488187
11
5.7755905511811019
21
-6.2290244094488187
0
LINE
8
BLACK
6
CONTINUOUS
10
5.7755905511811019
20
-6.2290244094488187
11
5.7786038188976381
21
-6.2296237795275591
0
LINE
8
BLACK
6
CONTINUOUS
10
5.9912022440944881
20
-6.2296237795275591
11
5.9937567322834644
21
-6.2313306692913386
0
LINE
8
BLACK
6
CONTINUOUS
10
5.9937567322834644
20
-6.2313306692913386
11
5.9954636220472439
21
-6.2338851574803149
0
LINE
8
BLACK
6
CONTINUOUS
10
5.9954636220472439
20
-6.2338851574803149
11
5.9960629921259843
21
-6.2368984251968502
0
LINE
8
BLACK
6
CONTINUOUS
10
5.9960629921259843
20
-6.2368984251968502
11
5.9960629921259843
21
-6.2605204724409447
0
LINE
8
BLACK
6
CONTINUOUS
10
5.9960629921259843
20
-6.2605204724409447
11
5.9954636220472439
21
-6.26353374015748
0
LINE
8
BLACK
6
CONTINUOUS
10
5.9954636220472439
20
-6.26353374015748
11
5.9937567322834644
21
-6.2660882283464563
0
LINE
8
BLACK
6
CONTINUOUS
10
5.9937567322834644
20
-6.2660882283464563
11
5.9912022440944881
21
-6.2677951181102358
0
LINE
8
BLACK
6
CONTINUOUS
10
5.9912022440944881
20
-6.2677951181102358
11
5.9881889763779528
21
-6.2683944881889762
0
LINE
8
BLACK
6
CONTINUOUS
10
5.9881889763779528
20
-6.2683944881889762
11
5.9291338582677167
21
-6.2683944881889762
0
LINE
8
BLACK
6
CONTINUOUS
10
5.9291338582677167
20
-6.2683944881889762
11
5.9261205905511813
21
-6.2677951181102358
0
LINE
8
BLACK
6
CONTINUOUS
10
5.9261205905511813
20
-6.2677951181102358
11
5.9235661023622042
21
-6.2660882283464563
0
LINE
8
BLACK
6
CONTINUOUS
10
5.9235661023622042
20
-6.2660882283464563
11
5.9218592125984246
21
-6.26353374015748
0
LINE
8
BLACK
6
CONTINUOUS
10
5.9218592125984246
20
-6.26353374015748
11
5.9212598425196852
21
-6.2605204724409447
0
LINE
8
BLACK
6
CONTINUOUS
10
5.9212598425196852
20
-6.2605204724409447
11
5.9212598425196852
21
-6.2368984251968502
0
LINE
8
BLACK
6
CONTINUOUS
10
5.9212598425196852
20
-6.2368984251968502
11
5.9218592125984246
21
-6.2338851574803149
0
LINE
8
BLACK
6
CONTINUOUS
10
5.9218592125984246
20
-6.2338851574803149
11
5.9235661023622042
21
-6.2313306692913386
0
LINE
8
BLACK
6
CONTINUOUS
10
5.9235661023622042
20
-6.2313306692913386
11
5.9261205905511813
21
-6.2296237795275591
0
LINE
8
BLACK
6
CONTINUOUS
10
5.9261205905511813
20
-6.2296237795275591
11
5.9291338582677167
21
-6.2290244094488187
0
LINE
8
BLACK
6
CONTINUOUS
10
5.9291338582677167
20
-6.2290244094488187
11
5.9881889763779528
21
-6.2290244094488187
0
LINE
8
BLACK
6
CONTINUOUS
10
5.9881889763779528
20
-6.2290244094488187
11
5.9912022440944881
21
-6.2296237795275591
0
LINE
8
BLACK
6
CONTINUOUS
10
6.0751392519685039
20
-6.1954111811023624
11
6.0776937401574802
21
-6.197118070866142
0
LINE
8
BLACK
6
CONTINUOUS
10
6.0776937401574802
20
-6.197118070866142
11
6.0794006299212597
21
-6.1996725590551183
0
LINE
8
BLACK
6
CONTINUOUS
10
6.0794006299212597
20
-6.1996725590551183
11
6.0800000000000001
21
-6.2026858267716536
0
LINE
8
BLACK
6
CONTINUOUS
10
6.0800000000000001
20
-6.2026858267716536
11
6.0800000000000001
21
-6.2499299212598425
0
LINE
8
BLACK
6
CONTINUOUS
10
6.0800000000000001
20
-6.2499299212598425
11
6.0794006299212597
21
-6.2529431889763778
0
LINE
8
BLACK
6
CONTINUOUS
10
6.0794006299212597
20
-6.2529431889763778
11
6.0776937401574802
21
-6.2554976771653541
0
LINE
8
BLACK
6
CONTINUOUS
10
6.0776937401574802
20
-6.2554976771653541
11
6.0751392519685039
21
-6.2572045669291336
0
LINE
8
BLACK
6
CONTINUOUS
10
6.0751392519685039
20
-6.2572045669291336
11
6.0721259842519686
21
-6.257803937007874
0
LINE
8
BLACK
6
CONTINUOUS
10
6.0721259842519686
20
-6.257803937007874
11
6.0425984251968501
21
-6.257803937007874
0
LINE
8
BLACK
6
CONTINUOUS
10
6.0425984251968501
20
-6.257803937007874
11
6.0395851574803148
21
-6.2572045669291336
0
LINE
8
BLACK
6
CONTINUOUS
10
6.0395851574803148
20
-6.2572045669291336
11
6.0370306692913385
21
-6.2554976771653541
0
LINE
8
BLACK
6
CONTINUOUS
10
6.0370306692913385
20
-6.2554976771653541
11
6.0353237795275589
21
-6.2529431889763778
0
LINE
8
BLACK
6
CONTINUOUS
10
6.0353237795275589
20
-6.2529431889763778
11
6.0347244094488186
21
-6.2499299212598425
0
LINE
8
BLACK
6
CONTINUOUS
10
6.0347244094488186
20
-6.2499299212598425
11
6.0347244094488186
21
-6.2026858267716536
0
LINE
8
BLACK
6
CONTINUOUS
10
6.0347244094488186
20
-6.2026858267716536
11
6.0353237795275589
21
-6.1996725590551183
0
LINE
8
BLACK
6
CONTINUOUS
10
6.0353237795275589
20
-6.1996725590551183
11
6.0370306692913385
21
-6.197118070866142
0
LINE
8
BLACK
6
CONTINUOUS
10
6.0370306692913385
20
-6.197118070866142
11
6.0395851574803148
21
-6.1954111811023624
0
LINE
8
BLACK
6
CONTINUOUS
10
6.0395851574803148
20
-6.1954111811023624
11
6.0425984251968501
21
-6.1948118110236221
0
LINE
8
BLACK
6
CONTINUOUS
10
6.0425984251968501
20
-6.1948118110236221
11
6.0721259842519686
21
-6.1948118110236221
0
LINE
8
BLACK
6
CONTINUOUS
10
6.0721259842519686
20
-6.1948118110236221
11
6.0751392519685039
21
-6.1954111811023624
0
LINE
8
BLACK
6
CONTINUOUS
10
5.0577770472440946
20
-6.1917017322834642
11
5.0603315354330709
21
-6.1934086220472437
0
LINE
8
BLACK
6
CONTINUOUS
10
5.0603315354330709
20
-6.1934086220472437
11
5.0620384251968504
21
-6.19596311023622
0
LINE
8
BLACK
6
CONTINUOUS
10
5.0620384251968504
20
-6.19596311023622
11
5.0626377952755908
21
-6.1989763779527554
0
LINE
8
BLACK
6
CONTINUOUS
10
5.0626377952755908
20
-6.1989763779527554
11
5.0626377952755908
21
-6.2462204724409451
0
LINE
8
BLACK
6
CONTINUOUS
10
5.0626377952755908
20
-6.2462204724409451
11
5.0620384251968504
21
-6.2492337401574805
0
LINE
8
BLACK
6
CONTINUOUS
10
5.0620384251968504
20
-6.2492337401574805
11
5.0603315354330709
21
-6.2517882283464568
0
LINE
8
BLACK
6
CONTINUOUS
10
5.0603315354330709
20
-6.2517882283464568
11
5.0577770472440946
21
-6.2534951181102363
0
LINE
8
BLACK
6
CONTINUOUS
10
5.0577770472440946
20
-6.2534951181102363
11
5.0547637795275593
21
-6.2540944881889766
0
LINE
8
BLACK
6
CONTINUOUS
10
5.0547637795275593
20
-6.2540944881889766
11
5.0252362204724408
21
-6.2540944881889766
0
LINE
8
BLACK
6
CONTINUOUS
10
5.0252362204724408
20
-6.2540944881889766
11
5.0222229527559055
21
-6.2534951181102363
0
LINE
8
BLACK
6
CONTINUOUS
10
5.0222229527559055
20
-6.2534951181102363
11
5.0196684645669292
21
-6.2517882283464568
0
LINE
8
BLACK
6
CONTINUOUS
10
5.0196684645669292
20
-6.2517882283464568
11
5.0179615748031496
21
-6.2492337401574805
0
LINE
8
BLACK
6
CONTINUOUS
10
5.0179615748031496
20
-6.2492337401574805
11
5.0173622047244093
21
-6.2462204724409451
0
LINE
8
BLACK
6
CONTINUOUS
10
5.0173622047244093
20
-6.2462204724409451
11
5.0173622047244093
21
-6.1989763779527554
0
LINE
8
BLACK
6
CONTINUOUS
10
5.0173622047244093
20
-6.1989763779527554
11
5.0179615748031496
21
-6.19596311023622
0
LINE
8
BLACK
6
CONTINUOUS
10
5.0179615748031496
20
-6.19596311023622
11
5.0196684645669292
21
-6.1934086220472437
0
LINE
8
BLACK
6
CONTINUOUS
10
5.0196684645669292
20
-6.1934086220472437
11
5.0222229527559055
21
-6.1917017322834642
0
LINE
8
BLACK
6
CONTINUOUS
10
5.0222229527559055
20
-6.1917017322834642
11
5.0252362204724408
21
-6.1911023622047239
0
LINE
8
BLACK
6
CONTINUOUS
10
5.0252362204724408
20
-6.1911023622047239
11
5.0547637795275593
21
-6.1911023622047239
0
LINE
8
BLACK
6
CONTINUOUS
10
5.0547637795275593
20
-6.1911023622047239
11
5.0577770472440946
21
-6.1917017322834642
0
LINE
8
BLACK
6
CONTINUOUS
10
5.7786038188976381
20
-6.1796237795275593
11
5.7811583070866144
21
-6.1813306692913388
0
LINE
8
BLACK
6
CONTINUOUS
10
5.7811583070866144
20
-6.1813306692913388
11
5.7828651968503939
21
-6.1838851574803151
0
LINE
8
BLACK
6
CONTINUOUS
10
5.7828651968503939
20
-6.1838851574803151
11
5.7834645669291334
21
-6.1868984251968504
0
LINE
8
BLACK
6
CONTINUOUS
10
5.7834645669291334
20
-6.1868984251968504
11
5.7834645669291334
21
-6.2105204724409449
0
LINE
8
BLACK
6
CONTINUOUS
10
5.7834645669291334
20
-6.2105204724409449
11
5.7828651968503939
21
-6.2135337401574802
0
LINE
8
BLACK
6
CONTINUOUS
10
5.7828651968503939
20
-6.2135337401574802
11
5.7811583070866144
21
-6.2160882283464565
0
LINE
8
BLACK
6
CONTINUOUS
10
5.7811583070866144
20
-6.2160882283464565
11
5.7786038188976381
21
-6.217795118110236
0
LINE
8
BLACK
6
CONTINUOUS
10
5.7786038188976381
20
-6.217795118110236
11
5.7755905511811019
21
-6.2183944881889763
0
LINE
8
BLACK
6
CONTINUOUS
10
5.7755905511811019
20
-6.2183944881889763
11
5.7165354330708658
21
-6.2183944881889763
0
LINE
8
BLACK
6
CONTINUOUS
10
5.7165354330708658
20
-6.2183944881889763
11
5.7135221653543304
21
-6.217795118110236
0
LINE
8
BLACK
6
CONTINUOUS
10
5.7135221653543304
20
-6.217795118110236
11
5.7109676771653541
21
-6.2160882283464565
0
LINE
8
BLACK
6
CONTINUOUS
10
5.7109676771653541
20
-6.2160882283464565
11
5.7092607874015746
21
-6.2135337401574802
0
LINE
8
BLACK
6
CONTINUOUS
10
5.7092607874015746
20
-6.2135337401574802
11
5.7086614173228343
21
-6.2105204724409449
0
LINE
8
BLACK
6
CONTINUOUS
10
5.7086614173228343
20
-6.2105204724409449
11
5.7086614173228343
21
-6.1868984251968504
0
LINE
8
BLACK
6
CONTINUOUS
10
5.7086614173228343
20
-6.1868984251968504
11
5.7092607874015746
21
-6.1838851574803151
0
LINE
8
BLACK
6
CONTINUOUS
10
5.7092607874015746
20
-6.1838851574803151
11
5.7109676771653541
21
-6.1813306692913388
0
LINE
8
BLACK
6
CONTINUOUS
10
5.7109676771653541
20
-6.1813306692913388
11
5.7135221653543304
21
-6.1796237795275593
0
LINE
8
BLACK
6
CONTINUOUS
10
5.7135221653543304
20
-6.1796237795275593
11
5.7165354330708658
21
-6.1790244094488189
0
LINE
8
BLACK
6
CONTINUOUS
10
5.7165354330708658
20
-6.1790244094488189
11
5.7755905511811019
21
-6.1790244094488189
0
LINE
8
BLACK
6
CONTINUOUS
10
5.7755905511811019
20
-6.1790244094488189
11
5.7786038188976381
21
-6.1796237795275593
0
LINE
8
BLACK
6
CONTINUOUS
10
5.9912022440944881
20
-6.1796237795275593
11
5.9937567322834644
21
-6.1813306692913388
0
LINE
8
BLACK
6
CONTINUOUS
10
5.9937567322834644
20
-6.1813306692913388
11
5.9954636220472439
21
-6.1838851574803151
0
LINE
8
BLACK
6
CONTINUOUS
10
5.9954636220472439
20
-6.1838851574803151
11
5.9960629921259843
21
-6.1868984251968504
0
LINE
8
BLACK
6
CONTINUOUS
10
5.9960629921259843
20
-6.1868984251968504
11
5.9960629921259843
21
-6.2105204724409449
0
LINE
8
BLACK
6
CONTINUOUS
10
5.9960629921259843
20
-6.2105204724409449
11
5.9954636220472439
21
-6.2135337401574802
0
LINE
8
BLACK
6
CONTINUOUS
10
5.9954636220472439
20
-6.2135337401574802
11
5.9937567322834644
21
-6.2160882283464565
0
LINE
8
BLACK
6
CONTINUOUS
10
5.9937567322834644
20
-6.2160882283464565
11
5.9912022440944881
21
-6.217795118110236
0
LINE
8
BLACK
6
CONTINUOUS
10
5.9912022440944881
20
-6.217795118110236
11
5.9881889763779528
21
-6.2183944881889763
0
LINE
8
BLACK
6
CONTINUOUS
10
5.9881889763779528
20
-6.2183944881889763
11
5.9291338582677167
21
-6.2183944881889763
0
LINE
8
BLACK
6
CONTINUOUS
10
5.9291338582677167
20
-6.2183944881889763
11
5.9261205905511813
21
-6.217795118110236
0
LINE
8
BLACK
6
CONTINUOUS
10
5.9261205905511813
20
-6.217795118110236
11
5.9235661023622042
21
-6.2160882283464565
0
LINE
8
BLACK
6
CONTINUOUS
10
5.9235661023622042
20
-6.2160882283464565
11
5.9218592125984246
21
-6.2135337401574802
0
LINE
8
BLACK
6
CONTINUOUS
10
5.9218592125984246
20
-6.2135337401574802
11
5.9212598425196852
21
-6.2105204724409449
0
LINE
8
BLACK
6
CONTINUOUS
10
5.9212598425196852
20
-6.2105204724409449
11
5.9212598425196852
21
-6.1868984251968504
0
LINE
8
BLACK
6
CONTINUOUS
10
5.9212598425196852
20
-6.1868984251968504
11
5.9218592125984246
21
-6.1838851574803151
0
LINE
8
BLACK
6
CONTINUOUS
10
5.9218592125984246
20
-6.1838851574803151
11
5.9235661023622042
21
-6.1813306692913388
0
LINE
8
BLACK
6
CONTINUOUS
10
5.9235661023622042
20
-6.1813306692913388
11
5.9261205905511813
21
-6.1796237795275593
0
LINE
8
BLACK
6
CONTINUOUS
10
5.9261205905511813
20
-6.1796237795275593
11
5.9291338582677167
21
-6.1790244094488189
0
LINE
8
BLACK
6
CONTINUOUS
10
5.9291338582677167
20
-6.1790244094488189
11
5.9881889763779528
21
-6.1790244094488189
0
LINE
8
BLACK
6
CONTINUOUS
10
5.9881889763779528
20
-6.1790244094488189
11
5.9912022440944881
21
-6.1796237795275593
0
LINE
8
BLACK
6
CONTINUOUS
10
4.4530132677165355
20
-6.0975765354330704
11
4.4555677559055118
21
-6.09928342519685
0
LINE
8
BLACK
6
CONTINUOUS
10
4.4555677559055118
20
-6.09928342519685
11
4.4572746456692913
21
-6.1018379133858263
0
LINE
8
BLACK
6
CONTINUOUS
10
4.4572746456692913
20
-6.1018379133858263
11
4.4578740157480317
21
-6.1048511811023625
0
LINE
8
BLACK
6
CONTINUOUS
10
4.4578740157480317
20
-6.1048511811023625
11
4.4578740157480317
21
-6.1648511811023621
0
LINE
8
BLACK
6
CONTINUOUS
10
4.4578740157480317
20
-6.1648511811023621
11
4.4572746456692913
21
-6.1678644488188974
0
LINE
8
BLACK
6
CONTINUOUS
10
4.4572746456692913
20
-6.1678644488188974
11
4.4555677559055118
21
-6.1704189370078737
0
LINE
8
BLACK
6
CONTINUOUS
10
4.4555677559055118
20
-6.1704189370078737
11
4.4530132677165355
21
-6.1721258267716532
0
LINE
8
BLACK
6
CONTINUOUS
10
4.4530132677165355
20
-6.1721258267716532
11
4.4500000000000002
21
-6.1727251968503936
0
LINE
8
BLACK
6
CONTINUOUS
10
4.4500000000000002
20
-6.1727251968503936
11
4.3899999999999997
21
-6.1727251968503936
0
LINE
8
BLACK
6
CONTINUOUS
10
4.3899999999999997
20
-6.1727251968503936
11
4.3869867322834644
21
-6.1721258267716532
0
LINE
8
BLACK
6
CONTINUOUS
10
4.3869867322834644
20
-6.1721258267716532
11
4.3844322440944881
21
-6.1704189370078737
0
LINE
8
BLACK
6
CONTINUOUS
10
4.3844322440944881
20
-6.1704189370078737
11
4.3827253543307085
21
-6.1678644488188974
0
LINE
8
BLACK
6
CONTINUOUS
10
4.3827253543307085
20
-6.1678644488188974
11
4.3821259842519682
21
-6.1648511811023621
0
LINE
8
BLACK
6
CONTINUOUS
10
4.3821259842519682
20
-6.1648511811023621
11
4.3821259842519682
21
-6.1048511811023625
0
LINE
8
BLACK
6
CONTINUOUS
10
4.3821259842519682
20
-6.1048511811023625
11
4.3827253543307085
21
-6.1018379133858263
0
LINE
8
BLACK
6
CONTINUOUS
10
4.3827253543307085
20
-6.1018379133858263
11
4.3844322440944881
21
-6.09928342519685
0
LINE
8
BLACK
6
CONTINUOUS
10
4.3844322440944881
20
-6.09928342519685
11
4.3869867322834644
21
-6.0975765354330704
0
LINE
8
BLACK
6
CONTINUOUS
10
4.3869867322834644
20
-6.0975765354330704
11
4.3899999999999997
21
-6.096977165354331
0
LINE
8
BLACK
6
CONTINUOUS
10
4.3899999999999997
20
-6.096977165354331
11
4.4500000000000002
21
-6.096977165354331
0
LINE
8
BLACK
6
CONTINUOUS
10
4.4500000000000002
20
-6.096977165354331
11
4.4530132677165355
21
-6.0975765354330704
0
LINE
8
BLACK
6
CONTINUOUS
10
4.5530132677165351
20
-6.0975765354330704
11
4.5555677559055114
21
-6.09928342519685
0
LINE
8
BLACK
6
CONTINUOUS
10
4.5555677559055114
20
-6.09928342519685
11
4.557274645669291
21
-6.1018379133858263
0
LINE
8
BLACK
6
CONTINUOUS
10
4.557274645669291
20
-6.1018379133858263
11
4.5578740157480313
21
-6.1048511811023625
0
LINE
8
BLACK
6
CONTINUOUS
10
4.5578740157480313
20
-6.1048511811023625
11
4.5578740157480313
21
-6.1648511811023621
0
LINE
8
BLACK
6
CONTINUOUS
10
4.5578740157480313
20
-6.1648511811023621
11
4.557274645669291
21
-6.1678644488188974
0
LINE
8
BLACK
6
CONTINUOUS
10
4.557274645669291
20
-6.1678644488188974
11
4.5555677559055114
21
-6.1704189370078737
0
LINE
8
BLACK
6
CONTINUOUS
10
4.5555677559055114
20
-6.1704189370078737
11
4.5530132677165351
21
-6.1721258267716532
0
LINE
8
BLACK
6
CONTINUOUS
10
4.5530132677165351
20
-6.1721258267716532
11
4.5499999999999998
21
-6.1727251968503936
0
LINE
8
BLACK
6
CONTINUOUS
10
4.5499999999999998
20
-6.1727251968503936
11
4.4900000000000002
21
-6.1727251968503936
0
LINE
8
BLACK
6
CONTINUOUS
10
4.4900000000000002
20
-6.1727251968503936
11
4.4869867322834649
21
-6.1721258267716532
0
LINE
8
BLACK
6
CONTINUOUS
10
4.4869867322834649
20
-6.1721258267716532
11
4.4844322440944877
21
-6.1704189370078737
0
LINE
8
BLACK
6
CONTINUOUS
10
4.4844322440944877
20
-6.1704189370078737
11
4.4827253543307082
21
-6.1678644488188974
0
LINE
8
BLACK
6
CONTINUOUS
10
4.4827253543307082
20
-6.1678644488188974
11
4.4821259842519687
21
-6.1648511811023621
0
LINE
8
BLACK
6
CONTINUOUS
10
4.4821259842519687
20
-6.1648511811023621
11
4.4821259842519687
21
-6.1048511811023625
0
LINE
8
BLACK
6
CONTINUOUS
10
4.4821259842519687
20
-6.1048511811023625
11
4.4827253543307082
21
-6.1018379133858263
0
LINE
8
BLACK
6
CONTINUOUS
10
4.4827253543307082
20
-6.1018379133858263
11
4.4844322440944877
21
-6.09928342519685
0
LINE
8
BLACK
6
CONTINUOUS
10
4.4844322440944877
20
-6.09928342519685
11
4.4869867322834649
21
-6.0975765354330704
0
LINE
8
BLACK
6
CONTINUOUS
10
4.4869867322834649
20
-6.0975765354330704
11
4.4900000000000002
21
-6.096977165354331
0
LINE
8
BLACK
6
CONTINUOUS
10
4.4900000000000002
20
-6.096977165354331
11
4.5499999999999998
21
-6.096977165354331
0
LINE
8
BLACK
6
CONTINUOUS
10
4.5499999999999998
20
-6.096977165354331
11
4.5530132677165351
21
-6.0975765354330704
0
LINE
8
BLACK
6
CONTINUOUS
10
5.7786038188976381
20
-6.1296237795275585
11
5.7811583070866144
21
-6.1313306692913381
0
LINE
8
BLACK
6
CONTINUOUS
10
5.7811583070866144
20
-6.1313306692913381
11
5.7828651968503939
21
-6.1338851574803153
0
LINE
8
BLACK
6
CONTINUOUS
10
5.7828651968503939
20
-6.1338851574803153
11
5.7834645669291334
21
-6.1368984251968506
0
LINE
8
BLACK
6
CONTINUOUS
10
5.7834645669291334
20
-6.1368984251968506
11
5.7834645669291334
21
-6.160520472440945
0
LINE
8
BLACK
6
CONTINUOUS
10
5.7834645669291334
20
-6.160520472440945
11
5.7828651968503939
21
-6.1635337401574803
0
LINE
8
BLACK
6
CONTINUOUS
10
5.7828651968503939
20
-6.1635337401574803
11
5.7811583070866144
21
-6.1660882283464566
0
LINE
8
BLACK
6
CONTINUOUS
10
5.7811583070866144
20
-6.1660882283464566
11
5.7786038188976381
21
-6.1677951181102362
0
LINE
8
BLACK
6
CONTINUOUS
10
5.7786038188976381
20
-6.1677951181102362
11
5.7755905511811019
21
-6.1683944881889765
0
LINE
8
BLACK
6
CONTINUOUS
10
5.7755905511811019
20
-6.1683944881889765
11
5.7165354330708658
21
-6.1683944881889765
0
LINE
8
BLACK
6
CONTINUOUS
10
5.7165354330708658
20
-6.1683944881889765
11
5.7135221653543304
21
-6.1677951181102362
0
LINE
8
BLACK
6
CONTINUOUS
10
5.7135221653543304
20
-6.1677951181102362
11
5.7109676771653541
21
-6.1660882283464566
0
LINE
8
BLACK
6
CONTINUOUS
10
5.7109676771653541
20
-6.1660882283464566
11
5.7092607874015746
21
-6.1635337401574803
0
LINE
8
BLACK
6
CONTINUOUS
10
5.7092607874015746
20
-6.1635337401574803
11
5.7086614173228343
21
-6.160520472440945
0
LINE
8
BLACK
6
CONTINUOUS
10
5.7086614173228343
20
-6.160520472440945
11
5.7086614173228343
21
-6.1368984251968506
0
LINE
8
BLACK
6
CONTINUOUS
10
5.7086614173228343
20
-6.1368984251968506
11
5.7092607874015746
21
-6.1338851574803153
0
LINE
8
BLACK
6
CONTINUOUS
10
5.7092607874015746
20
-6.1338851574803153
11
5.7109676771653541
21
-6.1313306692913381
0
LINE
8
BLACK
6
CONTINUOUS
10
5.7109676771653541
20
-6.1313306692913381
11
5.7135221653543304
21
-6.1296237795275585
0
LINE
8
BLACK
6
CONTINUOUS
10
5.7135221653543304
20
-6.1296237795275585
11
5.7165354330708658
21
-6.1290244094488191
0
LINE
8
BLACK
6
CONTINUOUS
10
5.7165354330708658
20
-6.1290244094488191
11
5.7755905511811019
21
-6.1290244094488191
0
LINE
8
BLACK
6
CONTINUOUS
10
5.7755905511811019
20
-6.1290244094488191
11
5.7786038188976381
21
-6.1296237795275585
0
LINE
8
BLACK
6
CONTINUOUS
10
5.9912022440944881
20
-6.1296237795275585
11
5.9937567322834644
21
-6.1313306692913381
0
LINE
8
BLACK
6
CONTINUOUS
10
5.9937567322834644
20
-6.1313306692913381
11
5.9954636220472439
21
-6.1338851574803153
0
LINE
8
BLACK
6
CONTINUOUS
10
5.9954636220472439
20
-6.1338851574803153
11
5.9960629921259843
21
-6.1368984251968506
0
LINE
8
BLACK
6
CONTINUOUS
10
5.9960629921259843
20
-6.1368984251968506
11
5.9960629921259843
21
-6.160520472440945
0
LINE
8
BLACK
6
CONTINUOUS
10
5.9960629921259843
20
-6.160520472440945
11
5.9954636220472439
21
-6.1635337401574803
0
LINE
8
BLACK
6
CONTINUOUS
10
5.9954636220472439
20
-6.1635337401574803
11
5.9937567322834644
21
-6.1660882283464566
0
LINE
8
BLACK
6
CONTINUOUS
10
5.9937567322834644
20
-6.1660882283464566
11
5.9912022440944881
21
-6.1677951181102362
0
LINE
8
BLACK
6
CONTINUOUS
10
5.9912022440944881
20
-6.1677951181102362
11
5.9881889763779528
21
-6.1683944881889765
0
LINE
8
BLACK
6
CONTINUOUS
10
5.9881889763779528
20
-6.1683944881889765
11
5.9291338582677167
21
-6.1683944881889765
0
LINE
8
BLACK
6
CONTINUOUS
10
5.9291338582677167
20
-6.1683944881889765
11
5.9261205905511813
21
-6.1677951181102362
0
LINE
8
BLACK
6
CONTINUOUS
10
5.9261205905511813
20
-6.1677951181102362
11
5.9235661023622042
21
-6.1660882283464566
0
LINE
8
BLACK
6
CONTINUOUS
10
5.9235661023622042
20
-6.1660882283464566
11
5.9218592125984246
21
-6.1635337401574803
0
LINE
8
BLACK
6
CONTINUOUS
10
5.9218592125984246
20
-6.1635337401574803
11
5.9212598425196852
21
-6.160520472440945
0
LINE
8
BLACK
6
CONTINUOUS
10
5.9212598425196852
20
-6.160520472440945
11
5.9212598425196852
21
-6.1368984251968506
0
LINE
8
BLACK
6
CONTINUOUS
10
5.9212598425196852
20
-6.1368984251968506
11
5.9218592125984246
21
-6.1338851574803153
0
LINE
8
BLACK
6
CONTINUOUS
10
5.9218592125984246
20
-6.1338851574803153
11
5.9235661023622042
21
-6.1313306692913381
0
LINE
8
BLACK
6
CONTINUOUS
10
5.9235661023622042
20
-6.1313306692913381
11
5.9261205905511813
21
-6.1296237795275585
0
LINE
8
BLACK
6
CONTINUOUS
10
5.9261205905511813
20
-6.1296237795275585
11
5.9291338582677167
21
-6.1290244094488191
0
LINE
8
BLACK
6
CONTINUOUS
10
5.9291338582677167
20
-6.1290244094488191
11
5.9881889763779528
21
-6.1290244094488191
0
LINE
8
BLACK
6
CONTINUOUS
10
5.9881889763779528
20
-6.1290244094488191
11
5.9912022440944881
21
-6.1296237795275585
0
LINE
8
BLACK
6
CONTINUOUS
10
5.1521864960629919
20
-6.0493088188976376
11
5.1547409842519682
21
-6.0510157086614171
0
LINE
8
BLACK
6
CONTINUOUS
10
5.1547409842519682
20
-6.0510157086614171
11
5.1564478740157478
21
-6.0535701968503934
0
LINE
8
BLACK
6
CONTINUOUS
10
5.1564478740157478
20
-6.0535701968503934
11
5.1570472440944881
21
-6.0565834645669288
0
LINE
8
BLACK
6
CONTINUOUS
10
5.1570472440944881
20
-6.0565834645669288
11
5.1570472440944881
21
-6.1156385826771649
0
LINE
8
BLACK
6
CONTINUOUS
10
5.1570472440944881
20
-6.1156385826771649
11
5.1564478740157478
21
-6.1186518503937011
0
LINE
8
BLACK
6
CONTINUOUS
10
5.1564478740157478
20
-6.1186518503937011
11
5.1547409842519682
21
-6.1212063385826774
0
LINE
8
BLACK
6
CONTINUOUS
10
5.1547409842519682
20
-6.1212063385826774
11
5.1521864960629919
21
-6.1229132283464569
0
LINE
8
BLACK
6
CONTINUOUS
10
5.1521864960629919
20
-6.1229132283464569
11
5.1491732283464566
21
-6.1235125984251964
0
LINE
8
BLACK
6
CONTINUOUS
10
5.1491732283464566
20
-6.1235125984251964
11
5.1255511811023622
21
-6.1235125984251964
0
LINE
8
BLACK
6
CONTINUOUS
10
5.1255511811023622
20
-6.1235125984251964
11
5.1225379133858269
21
-6.1229132283464569
0
LINE
8
BLACK
6
CONTINUOUS
10
5.1225379133858269
20
-6.1229132283464569
11
5.1199834251968506
21
-6.1212063385826774
0
LINE
8
BLACK
6
CONTINUOUS
10
5.1199834251968506
20
-6.1212063385826774
11
5.118276535433071
21
-6.1186518503937011
0
LINE
8
BLACK
6
CONTINUOUS
10
5.118276535433071
20
-6.1186518503937011
11
5.1176771653543307
21
-6.1156385826771649
0
LINE
8
BLACK
6
CONTINUOUS
10
5.1176771653543307
20
-6.1156385826771649
11
5.1176771653543307
21
-6.0565834645669288
0
LINE
8
BLACK
6
CONTINUOUS
10
5.1176771653543307
20
-6.0565834645669288
11
5.118276535433071
21
-6.0535701968503934
0
LINE
8
BLACK
6
CONTINUOUS
10
5.118276535433071
20
-6.0535701968503934
11
5.1199834251968506
21
-6.0510157086614171
0
LINE
8
BLACK
6
CONTINUOUS
10
5.1199834251968506
20
-6.0510157086614171
11
5.1225379133858269
21
-6.0493088188976376
0
LINE
8
BLACK
6
CONTINUOUS
10
5.1225379133858269
20
-6.0493088188976376
11
5.1255511811023622
21
-6.0487094488188973
0
LINE
8
BLACK
6
CONTINUOUS
10
5.1255511811023622
20
-6.0487094488188973
11
5.1491732283464566
21
-6.0487094488188973
0
LINE
8
BLACK
6
CONTINUOUS
10
5.1491732283464566
20
-6.0487094488188973
11
5.1521864960629919
21
-6.0493088188976376
0
LINE
8
BLACK
6
CONTINUOUS
10
5.2021864960629918
20
-6.0493088188976376
11
5.2047409842519681
21
-6.0510157086614171
0
LINE
8
BLACK
6
CONTINUOUS
10
5.2047409842519681
20
-6.0510157086614171
11
5.2064478740157476
21
-6.0535701968503934
0
LINE
8
BLACK
6
CONTINUOUS
10
5.2064478740157476
20
-6.0535701968503934
11
5.2070472440944879
21
-6.0565834645669288
0
LINE
8
BLACK
6
CONTINUOUS
10
5.2070472440944879
20
-6.0565834645669288
11
5.2070472440944879
21
-6.1156385826771649
0
LINE
8
BLACK
6
CONTINUOUS
10
5.2070472440944879
20
-6.1156385826771649
11
5.2064478740157476
21
-6.1186518503937011
0
LINE
8
BLACK
6
CONTINUOUS
10
5.2064478740157476
20
-6.1186518503937011
11
5.2047409842519681
21
-6.1212063385826774
0
LINE
8
BLACK
6
CONTINUOUS
10
5.2047409842519681
20
-6.1212063385826774
11
5.2021864960629918
21
-6.1229132283464569
0
LINE
8
BLACK
6
CONTINUOUS
10
5.2021864960629918
20
-6.1229132283464569
11
5.1991732283464565
21
-6.1235125984251964
0
LINE
8
BLACK
6
CONTINUOUS
10
5.1991732283464565
20
-6.1235125984251964
11
5.175551181102362
21
-6.1235125984251964
0
LINE
8
BLACK
6
CONTINUOUS
10
5.175551181102362
20
-6.1235125984251964
11
5.1725379133858267
21
-6.1229132283464569
0
LINE
8
BLACK
6
CONTINUOUS
10
5.1725379133858267
20
-6.1229132283464569
11
5.1699834251968504
21
-6.1212063385826774
0
LINE
8
BLACK
6
CONTINUOUS
10
5.1699834251968504
20
-6.1212063385826774
11
5.1682765354330709
21
-6.1186518503937011
0
LINE
8
BLACK
6
CONTINUOUS
10
5.1682765354330709
20
-6.1186518503937011
11
5.1676771653543305
21
-6.1156385826771649
0
LINE
8
BLACK
6
CONTINUOUS
10
5.1676771653543305
20
-6.1156385826771649
11
5.1676771653543305
21
-6.0565834645669288
0
LINE
8
BLACK
6
CONTINUOUS
10
5.1676771653543305
20
-6.0565834645669288
11
5.1682765354330709
21
-6.0535701968503934
0
LINE
8
BLACK
6
CONTINUOUS
10
5.1682765354330709
20
-6.0535701968503934
11
5.1699834251968504
21
-6.0510157086614171
0
LINE
8
BLACK
6
CONTINUOUS
10
5.1699834251968504
20
-6.0510157086614171
11
5.1725379133858267
21
-6.0493088188976376
0
LINE
8
BLACK
6
CONTINUOUS
10
5.1725379133858267
20
-6.0493088188976376
11
5.175551181102362
21
-6.0487094488188973
0
LINE
8
BLACK
6
CONTINUOUS
10
5.175551181102362
20
-6.0487094488188973
11
5.1991732283464565
21
-6.0487094488188973
0
LINE
8
BLACK
6
CONTINUOUS
10
5.1991732283464565
20
-6.0487094488188973
11
5.2021864960629918
21
-6.0493088188976376
0
LINE
8
BLACK
6
CONTINUOUS
10
5.2521864960629916
20
-6.0493088188976376
11
5.2547409842519688
21
-6.0510157086614171
0
LINE
8
BLACK
6
CONTINUOUS
10
5.2547409842519688
20
-6.0510157086614171
11
5.2564478740157483
21
-6.0535701968503934
0
LINE
8
BLACK
6
CONTINUOUS
10
5.2564478740157483
20
-6.0535701968503934
11
5.2570472440944878
21
-6.0565834645669288
0
LINE
8
BLACK
6
CONTINUOUS
10
5.2570472440944878
20
-6.0565834645669288
11
5.2570472440944878
21
-6.1156385826771649
0
LINE
8
BLACK
6
CONTINUOUS
10
5.2570472440944878
20
-6.1156385826771649
11
5.2564478740157483
21
-6.1186518503937011
0
LINE
8
BLACK
6
CONTINUOUS
10
5.2564478740157483
20
-6.1186518503937011
11
5.2547409842519688
21
-6.1212063385826774
0
LINE
8
BLACK
6
CONTINUOUS
10
5.2547409842519688
20
-6.1212063385826774
11
5.2521864960629916
21
-6.1229132283464569
0
LINE
8
BLACK
6
CONTINUOUS
10
5.2521864960629916
20
-6.1229132283464569
11
5.2491732283464563
21
-6.1235125984251964
0
LINE
8
BLACK
6
CONTINUOUS
10
5.2491732283464563
20
-6.1235125984251964
11
5.2255511811023618
21
-6.1235125984251964
0
LINE
8
BLACK
6
CONTINUOUS
10
5.2255511811023618
20
-6.1235125984251964
11
5.2225379133858265
21
-6.1229132283464569
0
LINE
8
BLACK
6
CONTINUOUS
10
5.2225379133858265
20
-6.1229132283464569
11
5.2199834251968502
21
-6.1212063385826774
0
LINE
8
BLACK
6
CONTINUOUS
10
5.2199834251968502
20
-6.1212063385826774
11
5.2182765354330707
21
-6.1186518503937011
0
LINE
8
BLACK
6
CONTINUOUS
10
5.2182765354330707
20
-6.1186518503937011
11
5.2176771653543303
21
-6.1156385826771649
0
LINE
8
BLACK
6
CONTINUOUS
10
5.2176771653543303
20
-6.1156385826771649
11
5.2176771653543303
21
-6.0565834645669288
0
LINE
8
BLACK
6
CONTINUOUS
10
5.2176771653543303
20
-6.0565834645669288
11
5.2182765354330707
21
-6.0535701968503934
0
LINE
8
BLACK
6
CONTINUOUS
10
5.2182765354330707
20
-6.0535701968503934
11
5.2199834251968502
21
-6.0510157086614171
0
LINE
8
BLACK
6
CONTINUOUS
10
5.2199834251968502
20
-6.0510157086614171
11
5.2225379133858265
21
-6.0493088188976376
0
LINE
8
BLACK
6
CONTINUOUS
10
5.2225379133858265
20
-6.0493088188976376
11
5.2255511811023618
21
-6.0487094488188973
0
LINE
8
BLACK
6
CONTINUOUS
10
5.2255511811023618
20
-6.0487094488188973
11
5.2491732283464563
21
-6.0487094488188973
0
LINE
8
BLACK
6
CONTINUOUS
10
5.2491732283464563
20
-6.0487094488188973
11
5.2521864960629916
21
-6.0493088188976376
0
LINE
8
BLACK
6
CONTINUOUS
10
5.3021864960629923
20
-6.0493088188976376
11
5.3047409842519686
21
-6.0510157086614171
0
LINE
8
BLACK
6
CONTINUOUS
10
5.3047409842519686
20
-6.0510157086614171
11
5.3064478740157481
21
-6.0535701968503934
0
LINE
8
BLACK
6
CONTINUOUS
10
5.3064478740157481
20
-6.0535701968503934
11
5.3070472440944885
21
-6.0565834645669288
0
LINE
8
BLACK
6
CONTINUOUS
10
5.3070472440944885
20
-6.0565834645669288
11
5.3070472440944885
21
-6.1156385826771649
0
LINE
8
BLACK
6
CONTINUOUS
10
5.3070472440944885
20
-6.1156385826771649
11
5.3064478740157481
21
-6.1186518503937011
0
LINE
8
BLACK
6
CONTINUOUS
10
5.3064478740157481
20
-6.1186518503937011
11
5.3047409842519686
21
-6.1212063385826774
0
LINE
8
BLACK
6
CONTINUOUS
10
5.3047409842519686
20
-6.1212063385826774
11
5.3021864960629923
21
-6.1229132283464569
0
LINE
8
BLACK
6
CONTINUOUS
10
5.3021864960629923
20
-6.1229132283464569
11
5.299173228346457
21
-6.1235125984251964
0
LINE
8
BLACK
6
CONTINUOUS
10
5.299173228346457
20
-6.1235125984251964
11
5.2755511811023617
21
-6.1235125984251964
0
LINE
8
BLACK
6
CONTINUOUS
10
5.2755511811023617
20
-6.1235125984251964
11
5.2725379133858263
21
-6.1229132283464569
0
LINE
8
BLACK
6
CONTINUOUS
10
5.2725379133858263
20
-6.1229132283464569
11
5.26998342519685
21
-6.1212063385826774
0
LINE
8
BLACK
6
CONTINUOUS
10
5.26998342519685
20
-6.1212063385826774
11
5.2682765354330705
21
-6.1186518503937011
0
LINE
8
BLACK
6
CONTINUOUS
10
5.2682765354330705
20
-6.1186518503937011
11
5.2676771653543302
21
-6.1156385826771649
0
LINE
8
BLACK
6
CONTINUOUS
10
5.2676771653543302
20
-6.1156385826771649
11
5.2676771653543302
21
-6.0565834645669288
0
LINE
8
BLACK
6
CONTINUOUS
10
5.2676771653543302
20
-6.0565834645669288
11
5.2682765354330705
21
-6.0535701968503934
0
LINE
8
BLACK
6
CONTINUOUS
10
5.2682765354330705
20
-6.0535701968503934
11
5.26998342519685
21
-6.0510157086614171
0
LINE
8
BLACK
6
CONTINUOUS
10
5.26998342519685
20
-6.0510157086614171
11
5.2725379133858263
21
-6.0493088188976376
0
LINE
8
BLACK
6
CONTINUOUS
10
5.2725379133858263
20
-6.0493088188976376
11
5.2755511811023617
21
-6.0487094488188973
0
LINE
8
BLACK
6
CONTINUOUS
10
5.2755511811023617
20
-6.0487094488188973
11
5.299173228346457
21
-6.0487094488188973
0
LINE
8
BLACK
6
CONTINUOUS
10
5.299173228346457
20
-6.0487094488188973
11
5.3021864960629923
21
-6.0493088188976376
0
LINE
8
BLACK
6
CONTINUOUS
10
5.3521864960629921
20
-6.0493088188976376
11
5.3547409842519684
21
-6.0510157086614171
0
LINE
8
BLACK
6
CONTINUOUS
10
5.3547409842519684
20
-6.0510157086614171
11
5.356447874015748
21
-6.0535701968503934
0
LINE
8
BLACK
6
CONTINUOUS
10
5.356447874015748
20
-6.0535701968503934
11
5.3570472440944883
21
-6.0565834645669288
0
LINE
8
BLACK
6
CONTINUOUS
10
5.3570472440944883
20
-6.0565834645669288
11
5.3570472440944883
21
-6.1156385826771649
0
LINE
8
BLACK
6
CONTINUOUS
10
5.3570472440944883
20
-6.1156385826771649
11
5.356447874015748
21
-6.1186518503937011
0
LINE
8
BLACK
6
CONTINUOUS
10
5.356447874015748
20
-6.1186518503937011
11
5.3547409842519684
21
-6.1212063385826774
0
LINE
8
BLACK
6
CONTINUOUS
10
5.3547409842519684
20
-6.1212063385826774
11
5.3521864960629921
21
-6.1229132283464569
0
LINE
8
BLACK
6
CONTINUOUS
10
5.3521864960629921
20
-6.1229132283464569
11
5.3491732283464568
21
-6.1235125984251964
0
LINE
8
BLACK
6
CONTINUOUS
10
5.3491732283464568
20
-6.1235125984251964
11
5.3255511811023624
21
-6.1235125984251964
0
LINE
8
BLACK
6
CONTINUOUS
10
5.3255511811023624
20
-6.1235125984251964
11
5.322537913385827
21
-6.1229132283464569
0
LINE
8
BLACK
6
CONTINUOUS
10
5.322537913385827
20
-6.1229132283464569
11
5.3199834251968499
21
-6.1212063385826774
0
LINE
8
BLACK
6
CONTINUOUS
10
5.3199834251968499
20
-6.1212063385826774
11
5.3182765354330703
21
-6.1186518503937011
0
LINE
8
BLACK
6
CONTINUOUS
10
5.3182765354330703
20
-6.1186518503937011
11
5.3176771653543309
21
-6.1156385826771649
0
LINE
8
BLACK
6
CONTINUOUS
10
5.3176771653543309
20
-6.1156385826771649
11
5.3176771653543309
21
-6.0565834645669288
0
LINE
8
BLACK
6
CONTINUOUS
10
5.3176771653543309
20
-6.0565834645669288
11
5.3182765354330703
21
-6.0535701968503934
0
LINE
8
BLACK
6
CONTINUOUS
10
5.3182765354330703
20
-6.0535701968503934
11
5.3199834251968499
21
-6.0510157086614171
0
LINE
8
BLACK
6
CONTINUOUS
10
5.3199834251968499
20
-6.0510157086614171
11
5.322537913385827
21
-6.0493088188976376
0
LINE
8
BLACK
6
CONTINUOUS
10
5.322537913385827
20
-6.0493088188976376
11
5.3255511811023624
21
-6.0487094488188973
0
LINE
8
BLACK
6
CONTINUOUS
10
5.3255511811023624
20
-6.0487094488188973
11
5.3491732283464568
21
-6.0487094488188973
0
LINE
8
BLACK
6
CONTINUOUS
10
5.3491732283464568
20
-6.0487094488188973
11
5.3521864960629921
21
-6.0493088188976376
0
LINE
8
BLACK
6
CONTINUOUS
10
5.4021864960629919
20
-6.0493088188976376
11
5.4047409842519682
21
-6.0510157086614171
0
LINE
8
BLACK
6
CONTINUOUS
10
5.4047409842519682
20
-6.0510157086614171
11
5.4064478740157478
21
-6.0535701968503934
0
LINE
8
BLACK
6
CONTINUOUS
10
5.4064478740157478
20
-6.0535701968503934
11
5.4070472440944881
21
-6.0565834645669288
0
LINE
8
BLACK
6
CONTINUOUS
10
5.4070472440944881
20
-6.0565834645669288
11
5.4070472440944881
21
-6.1156385826771649
0
LINE
8
BLACK
6
CONTINUOUS
10
5.4070472440944881
20
-6.1156385826771649
11
5.4064478740157478
21
-6.1186518503937011
0
LINE
8
BLACK
6
CONTINUOUS
10
5.4064478740157478
20
-6.1186518503937011
11
5.4047409842519682
21
-6.1212063385826774
0
LINE
8
BLACK
6
CONTINUOUS
10
5.4047409842519682
20
-6.1212063385826774
11
5.4021864960629919
21
-6.1229132283464569
0
LINE
8
BLACK
6
CONTINUOUS
10
5.4021864960629919
20
-6.1229132283464569
11
5.3991732283464566
21
-6.1235125984251964
0
LINE
8
BLACK
6
CONTINUOUS
10
5.3991732283464566
20
-6.1235125984251964
11
5.3755511811023622
21
-6.1235125984251964
0
LINE
8
BLACK
6
CONTINUOUS
10
5.3755511811023622
20
-6.1235125984251964
11
5.3725379133858269
21
-6.1229132283464569
0
LINE
8
BLACK
6
CONTINUOUS
10
5.3725379133858269
20
-6.1229132283464569
11
5.3699834251968506
21
-6.1212063385826774
0
LINE
8
BLACK
6
CONTINUOUS
10
5.3699834251968506
20
-6.1212063385826774
11
5.368276535433071
21
-6.1186518503937011
0
LINE
8
BLACK
6
CONTINUOUS
10
5.368276535433071
20
-6.1186518503937011
11
5.3676771653543307
21
-6.1156385826771649
0
LINE
8
BLACK
6
CONTINUOUS
10
5.3676771653543307
20
-6.1156385826771649
11
5.3676771653543307
21
-6.0565834645669288
0
LINE
8
BLACK
6
CONTINUOUS
10
5.3676771653543307
20
-6.0565834645669288
11
5.368276535433071
21
-6.0535701968503934
0
LINE
8
BLACK
6
CONTINUOUS
10
5.368276535433071
20
-6.0535701968503934
11
5.3699834251968506
21
-6.0510157086614171
0
LINE
8
BLACK
6
CONTINUOUS
10
5.3699834251968506
20
-6.0510157086614171
11
5.3725379133858269
21
-6.0493088188976376
0
LINE
8
BLACK
6
CONTINUOUS
10
5.3725379133858269
20
-6.0493088188976376
11
5.3755511811023622
21
-6.0487094488188973
0
LINE
8
BLACK
6
CONTINUOUS
10
5.3755511811023622
20
-6.0487094488188973
11
5.3991732283464566
21
-6.0487094488188973
0
LINE
8
BLACK
6
CONTINUOUS
10
5.3991732283464566
20
-6.0487094488188973
11
5.4021864960629919
21
-6.0493088188976376
0
LINE
8
BLACK
6
CONTINUOUS
10
5.4521864960629918
20
-6.0493088188976376
11
5.4547409842519681
21
-6.0510157086614171
0
LINE
8
BLACK
6
CONTINUOUS
10
5.4547409842519681
20
-6.0510157086614171
11
5.4564478740157476
21
-6.0535701968503934
0
LINE
8
BLACK
6
CONTINUOUS
10
5.4564478740157476
20
-6.0535701968503934
11
5.4570472440944879
21
-6.0565834645669288
0
LINE
8
BLACK
6
CONTINUOUS
10
5.4570472440944879
20
-6.0565834645669288
11
5.4570472440944879
21
-6.1156385826771649
0
LINE
8
BLACK
6
CONTINUOUS
10
5.4570472440944879
20
-6.1156385826771649
11
5.4564478740157476
21
-6.1186518503937011
0
LINE
8
BLACK
6
CONTINUOUS
10
5.4564478740157476
20
-6.1186518503937011
11
5.4547409842519681
21
-6.1212063385826774
0
LINE
8
BLACK
6
CONTINUOUS
10
5.4547409842519681
20
-6.1212063385826774
11
5.4521864960629918
21
-6.1229132283464569
0
LINE
8
BLACK
6
CONTINUOUS
10
5.4521864960629918
20
-6.1229132283464569
11
5.4491732283464565
21
-6.1235125984251964
0
LINE
8
BLACK
6
CONTINUOUS
10
5.4491732283464565
20
-6.1235125984251964
11
5.425551181102362
21
-6.1235125984251964
0
LINE
8
BLACK
6
CONTINUOUS
10
5.425551181102362
20
-6.1235125984251964
11
5.4225379133858267
21
-6.1229132283464569
0
LINE
8
BLACK
6
CONTINUOUS
10
5.4225379133858267
20
-6.1229132283464569
11
5.4199834251968504
21
-6.1212063385826774
0
LINE
8
BLACK
6
CONTINUOUS
10
5.4199834251968504
20
-6.1212063385826774
11
5.4182765354330709
21
-6.1186518503937011
0
LINE
8
BLACK
6
CONTINUOUS
10
5.4182765354330709
20
-6.1186518503937011
11
5.4176771653543305
21
-6.1156385826771649
0
LINE
8
BLACK
6
CONTINUOUS
10
5.4176771653543305
20
-6.1156385826771649
11
5.4176771653543305
21
-6.0565834645669288
0
LINE
8
BLACK
6
CONTINUOUS
10
5.4176771653543305
20
-6.0565834645669288
11
5.4182765354330709
21
-6.0535701968503934
0
LINE
8
BLACK
6
CONTINUOUS
10
5.4182765354330709
20
-6.0535701968503934
11
5.4199834251968504
21
-6.0510157086614171
0
LINE
8
BLACK
6
CONTINUOUS
10
5.4199834251968504
20
-6.0510157086614171
11
5.4225379133858267
21
-6.0493088188976376
0
LINE
8
BLACK
6
CONTINUOUS
10
5.4225379133858267
20
-6.0493088188976376
11
5.425551181102362
21
-6.0487094488188973
0
LINE
8
BLACK
6
CONTINUOUS
10
5.425551181102362
20
-6.0487094488188973
11
5.4491732283464565
21
-6.0487094488188973
0
LINE
8
BLACK
6
CONTINUOUS
10
5.4491732283464565
20
-6.0487094488188973
11
5.4521864960629918
21
-6.0493088188976376
0
LINE
8
BLACK
6
CONTINUOUS
10
4.6648242913385829
20
-6.0462168503937006
11
4.6673787795275592
21
-6.0479237401574801
0
LINE
8
BLACK
6
CONTINUOUS
10
4.6673787795275592
20
-6.0479237401574801
11
4.6690856692913387
21
-6.0504782283464564
0
LINE
8
BLACK
6
CONTINUOUS
10
4.6690856692913387
20
-6.0504782283464564
11
4.6696850393700791
21
-6.0534914960629918
0
LINE
8
BLACK
6
CONTINUOUS
10
4.6696850393700791
20
-6.0534914960629918
11
4.6696850393700791
21
-6.1125466141732279
0
LINE
8
BLACK
6
CONTINUOUS
10
4.6696850393700791
20
-6.1125466141732279
11
4.6690856692913387
21
-6.1155598818897641
0
LINE
8
BLACK
6
CONTINUOUS
10
4.6690856692913387
20
-6.1155598818897641
11
4.6673787795275592
21
-6.1181143700787404
0
LINE
8
BLACK
6
CONTINUOUS
10
4.6673787795275592
20
-6.1181143700787404
11
4.6648242913385829
21
-6.1198212598425199
0
LINE
8
BLACK
6
CONTINUOUS
10
4.6648242913385829
20
-6.1198212598425199
11
4.6618110236220476
21
-6.1204206299212593
0
LINE
8
BLACK
6
CONTINUOUS
10
4.6618110236220476
20
-6.1204206299212593
11
4.6381889763779522
21
-6.1204206299212593
0
LINE
8
BLACK
6
CONTINUOUS
10
4.6381889763779522
20
-6.1204206299212593
11
4.6351757086614169
21
-6.1198212598425199
0
LINE
8
BLACK
6
CONTINUOUS
10
4.6351757086614169
20
-6.1198212598425199
11
4.6326212204724406
21
-6.1181143700787404
0
LINE
8
BLACK
6
CONTINUOUS
10
4.6326212204724406
20
-6.1181143700787404
11
4.6309143307086611
21
-6.1155598818897641
0
LINE
8
BLACK
6
CONTINUOUS
10
4.6309143307086611
20
-6.1155598818897641
11
4.6303149606299208
21
-6.1125466141732279
0
LINE
8
BLACK
6
CONTINUOUS
10
4.6303149606299208
20
-6.1125466141732279
11
4.6303149606299208
21
-6.0534914960629918
0
LINE
8
BLACK
6
CONTINUOUS
10
4.6303149606299208
20
-6.0534914960629918
11
4.6309143307086611
21
-6.0504782283464564
0
LINE
8
BLACK
6
CONTINUOUS
10
4.6309143307086611
20
-6.0504782283464564
11
4.6326212204724406
21
-6.0479237401574801
0
LINE
8
BLACK
6
CONTINUOUS
10
4.6326212204724406
20
-6.0479237401574801
11
4.6351757086614169
21
-6.0462168503937006
0
LINE
8
BLACK
6
CONTINUOUS
10
4.6351757086614169
20
-6.0462168503937006
11
4.6381889763779522
21
-6.0456174803149603
0
LINE
8
BLACK
6
CONTINUOUS
10
4.6381889763779522
20
-6.0456174803149603
11
4.6618110236220476
21
-6.0456174803149603
0
LINE
8
BLACK
6
CONTINUOUS
10
4.6618110236220476
20
-6.0456174803149603
11
4.6648242913385829
21
-6.0462168503937006
0
LINE
8
BLACK
6
CONTINUOUS
10
4.7148242913385827
20
-6.0462168503937006
11
4.717378779527559
21
-6.0479237401574801
0
LINE
8
BLACK
6
CONTINUOUS
10
4.717378779527559
20
-6.0479237401574801
11
4.7190856692913385
21
-6.0504782283464564
0
LINE
8
BLACK
6
CONTINUOUS
10
4.7190856692913385
20
-6.0504782283464564
11
4.7196850393700789
21
-6.0534914960629918
0
LINE
8
BLACK
6
CONTINUOUS
10
4.7196850393700789
20
-6.0534914960629918
11
4.7196850393700789
21
-6.1125466141732279
0
LINE
8
BLACK
6
CONTINUOUS
10
4.7196850393700789
20
-6.1125466141732279
11
4.7190856692913385
21
-6.1155598818897641
0
LINE
8
BLACK
6
CONTINUOUS
10
4.7190856692913385
20
-6.1155598818897641
11
4.717378779527559
21
-6.1181143700787404
0
LINE
8
BLACK
6
CONTINUOUS
10
4.717378779527559
20
-6.1181143700787404
11
4.7148242913385827
21
-6.1198212598425199
0
LINE
8
BLACK
6
CONTINUOUS
10
4.7148242913385827
20
-6.1198212598425199
11
4.7118110236220474
21
-6.1204206299212593
0
LINE
8
BLACK
6
CONTINUOUS
10
4.7118110236220474
20
-6.1204206299212593
11
4.688188976377953
21
-6.1204206299212593
0
LINE
8
BLACK
6
CONTINUOUS
10
4.688188976377953
20
-6.1204206299212593
11
4.6851757086614176
21
-6.1198212598425199
0
LINE
8
BLACK
6
CONTINUOUS
10
4.6851757086614176
20
-6.1198212598425199
11
4.6826212204724404
21
-6.1181143700787404
0
LINE
8
BLACK
6
CONTINUOUS
10
4.6826212204724404
20
-6.1181143700787404
11
4.6809143307086609
21
-6.1155598818897641
0
LINE
8
BLACK
6
CONTINUOUS
10
4.6809143307086609
20
-6.1155598818897641
11
4.6803149606299215
21
-6.1125466141732279
0
LINE
8
BLACK
6
CONTINUOUS
10
4.6803149606299215
20
-6.1125466141732279
11
4.6803149606299215
21
-6.0534914960629918
0
LINE
8
BLACK
6
CONTINUOUS
10
4.6803149606299215
20
-6.0534914960629918
11
4.6809143307086609
21
-6.0504782283464564
0
LINE
8
BLACK
6
CONTINUOUS
10
4.6809143307086609
20
-6.0504782283464564
11
4.6826212204724404
21
-6.0479237401574801
0
LINE
8
BLACK
6
CONTINUOUS
10
4.6826212204724404
20
-6.0479237401574801
11
4.6851757086614176
21
-6.0462168503937006
0
LINE
8
BLACK
6
CONTINUOUS
10
4.6851757086614176
20
-6.0462168503937006
11
4.688188976377953
21
-6.0456174803149603
0
LINE
8
BLACK
6
CONTINUOUS
10
4.688188976377953
20
-6.0456174803149603
11
4.7118110236220474
21
-6.0456174803149603
0
LINE
8
BLACK
6
CONTINUOUS
10
4.7118110236220474
20
-6.0456174803149603
11
4.7148242913385827
21
-6.0462168503937006
0
LINE
8
BLACK
6
CONTINUOUS
10
4.7648242913385825
20
-6.0462168503937006
11
4.7673787795275588
21
-6.0479237401574801
0
LINE
8
BLACK
6
CONTINUOUS
10
4.7673787795275588
20
-6.0479237401574801
11
4.7690856692913384
21
-6.0504782283464564
0
LINE
8
BLACK
6
CONTINUOUS
10
4.7690856692913384
20
-6.0504782283464564
11
4.7696850393700787
21
-6.0534914960629918
0
LINE
8
BLACK
6
CONTINUOUS
10
4.7696850393700787
20
-6.0534914960629918
11
4.7696850393700787
21
-6.1125466141732279
0
LINE
8
BLACK
6
CONTINUOUS
10
4.7696850393700787
20
-6.1125466141732279
11
4.7690856692913384
21
-6.1155598818897641
0
LINE
8
BLACK
6
CONTINUOUS
10
4.7690856692913384
20
-6.1155598818897641
11
4.7673787795275588
21
-6.1181143700787404
0
LINE
8
BLACK
6
CONTINUOUS
10
4.7673787795275588
20
-6.1181143700787404
11
4.7648242913385825
21
-6.1198212598425199
0
LINE
8
BLACK
6
CONTINUOUS
10
4.7648242913385825
20
-6.1198212598425199
11
4.7618110236220472
21
-6.1204206299212593
0
LINE
8
BLACK
6
CONTINUOUS
10
4.7618110236220472
20
-6.1204206299212593
11
4.7381889763779528
21
-6.1204206299212593
0
LINE
8
BLACK
6
CONTINUOUS
10
4.7381889763779528
20
-6.1204206299212593
11
4.7351757086614175
21
-6.1198212598425199
0
LINE
8
BLACK
6
CONTINUOUS
10
4.7351757086614175
20
-6.1198212598425199
11
4.7326212204724412
21
-6.1181143700787404
0
LINE
8
BLACK
6
CONTINUOUS
10
4.7326212204724412
20
-6.1181143700787404
11
4.7309143307086616
21
-6.1155598818897641
0
LINE
8
BLACK
6
CONTINUOUS
10
4.7309143307086616
20
-6.1155598818897641
11
4.7303149606299213
21
-6.1125466141732279
0
LINE
8
BLACK
6
CONTINUOUS
10
4.7303149606299213
20
-6.1125466141732279
11
4.7303149606299213
21
-6.0534914960629918
0
LINE
8
BLACK
6
CONTINUOUS
10
4.7303149606299213
20
-6.0534914960629918
11
4.7309143307086616
21
-6.0504782283464564
0
LINE
8
BLACK
6
CONTINUOUS
10
4.7309143307086616
20
-6.0504782283464564
11
4.7326212204724412
21
-6.0479237401574801
0
LINE
8
BLACK
6
CONTINUOUS
10
4.7326212204724412
20
-6.0479237401574801
11
4.7351757086614175
21
-6.0462168503937006
0
LINE
8
BLACK
6
CONTINUOUS
10
4.7351757086614175
20
-6.0462168503937006
11
4.7381889763779528
21
-6.0456174803149603
0
LINE
8
BLACK
6
CONTINUOUS
10
4.7381889763779528
20
-6.0456174803149603
11
4.7618110236220472
21
-6.0456174803149603
0
LINE
8
BLACK
6
CONTINUOUS
10
4.7618110236220472
20
-6.0456174803149603
11
4.7648242913385825
21
-6.0462168503937006
0
LINE
8
BLACK
6
CONTINUOUS
10
4.8148242913385824
20
-6.0462168503937006
11
4.8173787795275587
21
-6.0479237401574801
0
LINE
8
BLACK
6
CONTINUOUS
10
4.8173787795275587
20
-6.0479237401574801
11
4.8190856692913382
21
-6.0504782283464564
0
LINE
8
BLACK
6
CONTINUOUS
10
4.8190856692913382
20
-6.0504782283464564
11
4.8196850393700785
21
-6.0534914960629918
0
LINE
8
BLACK
6
CONTINUOUS
10
4.8196850393700785
20
-6.0534914960629918
11
4.8196850393700785
21
-6.1125466141732279
0
LINE
8
BLACK
6
CONTINUOUS
10
4.8196850393700785
20
-6.1125466141732279
11
4.8190856692913382
21
-6.1155598818897641
0
LINE
8
BLACK
6
CONTINUOUS
10
4.8190856692913382
20
-6.1155598818897641
11
4.8173787795275587
21
-6.1181143700787404
0
LINE
8
BLACK
6
CONTINUOUS
10
4.8173787795275587
20
-6.1181143700787404
11
4.8148242913385824
21
-6.1198212598425199
0
LINE
8
BLACK
6
CONTINUOUS
10
4.8148242913385824
20
-6.1198212598425199
11
4.811811023622047
21
-6.1204206299212593
0
LINE
8
BLACK
6
CONTINUOUS
10
4.811811023622047
20
-6.1204206299212593
11
4.7881889763779526
21
-6.1204206299212593
0
LINE
8
BLACK
6
CONTINUOUS
10
4.7881889763779526
20
-6.1204206299212593
11
4.7851757086614173
21
-6.1198212598425199
0
LINE
8
BLACK
6
CONTINUOUS
10
4.7851757086614173
20
-6.1198212598425199
11
4.782621220472441
21
-6.1181143700787404
0
LINE
8
BLACK
6
CONTINUOUS
10
4.782621220472441
20
-6.1181143700787404
11
4.7809143307086615
21
-6.1155598818897641
0
LINE
8
BLACK
6
CONTINUOUS
10
4.7809143307086615
20
-6.1155598818897641
11
4.7803149606299211
21
-6.1125466141732279
0
LINE
8
BLACK
6
CONTINUOUS
10
4.7803149606299211
20
-6.1125466141732279
11
4.7803149606299211
21
-6.0534914960629918
0
LINE
8
BLACK
6
CONTINUOUS
10
4.7803149606299211
20
-6.0534914960629918
11
4.7809143307086615
21
-6.0504782283464564
0
LINE
8
BLACK
6
CONTINUOUS
10
4.7809143307086615
20
-6.0504782283464564
11
4.782621220472441
21
-6.0479237401574801
0
LINE
8
BLACK
6
CONTINUOUS
10
4.782621220472441
20
-6.0479237401574801
11
4.7851757086614173
21
-6.0462168503937006
0
LINE
8
BLACK
6
CONTINUOUS
10
4.7851757086614173
20
-6.0462168503937006
11
4.7881889763779526
21
-6.0456174803149603
0
LINE
8
BLACK
6
CONTINUOUS
10
4.7881889763779526
20
-6.0456174803149603
11
4.811811023622047
21
-6.0456174803149603
0
LINE
8
BLACK
6
CONTINUOUS
10
4.811811023622047
20
-6.0456174803149603
11
4.8148242913385824
21
-6.0462168503937006
0
LINE
8
BLACK
6
CONTINUOUS
10
4.8648242913385822
20
-6.0462168503937006
11
4.8673787795275594
21
-6.0479237401574801
0
LINE
8
BLACK
6
CONTINUOUS
10
4.8673787795275594
20
-6.0479237401574801
11
4.8690856692913389
21
-6.0504782283464564
0
LINE
8
BLACK
6
CONTINUOUS
10
4.8690856692913389
20
-6.0504782283464564
11
4.8696850393700783
21
-6.0534914960629918
0
LINE
8
BLACK
6
CONTINUOUS
10
4.8696850393700783
20
-6.0534914960629918
11
4.8696850393700783
21
-6.1125466141732279
0
LINE
8
BLACK
6
CONTINUOUS
10
4.8696850393700783
20
-6.1125466141732279
11
4.8690856692913389
21
-6.1155598818897641
0
LINE
8
BLACK
6
CONTINUOUS
10
4.8690856692913389
20
-6.1155598818897641
11
4.8673787795275594
21
-6.1181143700787404
0
LINE
8
BLACK
6
CONTINUOUS
10
4.8673787795275594
20
-6.1181143700787404
11
4.8648242913385822
21
-6.1198212598425199
0
LINE
8
BLACK
6
CONTINUOUS
10
4.8648242913385822
20
-6.1198212598425199
11
4.8618110236220469
21
-6.1204206299212593
0
LINE
8
BLACK
6
CONTINUOUS
10
4.8618110236220469
20
-6.1204206299212593
11
4.8381889763779524
21
-6.1204206299212593
0
LINE
8
BLACK
6
CONTINUOUS
10
4.8381889763779524
20
-6.1204206299212593
11
4.8351757086614171
21
-6.1198212598425199
0
LINE
8
BLACK
6
CONTINUOUS
10
4.8351757086614171
20
-6.1198212598425199
11
4.8326212204724408
21
-6.1181143700787404
0
LINE
8
BLACK
6
CONTINUOUS
10
4.8326212204724408
20
-6.1181143700787404
11
4.8309143307086613
21
-6.1155598818897641
0
LINE
8
BLACK
6
CONTINUOUS
10
4.8309143307086613
20
-6.1155598818897641
11
4.8303149606299209
21
-6.1125466141732279
0
LINE
8
BLACK
6
CONTINUOUS
10
4.8303149606299209
20
-6.1125466141732279
11
4.8303149606299209
21
-6.0534914960629918
0
LINE
8
BLACK
6
CONTINUOUS
10
4.8303149606299209
20
-6.0534914960629918
11
4.8309143307086613
21
-6.0504782283464564
0
LINE
8
BLACK
6
CONTINUOUS
10
4.8309143307086613
20
-6.0504782283464564
11
4.8326212204724408
21
-6.0479237401574801
0
LINE
8
BLACK
6
CONTINUOUS
10
4.8326212204724408
20
-6.0479237401574801
11
4.8351757086614171
21
-6.0462168503937006
0
LINE
8
BLACK
6
CONTINUOUS
10
4.8351757086614171
20
-6.0462168503937006
11
4.8381889763779524
21
-6.0456174803149603
0
LINE
8
BLACK
6
CONTINUOUS
10
4.8381889763779524
20
-6.0456174803149603
11
4.8618110236220469
21
-6.0456174803149603
0
LINE
8
BLACK
6
CONTINUOUS
10
4.8618110236220469
20
-6.0456174803149603
11
4.8648242913385822
21
-6.0462168503937006
0
LINE
8
BLACK
6
CONTINUOUS
10
4.9148242913385829
20
-6.0462168503937006
11
4.9173787795275592
21
-6.0479237401574801
0
LINE
8
BLACK
6
CONTINUOUS
10
4.9173787795275592
20
-6.0479237401574801
11
4.9190856692913387
21
-6.0504782283464564
0
LINE
8
BLACK
6
CONTINUOUS
10
4.9190856692913387
20
-6.0504782283464564
11
4.9196850393700791
21
-6.0534914960629918
0
LINE
8
BLACK
6
CONTINUOUS
10
4.9196850393700791
20
-6.0534914960629918
11
4.9196850393700791
21
-6.1125466141732279
0
LINE
8
BLACK
6
CONTINUOUS
10
4.9196850393700791
20
-6.1125466141732279
11
4.9190856692913387
21
-6.1155598818897641
0
LINE
8
BLACK
6
CONTINUOUS
10
4.9190856692913387
20
-6.1155598818897641
11
4.9173787795275592
21
-6.1181143700787404
0
LINE
8
BLACK
6
CONTINUOUS
10
4.9173787795275592
20
-6.1181143700787404
11
4.9148242913385829
21
-6.1198212598425199
0
LINE
8
BLACK
6
CONTINUOUS
10
4.9148242913385829
20
-6.1198212598425199
11
4.9118110236220467
21
-6.1204206299212593
0
LINE
8
BLACK
6
CONTINUOUS
10
4.9118110236220467
20
-6.1204206299212593
11
4.8881889763779522
21
-6.1204206299212593
0
LINE
8
BLACK
6
CONTINUOUS
10
4.8881889763779522
20
-6.1204206299212593
11
4.8851757086614169
21
-6.1198212598425199
0
LINE
8
BLACK
6
CONTINUOUS
10
4.8851757086614169
20
-6.1198212598425199
11
4.8826212204724406
21
-6.1181143700787404
0
LINE
8
BLACK
6
CONTINUOUS
10
4.8826212204724406
20
-6.1181143700787404
11
4.8809143307086611
21
-6.1155598818897641
0
LINE
8
BLACK
6
CONTINUOUS
10
4.8809143307086611
20
-6.1155598818897641
11
4.8803149606299208
21
-6.1125466141732279
0
LINE
8
BLACK
6
CONTINUOUS
10
4.8803149606299208
20
-6.1125466141732279
11
4.8803149606299208
21
-6.0534914960629918
0
LINE
8
BLACK
6
CONTINUOUS
10
4.8803149606299208
20
-6.0534914960629918
11
4.8809143307086611
21
-6.0504782283464564
0
LINE
8
BLACK
6
CONTINUOUS
10
4.8809143307086611
20
-6.0504782283464564
11
4.8826212204724406
21
-6.0479237401574801
0
LINE
8
BLACK
6
CONTINUOUS
10
4.8826212204724406
20
-6.0479237401574801
11
4.8851757086614169
21
-6.0462168503937006
0
LINE
8
BLACK
6
CONTINUOUS
10
4.8851757086614169
20
-6.0462168503937006
11
4.8881889763779522
21
-6.0456174803149603
0
LINE
8
BLACK
6
CONTINUOUS
10
4.8881889763779522
20
-6.0456174803149603
11
4.9118110236220467
21
-6.0456174803149603
0
LINE
8
BLACK
6
CONTINUOUS
10
4.9118110236220467
20
-6.0456174803149603
11
4.9148242913385829
21
-6.0462168503937006
0
LINE
8
BLACK
6
CONTINUOUS
10
4.9648242913385827
20
-6.0462168503937006
11
4.967378779527559
21
-6.0479237401574801
0
LINE
8
BLACK
6
CONTINUOUS
10
4.967378779527559
20
-6.0479237401574801
11
4.9690856692913385
21
-6.0504782283464564
0
LINE
8
BLACK
6
CONTINUOUS
10
4.9690856692913385
20
-6.0504782283464564
11
4.9696850393700789
21
-6.0534914960629918
0
LINE
8
BLACK
6
CONTINUOUS
10
4.9696850393700789
20
-6.0534914960629918
11
4.9696850393700789
21
-6.1125466141732279
0
LINE
8
BLACK
6
CONTINUOUS
10
4.9696850393700789
20
-6.1125466141732279
11
4.9690856692913385
21
-6.1155598818897641
0
LINE
8
BLACK
6
CONTINUOUS
10
4.9690856692913385
20
-6.1155598818897641
11
4.967378779527559
21
-6.1181143700787404
0
LINE
8
BLACK
6
CONTINUOUS
10
4.967378779527559
20
-6.1181143700787404
11
4.9648242913385827
21
-6.1198212598425199
0
LINE
8
BLACK
6
CONTINUOUS
10
4.9648242913385827
20
-6.1198212598425199
11
4.9618110236220474
21
-6.1204206299212593
0
LINE
8
BLACK
6
CONTINUOUS
10
4.9618110236220474
20
-6.1204206299212593
11
4.938188976377953
21
-6.1204206299212593
0
LINE
8
BLACK
6
CONTINUOUS
10
4.938188976377953
20
-6.1204206299212593
11
4.9351757086614176
21
-6.1198212598425199
0
LINE
8
BLACK
6
CONTINUOUS
10
4.9351757086614176
20
-6.1198212598425199
11
4.9326212204724404
21
-6.1181143700787404
0
LINE
8
BLACK
6
CONTINUOUS
10
4.9326212204724404
20
-6.1181143700787404
11
4.9309143307086609
21
-6.1155598818897641
0
LINE
8
BLACK
6
CONTINUOUS
10
4.9309143307086609
20
-6.1155598818897641
11
4.9303149606299215
21
-6.1125466141732279
0
LINE
8
BLACK
6
CONTINUOUS
10
4.9303149606299215
20
-6.1125466141732279
11
4.9303149606299215
21
-6.0534914960629918
0
LINE
8
BLACK
6
CONTINUOUS
10
4.9303149606299215
20
-6.0534914960629918
11
4.9309143307086609
21
-6.0504782283464564
0
LINE
8
BLACK
6
CONTINUOUS
10
4.9309143307086609
20
-6.0504782283464564
11
4.9326212204724404
21
-6.0479237401574801
0
LINE
8
BLACK
6
CONTINUOUS
10
4.9326212204724404
20
-6.0479237401574801
11
4.9351757086614176
21
-6.0462168503937006
0
LINE
8
BLACK
6
CONTINUOUS
10
4.9351757086614176
20
-6.0462168503937006
11
4.938188976377953
21
-6.0456174803149603
0
LINE
8
BLACK
6
CONTINUOUS
10
4.938188976377953
20
-6.0456174803149603
11
4.9618110236220474
21
-6.0456174803149603
0
LINE
8
BLACK
6
CONTINUOUS
10
4.9618110236220474
20
-6.0456174803149603
11
4.9648242913385827
21
-6.0462168503937006
0
LINE
8
BLACK
6
CONTINUOUS
10
5.7786038188976381
20
-6.0796237795275587
11
5.7811583070866144
21
-6.0813306692913383
0
LINE
8
BLACK
6
CONTINUOUS
10
5.7811583070866144
20
-6.0813306692913383
11
5.7828651968503939
21
-6.0838851574803146
0
LINE
8
BLACK
6
CONTINUOUS
10
5.7828651968503939
20
-6.0838851574803146
11
5.7834645669291334
21
-6.0868984251968499
0
LINE
8
BLACK
6
CONTINUOUS
10
5.7834645669291334
20
-6.0868984251968499
11
5.7834645669291334
21
-6.1105204724409443
0
LINE
8
BLACK
6
CONTINUOUS
10
5.7834645669291334
20
-6.1105204724409443
11
5.7828651968503939
21
-6.1135337401574805
0
LINE
8
BLACK
6
CONTINUOUS
10
5.7828651968503939
20
-6.1135337401574805
11
5.7811583070866144
21
-6.1160882283464568
0
LINE
8
BLACK
6
CONTINUOUS
10
5.7811583070866144
20
-6.1160882283464568
11
5.7786038188976381
21
-6.1177951181102364
0
LINE
8
BLACK
6
CONTINUOUS
10
5.7786038188976381
20
-6.1177951181102364
11
5.7755905511811019
21
-6.1183944881889758
0
LINE
8
BLACK
6
CONTINUOUS
10
5.7755905511811019
20
-6.1183944881889758
11
5.7165354330708658
21
-6.1183944881889758
0
LINE
8
BLACK
6
CONTINUOUS
10
5.7165354330708658
20
-6.1183944881889758
11
5.7135221653543304
21
-6.1177951181102364
0
LINE
8
BLACK
6
CONTINUOUS
10
5.7135221653543304
20
-6.1177951181102364
11
5.7109676771653541
21
-6.1160882283464568
0
LINE
8
BLACK
6
CONTINUOUS
10
5.7109676771653541
20
-6.1160882283464568
11
5.7092607874015746
21
-6.1135337401574805
0
LINE
8
BLACK
6
CONTINUOUS
10
5.7092607874015746
20
-6.1135337401574805
11
5.7086614173228343
21
-6.1105204724409443
0
LINE
8
BLACK
6
CONTINUOUS
10
5.7086614173228343
20
-6.1105204724409443
11
5.7086614173228343
21
-6.0868984251968499
0
LINE
8
BLACK
6
CONTINUOUS
10
5.7086614173228343
20
-6.0868984251968499
11
5.7092607874015746
21
-6.0838851574803146
0
LINE
8
BLACK
6
CONTINUOUS
10
5.7092607874015746
20
-6.0838851574803146
11
5.7109676771653541
21
-6.0813306692913383
0
LINE
8
BLACK
6
CONTINUOUS
10
5.7109676771653541
20
-6.0813306692913383
11
5.7135221653543304
21
-6.0796237795275587
0
LINE
8
BLACK
6
CONTINUOUS
10
5.7135221653543304
20
-6.0796237795275587
11
5.7165354330708658
21
-6.0790244094488184
0
LINE
8
BLACK
6
CONTINUOUS
10
5.7165354330708658
20
-6.0790244094488184
11
5.7755905511811019
21
-6.0790244094488184
0
LINE
8
BLACK
6
CONTINUOUS
10
5.7755905511811019
20
-6.0790244094488184
11
5.7786038188976381
21
-6.0796237795275587
0
LINE
8
BLACK
6
CONTINUOUS
10
5.9912022440944881
20
-6.0796237795275587
11
5.9937567322834644
21
-6.0813306692913383
0
LINE
8
BLACK
6
CONTINUOUS
10
5.9937567322834644
20
-6.0813306692913383
11
5.9954636220472439
21
-6.0838851574803146
0
LINE
8
BLACK
6
CONTINUOUS
10
5.9954636220472439
20
-6.0838851574803146
11
5.9960629921259843
21
-6.0868984251968499
0
LINE
8
BLACK
6
CONTINUOUS
10
5.9960629921259843
20
-6.0868984251968499
11
5.9960629921259843
21
-6.1105204724409443
0
LINE
8
BLACK
6
CONTINUOUS
10
5.9960629921259843
20
-6.1105204724409443
11
5.9954636220472439
21
-6.1135337401574805
0
LINE
8
BLACK
6
CONTINUOUS
10
5.9954636220472439
20
-6.1135337401574805
11
5.9937567322834644
21
-6.1160882283464568
0
LINE
8
BLACK
6
CONTINUOUS
10
5.9937567322834644
20
-6.1160882283464568
11
5.9912022440944881
21
-6.1177951181102364
0
LINE
8
BLACK
6
CONTINUOUS
10
5.9912022440944881
20
-6.1177951181102364
11
5.9881889763779528
21
-6.1183944881889758
0
LINE
8
BLACK
6
CONTINUOUS
10
5.9881889763779528
20
-6.1183944881889758
11
5.9291338582677167
21
-6.1183944881889758
0
LINE
8
BLACK
6
CONTINUOUS
10
5.9291338582677167
20
-6.1183944881889758
11
5.9261205905511813
21
-6.1177951181102364
0
LINE
8
BLACK
6
CONTINUOUS
10
5.9261205905511813
20
-6.1177951181102364
11
5.9235661023622042
21
-6.1160882283464568
0
LINE
8
BLACK
6
CONTINUOUS
10
5.9235661023622042
20
-6.1160882283464568
11
5.9218592125984246
21
-6.1135337401574805
0
LINE
8
BLACK
6
CONTINUOUS
10
5.9218592125984246
20
-6.1135337401574805
11
5.9212598425196852
21
-6.1105204724409443
0
LINE
8
BLACK
6
CONTINUOUS
10
5.9212598425196852
20
-6.1105204724409443
11
5.9212598425196852
21
-6.0868984251968499
0
LINE
8
BLACK
6
CONTINUOUS
10
5.9212598425196852
20
-6.0868984251968499
11
5.9218592125984246
21
-6.0838851574803146
0
LINE
8
BLACK
6
CONTINUOUS
10
5.9218592125984246
20
-6.0838851574803146
11
5.9235661023622042
21
-6.0813306692913383
0
LINE
8
BLACK
6
CONTINUOUS
10
5.9235661023622042
20
-6.0813306692913383
11
5.9261205905511813
21
-6.0796237795275587
0
LINE
8
BLACK
6
CONTINUOUS
10
5.9261205905511813
20
-6.0796237795275587
11
5.9291338582677167
21
-6.0790244094488184
0
LINE
8
BLACK
6
CONTINUOUS
10
5.9291338582677167
20
-6.0790244094488184
11
5.9881889763779528
21
-6.0790244094488184
0
LINE
8
BLACK
6
CONTINUOUS
10
5.9881889763779528
20
-6.0790244094488184
11
5.9912022440944881
21
-6.0796237795275587
0
LINE
8
BLACK
6
CONTINUOUS
10
4.4530132677165355
20
-5.9975765354330708
11
4.4555677559055118
21
-5.9992834251968503
0
LINE
8
BLACK
6
CONTINUOUS
10
4.4555677559055118
20
-5.9992834251968503
11
4.4572746456692913
21
-6.0018379133858266
0
LINE
8
BLACK
6
CONTINUOUS
10
4.4572746456692913
20
-6.0018379133858266
11
4.4578740157480317
21
-6.0048511811023619
0
LINE
8
BLACK
6
CONTINUOUS
10
4.4578740157480317
20
-6.0048511811023619
11
4.4578740157480317
21
-6.0648511811023624
0
LINE
8
BLACK
6
CONTINUOUS
10
4.4578740157480317
20
-6.0648511811023624
11
4.4572746456692913
21
-6.0678644488188977
0
LINE
8
BLACK
6
CONTINUOUS
10
4.4572746456692913
20
-6.0678644488188977
11
4.4555677559055118
21
-6.070418937007874
0
LINE
8
BLACK
6
CONTINUOUS
10
4.4555677559055118
20
-6.070418937007874
11
4.4530132677165355
21
-6.0721258267716536
0
LINE
8
BLACK
6
CONTINUOUS
10
4.4530132677165355
20
-6.0721258267716536
11
4.4500000000000002
21
-6.0727251968503939
0
LINE
8
BLACK
6
CONTINUOUS
10
4.4500000000000002
20
-6.0727251968503939
11
4.3899999999999997
21
-6.0727251968503939
0
LINE
8
BLACK
6
CONTINUOUS
10
4.3899999999999997
20
-6.0727251968503939
11
4.3869867322834644
21
-6.0721258267716536
0
LINE
8
BLACK
6
CONTINUOUS
10
4.3869867322834644
20
-6.0721258267716536
11
4.3844322440944881
21
-6.070418937007874
0
LINE
8
BLACK
6
CONTINUOUS
10
4.3844322440944881
20
-6.070418937007874
11
4.3827253543307085
21
-6.0678644488188977
0
LINE
8
BLACK
6
CONTINUOUS
10
4.3827253543307085
20
-6.0678644488188977
11
4.3821259842519682
21
-6.0648511811023624
0
LINE
8
BLACK
6
CONTINUOUS
10
4.3821259842519682
20
-6.0648511811023624
11
4.3821259842519682
21
-6.0048511811023619
0
LINE
8
BLACK
6
CONTINUOUS
10
4.3821259842519682
20
-6.0048511811023619
11
4.3827253543307085
21
-6.0018379133858266
0
LINE
8
BLACK
6
CONTINUOUS
10
4.3827253543307085
20
-6.0018379133858266
11
4.3844322440944881
21
-5.9992834251968503
0
LINE
8
BLACK
6
CONTINUOUS
10
4.3844322440944881
20
-5.9992834251968503
11
4.3869867322834644
21
-5.9975765354330708
0
LINE
8
BLACK
6
CONTINUOUS
10
4.3869867322834644
20
-5.9975765354330708
11
4.3899999999999997
21
-5.9969771653543305
0
LINE
8
BLACK
6
CONTINUOUS
10
4.3899999999999997
20
-5.9969771653543305
11
4.4500000000000002
21
-5.9969771653543305
0
LINE
8
BLACK
6
CONTINUOUS
10
4.4500000000000002
20
-5.9969771653543305
11
4.4530132677165355
21
-5.9975765354330708
0
LINE
8
BLACK
6
CONTINUOUS
10
4.5530132677165351
20
-5.9975765354330708
11
4.5555677559055114
21
-5.9992834251968503
0
LINE
8
BLACK
6
CONTINUOUS
10
4.5555677559055114
20
-5.9992834251968503
11
4.557274645669291
21
-6.0018379133858266
0
LINE
8
BLACK
6
CONTINUOUS
10
4.557274645669291
20
-6.0018379133858266
11
4.5578740157480313
21
-6.0048511811023619
0
LINE
8
BLACK
6
CONTINUOUS
10
4.5578740157480313
20
-6.0048511811023619
11
4.5578740157480313
21
-6.0648511811023624
0
LINE
8
BLACK
6
CONTINUOUS
10
4.5578740157480313
20
-6.0648511811023624
11
4.557274645669291
21
-6.0678644488188977
0
LINE
8
BLACK
6
CONTINUOUS
10
4.557274645669291
20
-6.0678644488188977
11
4.5555677559055114
21
-6.070418937007874
0
LINE
8
BLACK
6
CONTINUOUS
10
4.5555677559055114
20
-6.070418937007874
11
4.5530132677165351
21
-6.0721258267716536
0
LINE
8
BLACK
6
CONTINUOUS
10
4.5530132677165351
20
-6.0721258267716536
11
4.5499999999999998
21
-6.0727251968503939
0
LINE
8
BLACK
6
CONTINUOUS
10
4.5499999999999998
20
-6.0727251968503939
11
4.4900000000000002
21
-6.0727251968503939
0
LINE
8
BLACK
6
CONTINUOUS
10
4.4900000000000002
20
-6.0727251968503939
11
4.4869867322834649
21
-6.0721258267716536
0
LINE
8
BLACK
6
CONTINUOUS
10
4.4869867322834649
20
-6.0721258267716536
11
4.4844322440944877
21
-6.070418937007874
0
LINE
8
BLACK
6
CONTINUOUS
10
4.4844322440944877
20
-6.070418937007874
11
4.4827253543307082
21
-6.0678644488188977
0
LINE
8
BLACK
6
CONTINUOUS
10
4.4827253543307082
20
-6.0678644488188977
11
4.4821259842519687
21
-6.0648511811023624
0
LINE
8
BLACK
6
CONTINUOUS
10
4.4821259842519687
20
-6.0648511811023624
11
4.4821259842519687
21
-6.0048511811023619
0
LINE
8
BLACK
6
CONTINUOUS
10
4.4821259842519687
20
-6.0048511811023619
11
4.4827253543307082
21
-6.0018379133858266
0
LINE
8
BLACK
6
CONTINUOUS
10
4.4827253543307082
20
-6.0018379133858266
11
4.4844322440944877
21
-5.9992834251968503
0
LINE
8
BLACK
6
CONTINUOUS
10
4.4844322440944877
20
-5.9992834251968503
11
4.4869867322834649
21
-5.9975765354330708
0
LINE
8
BLACK
6
CONTINUOUS
10
4.4869867322834649
20
-5.9975765354330708
11
4.4900000000000002
21
-5.9969771653543305
0
LINE
8
BLACK
6
CONTINUOUS
10
4.4900000000000002
20
-5.9969771653543305
11
4.5499999999999998
21
-5.9969771653543305
0
LINE
8
BLACK
6
CONTINUOUS
10
4.5499999999999998
20
-5.9969771653543305
11
4.5530132677165351
21
-5.9975765354330708
0
LINE
8
BLACK
6
CONTINUOUS
10
5.7786038188976381
20
-6.0296237795275589
11
5.7811583070866144
21
-6.0313306692913384
0
LINE
8
BLACK
6
CONTINUOUS
10
5.7811583070866144
20
-6.0313306692913384
11
5.7828651968503939
21
-6.0338851574803147
0
LINE
8
BLACK
6
CONTINUOUS
10
5.7828651968503939
20
-6.0338851574803147
11
5.7834645669291334
21
-6.03689842519685
0
LINE
8
BLACK
6
CONTINUOUS
10
5.7834645669291334
20
-6.03689842519685
11
5.7834645669291334
21
-6.0605204724409445
0
LINE
8
BLACK
6
CONTINUOUS
10
5.7834645669291334
20
-6.0605204724409445
11
5.7828651968503939
21
-6.0635337401574798
0
LINE
8
BLACK
6
CONTINUOUS
10
5.7828651968503939
20
-6.0635337401574798
11
5.7811583070866144
21
-6.0660882283464561
0
LINE
8
BLACK
6
CONTINUOUS
10
5.7811583070866144
20
-6.0660882283464561
11
5.7786038188976381
21
-6.0677951181102356
0
LINE
8
BLACK
6
CONTINUOUS
10
5.7786038188976381
20
-6.0677951181102356
11
5.7755905511811019
21
-6.068394488188976
0
LINE
8
BLACK
6
CONTINUOUS
10
5.7755905511811019
20
-6.068394488188976
11
5.7165354330708658
21
-6.068394488188976
0
LINE
8
BLACK
6
CONTINUOUS
10
5.7165354330708658
20
-6.068394488188976
11
5.7135221653543304
21
-6.0677951181102356
0
LINE
8
BLACK
6
CONTINUOUS
10
5.7135221653543304
20
-6.0677951181102356
11
5.7109676771653541
21
-6.0660882283464561
0
LINE
8
BLACK
6
CONTINUOUS
10
5.7109676771653541
20
-6.0660882283464561
11
5.7092607874015746
21
-6.0635337401574798
0
LINE
8
BLACK
6
CONTINUOUS
10
5.7092607874015746
20
-6.0635337401574798
11
5.7086614173228343
21
-6.0605204724409445
0
LINE
8
BLACK
6
CONTINUOUS
10
5.7086614173228343
20
-6.0605204724409445
11
5.7086614173228343
21
-6.03689842519685
0
LINE
8
BLACK
6
CONTINUOUS
10
5.7086614173228343
20
-6.03689842519685
11
5.7092607874015746
21
-6.0338851574803147
0
LINE
8
BLACK
6
CONTINUOUS
10
5.7092607874015746
20
-6.0338851574803147
11
5.7109676771653541
21
-6.0313306692913384
0
LINE
8
BLACK
6
CONTINUOUS
10
5.7109676771653541
20
-6.0313306692913384
11
5.7135221653543304
21
-6.0296237795275589
0
LINE
8
BLACK
6
CONTINUOUS
10
5.7135221653543304
20
-6.0296237795275589
11
5.7165354330708658
21
-6.0290244094488186
0
LINE
8
BLACK
6
CONTINUOUS
10
5.7165354330708658
20
-6.0290244094488186
11
5.7755905511811019
21
-6.0290244094488186
0
LINE
8
BLACK
6
CONTINUOUS
10
5.7755905511811019
20
-6.0290244094488186
11
5.7786038188976381
21
-6.0296237795275589
0
LINE
8
BLACK
6
CONTINUOUS
10
5.9912022440944881
20
-6.0296237795275589
11
5.9937567322834644
21
-6.0313306692913384
0
LINE
8
BLACK
6
CONTINUOUS
10
5.9937567322834644
20
-6.0313306692913384
11
5.9954636220472439
21
-6.0338851574803147
0
LINE
8
BLACK
6
CONTINUOUS
10
5.9954636220472439
20
-6.0338851574803147
11
5.9960629921259843
21
-6.03689842519685
0
LINE
8
BLACK
6
CONTINUOUS
10
5.9960629921259843
20
-6.03689842519685
11
5.9960629921259843
21
-6.0605204724409445
0
LINE
8
BLACK
6
CONTINUOUS
10
5.9960629921259843
20
-6.0605204724409445
11
5.9954636220472439
21
-6.0635337401574798
0
LINE
8
BLACK
6
CONTINUOUS
10
5.9954636220472439
20
-6.0635337401574798
11
5.9937567322834644
21
-6.0660882283464561
0
LINE
8
BLACK
6
CONTINUOUS
10
5.9937567322834644
20
-6.0660882283464561
11
5.9912022440944881
21
-6.0677951181102356
0
LINE
8
BLACK
6
CONTINUOUS
10
5.9912022440944881
20
-6.0677951181102356
11
5.9881889763779528
21
-6.068394488188976
0
LINE
8
BLACK
6
CONTINUOUS
10
5.9881889763779528
20
-6.068394488188976
11
5.9291338582677167
21
-6.068394488188976
0
LINE
8
BLACK
6
CONTINUOUS
10
5.9291338582677167
20
-6.068394488188976
11
5.9261205905511813
21
-6.0677951181102356
0
LINE
8
BLACK
6
CONTINUOUS
10
5.9261205905511813
20
-6.0677951181102356
11
5.9235661023622042
21
-6.0660882283464561
0
LINE
8
BLACK
6
CONTINUOUS
10
5.9235661023622042
20
-6.0660882283464561
11
5.9218592125984246
21
-6.0635337401574798
0
LINE
8
BLACK
6
CONTINUOUS
10
5.9218592125984246
20
-6.0635337401574798
11
5.9212598425196852
21
-6.0605204724409445
0
LINE
8
BLACK
6
CONTINUOUS
10
5.9212598425196852
20
-6.0605204724409445
11
5.9212598425196852
21
-6.03689842519685
0
LINE
8
BLACK
6
CONTINUOUS
10
5.9212598425196852
20
-6.03689842519685
11
5.9218592125984246
21
-6.0338851574803147
0
LINE
8
BLACK
6
CONTINUOUS
10
5.9218592125984246
20
-6.0338851574803147
11
5.9235661023622042
21
-6.0313306692913384
0
LINE
8
BLACK
6
CONTINUOUS
10
5.9235661023622042
20
-6.0313306692913384
11
5.9261205905511813
21
-6.0296237795275589
0
LINE
8
BLACK
6
CONTINUOUS
10
5.9261205905511813
20
-6.0296237795275589
11
5.9291338582677167
21
-6.0290244094488186
0
LINE
8
BLACK
6
CONTINUOUS
10
5.9291338582677167
20
-6.0290244094488186
11
5.9881889763779528
21
-6.0290244094488186
0
LINE
8
BLACK
6
CONTINUOUS
10
5.9881889763779528
20
-6.0290244094488186
11
5.9912022440944881
21
-6.0296237795275589
0
LINE
8
BLACK
6
CONTINUOUS
10
5.7786038188976381
20
-5.9796237795275591
11
5.7811583070866144
21
-5.9813306692913386
0
LINE
8
BLACK
6
CONTINUOUS
10
5.7811583070866144
20
-5.9813306692913386
11
5.7828651968503939
21
-5.9838851574803149
0
LINE
8
BLACK
6
CONTINUOUS
10
5.7828651968503939
20
-5.9838851574803149
11
5.7834645669291334
21
-5.9868984251968502
0
LINE
8
BLACK
6
CONTINUOUS
10
5.7834645669291334
20
-5.9868984251968502
11
5.7834645669291334
21
-6.0105204724409447
0
LINE
8
BLACK
6
CONTINUOUS
10
5.7834645669291334
20
-6.0105204724409447
11
5.7828651968503939
21
-6.01353374015748
0
LINE
8
BLACK
6
CONTINUOUS
10
5.7828651968503939
20
-6.01353374015748
11
5.7811583070866144
21
-6.0160882283464563
0
LINE
8
BLACK
6
CONTINUOUS
10
5.7811583070866144
20
-6.0160882283464563
11
5.7786038188976381
21
-6.0177951181102358
0
LINE
8
BLACK
6
CONTINUOUS
10
5.7786038188976381
20
-6.0177951181102358
11
5.7755905511811019
21
-6.0183944881889762
0
LINE
8
BLACK
6
CONTINUOUS
10
5.7755905511811019
20
-6.0183944881889762
11
5.7165354330708658
21
-6.0183944881889762
0
LINE
8
BLACK
6
CONTINUOUS
10
5.7165354330708658
20
-6.0183944881889762
11
5.7135221653543304
21
-6.0177951181102358
0
LINE
8
BLACK
6
CONTINUOUS
10
5.7135221653543304
20
-6.0177951181102358
11
5.7109676771653541
21
-6.0160882283464563
0
LINE
8
BLACK
6
CONTINUOUS
10
5.7109676771653541
20
-6.0160882283464563
11
5.7092607874015746
21
-6.01353374015748
0
LINE
8
BLACK
6
CONTINUOUS
10
5.7092607874015746
20
-6.01353374015748
11
5.7086614173228343
21
-6.0105204724409447
0
LINE
8
BLACK
6
CONTINUOUS
10
5.7086614173228343
20
-6.0105204724409447
11
5.7086614173228343
21
-5.9868984251968502
0
LINE
8
BLACK
6
CONTINUOUS
10
5.7086614173228343
20
-5.9868984251968502
11
5.7092607874015746
21
-5.9838851574803149
0
LINE
8
BLACK
6
CONTINUOUS
10
5.7092607874015746
20
-5.9838851574803149
11
5.7109676771653541
21
-5.9813306692913386
0
LINE
8
BLACK
6
CONTINUOUS
10
5.7109676771653541
20
-5.9813306692913386
11
5.7135221653543304
21
-5.9796237795275591
0
LINE
8
BLACK
6
CONTINUOUS
10
5.7135221653543304
20
-5.9796237795275591
11
5.7165354330708658
21
-5.9790244094488187
0
LINE
8
BLACK
6
CONTINUOUS
10
5.7165354330708658
20
-5.9790244094488187
11
5.7755905511811019
21
-5.9790244094488187
0
LINE
8
BLACK
6
CONTINUOUS
10
5.7755905511811019
20
-5.9790244094488187
11
5.7786038188976381
21
-5.9796237795275591
0
LINE
8
BLACK
6
CONTINUOUS
10
5.9912022440944881
20
-5.9796237795275591
11
5.9937567322834644
21
-5.9813306692913386
0
LINE
8
BLACK
6
CONTINUOUS
10
5.9937567322834644
20
-5.9813306692913386
11
5.9954636220472439
21
-5.9838851574803149
0
LINE
8
BLACK
6
CONTINUOUS
10
5.9954636220472439
20
-5.9838851574803149
11
5.9960629921259843
21
-5.9868984251968502
0
LINE
8
BLACK
6
CONTINUOUS
10
5.9960629921259843
20
-5.9868984251968502
11
5.9960629921259843
21
-6.0105204724409447
0
LINE
8
BLACK
6
CONTINUOUS
10
5.9960629921259843
20
-6.0105204724409447
11
5.9954636220472439
21
-6.01353374015748
0
LINE
8
BLACK
6
CONTINUOUS
10
5.9954636220472439
20
-6.01353374015748
11
5.9937567322834644
21
-6.0160882283464563
0
LINE
8
BLACK
6
CONTINUOUS
10
5.9937567322834644
20
-6.0160882283464563
11
5.9912022440944881
21
-6.0177951181102358
0
LINE
8
BLACK
6
CONTINUOUS
10
5.9912022440944881
20
-6.0177951181102358
11
5.9881889763779528
21
-6.0183944881889762
0
LINE
8
BLACK
6
CONTINUOUS
10
5.9881889763779528
20
-6.0183944881889762
11
5.9291338582677167
21
-6.0183944881889762
0
LINE
8
BLACK
6
CONTINUOUS
10
5.9291338582677167
20
-6.0183944881889762
11
5.9261205905511813
21
-6.0177951181102358
0
LINE
8
BLACK
6
CONTINUOUS
10
5.9261205905511813
20
-6.0177951181102358
11
5.9235661023622042
21
-6.0160882283464563
0
LINE
8
BLACK
6
CONTINUOUS
10
5.9235661023622042
20
-6.0160882283464563
11
5.9218592125984246
21
-6.01353374015748
0
LINE
8
BLACK
6
CONTINUOUS
10
5.9218592125984246
20
-6.01353374015748
11
5.9212598425196852
21
-6.0105204724409447
0
LINE
8
BLACK
6
CONTINUOUS
10
5.9212598425196852
20
-6.0105204724409447
11
5.9212598425196852
21
-5.9868984251968502
0
LINE
8
BLACK
6
CONTINUOUS
10
5.9212598425196852
20
-5.9868984251968502
11
5.9218592125984246
21
-5.9838851574803149
0
LINE
8
BLACK
6
CONTINUOUS
10
5.9218592125984246
20
-5.9838851574803149
11
5.9235661023622042
21
-5.9813306692913386
0
LINE
8
BLACK
6
CONTINUOUS
10
5.9235661023622042
20
-5.9813306692913386
11
5.9261205905511813
21
-5.9796237795275591
0
LINE
8
BLACK
6
CONTINUOUS
10
5.9261205905511813
20
-5.9796237795275591
11
5.9291338582677167
21
-5.9790244094488187
0
LINE
8
BLACK
6
CONTINUOUS
10
5.9291338582677167
20
-5.9790244094488187
11
5.9881889763779528
21
-5.9790244094488187
0
LINE
8
BLACK
6
CONTINUOUS
10
5.9881889763779528
20
-5.9790244094488187
11
5.9912022440944881
21
-5.9796237795275591
0
LINE
8
BLACK
6
CONTINUOUS
10
4.9418321653543309
20
-5.7856867716535429
11
4.9443866535433072
21
-5.7873936614173225
0
LINE
8
BLACK
6
CONTINUOUS
10
4.9443866535433072
20
-5.7873936614173225
11
4.9460935433070867
21
-5.7899481496062988
0
LINE
8
BLACK
6
CONTINUOUS
10
4.9460935433070867
20
-5.7899481496062988
11
4.9466929133858271
21
-5.7929614173228341
0
LINE
8
BLACK
6
CONTINUOUS
10
4.9466929133858271
20
-5.7929614173228341
11
4.9466929133858271
21
-5.8529614173228346
0
LINE
8
BLACK
6
CONTINUOUS
10
4.9466929133858271
20
-5.8529614173228346
11
4.9460935433070867
21
-5.8559746850393699
0
LINE
8
BLACK
6
CONTINUOUS
10
4.9460935433070867
20
-5.8559746850393699
11
4.9443866535433072
21
-5.8585291732283462
0
LINE
8
BLACK
6
CONTINUOUS
10
4.9443866535433072
20
-5.8585291732283462
11
4.9418321653543309
21
-5.8602360629921257
0
LINE
8
BLACK
6
CONTINUOUS
10
4.9418321653543309
20
-5.8602360629921257
11
4.9388188976377956
21
-5.8608354330708661
0
LINE
8
BLACK
6
CONTINUOUS
10
4.9388188976377956
20
-5.8608354330708661
11
4.8788188976377951
21
-5.8608354330708661
0
LINE
8
BLACK
6
CONTINUOUS
10
4.8788188976377951
20
-5.8608354330708661
11
4.8758056299212598
21
-5.8602360629921257
0
LINE
8
BLACK
6
CONTINUOUS
10
4.8758056299212598
20
-5.8602360629921257
11
4.8732511417322835
21
-5.8585291732283462
0
LINE
8
BLACK
6
CONTINUOUS
10
4.8732511417322835
20
-5.8585291732283462
11
4.8715442519685039
21
-5.8559746850393699
0
LINE
8
BLACK
6
CONTINUOUS
10
4.8715442519685039
20
-5.8559746850393699
11
4.8709448818897636
21
-5.8529614173228346
0
LINE
8
BLACK
6
CONTINUOUS
10
4.8709448818897636
20
-5.8529614173228346
11
4.8709448818897636
21
-5.7929614173228341
0
LINE
8
BLACK
6
CONTINUOUS
10
4.8709448818897636
20
-5.7929614173228341
11
4.8715442519685039
21
-5.7899481496062988
0
LINE
8
BLACK
6
CONTINUOUS
10
4.8715442519685039
20
-5.7899481496062988
11
4.8732511417322835
21
-5.7873936614173225
0
LINE
8
BLACK
6
CONTINUOUS
10
4.8732511417322835
20
-5.7873936614173225
11
4.8758056299212598
21
-5.7856867716535429
0
LINE
8
BLACK
6
CONTINUOUS
10
4.8758056299212598
20
-5.7856867716535429
11
4.8788188976377951
21
-5.7850874015748026
0
LINE
8
BLACK
6
CONTINUOUS
10
4.8788188976377951
20
-5.7850874015748026
11
4.9388188976377956
21
-5.7850874015748026
0
LINE
8
BLACK
6
CONTINUOUS
10
4.9388188976377956
20
-5.7850874015748026
11
4.9418321653543309
21
-5.7856867716535429
0
LINE
8
BLACK
6
CONTINUOUS
10
5.0418321653543305
20
-5.7856867716535429
11
5.0443866535433068
21
-5.7873936614173225
0
LINE
8
BLACK
6
CONTINUOUS
10
5.0443866535433068
20
-5.7873936614173225
11
5.0460935433070864
21
-5.7899481496062988
0
LINE
8
BLACK
6
CONTINUOUS
10
5.0460935433070864
20
-5.7899481496062988
11
5.0466929133858267
21
-5.7929614173228341
0
LINE
8
BLACK
6
CONTINUOUS
10
5.0466929133858267
20
-5.7929614173228341
11
5.0466929133858267
21
-5.8529614173228346
0
LINE
8
BLACK
6
CONTINUOUS
10
5.0466929133858267
20
-5.8529614173228346
11
5.0460935433070864
21
-5.8559746850393699
0
LINE
8
BLACK
6
CONTINUOUS
10
5.0460935433070864
20
-5.8559746850393699
11
5.0443866535433068
21
-5.8585291732283462
0
LINE
8
BLACK
6
CONTINUOUS
10
5.0443866535433068
20
-5.8585291732283462
11
5.0418321653543305
21
-5.8602360629921257
0
LINE
8
BLACK
6
CONTINUOUS
10
5.0418321653543305
20
-5.8602360629921257
11
5.0388188976377952
21
-5.8608354330708661
0
LINE
8
BLACK
6
CONTINUOUS
10
5.0388188976377952
20
-5.8608354330708661
11
4.9788188976377947
21
-5.8608354330708661
0
LINE
8
BLACK
6
CONTINUOUS
10
4.9788188976377947
20
-5.8608354330708661
11
4.9758056299212594
21
-5.8602360629921257
0
LINE
8
BLACK
6
CONTINUOUS
10
4.9758056299212594
20
-5.8602360629921257
11
4.9732511417322831
21
-5.8585291732283462
0
LINE
8
BLACK
6
CONTINUOUS
10
4.9732511417322831
20
-5.8585291732283462
11
4.9715442519685036
21
-5.8559746850393699
0
LINE
8
BLACK
6
CONTINUOUS
10
4.9715442519685036
20
-5.8559746850393699
11
4.9709448818897632
21
-5.8529614173228346
0
LINE
8
BLACK
6
CONTINUOUS
10
4.9709448818897632
20
-5.8529614173228346
11
4.9709448818897632
21
-5.7929614173228341
0
LINE
8
BLACK
6
CONTINUOUS
10
4.9709448818897632
20
-5.7929614173228341
11
4.9715442519685036
21
-5.7899481496062988
0
LINE
8
BLACK
6
CONTINUOUS
10
4.9715442519685036
20
-5.7899481496062988
11
4.9732511417322831
21
-5.7873936614173225
0
LINE
8
BLACK
6
CONTINUOUS
10
4.9732511417322831
20
-5.7873936614173225
11
4.9758056299212594
21
-5.7856867716535429
0
LINE
8
BLACK
6
CONTINUOUS
10
4.9758056299212594
20
-5.7856867716535429
11
4.9788188976377947
21
-5.7850874015748026
0
LINE
8
BLACK
6
CONTINUOUS
10
4.9788188976377947
20
-5.7850874015748026
11
5.0388188976377952
21
-5.7850874015748026
0
LINE
8
BLACK
6
CONTINUOUS
10
5.0388188976377952
20
-5.7850874015748026
11
5.0418321653543305
21
-5.7856867716535429
0
LINE
8
BLACK
6
CONTINUOUS
10
5.9440132677165352
20
-5.7837253543307083
11
5.9465677559055115
21
-5.7854322440944879
0
LINE
8
BLACK
6
CONTINUOUS
10
5.9465677559055115
20
-5.7854322440944879
11
5.948274645669291
21
-5.7879867322834642
0
LINE
8
BLACK
6
CONTINUOUS
10
5.948274645669291
20
-5.7879867322834642
11
5.9488740157480313
21
-5.7909999999999995
0
LINE
8
BLACK
6
CONTINUOUS
10
5.9488740157480313
20
-5.7909999999999995
11
5.9488740157480313
21
-5.851
0
LINE
8
BLACK
6
CONTINUOUS
10
5.9488740157480313
20
-5.851
11
5.948274645669291
21
-5.8540132677165353
0
LINE
8
BLACK
6
CONTINUOUS
10
5.948274645669291
20
-5.8540132677165353
11
5.9465677559055115
21
-5.8565677559055116
0
LINE
8
BLACK
6
CONTINUOUS
10
5.9465677559055115
20
-5.8565677559055116
11
5.9440132677165352
21
-5.8582746456692911
0
LINE
8
BLACK
6
CONTINUOUS
10
5.9440132677165352
20
-5.8582746456692911
11
5.9409999999999998
21
-5.8588740157480315
0
LINE
8
BLACK
6
CONTINUOUS
10
5.9409999999999998
20
-5.8588740157480315
11
5.8810000000000002
21
-5.8588740157480315
0
LINE
8
BLACK
6
CONTINUOUS
10
5.8810000000000002
20
-5.8588740157480315
11
5.877986732283464
21
-5.8582746456692911
0
LINE
8
BLACK
6
CONTINUOUS
10
5.877986732283464
20
-5.8582746456692911
11
5.8754322440944877
21
-5.8565677559055116
0
LINE
8
BLACK
6
CONTINUOUS
10
5.8754322440944877
20
-5.8565677559055116
11
5.8737253543307082
21
-5.8540132677165353
0
LINE
8
BLACK
6
CONTINUOUS
10
5.8737253543307082
20
-5.8540132677165353
11
5.8731259842519687
21
-5.851
0
LINE
8
BLACK
6
CONTINUOUS
10
5.8731259842519687
20
-5.851
11
5.8731259842519687
21
-5.7909999999999995
0
LINE
8
BLACK
6
CONTINUOUS
10
5.8731259842519687
20
-5.7909999999999995
11
5.8737253543307082
21
-5.7879867322834642
0
LINE
8
BLACK
6
CONTINUOUS
10
5.8737253543307082
20
-5.7879867322834642
11
5.8754322440944877
21
-5.7854322440944879
0
LINE
8
BLACK
6
CONTINUOUS
10
5.8754322440944877
20
-5.7854322440944879
11
5.877986732283464
21
-5.7837253543307083
0
LINE
8
BLACK
6
CONTINUOUS
10
5.877986732283464
20
-5.7837253543307083
11
5.8810000000000002
21
-5.783125984251968
0
LINE
8
BLACK
6
CONTINUOUS
10
5.8810000000000002
20
-5.783125984251968
11
5.9409999999999998
21
-5.783125984251968
0
LINE
8
BLACK
6
CONTINUOUS
10
5.9409999999999998
20
-5.783125984251968
11
5.9440132677165352
21
-5.7837253543307083
0
LINE
8
BLACK
6
CONTINUOUS
10
6.0440132677165357
20
-5.7837253543307083
11
6.046567755905512
21
-5.7854322440944879
0
LINE
8
BLACK
6
CONTINUOUS
10
6.046567755905512
20
-5.7854322440944879
11
6.0482746456692915
21
-5.7879867322834642
0
LINE
8
BLACK
6
CONTINUOUS
10
6.0482746456692915
20
-5.7879867322834642
11
6.048874015748031
21
-5.7909999999999995
0
LINE
8
BLACK
6
CONTINUOUS
10
6.048874015748031
20
-5.7909999999999995
11
6.048874015748031
21
-5.851
0
LINE
8
BLACK
6
CONTINUOUS
10
6.048874015748031
20
-5.851
11
6.0482746456692915
21
-5.8540132677165353
0
LINE
8
BLACK
6
CONTINUOUS
10
6.0482746456692915
20
-5.8540132677165353
11
6.046567755905512
21
-5.8565677559055116
0
LINE
8
BLACK
6
CONTINUOUS
10
6.046567755905512
20
-5.8565677559055116
11
6.0440132677165357
21
-5.8582746456692911
0
LINE
8
BLACK
6
CONTINUOUS
10
6.0440132677165357
20
-5.8582746456692911
11
6.0409999999999995
21
-5.8588740157480315
0
LINE
8
BLACK
6
CONTINUOUS
10
6.0409999999999995
20
-5.8588740157480315
11
5.9809999999999999
21
-5.8588740157480315
0
LINE
8
BLACK
6
CONTINUOUS
10
5.9809999999999999
20
-5.8588740157480315
11
5.9779867322834646
21
-5.8582746456692911
0
LINE
8
BLACK
6
CONTINUOUS
10
5.9779867322834646
20
-5.8582746456692911
11
5.9754322440944883
21
-5.8565677559055116
0
LINE
8
BLACK
6
CONTINUOUS
10
5.9754322440944883
20
-5.8565677559055116
11
5.9737253543307087
21
-5.8540132677165353
0
LINE
8
BLACK
6
CONTINUOUS
10
5.9737253543307087
20
-5.8540132677165353
11
5.9731259842519684
21
-5.851
0
LINE
8
BLACK
6
CONTINUOUS
10
5.9731259842519684
20
-5.851
11
5.9731259842519684
21
-5.7909999999999995
0
LINE
8
BLACK
6
CONTINUOUS
10
5.9731259842519684
20
-5.7909999999999995
11
5.9737253543307087
21
-5.7879867322834642
0
LINE
8
BLACK
6
CONTINUOUS
10
5.9737253543307087
20
-5.7879867322834642
11
5.9754322440944883
21
-5.7854322440944879
0
LINE
8
BLACK
6
CONTINUOUS
10
5.9754322440944883
20
-5.7854322440944879
11
5.9779867322834646
21
-5.7837253543307083
0
LINE
8
BLACK
6
CONTINUOUS
10
5.9779867322834646
20
-5.7837253543307083
11
5.9809999999999999
21
-5.783125984251968
0
LINE
8
BLACK
6
CONTINUOUS
10
5.9809999999999999
20
-5.783125984251968
11
6.0409999999999995
21
-5.783125984251968
0
LINE
8
BLACK
6
CONTINUOUS
10
6.0409999999999995
20
-5.783125984251968
11
6.0440132677165357
21
-5.7837253543307083
0
LINE
8
BLACK
6
CONTINUOUS
10
4.4469502755905514
20
-5.7833245669291333
11
4.4495047637795277
21
-5.7850314566929129
0
LINE
8
BLACK
6
CONTINUOUS
10
4.4495047637795277
20
-5.7850314566929129
11
4.4512116535433073
21
-5.78758594488189
0
LINE
8
BLACK
6
CONTINUOUS
10
4.4512116535433073
20
-5.78758594488189
11
4.4518110236220467
21
-5.7905992125984254
0
LINE
8
BLACK
6
CONTINUOUS
10
4.4518110236220467
20
-5.7905992125984254
11
4.4518110236220467
21
-5.850599212598425
0
LINE
8
BLACK
6
CONTINUOUS
10
4.4518110236220467
20
-5.850599212598425
11
4.4512116535433073
21
-5.8536124803149603
0
LINE
8
BLACK
6
CONTINUOUS
10
4.4512116535433073
20
-5.8536124803149603
11
4.4495047637795277
21
-5.8561669685039366
0
LINE
8
BLACK
6
CONTINUOUS
10
4.4495047637795277
20
-5.8561669685039366
11
4.4469502755905514
21
-5.8578738582677161
0
LINE
8
BLACK
6
CONTINUOUS
10
4.4469502755905514
20
-5.8578738582677161
11
4.4439370078740152
21
-5.8584732283464565
0
LINE
8
BLACK
6
CONTINUOUS
10
4.4439370078740152
20
-5.8584732283464565
11
4.3839370078740156
21
-5.8584732283464565
0
LINE
8
BLACK
6
CONTINUOUS
10
4.3839370078740156
20
-5.8584732283464565
11
4.3809237401574803
21
-5.8578738582677161
0
LINE
8
BLACK
6
CONTINUOUS
10
4.3809237401574803
20
-5.8578738582677161
11
4.378369251968504
21
-5.8561669685039366
0
LINE
8
BLACK
6
CONTINUOUS
10
4.378369251968504
20
-5.8561669685039366
11
4.3766623622047245
21
-5.8536124803149603
0
LINE
8
BLACK
6
CONTINUOUS
10
4.3766623622047245
20
-5.8536124803149603
11
4.3760629921259842
21
-5.850599212598425
0
LINE
8
BLACK
6
CONTINUOUS
10
4.3760629921259842
20
-5.850599212598425
11
4.3760629921259842
21
-5.7905992125984254
0
LINE
8
BLACK
6
CONTINUOUS
10
4.3760629921259842
20
-5.7905992125984254
11
4.3766623622047245
21
-5.78758594488189
0
LINE
8
BLACK
6
CONTINUOUS
10
4.3766623622047245
20
-5.78758594488189
11
4.378369251968504
21
-5.7850314566929129
0
LINE
8
BLACK
6
CONTINUOUS
10
4.378369251968504
20
-5.7850314566929129
11
4.3809237401574803
21
-5.7833245669291333
0
LINE
8
BLACK
6
CONTINUOUS
10
4.3809237401574803
20
-5.7833245669291333
11
4.3839370078740156
21
-5.7827251968503939
0
LINE
8
BLACK
6
CONTINUOUS
10
4.3839370078740156
20
-5.7827251968503939
11
4.4439370078740152
21
-5.7827251968503939
0
LINE
8
BLACK
6
CONTINUOUS
10
4.4439370078740152
20
-5.7827251968503939
11
4.4469502755905514
21
-5.7833245669291333
0
LINE
8
BLACK
6
CONTINUOUS
10
4.5469502755905511
20
-5.7833245669291333
11
4.5495047637795274
21
-5.7850314566929129
0
LINE
8
BLACK
6
CONTINUOUS
10
4.5495047637795274
20
-5.7850314566929129
11
4.5512116535433069
21
-5.78758594488189
0
LINE
8
BLACK
6
CONTINUOUS
10
4.5512116535433069
20
-5.78758594488189
11
4.5518110236220473
21
-5.7905992125984254
0
LINE
8
BLACK
6
CONTINUOUS
10
4.5518110236220473
20
-5.7905992125984254
11
4.5518110236220473
21
-5.850599212598425
0
LINE
8
BLACK
6
CONTINUOUS
10
4.5518110236220473
20
-5.850599212598425
11
4.5512116535433069
21
-5.8536124803149603
0
LINE
8
BLACK
6
CONTINUOUS
10
4.5512116535433069
20
-5.8536124803149603
11
4.5495047637795274
21
-5.8561669685039366
0
LINE
8
BLACK
6
CONTINUOUS
10
4.5495047637795274
20
-5.8561669685039366
11
4.5469502755905511
21
-5.8578738582677161
0
LINE
8
BLACK
6
CONTINUOUS
10
4.5469502755905511
20
-5.8578738582677161
11
4.5439370078740158
21
-5.8584732283464565
0
LINE
8
BLACK
6
CONTINUOUS
10
4.5439370078740158
20
-5.8584732283464565
11
4.4839370078740153
21
-5.8584732283464565
0
LINE
8
BLACK
6
CONTINUOUS
10
4.4839370078740153
20
-5.8584732283464565
11
4.48092374015748
21
-5.8578738582677161
0
LINE
8
BLACK
6
CONTINUOUS
10
4.48092374015748
20
-5.8578738582677161
11
4.4783692519685037
21
-5.8561669685039366
0
LINE
8
BLACK
6
CONTINUOUS
10
4.4783692519685037
20
-5.8561669685039366
11
4.4766623622047241
21
-5.8536124803149603
0
LINE
8
BLACK
6
CONTINUOUS
10
4.4766623622047241
20
-5.8536124803149603
11
4.4760629921259838
21
-5.850599212598425
0
LINE
8
BLACK
6
CONTINUOUS
10
4.4760629921259838
20
-5.850599212598425
11
4.4760629921259838
21
-5.7905992125984254
0
LINE
8
BLACK
6
CONTINUOUS
10
4.4760629921259838
20
-5.7905992125984254
11
4.4766623622047241
21
-5.78758594488189
0
LINE
8
BLACK
6
CONTINUOUS
10
4.4766623622047241
20
-5.78758594488189
11
4.4783692519685037
21
-5.7850314566929129
0
LINE
8
BLACK
6
CONTINUOUS
10
4.4783692519685037
20
-5.7850314566929129
11
4.48092374015748
21
-5.7833245669291333
0
LINE
8
BLACK
6
CONTINUOUS
10
4.48092374015748
20
-5.7833245669291333
11
4.4839370078740153
21
-5.7827251968503939
0
LINE
8
BLACK
6
CONTINUOUS
10
4.4839370078740153
20
-5.7827251968503939
11
4.5439370078740158
21
-5.7827251968503939
0
LINE
8
BLACK
6
CONTINUOUS
10
4.5439370078740158
20
-5.7827251968503939
11
4.5469502755905511
21
-5.7833245669291333
0
LINE
8
BLACK
6
CONTINUOUS
10
4.6953754724409444
20
-5.7814348031496063
11
4.6979299606299207
21
-5.7831416929133859
0
LINE
8
BLACK
6
CONTINUOUS
10
4.6979299606299207
20
-5.7831416929133859
11
4.6996368503937003
21
-5.7856961811023622
0
LINE
8
BLACK
6
CONTINUOUS
10
4.6996368503937003
20
-5.7856961811023622
11
4.7002362204724406
21
-5.7887094488188975
0
LINE
8
BLACK
6
CONTINUOUS
10
4.7002362204724406
20
-5.7887094488188975
11
4.7002362204724406
21
-5.8487094488188971
0
LINE
8
BLACK
6
CONTINUOUS
10
4.7002362204724406
20
-5.8487094488188971
11
4.6996368503937003
21
-5.8517227165354333
0
LINE
8
BLACK
6
CONTINUOUS
10
4.6996368503937003
20
-5.8517227165354333
11
4.6979299606299207
21
-5.8542772047244096
0
LINE
8
BLACK
6
CONTINUOUS
10
4.6979299606299207
20
-5.8542772047244096
11
4.6953754724409444
21
-5.8559840944881891
0
LINE
8
BLACK
6
CONTINUOUS
10
4.6953754724409444
20
-5.8559840944881891
11
4.6923622047244091
21
-5.8565834645669286
0
LINE
8
BLACK
6
CONTINUOUS
10
4.6923622047244091
20
-5.8565834645669286
11
4.6323622047244095
21
-5.8565834645669286
0
LINE
8
BLACK
6
CONTINUOUS
10
4.6323622047244095
20
-5.8565834645669286
11
4.6293489370078742
21
-5.8559840944881891
0
LINE
8
BLACK
6
CONTINUOUS
10
4.6293489370078742
20
-5.8559840944881891
11
4.6267944488188979
21
-5.8542772047244096
0
LINE
8
BLACK
6
CONTINUOUS
10
4.6267944488188979
20
-5.8542772047244096
11
4.6250875590551184
21
-5.8517227165354333
0
LINE
8
BLACK
6
CONTINUOUS
10
4.6250875590551184
20
-5.8517227165354333
11
4.624488188976378
21
-5.8487094488188971
0
LINE
8
BLACK
6
CONTINUOUS
10
4.624488188976378
20
-5.8487094488188971
11
4.624488188976378
21
-5.7887094488188975
0
LINE
8
BLACK
6
CONTINUOUS
10
4.624488188976378
20
-5.7887094488188975
11
4.6250875590551184
21
-5.7856961811023622
0
LINE
8
BLACK
6
CONTINUOUS
10
4.6250875590551184
20
-5.7856961811023622
11
4.6267944488188979
21
-5.7831416929133859
0
LINE
8
BLACK
6
CONTINUOUS
10
4.6267944488188979
20
-5.7831416929133859
11
4.6293489370078742
21
-5.7814348031496063
0
LINE
8
BLACK
6
CONTINUOUS
10
4.6293489370078742
20
-5.7814348031496063
11
4.6323622047244095
21
-5.780835433070866
0
LINE
8
BLACK
6
CONTINUOUS
10
4.6323622047244095
20
-5.780835433070866
11
4.6923622047244091
21
-5.780835433070866
0
LINE
8
BLACK
6
CONTINUOUS
10
4.6923622047244091
20
-5.780835433070866
11
4.6953754724409444
21
-5.7814348031496063
0
LINE
8
BLACK
6
CONTINUOUS
10
4.795375472440945
20
-5.7814348031496063
11
4.7979299606299213
21
-5.7831416929133859
0
LINE
8
BLACK
6
CONTINUOUS
10
4.7979299606299213
20
-5.7831416929133859
11
4.7996368503937008
21
-5.7856961811023622
0
LINE
8
BLACK
6
CONTINUOUS
10
4.7996368503937008
20
-5.7856961811023622
11
4.8002362204724411
21
-5.7887094488188975
0
LINE
8
BLACK
6
CONTINUOUS
10
4.8002362204724411
20
-5.7887094488188975
11
4.8002362204724411
21
-5.8487094488188971
0
LINE
8
BLACK
6
CONTINUOUS
10
4.8002362204724411
20
-5.8487094488188971
11
4.7996368503937008
21
-5.8517227165354333
0
LINE
8
BLACK
6
CONTINUOUS
10
4.7996368503937008
20
-5.8517227165354333
11
4.7979299606299213
21
-5.8542772047244096
0
LINE
8
BLACK
6
CONTINUOUS
10
4.7979299606299213
20
-5.8542772047244096
11
4.795375472440945
21
-5.8559840944881891
0
LINE
8
BLACK
6
CONTINUOUS
10
4.795375472440945
20
-5.8559840944881891
11
4.7923622047244097
21
-5.8565834645669286
0
LINE
8
BLACK
6
CONTINUOUS
10
4.7923622047244097
20
-5.8565834645669286
11
4.7323622047244092
21
-5.8565834645669286
0
LINE
8
BLACK
6
CONTINUOUS
10
4.7323622047244092
20
-5.8565834645669286
11
4.7293489370078738
21
-5.8559840944881891
0
LINE
8
BLACK
6
CONTINUOUS
10
4.7293489370078738
20
-5.8559840944881891
11
4.7267944488188975
21
-5.8542772047244096
0
LINE
8
BLACK
6
CONTINUOUS
10
4.7267944488188975
20
-5.8542772047244096
11
4.725087559055118
21
-5.8517227165354333
0
LINE
8
BLACK
6
CONTINUOUS
10
4.725087559055118
20
-5.8517227165354333
11
4.7244881889763777
21
-5.8487094488188971
0
LINE
8
BLACK
6
CONTINUOUS
10
4.7244881889763777
20
-5.8487094488188971
11
4.7244881889763777
21
-5.7887094488188975
0
LINE
8
BLACK
6
CONTINUOUS
10
4.7244881889763777
20
-5.7887094488188975
11
4.725087559055118
21
-5.7856961811023622
0
LINE
8
BLACK
6
CONTINUOUS
10
4.725087559055118
20
-5.7856961811023622
11
4.7267944488188975
21
-5.7831416929133859
0
LINE
8
BLACK
6
CONTINUOUS
10
4.7267944488188975
20
-5.7831416929133859
11
4.7293489370078738
21
-5.7814348031496063
0
LINE
8
BLACK
6
CONTINUOUS
10
4.7293489370078738
20
-5.7814348031496063
11
4.7323622047244092
21
-5.780835433070866
0
LINE
8
BLACK
6
CONTINUOUS
10
4.7323622047244092
20
-5.780835433070866
11
4.7923622047244097
21
-5.780835433070866
0
LINE
8
BLACK
6
CONTINUOUS
10
4.7923622047244097
20
-5.780835433070866
11
4.795375472440945
21
-5.7814348031496063
0
LINE
8
BLACK
6
CONTINUOUS
10
5.1953754724409444
20
-5.7814348031496063
11
5.1979299606299207
21
-5.7831416929133859
0
LINE
8
BLACK
6
CONTINUOUS
10
5.1979299606299207
20
-5.7831416929133859
11
5.1996368503937003
21
-5.7856961811023622
0
LINE
8
BLACK
6
CONTINUOUS
10
5.1996368503937003
20
-5.7856961811023622
11
5.2002362204724406
21
-5.7887094488188975
0
LINE
8
BLACK
6
CONTINUOUS
10
5.2002362204724406
20
-5.7887094488188975
11
5.2002362204724406
21
-5.8487094488188971
0
LINE
8
BLACK
6
CONTINUOUS
10
5.2002362204724406
20
-5.8487094488188971
11
5.1996368503937003
21
-5.8517227165354333
0
LINE
8
BLACK
6
CONTINUOUS
10
5.1996368503937003
20
-5.8517227165354333
11
5.1979299606299207
21
-5.8542772047244096
0
LINE
8
BLACK
6
CONTINUOUS
10
5.1979299606299207
20
-5.8542772047244096
11
5.1953754724409444
21
-5.8559840944881891
0
LINE
8
BLACK
6
CONTINUOUS
10
5.1953754724409444
20
-5.8559840944881891
11
5.1923622047244091
21
-5.8565834645669286
0
LINE
8
BLACK
6
CONTINUOUS
10
5.1923622047244091
20
-5.8565834645669286
11
5.1323622047244095
21
-5.8565834645669286
0
LINE
8
BLACK
6
CONTINUOUS
10
5.1323622047244095
20
-5.8565834645669286
11
5.1293489370078742
21
-5.8559840944881891
0
LINE
8
BLACK
6
CONTINUOUS
10
5.1293489370078742
20
-5.8559840944881891
11
5.1267944488188979
21
-5.8542772047244096
0
LINE
8
BLACK
6
CONTINUOUS
10
5.1267944488188979
20
-5.8542772047244096
11
5.1250875590551184
21
-5.8517227165354333
0
LINE
8
BLACK
6
CONTINUOUS
10
5.1250875590551184
20
-5.8517227165354333
11
5.124488188976378
21
-5.8487094488188971
0
LINE
8
BLACK
6
CONTINUOUS
10
5.124488188976378
20
-5.8487094488188971
11
5.124488188976378
21
-5.7887094488188975
0
LINE
8
BLACK
6
CONTINUOUS
10
5.124488188976378
20
-5.7887094488188975
11
5.1250875590551184
21
-5.7856961811023622
0
LINE
8
BLACK
6
CONTINUOUS
10
5.1250875590551184
20
-5.7856961811023622
11
5.1267944488188979
21
-5.7831416929133859
0
LINE
8
BLACK
6
CONTINUOUS
10
5.1267944488188979
20
-5.7831416929133859
11
5.1293489370078742
21
-5.7814348031496063
0
LINE
8
BLACK
6
CONTINUOUS
10
5.1293489370078742
20
-5.7814348031496063
11
5.1323622047244095
21
-5.780835433070866
0
LINE
8
BLACK
6
CONTINUOUS
10
5.1323622047244095
20
-5.780835433070866
11
5.1923622047244091
21
-5.780835433070866
0
LINE
8
BLACK
6
CONTINUOUS
10
5.1923622047244091
20
-5.780835433070866
11
5.1953754724409444
21
-5.7814348031496063
0
LINE
8
BLACK
6
CONTINUOUS
10
5.295375472440945
20
-5.7814348031496063
11
5.2979299606299213
21
-5.7831416929133859
0
LINE
8
BLACK
6
CONTINUOUS
10
5.2979299606299213
20
-5.7831416929133859
11
5.2996368503937008
21
-5.7856961811023622
0
LINE
8
BLACK
6
CONTINUOUS
10
5.2996368503937008
20
-5.7856961811023622
11
5.3002362204724411
21
-5.7887094488188975
0
LINE
8
BLACK
6
CONTINUOUS
10
5.3002362204724411
20
-5.7887094488188975
11
5.3002362204724411
21
-5.8487094488188971
0
LINE
8
BLACK
6
CONTINUOUS
10
5.3002362204724411
20
-5.8487094488188971
11
5.2996368503937008
21
-5.8517227165354333
0
LINE
8
BLACK
6
CONTINUOUS
10
5.2996368503937008
20
-5.8517227165354333
11
5.2979299606299213
21
-5.8542772047244096
0
LINE
8
BLACK
6
CONTINUOUS
10
5.2979299606299213
20
-5.8542772047244096
11
5.295375472440945
21
-5.8559840944881891
0
LINE
8
BLACK
6
CONTINUOUS
10
5.295375472440945
20
-5.8559840944881891
11
5.2923622047244097
21
-5.8565834645669286
0
LINE
8
BLACK
6
CONTINUOUS
10
5.2923622047244097
20
-5.8565834645669286
11
5.2323622047244092
21
-5.8565834645669286
0
LINE
8
BLACK
6
CONTINUOUS
10
5.2323622047244092
20
-5.8565834645669286
11
5.2293489370078738
21
-5.8559840944881891
0
LINE
8
BLACK
6
CONTINUOUS
10
5.2293489370078738
20
-5.8559840944881891
11
5.2267944488188975
21
-5.8542772047244096
0
LINE
8
BLACK
6
CONTINUOUS
10
5.2267944488188975
20
-5.8542772047244096
11
5.225087559055118
21
-5.8517227165354333
0
LINE
8
BLACK
6
CONTINUOUS
10
5.225087559055118
20
-5.8517227165354333
11
5.2244881889763777
21
-5.8487094488188971
0
LINE
8
BLACK
6
CONTINUOUS
10
5.2244881889763777
20
-5.8487094488188971
11
5.2244881889763777
21
-5.7887094488188975
0
LINE
8
BLACK
6
CONTINUOUS
10
5.2244881889763777
20
-5.7887094488188975
11
5.225087559055118
21
-5.7856961811023622
0
LINE
8
BLACK
6
CONTINUOUS
10
5.225087559055118
20
-5.7856961811023622
11
5.2267944488188975
21
-5.7831416929133859
0
LINE
8
BLACK
6
CONTINUOUS
10
5.2267944488188975
20
-5.7831416929133859
11
5.2293489370078738
21
-5.7814348031496063
0
LINE
8
BLACK
6
CONTINUOUS
10
5.2293489370078738
20
-5.7814348031496063
11
5.2323622047244092
21
-5.780835433070866
0
LINE
8
BLACK
6
CONTINUOUS
10
5.2323622047244092
20
-5.780835433070866
11
5.2923622047244097
21
-5.780835433070866
0
LINE
8
BLACK
6
CONTINUOUS
10
5.2923622047244097
20
-5.780835433070866
11
5.295375472440945
21
-5.7814348031496063
0
LINE
8
BLACK
6
CONTINUOUS
10
5.4453754724409444
20
-5.7814348031496063
11
5.4479299606299207
21
-5.7831416929133859
0
LINE
8
BLACK
6
CONTINUOUS
10
5.4479299606299207
20
-5.7831416929133859
11
5.4496368503937003
21
-5.7856961811023622
0
LINE
8
BLACK
6
CONTINUOUS
10
5.4496368503937003
20
-5.7856961811023622
11
5.4502362204724406
21
-5.7887094488188975
0
LINE
8
BLACK
6
CONTINUOUS
10
5.4502362204724406
20
-5.7887094488188975
11
5.4502362204724406
21
-5.8487094488188971
0
LINE
8
BLACK
6
CONTINUOUS
10
5.4502362204724406
20
-5.8487094488188971
11
5.4496368503937003
21
-5.8517227165354333
0
LINE
8
BLACK
6
CONTINUOUS
10
5.4496368503937003
20
-5.8517227165354333
11
5.4479299606299207
21
-5.8542772047244096
0
LINE
8
BLACK
6
CONTINUOUS
10
5.4479299606299207
20
-5.8542772047244096
11
5.4453754724409444
21
-5.8559840944881891
0
LINE
8
BLACK
6
CONTINUOUS
10
5.4453754724409444
20
-5.8559840944881891
11
5.4423622047244091
21
-5.8565834645669286
0
LINE
8
BLACK
6
CONTINUOUS
10
5.4423622047244091
20
-5.8565834645669286
11
5.3823622047244095
21
-5.8565834645669286
0
LINE
8
BLACK
6
CONTINUOUS
10
5.3823622047244095
20
-5.8565834645669286
11
5.3793489370078742
21
-5.8559840944881891
0
LINE
8
BLACK
6
CONTINUOUS
10
5.3793489370078742
20
-5.8559840944881891
11
5.3767944488188979
21
-5.8542772047244096
0
LINE
8
BLACK
6
CONTINUOUS
10
5.3767944488188979
20
-5.8542772047244096
11
5.3750875590551184
21
-5.8517227165354333
0
LINE
8
BLACK
6
CONTINUOUS
10
5.3750875590551184
20
-5.8517227165354333
11
5.374488188976378
21
-5.8487094488188971
0
LINE
8
BLACK
6
CONTINUOUS
10
5.374488188976378
20
-5.8487094488188971
11
5.374488188976378
21
-5.7887094488188975
0
LINE
8
BLACK
6
CONTINUOUS
10
5.374488188976378
20
-5.7887094488188975
11
5.3750875590551184
21
-5.7856961811023622
0
LINE
8
BLACK
6
CONTINUOUS
10
5.3750875590551184
20
-5.7856961811023622
11
5.3767944488188979
21
-5.7831416929133859
0
LINE
8
BLACK
6
CONTINUOUS
10
5.3767944488188979
20
-5.7831416929133859
11
5.3793489370078742
21
-5.7814348031496063
0
LINE
8
BLACK
6
CONTINUOUS
10
5.3793489370078742
20
-5.7814348031496063
11
5.3823622047244095
21
-5.780835433070866
0
LINE
8
BLACK
6
CONTINUOUS
10
5.3823622047244095
20
-5.780835433070866
11
5.4423622047244091
21
-5.780835433070866
0
LINE
8
BLACK
6
CONTINUOUS
10
5.4423622047244091
20
-5.780835433070866
11
5.4453754724409444
21
-5.7814348031496063
0
LINE
8
BLACK
6
CONTINUOUS
10
5.545375472440945
20
-5.7814348031496063
11
5.5479299606299213
21
-5.7831416929133859
0
LINE
8
BLACK
6
CONTINUOUS
10
5.5479299606299213
20
-5.7831416929133859
11
5.5496368503937008
21
-5.7856961811023622
0
LINE
8
BLACK
6
CONTINUOUS
10
5.5496368503937008
20
-5.7856961811023622
11
5.5502362204724411
21
-5.7887094488188975
0
LINE
8
BLACK
6
CONTINUOUS
10
5.5502362204724411
20
-5.7887094488188975
11
5.5502362204724411
21
-5.8487094488188971
0
LINE
8
BLACK
6
CONTINUOUS
10
5.5502362204724411
20
-5.8487094488188971
11
5.5496368503937008
21
-5.8517227165354333
0
LINE
8
BLACK
6
CONTINUOUS
10
5.5496368503937008
20
-5.8517227165354333
11
5.5479299606299213
21
-5.8542772047244096
0
LINE
8
BLACK
6
CONTINUOUS
10
5.5479299606299213
20
-5.8542772047244096
11
5.545375472440945
21
-5.8559840944881891
0
LINE
8
BLACK
6
CONTINUOUS
10
5.545375472440945
20
-5.8559840944881891
11
5.5423622047244097
21
-5.8565834645669286
0
LINE
8
BLACK
6
CONTINUOUS
10
5.5423622047244097
20
-5.8565834645669286
11
5.4823622047244092
21
-5.8565834645669286
0
LINE
8
BLACK
6
CONTINUOUS
10
5.4823622047244092
20
-5.8565834645669286
11
5.4793489370078738
21
-5.8559840944881891
0
LINE
8
BLACK
6
CONTINUOUS
10
5.4793489370078738
20
-5.8559840944881891
11
5.4767944488188975
21
-5.8542772047244096
0
LINE
8
BLACK
6
CONTINUOUS
10
5.4767944488188975
20
-5.8542772047244096
11
5.475087559055118
21
-5.8517227165354333
0
LINE
8
BLACK
6
CONTINUOUS
10
5.475087559055118
20
-5.8517227165354333
11
5.4744881889763777
21
-5.8487094488188971
0
LINE
8
BLACK
6
CONTINUOUS
10
5.4744881889763777
20
-5.8487094488188971
11
5.4744881889763777
21
-5.7887094488188975
0
LINE
8
BLACK
6
CONTINUOUS
10
5.4744881889763777
20
-5.7887094488188975
11
5.475087559055118
21
-5.7856961811023622
0
LINE
8
BLACK
6
CONTINUOUS
10
5.475087559055118
20
-5.7856961811023622
11
5.4767944488188975
21
-5.7831416929133859
0
LINE
8
BLACK
6
CONTINUOUS
10
5.4767944488188975
20
-5.7831416929133859
11
5.4793489370078738
21
-5.7814348031496063
0
LINE
8
BLACK
6
CONTINUOUS
10
5.4793489370078738
20
-5.7814348031496063
11
5.4823622047244092
21
-5.780835433070866
0
LINE
8
BLACK
6
CONTINUOUS
10
5.4823622047244092
20
-5.780835433070866
11
5.5423622047244097
21
-5.780835433070866
0
LINE
8
BLACK
6
CONTINUOUS
10
5.5423622047244097
20
-5.780835433070866
11
5.545375472440945
21
-5.7814348031496063
0
LINE
8
BLACK
6
CONTINUOUS
10
5.6953754724409444
20
-5.7814348031496063
11
5.6979299606299207
21
-5.7831416929133859
0
LINE
8
BLACK
6
CONTINUOUS
10
5.6979299606299207
20
-5.7831416929133859
11
5.6996368503937003
21
-5.7856961811023622
0
LINE
8
BLACK
6
CONTINUOUS
10
5.6996368503937003
20
-5.7856961811023622
11
5.7002362204724406
21
-5.7887094488188975
0
LINE
8
BLACK
6
CONTINUOUS
10
5.7002362204724406
20
-5.7887094488188975
11
5.7002362204724406
21
-5.8487094488188971
0
LINE
8
BLACK
6
CONTINUOUS
10
5.7002362204724406
20
-5.8487094488188971
11
5.6996368503937003
21
-5.8517227165354333
0
LINE
8
BLACK
6
CONTINUOUS
10
5.6996368503937003
20
-5.8517227165354333
11
5.6979299606299207
21
-5.8542772047244096
0
LINE
8
BLACK
6
CONTINUOUS
10
5.6979299606299207
20
-5.8542772047244096
11
5.6953754724409444
21
-5.8559840944881891
0
LINE
8
BLACK
6
CONTINUOUS
10
5.6953754724409444
20
-5.8559840944881891
11
5.6923622047244091
21
-5.8565834645669286
0
LINE
8
BLACK
6
CONTINUOUS
10
5.6923622047244091
20
-5.8565834645669286
11
5.6323622047244095
21
-5.8565834645669286
0
LINE
8
BLACK
6
CONTINUOUS
10
5.6323622047244095
20
-5.8565834645669286
11
5.6293489370078742
21
-5.8559840944881891
0
LINE
8
BLACK
6
CONTINUOUS
10
5.6293489370078742
20
-5.8559840944881891
11
5.6267944488188979
21
-5.8542772047244096
0
LINE
8
BLACK
6
CONTINUOUS
10
5.6267944488188979
20
-5.8542772047244096
11
5.6250875590551184
21
-5.8517227165354333
0
LINE
8
BLACK
6
CONTINUOUS
10
5.6250875590551184
20
-5.8517227165354333
11
5.624488188976378
21
-5.8487094488188971
0
LINE
8
BLACK
6
CONTINUOUS
10
5.624488188976378
20
-5.8487094488188971
11
5.624488188976378
21
-5.7887094488188975
0
LINE
8
BLACK
6
CONTINUOUS
10
5.624488188976378
20
-5.7887094488188975
11
5.6250875590551184
21
-5.7856961811023622
0
LINE
8
BLACK
6
CONTINUOUS
10
5.6250875590551184
20
-5.7856961811023622
11
5.6267944488188979
21
-5.7831416929133859
0
LINE
8
BLACK
6
CONTINUOUS
10
5.6267944488188979
20
-5.7831416929133859
11
5.6293489370078742
21
-5.7814348031496063
0
LINE
8
BLACK
6
CONTINUOUS
10
5.6293489370078742
20
-5.7814348031496063
11
5.6323622047244095
21
-5.780835433070866
0
LINE
8
BLACK
6
CONTINUOUS
10
5.6323622047244095
20
-5.780835433070866
11
5.6923622047244091
21
-5.780835433070866
0
LINE
8
BLACK
6
CONTINUOUS
10
5.6923622047244091
20
-5.780835433070866
11
5.6953754724409444
21
-5.7814348031496063
0
LINE
8
BLACK
6
CONTINUOUS
10
5.795375472440945
20
-5.7814348031496063
11
5.7979299606299213
21
-5.7831416929133859
0
LINE
8
BLACK
6
CONTINUOUS
10
5.7979299606299213
20
-5.7831416929133859
11
5.7996368503937008
21
-5.7856961811023622
0
LINE
8
BLACK
6
CONTINUOUS
10
5.7996368503937008
20
-5.7856961811023622
11
5.8002362204724411
21
-5.7887094488188975
0
LINE
8
BLACK
6
CONTINUOUS
10
5.8002362204724411
20
-5.7887094488188975
11
5.8002362204724411
21
-5.8487094488188971
0
LINE
8
BLACK
6
CONTINUOUS
10
5.8002362204724411
20
-5.8487094488188971
11
5.7996368503937008
21
-5.8517227165354333
0
LINE
8
BLACK
6
CONTINUOUS
10
5.7996368503937008
20
-5.8517227165354333
11
5.7979299606299213
21
-5.8542772047244096
0
LINE
8
BLACK
6
CONTINUOUS
10
5.7979299606299213
20
-5.8542772047244096
11
5.795375472440945
21
-5.8559840944881891
0
LINE
8
BLACK
6
CONTINUOUS
10
5.795375472440945
20
-5.8559840944881891
11
5.7923622047244097
21
-5.8565834645669286
0
LINE
8
BLACK
6
CONTINUOUS
10
5.7923622047244097
20
-5.8565834645669286
11
5.7323622047244092
21
-5.8565834645669286
0
LINE
8
BLACK
6
CONTINUOUS
10
5.7323622047244092
20
-5.8565834645669286
11
5.7293489370078738
21
-5.8559840944881891
0
LINE
8
BLACK
6
CONTINUOUS
10
5.7293489370078738
20
-5.8559840944881891
11
5.7267944488188975
21
-5.8542772047244096
0
LINE
8
BLACK
6
CONTINUOUS
10
5.7267944488188975
20
-5.8542772047244096
11
5.725087559055118
21
-5.8517227165354333
0
LINE
8
BLACK
6
CONTINUOUS
10
5.725087559055118
20
-5.8517227165354333
11
5.7244881889763777
21
-5.8487094488188971
0
LINE
8
BLACK
6
CONTINUOUS
10
5.7244881889763777
20
-5.8487094488188971
11
5.7244881889763777
21
-5.7887094488188975
0
LINE
8
BLACK
6
CONTINUOUS
10
5.7244881889763777
20
-5.7887094488188975
11
5.725087559055118
21
-5.7856961811023622
0
LINE
8
BLACK
6
CONTINUOUS
10
5.725087559055118
20
-5.7856961811023622
11
5.7267944488188975
21
-5.7831416929133859
0
LINE
8
BLACK
6
CONTINUOUS
10
5.7267944488188975
20
-5.7831416929133859
11
5.7293489370078738
21
-5.7814348031496063
0
LINE
8
BLACK
6
CONTINUOUS
10
5.7293489370078738
20
-5.7814348031496063
11
5.7323622047244092
21
-5.780835433070866
0
LINE
8
BLACK
6
CONTINUOUS
10
5.7323622047244092
20
-5.780835433070866
11
5.7923622047244097
21
-5.780835433070866
0
LINE
8
BLACK
6
CONTINUOUS
10
5.7923622047244097
20
-5.780835433070866
11
5.795375472440945
21
-5.7814348031496063
0
LINE
8
BLACK
6
CONTINUOUS
10
4.9418321653543309
20
-5.6856867716535433
11
4.9443866535433072
21
-5.6873936614173228
0
LINE
8
BLACK
6
CONTINUOUS
10
4.9443866535433072
20
-5.6873936614173228
11
4.9460935433070867
21
-5.6899481496062991
0
LINE
8
BLACK
6
CONTINUOUS
10
4.9460935433070867
20
-5.6899481496062991
11
4.9466929133858271
21
-5.6929614173228344
0
LINE
8
BLACK
6
CONTINUOUS
10
4.9466929133858271
20
-5.6929614173228344
11
4.9466929133858271
21
-5.7529614173228349
0
LINE
8
BLACK
6
CONTINUOUS
10
4.9466929133858271
20
-5.7529614173228349
11
4.9460935433070867
21
-5.7559746850393703
0
LINE
8
BLACK
6
CONTINUOUS
10
4.9460935433070867
20
-5.7559746850393703
11
4.9443866535433072
21
-5.7585291732283466
0
LINE
8
BLACK
6
CONTINUOUS
10
4.9443866535433072
20
-5.7585291732283466
11
4.9418321653543309
21
-5.7602360629921261
0
LINE
8
BLACK
6
CONTINUOUS
10
4.9418321653543309
20
-5.7602360629921261
11
4.9388188976377956
21
-5.7608354330708664
0
LINE
8
BLACK
6
CONTINUOUS
10
4.9388188976377956
20
-5.7608354330708664
11
4.8788188976377951
21
-5.7608354330708664
0
LINE
8
BLACK
6
CONTINUOUS
10
4.8788188976377951
20
-5.7608354330708664
11
4.8758056299212598
21
-5.7602360629921261
0
LINE
8
BLACK
6
CONTINUOUS
10
4.8758056299212598
20
-5.7602360629921261
11
4.8732511417322835
21
-5.7585291732283466
0
LINE
8
BLACK
6
CONTINUOUS
10
4.8732511417322835
20
-5.7585291732283466
11
4.8715442519685039
21
-5.7559746850393703
0
LINE
8
BLACK
6
CONTINUOUS
10
4.8715442519685039
20
-5.7559746850393703
11
4.8709448818897636
21
-5.7529614173228349
0
LINE
8
BLACK
6
CONTINUOUS
10
4.8709448818897636
20
-5.7529614173228349
11
4.8709448818897636
21
-5.6929614173228344
0
LINE
8
BLACK
6
CONTINUOUS
10
4.8709448818897636
20
-5.6929614173228344
11
4.8715442519685039
21
-5.6899481496062991
0
LINE
8
BLACK
6
CONTINUOUS
10
4.8715442519685039
20
-5.6899481496062991
11
4.8732511417322835
21
-5.6873936614173228
0
LINE
8
BLACK
6
CONTINUOUS
10
4.8732511417322835
20
-5.6873936614173228
11
4.8758056299212598
21
-5.6856867716535433
0
LINE
8
BLACK
6
CONTINUOUS
10
4.8758056299212598
20
-5.6856867716535433
11
4.8788188976377951
21
-5.685087401574803
0
LINE
8
BLACK
6
CONTINUOUS
10
4.8788188976377951
20
-5.685087401574803
11
4.9388188976377956
21
-5.685087401574803
0
LINE
8
BLACK
6
CONTINUOUS
10
4.9388188976377956
20
-5.685087401574803
11
4.9418321653543309
21
-5.6856867716535433
0
LINE
8
BLACK
6
CONTINUOUS
10
5.0418321653543305
20
-5.6856867716535433
11
5.0443866535433068
21
-5.6873936614173228
0
LINE
8
BLACK
6
CONTINUOUS
10
5.0443866535433068
20
-5.6873936614173228
11
5.0460935433070864
21
-5.6899481496062991
0
LINE
8
BLACK
6
CONTINUOUS
10
5.0460935433070864
20
-5.6899481496062991
11
5.0466929133858267
21
-5.6929614173228344
0
LINE
8
BLACK
6
CONTINUOUS
10
5.0466929133858267
20
-5.6929614173228344
11
5.0466929133858267
21
-5.7529614173228349
0
LINE
8
BLACK
6
CONTINUOUS
10
5.0466929133858267
20
-5.7529614173228349
11
5.0460935433070864
21
-5.7559746850393703
0
LINE
8
BLACK
6
CONTINUOUS
10
5.0460935433070864
20
-5.7559746850393703
11
5.0443866535433068
21
-5.7585291732283466
0
LINE
8
BLACK
6
CONTINUOUS
10
5.0443866535433068
20
-5.7585291732283466
11
5.0418321653543305
21
-5.7602360629921261
0
LINE
8
BLACK
6
CONTINUOUS
10
5.0418321653543305
20
-5.7602360629921261
11
5.0388188976377952
21
-5.7608354330708664
0
LINE
8
BLACK
6
CONTINUOUS
10
5.0388188976377952
20
-5.7608354330708664
11
4.9788188976377947
21
-5.7608354330708664
0
LINE
8
BLACK
6
CONTINUOUS
10
4.9788188976377947
20
-5.7608354330708664
11
4.9758056299212594
21
-5.7602360629921261
0
LINE
8
BLACK
6
CONTINUOUS
10
4.9758056299212594
20
-5.7602360629921261
11
4.9732511417322831
21
-5.7585291732283466
0
LINE
8
BLACK
6
CONTINUOUS
10
4.9732511417322831
20
-5.7585291732283466
11
4.9715442519685036
21
-5.7559746850393703
0
LINE
8
BLACK
6
CONTINUOUS
10
4.9715442519685036
20
-5.7559746850393703
11
4.9709448818897632
21
-5.7529614173228349
0
LINE
8
BLACK
6
CONTINUOUS
10
4.9709448818897632
20
-5.7529614173228349
11
4.9709448818897632
21
-5.6929614173228344
0
LINE
8
BLACK
6
CONTINUOUS
10
4.9709448818897632
20
-5.6929614173228344
11
4.9715442519685036
21
-5.6899481496062991
0
LINE
8
BLACK
6
CONTINUOUS
10
4.9715442519685036
20
-5.6899481496062991
11
4.9732511417322831
21
-5.6873936614173228
0
LINE
8
BLACK
6
CONTINUOUS
10
4.9732511417322831
20
-5.6873936614173228
11
4.9758056299212594
21
-5.6856867716535433
0
LINE
8
BLACK
6
CONTINUOUS
10
4.9758056299212594
20
-5.6856867716535433
11
4.9788188976377947
21
-5.685087401574803
0
LINE
8
BLACK
6
CONTINUOUS
10
4.9788188976377947
20
-5.685087401574803
11
5.0388188976377952
21
-5.685087401574803
0
LINE
8
BLACK
6
CONTINUOUS
10
5.0388188976377952
20
-5.685087401574803
11
5.0418321653543305
21
-5.6856867716535433
0
LINE
8
BLACK
6
CONTINUOUS
10
5.9440132677165352
20
-5.6837253543307087
11
5.9465677559055115
21
-5.6854322440944882
0
LINE
8
BLACK
6
CONTINUOUS
10
5.9465677559055115
20
-5.6854322440944882
11
5.948274645669291
21
-5.6879867322834645
0
LINE
8
BLACK
6
CONTINUOUS
10
5.948274645669291
20
-5.6879867322834645
11
5.9488740157480313
21
-5.6909999999999998
0
LINE
8
BLACK
6
CONTINUOUS
10
5.9488740157480313
20
-5.6909999999999998
11
5.9488740157480313
21
-5.7509999999999994
0
LINE
8
BLACK
6
CONTINUOUS
10
5.9488740157480313
20
-5.7509999999999994
11
5.948274645669291
21
-5.7540132677165357
0
LINE
8
BLACK
6
CONTINUOUS
10
5.948274645669291
20
-5.7540132677165357
11
5.9465677559055115
21
-5.756567755905512
0
LINE
8
BLACK
6
CONTINUOUS
10
5.9465677559055115
20
-5.756567755905512
11
5.9440132677165352
21
-5.7582746456692915
0
LINE
8
BLACK
6
CONTINUOUS
10
5.9440132677165352
20
-5.7582746456692915
11
5.9409999999999998
21
-5.7588740157480309
0
LINE
8
BLACK
6
CONTINUOUS
10
5.9409999999999998
20
-5.7588740157480309
11
5.8810000000000002
21
-5.7588740157480309
0
LINE
8
BLACK
6
CONTINUOUS
10
5.8810000000000002
20
-5.7588740157480309
11
5.877986732283464
21
-5.7582746456692915
0
LINE
8
BLACK
6
CONTINUOUS
10
5.877986732283464
20
-5.7582746456692915
11
5.8754322440944877
21
-5.756567755905512
0
LINE
8
BLACK
6
CONTINUOUS
10
5.8754322440944877
20
-5.756567755905512
11
5.8737253543307082
21
-5.7540132677165357
0
LINE
8
BLACK
6
CONTINUOUS
10
5.8737253543307082
20
-5.7540132677165357
11
5.8731259842519687
21
-5.7509999999999994
0
LINE
8
BLACK
6
CONTINUOUS
10
5.8731259842519687
20
-5.7509999999999994
11
5.8731259842519687
21
-5.6909999999999998
0
LINE
8
BLACK
6
CONTINUOUS
10
5.8731259842519687
20
-5.6909999999999998
11
5.8737253543307082
21
-5.6879867322834645
0
LINE
8
BLACK
6
CONTINUOUS
10
5.8737253543307082
20
-5.6879867322834645
11
5.8754322440944877
21
-5.6854322440944882
0
LINE
8
BLACK
6
CONTINUOUS
10
5.8754322440944877
20
-5.6854322440944882
11
5.877986732283464
21
-5.6837253543307087
0
LINE
8
BLACK
6
CONTINUOUS
10
5.877986732283464
20
-5.6837253543307087
11
5.8810000000000002
21
-5.6831259842519684
0
LINE
8
BLACK
6
CONTINUOUS
10
5.8810000000000002
20
-5.6831259842519684
11
5.9409999999999998
21
-5.6831259842519684
0
LINE
8
BLACK
6
CONTINUOUS
10
5.9409999999999998
20
-5.6831259842519684
11
5.9440132677165352
21
-5.6837253543307087
0
LINE
8
BLACK
6
CONTINUOUS
10
6.0440132677165357
20
-5.6837253543307087
11
6.046567755905512
21
-5.6854322440944882
0
LINE
8
BLACK
6
CONTINUOUS
10
6.046567755905512
20
-5.6854322440944882
11
6.0482746456692915
21
-5.6879867322834645
0
LINE
8
BLACK
6
CONTINUOUS
10
6.0482746456692915
20
-5.6879867322834645
11
6.048874015748031
21
-5.6909999999999998
0
LINE
8
BLACK
6
CONTINUOUS
10
6.048874015748031
20
-5.6909999999999998
11
6.048874015748031
21
-5.7509999999999994
0
LINE
8
BLACK
6
CONTINUOUS
10
6.048874015748031
20
-5.7509999999999994
11
6.0482746456692915
21
-5.7540132677165357
0
LINE
8
BLACK
6
CONTINUOUS
10
6.0482746456692915
20
-5.7540132677165357
11
6.046567755905512
21
-5.756567755905512
0
LINE
8
BLACK
6
CONTINUOUS
10
6.046567755905512
20
-5.756567755905512
11
6.0440132677165357
21
-5.7582746456692915
0
LINE
8
BLACK
6
CONTINUOUS
10
6.0440132677165357
20
-5.7582746456692915
11
6.0409999999999995
21
-5.7588740157480309
0
LINE
8
BLACK
6
CONTINUOUS
10
6.0409999999999995
20
-5.7588740157480309
11
5.9809999999999999
21
-5.7588740157480309
0
LINE
8
BLACK
6
CONTINUOUS
10
5.9809999999999999
20
-5.7588740157480309
11
5.9779867322834646
21
-5.7582746456692915
0
LINE
8
BLACK
6
CONTINUOUS
10
5.9779867322834646
20
-5.7582746456692915
11
5.9754322440944883
21
-5.756567755905512
0
LINE
8
BLACK
6
CONTINUOUS
10
5.9754322440944883
20
-5.756567755905512
11
5.9737253543307087
21
-5.7540132677165357
0
LINE
8
BLACK
6
CONTINUOUS
10
5.9737253543307087
20
-5.7540132677165357
11
5.9731259842519684
21
-5.7509999999999994
0
LINE
8
BLACK
6
CONTINUOUS
10
5.9731259842519684
20
-5.7509999999999994
11
5.9731259842519684
21
-5.6909999999999998
0
LINE
8
BLACK
6
CONTINUOUS
10
5.9731259842519684
20
-5.6909999999999998
11
5.9737253543307087
21
-5.6879867322834645
0
LINE
8
BLACK
6
CONTINUOUS
10
5.9737253543307087
20
-5.6879867322834645
11
5.9754322440944883
21
-5.6854322440944882
0
LINE
8
BLACK
6
CONTINUOUS
10
5.9754322440944883
20
-5.6854322440944882
11
5.9779867322834646
21
-5.6837253543307087
0
LINE
8
BLACK
6
CONTINUOUS
10
5.9779867322834646
20
-5.6837253543307087
11
5.9809999999999999
21
-5.6831259842519684
0
LINE
8
BLACK
6
CONTINUOUS
10
5.9809999999999999
20
-5.6831259842519684
11
6.0409999999999995
21
-5.6831259842519684
0
LINE
8
BLACK
6
CONTINUOUS
10
6.0409999999999995
20
-5.6831259842519684
11
6.0440132677165357
21
-5.6837253543307087
0
LINE
8
BLACK
6
CONTINUOUS
10
4.4469502755905514
20
-5.6833245669291337
11
4.4495047637795277
21
-5.6850314566929132
0
LINE
8
BLACK
6
CONTINUOUS
10
4.4495047637795277
20
-5.6850314566929132
11
4.4512116535433073
21
-5.6875859448818895
0
LINE
8
BLACK
6
CONTINUOUS
10
4.4512116535433073
20
-5.6875859448818895
11
4.4518110236220467
21
-5.6905992125984248
0
LINE
8
BLACK
6
CONTINUOUS
10
4.4518110236220467
20
-5.6905992125984248
11
4.4518110236220467
21
-5.7505992125984253
0
LINE
8
BLACK
6
CONTINUOUS
10
4.4518110236220467
20
-5.7505992125984253
11
4.4512116535433073
21
-5.7536124803149606
0
LINE
8
BLACK
6
CONTINUOUS
10
4.4512116535433073
20
-5.7536124803149606
11
4.4495047637795277
21
-5.7561669685039369
0
LINE
8
BLACK
6
CONTINUOUS
10
4.4495047637795277
20
-5.7561669685039369
11
4.4469502755905514
21
-5.7578738582677165
0
LINE
8
BLACK
6
CONTINUOUS
10
4.4469502755905514
20
-5.7578738582677165
11
4.4439370078740152
21
-5.7584732283464568
0
LINE
8
BLACK
6
CONTINUOUS
10
4.4439370078740152
20
-5.7584732283464568
11
4.3839370078740156
21
-5.7584732283464568
0
LINE
8
BLACK
6
CONTINUOUS
10
4.3839370078740156
20
-5.7584732283464568
11
4.3809237401574803
21
-5.7578738582677165
0
LINE
8
BLACK
6
CONTINUOUS
10
4.3809237401574803
20
-5.7578738582677165
11
4.378369251968504
21
-5.7561669685039369
0
LINE
8
BLACK
6
CONTINUOUS
10
4.378369251968504
20
-5.7561669685039369
11
4.3766623622047245
21
-5.7536124803149606
0
LINE
8
BLACK
6
CONTINUOUS
10
4.3766623622047245
20
-5.7536124803149606
11
4.3760629921259842
21
-5.7505992125984253
0
LINE
8
BLACK
6
CONTINUOUS
10
4.3760629921259842
20
-5.7505992125984253
11
4.3760629921259842
21
-5.6905992125984248
0
LINE
8
BLACK
6
CONTINUOUS
10
4.3760629921259842
20
-5.6905992125984248
11
4.3766623622047245
21
-5.6875859448818895
0
LINE
8
BLACK
6
CONTINUOUS
10
4.3766623622047245
20
-5.6875859448818895
11
4.378369251968504
21
-5.6850314566929132
0
LINE
8
BLACK
6
CONTINUOUS
10
4.378369251968504
20
-5.6850314566929132
11
4.3809237401574803
21
-5.6833245669291337
0
LINE
8
BLACK
6
CONTINUOUS
10
4.3809237401574803
20
-5.6833245669291337
11
4.3839370078740156
21
-5.6827251968503933
0
LINE
8
BLACK
6
CONTINUOUS
10
4.3839370078740156
20
-5.6827251968503933
11
4.4439370078740152
21
-5.6827251968503933
0
LINE
8
BLACK
6
CONTINUOUS
10
4.4439370078740152
20
-5.6827251968503933
11
4.4469502755905514
21
-5.6833245669291337
0
LINE
8
BLACK
6
CONTINUOUS
10
4.5469502755905511
20
-5.6833245669291337
11
4.5495047637795274
21
-5.6850314566929132
0
LINE
8
BLACK
6
CONTINUOUS
10
4.5495047637795274
20
-5.6850314566929132
11
4.5512116535433069
21
-5.6875859448818895
0
LINE
8
BLACK
6
CONTINUOUS
10
4.5512116535433069
20
-5.6875859448818895
11
4.5518110236220473
21
-5.6905992125984248
0
LINE
8
BLACK
6
CONTINUOUS
10
4.5518110236220473
20
-5.6905992125984248
11
4.5518110236220473
21
-5.7505992125984253
0
LINE
8
BLACK
6
CONTINUOUS
10
4.5518110236220473
20
-5.7505992125984253
11
4.5512116535433069
21
-5.7536124803149606
0
LINE
8
BLACK
6
CONTINUOUS
10
4.5512116535433069
20
-5.7536124803149606
11
4.5495047637795274
21
-5.7561669685039369
0
LINE
8
BLACK
6
CONTINUOUS
10
4.5495047637795274
20
-5.7561669685039369
11
4.5469502755905511
21
-5.7578738582677165
0
LINE
8
BLACK
6
CONTINUOUS
10
4.5469502755905511
20
-5.7578738582677165
11
4.5439370078740158
21
-5.7584732283464568
0
LINE
8
BLACK
6
CONTINUOUS
10
4.5439370078740158
20
-5.7584732283464568
11
4.4839370078740153
21
-5.7584732283464568
0
LINE
8
BLACK
6
CONTINUOUS
10
4.4839370078740153
20
-5.7584732283464568
11
4.48092374015748
21
-5.7578738582677165
0
LINE
8
BLACK
6
CONTINUOUS
10
4.48092374015748
20
-5.7578738582677165
11
4.4783692519685037
21
-5.7561669685039369
0
LINE
8
BLACK
6
CONTINUOUS
10
4.4783692519685037
20
-5.7561669685039369
11
4.4766623622047241
21
-5.7536124803149606
0
LINE
8
BLACK
6
CONTINUOUS
10
4.4766623622047241
20
-5.7536124803149606
11
4.4760629921259838
21
-5.7505992125984253
0
LINE
8
BLACK
6
CONTINUOUS
10
4.4760629921259838
20
-5.7505992125984253
11
4.4760629921259838
21
-5.6905992125984248
0
LINE
8
BLACK
6
CONTINUOUS
10
4.4760629921259838
20
-5.6905992125984248
11
4.4766623622047241
21
-5.6875859448818895
0
LINE
8
BLACK
6
CONTINUOUS
10
4.4766623622047241
20
-5.6875859448818895
11
4.4783692519685037
21
-5.6850314566929132
0
LINE
8
BLACK
6
CONTINUOUS
10
4.4783692519685037
20
-5.6850314566929132
11
4.48092374015748
21
-5.6833245669291337
0
LINE
8
BLACK
6
CONTINUOUS
10
4.48092374015748
20
-5.6833245669291337
11
4.4839370078740153
21
-5.6827251968503933
0
LINE
8
BLACK
6
CONTINUOUS
10
4.4839370078740153
20
-5.6827251968503933
11
4.5439370078740158
21
-5.6827251968503933
0
LINE
8
BLACK
6
CONTINUOUS
10
4.5439370078740158
20
-5.6827251968503933
11
4.5469502755905511
21
-5.6833245669291337
0
LINE
8
BLACK
6
CONTINUOUS
10
4.6953754724409444
20
-5.6814348031496058
11
4.6979299606299207
21
-5.6831416929133853
0
LINE
8
BLACK
6
CONTINUOUS
10
4.6979299606299207
20
-5.6831416929133853
11
4.6996368503937003
21
-5.6856961811023616
0
LINE
8
BLACK
6
CONTINUOUS
10
4.6996368503937003
20
-5.6856961811023616
11
4.7002362204724406
21
-5.6887094488188978
0
LINE
8
BLACK
6
CONTINUOUS
10
4.7002362204724406
20
-5.6887094488188978
11
4.7002362204724406
21
-5.7487094488188974
0
LINE
8
BLACK
6
CONTINUOUS
10
4.7002362204724406
20
-5.7487094488188974
11
4.6996368503937003
21
-5.7517227165354328
0
LINE
8
BLACK
6
CONTINUOUS
10
4.6996368503937003
20
-5.7517227165354328
11
4.6979299606299207
21
-5.7542772047244091
0
LINE
8
BLACK
6
CONTINUOUS
10
4.6979299606299207
20
-5.7542772047244091
11
4.6953754724409444
21
-5.7559840944881886
0
LINE
8
BLACK
6
CONTINUOUS
10
4.6953754724409444
20
-5.7559840944881886
11
4.6923622047244091
21
-5.7565834645669289
0
LINE
8
BLACK
6
CONTINUOUS
10
4.6923622047244091
20
-5.7565834645669289
11
4.6323622047244095
21
-5.7565834645669289
0
LINE
8
BLACK
6
CONTINUOUS
10
4.6323622047244095
20
-5.7565834645669289
11
4.6293489370078742
21
-5.7559840944881886
0
LINE
8
BLACK
6
CONTINUOUS
10
4.6293489370078742
20
-5.7559840944881886
11
4.6267944488188979
21
-5.7542772047244091
0
LINE
8
BLACK
6
CONTINUOUS
10
4.6267944488188979
20
-5.7542772047244091
11
4.6250875590551184
21
-5.7517227165354328
0
LINE
8
BLACK
6
CONTINUOUS
10
4.6250875590551184
20
-5.7517227165354328
11
4.624488188976378
21
-5.7487094488188974
0
LINE
8
BLACK
6
CONTINUOUS
10
4.624488188976378
20
-5.7487094488188974
11
4.624488188976378
21
-5.6887094488188978
0
LINE
8
BLACK
6
CONTINUOUS
10
4.624488188976378
20
-5.6887094488188978
11
4.6250875590551184
21
-5.6856961811023616
0
LINE
8
BLACK
6
CONTINUOUS
10
4.6250875590551184
20
-5.6856961811023616
11
4.6267944488188979
21
-5.6831416929133853
0
LINE
8
BLACK
6
CONTINUOUS
10
4.6267944488188979
20
-5.6831416929133853
11
4.6293489370078742
21
-5.6814348031496058
0
LINE
8
BLACK
6
CONTINUOUS
10
4.6293489370078742
20
-5.6814348031496058
11
4.6323622047244095
21
-5.6808354330708664
0
LINE
8
BLACK
6
CONTINUOUS
10
4.6323622047244095
20
-5.6808354330708664
11
4.6923622047244091
21
-5.6808354330708664
0
LINE
8
BLACK
6
CONTINUOUS
10
4.6923622047244091
20
-5.6808354330708664
11
4.6953754724409444
21
-5.6814348031496058
0
LINE
8
BLACK
6
CONTINUOUS
10
4.795375472440945
20
-5.6814348031496058
11
4.7979299606299213
21
-5.6831416929133853
0
LINE
8
BLACK
6
CONTINUOUS
10
4.7979299606299213
20
-5.6831416929133853
11
4.7996368503937008
21
-5.6856961811023616
0
LINE
8
BLACK
6
CONTINUOUS
10
4.7996368503937008
20
-5.6856961811023616
11
4.8002362204724411
21
-5.6887094488188978
0
LINE
8
BLACK
6
CONTINUOUS
10
4.8002362204724411
20
-5.6887094488188978
11
4.8002362204724411
21
-5.7487094488188974
0
LINE
8
BLACK
6
CONTINUOUS
10
4.8002362204724411
20
-5.7487094488188974
11
4.7996368503937008
21
-5.7517227165354328
0
LINE
8
BLACK
6
CONTINUOUS
10
4.7996368503937008
20
-5.7517227165354328
11
4.7979299606299213
21
-5.7542772047244091
0
LINE
8
BLACK
6
CONTINUOUS
10
4.7979299606299213
20
-5.7542772047244091
11
4.795375472440945
21
-5.7559840944881886
0
LINE
8
BLACK
6
CONTINUOUS
10
4.795375472440945
20
-5.7559840944881886
11
4.7923622047244097
21
-5.7565834645669289
0
LINE
8
BLACK
6
CONTINUOUS
10
4.7923622047244097
20
-5.7565834645669289
11
4.7323622047244092
21
-5.7565834645669289
0
LINE
8
BLACK
6
CONTINUOUS
10
4.7323622047244092
20
-5.7565834645669289
11
4.7293489370078738
21
-5.7559840944881886
0
LINE
8
BLACK
6
CONTINUOUS
10
4.7293489370078738
20
-5.7559840944881886
11
4.7267944488188975
21
-5.7542772047244091
0
LINE
8
BLACK
6
CONTINUOUS
10
4.7267944488188975
20
-5.7542772047244091
11
4.725087559055118
21
-5.7517227165354328
0
LINE
8
BLACK
6
CONTINUOUS
10
4.725087559055118
20
-5.7517227165354328
11
4.7244881889763777
21
-5.7487094488188974
0
LINE
8
BLACK
6
CONTINUOUS
10
4.7244881889763777
20
-5.7487094488188974
11
4.7244881889763777
21
-5.6887094488188978
0
LINE
8
BLACK
6
CONTINUOUS
10
4.7244881889763777
20
-5.6887094488188978
11
4.725087559055118
21
-5.6856961811023616
0
LINE
8
BLACK
6
CONTINUOUS
10
4.725087559055118
20
-5.6856961811023616
11
4.7267944488188975
21
-5.6831416929133853
0
LINE
8
BLACK
6
CONTINUOUS
10
4.7267944488188975
20
-5.6831416929133853
11
4.7293489370078738
21
-5.6814348031496058
0
LINE
8
BLACK
6
CONTINUOUS
10
4.7293489370078738
20
-5.6814348031496058
11
4.7323622047244092
21
-5.6808354330708664
0
LINE
8
BLACK
6
CONTINUOUS
10
4.7323622047244092
20
-5.6808354330708664
11
4.7923622047244097
21
-5.6808354330708664
0
LINE
8
BLACK
6
CONTINUOUS
10
4.7923622047244097
20
-5.6808354330708664
11
4.795375472440945
21
-5.6814348031496058
0
LINE
8
BLACK
6
CONTINUOUS
10
5.1953754724409444
20
-5.6814348031496058
11
5.1979299606299207
21
-5.6831416929133853
0
LINE
8
BLACK
6
CONTINUOUS
10
5.1979299606299207
20
-5.6831416929133853
11
5.1996368503937003
21
-5.6856961811023616
0
LINE
8
BLACK
6
CONTINUOUS
10
5.1996368503937003
20
-5.6856961811023616
11
5.2002362204724406
21
-5.6887094488188978
0
LINE
8
BLACK
6
CONTINUOUS
10
5.2002362204724406
20
-5.6887094488188978
11
5.2002362204724406
21
-5.7487094488188974
0
LINE
8
BLACK
6
CONTINUOUS
10
5.2002362204724406
20
-5.7487094488188974
11
5.1996368503937003
21
-5.7517227165354328
0
LINE
8
BLACK
6
CONTINUOUS
10
5.1996368503937003
20
-5.7517227165354328
11
5.1979299606299207
21
-5.7542772047244091
0
LINE
8
BLACK
6
CONTINUOUS
10
5.1979299606299207
20
-5.7542772047244091
11
5.1953754724409444
21
-5.7559840944881886
0
LINE
8
BLACK
6
CONTINUOUS
10
5.1953754724409444
20
-5.7559840944881886
11
5.1923622047244091
21
-5.7565834645669289
0
LINE
8
BLACK
6
CONTINUOUS
10
5.1923622047244091
20
-5.7565834645669289
11
5.1323622047244095
21
-5.7565834645669289
0
LINE
8
BLACK
6
CONTINUOUS
10
5.1323622047244095
20
-5.7565834645669289
11
5.1293489370078742
21
-5.7559840944881886
0
LINE
8
BLACK
6
CONTINUOUS
10
5.1293489370078742
20
-5.7559840944881886
11
5.1267944488188979
21
-5.7542772047244091
0
LINE
8
BLACK
6
CONTINUOUS
10
5.1267944488188979
20
-5.7542772047244091
11
5.1250875590551184
21
-5.7517227165354328
0
LINE
8
BLACK
6
CONTINUOUS
10
5.1250875590551184
20
-5.7517227165354328
11
5.124488188976378
21
-5.7487094488188974
0
LINE
8
BLACK
6
CONTINUOUS
10
5.124488188976378
20
-5.7487094488188974
11
5.124488188976378
21
-5.6887094488188978
0
LINE
8
BLACK
6
CONTINUOUS
10
5.124488188976378
20
-5.6887094488188978
11
5.1250875590551184
21
-5.6856961811023616
0
LINE
8
BLACK
6
CONTINUOUS
10
5.1250875590551184
20
-5.6856961811023616
11
5.1267944488188979
21
-5.6831416929133853
0
LINE
8
BLACK
6
CONTINUOUS
10
5.1267944488188979
20
-5.6831416929133853
11
5.1293489370078742
21
-5.6814348031496058
0
LINE
8
BLACK
6
CONTINUOUS
10
5.1293489370078742
20
-5.6814348031496058
11
5.1323622047244095
21
-5.6808354330708664
0
LINE
8
BLACK
6
CONTINUOUS
10
5.1323622047244095
20
-5.6808354330708664
11
5.1923622047244091
21
-5.6808354330708664
0
LINE
8
BLACK
6
CONTINUOUS
10
5.1923622047244091
20
-5.6808354330708664
11
5.1953754724409444
21
-5.6814348031496058
0
LINE
8
BLACK
6
CONTINUOUS
10
5.295375472440945
20
-5.6814348031496058
11
5.2979299606299213
21
-5.6831416929133853
0
LINE
8
BLACK
6
CONTINUOUS
10
5.2979299606299213
20
-5.6831416929133853
11
5.2996368503937008
21
-5.6856961811023616
0
LINE
8
BLACK
6
CONTINUOUS
10
5.2996368503937008
20
-5.6856961811023616
11
5.3002362204724411
21
-5.6887094488188978
0
LINE
8
BLACK
6
CONTINUOUS
10
5.3002362204724411
20
-5.6887094488188978
11
5.3002362204724411
21
-5.7487094488188974
0
LINE
8
BLACK
6
CONTINUOUS
10
5.3002362204724411
20
-5.7487094488188974
11
5.2996368503937008
21
-5.7517227165354328
0
LINE
8
BLACK
6
CONTINUOUS
10
5.2996368503937008
20
-5.7517227165354328
11
5.2979299606299213
21
-5.7542772047244091
0
LINE
8
BLACK
6
CONTINUOUS
10
5.2979299606299213
20
-5.7542772047244091
11
5.295375472440945
21
-5.7559840944881886
0
LINE
8
BLACK
6
CONTINUOUS
10
5.295375472440945
20
-5.7559840944881886
11
5.2923622047244097
21
-5.7565834645669289
0
LINE
8
BLACK
6
CONTINUOUS
10
5.2923622047244097
20
-5.7565834645669289
11
5.2323622047244092
21
-5.7565834645669289
0
LINE
8
BLACK
6
CONTINUOUS
10
5.2323622047244092
20
-5.7565834645669289
11
5.2293489370078738
21
-5.7559840944881886
0
LINE
8
BLACK
6
CONTINUOUS
10
5.2293489370078738
20
-5.7559840944881886
11
5.2267944488188975
21
-5.7542772047244091
0
LINE
8
BLACK
6
CONTINUOUS
10
5.2267944488188975
20
-5.7542772047244091
11
5.225087559055118
21
-5.7517227165354328
0
LINE
8
BLACK
6
CONTINUOUS
10
5.225087559055118
20
-5.7517227165354328
11
5.2244881889763777
21
-5.7487094488188974
0
LINE
8
BLACK
6
CONTINUOUS
10
5.2244881889763777
20
-5.7487094488188974
11
5.2244881889763777
21
-5.6887094488188978
0
LINE
8
BLACK
6
CONTINUOUS
10
5.2244881889763777
20
-5.6887094488188978
11
5.225087559055118
21
-5.6856961811023616
0
LINE
8
BLACK
6
CONTINUOUS
10
5.225087559055118
20
-5.6856961811023616
11
5.2267944488188975
21
-5.6831416929133853
0
LINE
8
BLACK
6
CONTINUOUS
10
5.2267944488188975
20
-5.6831416929133853
11
5.2293489370078738
21
-5.6814348031496058
0
LINE
8
BLACK
6
CONTINUOUS
10
5.2293489370078738
20
-5.6814348031496058
11
5.2323622047244092
21
-5.6808354330708664
0
LINE
8
BLACK
6
CONTINUOUS
10
5.2323622047244092
20
-5.6808354330708664
11
5.2923622047244097
21
-5.6808354330708664
0
LINE
8
BLACK
6
CONTINUOUS
10
5.2923622047244097
20
-5.6808354330708664
11
5.295375472440945
21
-5.6814348031496058
0
LINE
8
BLACK
6
CONTINUOUS
10
5.4453754724409444
20
-5.6814348031496058
11
5.4479299606299207
21
-5.6831416929133853
0
LINE
8
BLACK
6
CONTINUOUS
10
5.4479299606299207
20
-5.6831416929133853
11
5.4496368503937003
21
-5.6856961811023616
0
LINE
8
BLACK
6
CONTINUOUS
10
5.4496368503937003
20
-5.6856961811023616
11
5.4502362204724406
21
-5.6887094488188978
0
LINE
8
BLACK
6
CONTINUOUS
10
5.4502362204724406
20
-5.6887094488188978
11
5.4502362204724406
21
-5.7487094488188974
0
LINE
8
BLACK
6
CONTINUOUS
10
5.4502362204724406
20
-5.7487094488188974
11
5.4496368503937003
21
-5.7517227165354328
0
LINE
8
BLACK
6
CONTINUOUS
10
5.4496368503937003
20
-5.7517227165354328
11
5.4479299606299207
21
-5.7542772047244091
0
LINE
8
BLACK
6
CONTINUOUS
10
5.4479299606299207
20
-5.7542772047244091
11
5.4453754724409444
21
-5.7559840944881886
0
LINE
8
BLACK
6
CONTINUOUS
10
5.4453754724409444
20
-5.7559840944881886
11
5.4423622047244091
21
-5.7565834645669289
0
LINE
8
BLACK
6
CONTINUOUS
10
5.4423622047244091
20
-5.7565834645669289
11
5.3823622047244095
21
-5.7565834645669289
0
LINE
8
BLACK
6
CONTINUOUS
10
5.3823622047244095
20
-5.7565834645669289
11
5.3793489370078742
21
-5.7559840944881886
0
LINE
8
BLACK
6
CONTINUOUS
10
5.3793489370078742
20
-5.7559840944881886
11
5.3767944488188979
21
-5.7542772047244091
0
LINE
8
BLACK
6
CONTINUOUS
10
5.3767944488188979
20
-5.7542772047244091
11
5.3750875590551184
21
-5.7517227165354328
0
LINE
8
BLACK
6
CONTINUOUS
10
5.3750875590551184
20
-5.7517227165354328
11
5.374488188976378
21
-5.7487094488188974
0
LINE
8
BLACK
6
CONTINUOUS
10
5.374488188976378
20
-5.7487094488188974
11
5.374488188976378
21
-5.6887094488188978
0
LINE
8
BLACK
6
CONTINUOUS
10
5.374488188976378
20
-5.6887094488188978
11
5.3750875590551184
21
-5.6856961811023616
0
LINE
8
BLACK
6
CONTINUOUS
10
5.3750875590551184
20
-5.6856961811023616
11
5.3767944488188979
21
-5.6831416929133853
0
LINE
8
BLACK
6
CONTINUOUS
10
5.3767944488188979
20
-5.6831416929133853
11
5.3793489370078742
21
-5.6814348031496058
0
LINE
8
BLACK
6
CONTINUOUS
10
5.3793489370078742
20
-5.6814348031496058
11
5.3823622047244095
21
-5.6808354330708664
0
LINE
8
BLACK
6
CONTINUOUS
10
5.3823622047244095
20
-5.6808354330708664
11
5.4423622047244091
21
-5.6808354330708664
0
LINE
8
BLACK
6
CONTINUOUS
10
5.4423622047244091
20
-5.6808354330708664
11
5.4453754724409444
21
-5.6814348031496058
0
LINE
8
BLACK
6
CONTINUOUS
10
5.545375472440945
20
-5.6814348031496058
11
5.5479299606299213
21
-5.6831416929133853
0
LINE
8
BLACK
6
CONTINUOUS
10
5.5479299606299213
20
-5.6831416929133853
11
5.5496368503937008
21
-5.6856961811023616
0
LINE
8
BLACK
6
CONTINUOUS
10
5.5496368503937008
20
-5.6856961811023616
11
5.5502362204724411
21
-5.6887094488188978
0
LINE
8
BLACK
6
CONTINUOUS
10
5.5502362204724411
20
-5.6887094488188978
11
5.5502362204724411
21
-5.7487094488188974
0
LINE
8
BLACK
6
CONTINUOUS
10
5.5502362204724411
20
-5.7487094488188974
11
5.5496368503937008
21
-5.7517227165354328
0
LINE
8
BLACK
6
CONTINUOUS
10
5.5496368503937008
20
-5.7517227165354328
11
5.5479299606299213
21
-5.7542772047244091
0
LINE
8
BLACK
6
CONTINUOUS
10
5.5479299606299213
20
-5.7542772047244091
11
5.545375472440945
21
-5.7559840944881886
0
LINE
8
BLACK
6
CONTINUOUS
10
5.545375472440945
20
-5.7559840944881886
11
5.5423622047244097
21
-5.7565834645669289
0
LINE
8
BLACK
6
CONTINUOUS
10
5.5423622047244097
20
-5.7565834645669289
11
5.4823622047244092
21
-5.7565834645669289
0
LINE
8
BLACK
6
CONTINUOUS
10
5.4823622047244092
20
-5.7565834645669289
11
5.4793489370078738
21
-5.7559840944881886
0
LINE
8
BLACK
6
CONTINUOUS
10
5.4793489370078738
20
-5.7559840944881886
11
5.4767944488188975
21
-5.7542772047244091
0
LINE
8
BLACK
6
CONTINUOUS
10
5.4767944488188975
20
-5.7542772047244091
11
5.475087559055118
21
-5.7517227165354328
0
LINE
8
BLACK
6
CONTINUOUS
10
5.475087559055118
20
-5.7517227165354328
11
5.4744881889763777
21
-5.7487094488188974
0
LINE
8
BLACK
6
CONTINUOUS
10
5.4744881889763777
20
-5.7487094488188974
11
5.4744881889763777
21
-5.6887094488188978
0
LINE
8
BLACK
6
CONTINUOUS
10
5.4744881889763777
20
-5.6887094488188978
11
5.475087559055118
21
-5.6856961811023616
0
LINE
8
BLACK
6
CONTINUOUS
10
5.475087559055118
20
-5.6856961811023616
11
5.4767944488188975
21
-5.6831416929133853
0
LINE
8
BLACK
6
CONTINUOUS
10
5.4767944488188975
20
-5.6831416929133853
11
5.4793489370078738
21
-5.6814348031496058
0
LINE
8
BLACK
6
CONTINUOUS
10
5.4793489370078738
20
-5.6814348031496058
11
5.4823622047244092
21
-5.6808354330708664
0
LINE
8
BLACK
6
CONTINUOUS
10
5.4823622047244092
20
-5.6808354330708664
11
5.5423622047244097
21
-5.6808354330708664
0
LINE
8
BLACK
6
CONTINUOUS
10
5.5423622047244097
20
-5.6808354330708664
11
5.545375472440945
21
-5.6814348031496058
0
LINE
8
BLACK
6
CONTINUOUS
10
5.6953754724409444
20
-5.6814348031496058
11
5.6979299606299207
21
-5.6831416929133853
0
LINE
8
BLACK
6
CONTINUOUS
10
5.6979299606299207
20
-5.6831416929133853
11
5.6996368503937003
21
-5.6856961811023616
0
LINE
8
BLACK
6
CONTINUOUS
10
5.6996368503937003
20
-5.6856961811023616
11
5.7002362204724406
21
-5.6887094488188978
0
LINE
8
BLACK
6
CONTINUOUS
10
5.7002362204724406
20
-5.6887094488188978
11
5.7002362204724406
21
-5.7487094488188974
0
LINE
8
BLACK
6
CONTINUOUS
10
5.7002362204724406
20
-5.7487094488188974
11
5.6996368503937003
21
-5.7517227165354328
0
LINE
8
BLACK
6
CONTINUOUS
10
5.6996368503937003
20
-5.7517227165354328
11
5.6979299606299207
21
-5.7542772047244091
0
LINE
8
BLACK
6
CONTINUOUS
10
5.6979299606299207
20
-5.7542772047244091
11
5.6953754724409444
21
-5.7559840944881886
0
LINE
8
BLACK
6
CONTINUOUS
10
5.6953754724409444
20
-5.7559840944881886
11
5.6923622047244091
21
-5.7565834645669289
0
LINE
8
BLACK
6
CONTINUOUS
10
5.6923622047244091
20
-5.7565834645669289
11
5.6323622047244095
21
-5.7565834645669289
0
LINE
8
BLACK
6
CONTINUOUS
10
5.6323622047244095
20
-5.7565834645669289
11
5.6293489370078742
21
-5.7559840944881886
0
LINE
8
BLACK
6
CONTINUOUS
10
5.6293489370078742
20
-5.7559840944881886
11
5.6267944488188979
21
-5.7542772047244091
0
LINE
8
BLACK
6
CONTINUOUS
10
5.6267944488188979
20
-5.7542772047244091
11
5.6250875590551184
21
-5.7517227165354328
0
LINE
8
BLACK
6
CONTINUOUS
10
5.6250875590551184
20
-5.7517227165354328
11
5.624488188976378
21
-5.7487094488188974
0
LINE
8
BLACK
6
CONTINUOUS
10
5.624488188976378
20
-5.7487094488188974
11
5.624488188976378
21
-5.6887094488188978
0
LINE
8
BLACK
6
CONTINUOUS
10
5.624488188976378
20
-5.6887094488188978
11
5.6250875590551184
21
-5.6856961811023616
0
LINE
8
BLACK
6
CONTINUOUS
10
5.6250875590551184
20
-5.6856961811023616
11
5.6267944488188979
21
-5.6831416929133853
0
LINE
8
BLACK
6
CONTINUOUS
10
5.6267944488188979
20
-5.6831416929133853
11
5.6293489370078742
21
-5.6814348031496058
0
LINE
8
BLACK
6
CONTINUOUS
10
5.6293489370078742
20
-5.6814348031496058
11
5.6323622047244095
21
-5.6808354330708664
0
LINE
8
BLACK
6
CONTINUOUS
10
5.6323622047244095
20
-5.6808354330708664
11
5.6923622047244091
21
-5.6808354330708664
0
LINE
8
BLACK
6
CONTINUOUS
10
5.6923622047244091
20
-5.6808354330708664
11
5.6953754724409444
21
-5.6814348031496058
0
LINE
8
BLACK
6
CONTINUOUS
10
5.795375472440945
20
-5.6814348031496058
11
5.7979299606299213
21
-5.6831416929133853
0
LINE
8
BLACK
6
CONTINUOUS
10
5.7979299606299213
20
-5.6831416929133853
11
5.7996368503937008
21
-5.6856961811023616
0
LINE
8
BLACK
6
CONTINUOUS
10
5.7996368503937008
20
-5.6856961811023616
11
5.8002362204724411
21
-5.6887094488188978
0
LINE
8
BLACK
6
CONTINUOUS
10
5.8002362204724411
20
-5.6887094488188978
11
5.8002362204724411
21
-5.7487094488188974
0
LINE
8
BLACK
6
CONTINUOUS
10
5.8002362204724411
20
-5.7487094488188974
11
5.7996368503937008
21
-5.7517227165354328
0
LINE
8
BLACK
6
CONTINUOUS
10
5.7996368503937008
20
-5.7517227165354328
11
5.7979299606299213
21
-5.7542772047244091
0
LINE
8
BLACK
6
CONTINUOUS
10
5.7979299606299213
20
-5.7542772047244091
11
5.795375472440945
21
-5.7559840944881886
0
LINE
8
BLACK
6
CONTINUOUS
10
5.795375472440945
20
-5.7559840944881886
11
5.7923622047244097
21
-5.7565834645669289
0
LINE
8
BLACK
6
CONTINUOUS
10
5.7923622047244097
20
-5.7565834645669289
11
5.7323622047244092
21
-5.7565834645669289
0
LINE
8
BLACK
6
CONTINUOUS
10
5.7323622047244092
20
-5.7565834645669289
11
5.7293489370078738
21
-5.7559840944881886
0
LINE
8
BLACK
6
CONTINUOUS
10
5.7293489370078738
20
-5.7559840944881886
11
5.7267944488188975
21
-5.7542772047244091
0
LINE
8
BLACK
6
CONTINUOUS
10
5.7267944488188975
20
-5.7542772047244091
11
5.725087559055118
21
-5.7517227165354328
0
LINE
8
BLACK
6
CONTINUOUS
10
5.725087559055118
20
-5.7517227165354328
11
5.7244881889763777
21
-5.7487094488188974
0
LINE
8
BLACK
6
CONTINUOUS
10
5.7244881889763777
20
-5.7487094488188974
11
5.7244881889763777
21
-5.6887094488188978
0
LINE
8
BLACK
6
CONTINUOUS
10
5.7244881889763777
20
-5.6887094488188978
11
5.725087559055118
21
-5.6856961811023616
0
LINE
8
BLACK
6
CONTINUOUS
10
5.725087559055118
20
-5.6856961811023616
11
5.7267944488188975
21
-5.6831416929133853
0
LINE
8
BLACK
6
CONTINUOUS
10
5.7267944488188975
20
-5.6831416929133853
11
5.7293489370078738
21
-5.6814348031496058
0
LINE
8
BLACK
6
CONTINUOUS
10
5.7293489370078738
20
-5.6814348031496058
11
5.7323622047244092
21
-5.6808354330708664
0
LINE
8
BLACK
6
CONTINUOUS
10
5.7323622047244092
20
-5.6808354330708664
11
5.7923622047244097
21
-5.6808354330708664
0
LINE
8
BLACK
6
CONTINUOUS
10
5.7923622047244097
20
-5.6808354330708664
11
5.795375472440945
21
-5.6814348031496058
0
LINE
8
BLACK
6
CONTINUOUS
10
4.9418321653543309
20
-5.5856867716535428
11
4.9443866535433072
21
-5.5873936614173223
0
LINE
8
BLACK
6
CONTINUOUS
10
4.9443866535433072
20
-5.5873936614173223
11
4.9460935433070867
21
-5.5899481496062995
0
LINE
8
BLACK
6
CONTINUOUS
10
4.9460935433070867
20
-5.5899481496062995
11
4.9466929133858271
21
-5.5929614173228348
0
LINE
8
BLACK
6
CONTINUOUS
10
4.9466929133858271
20
-5.5929614173228348
11
4.9466929133858271
21
-5.6529614173228344
0
LINE
8
BLACK
6
CONTINUOUS
10
4.9466929133858271
20
-5.6529614173228344
11
4.9460935433070867
21
-5.6559746850393697
0
LINE
8
BLACK
6
CONTINUOUS
10
4.9460935433070867
20
-5.6559746850393697
11
4.9443866535433072
21
-5.658529173228346
0
LINE
8
BLACK
6
CONTINUOUS
10
4.9443866535433072
20
-5.658529173228346
11
4.9418321653543309
21
-5.6602360629921256
0
LINE
8
BLACK
6
CONTINUOUS
10
4.9418321653543309
20
-5.6602360629921256
11
4.9388188976377956
21
-5.6608354330708659
0
LINE
8
BLACK
6
CONTINUOUS
10
4.9388188976377956
20
-5.6608354330708659
11
4.8788188976377951
21
-5.6608354330708659
0
LINE
8
BLACK
6
CONTINUOUS
10
4.8788188976377951
20
-5.6608354330708659
11
4.8758056299212598
21
-5.6602360629921256
0
LINE
8
BLACK
6
CONTINUOUS
10
4.8758056299212598
20
-5.6602360629921256
11
4.8732511417322835
21
-5.658529173228346
0
LINE
8
BLACK
6
CONTINUOUS
10
4.8732511417322835
20
-5.658529173228346
11
4.8715442519685039
21
-5.6559746850393697
0
LINE
8
BLACK
6
CONTINUOUS
10
4.8715442519685039
20
-5.6559746850393697
11
4.8709448818897636
21
-5.6529614173228344
0
LINE
8
BLACK
6
CONTINUOUS
10
4.8709448818897636
20
-5.6529614173228344
11
4.8709448818897636
21
-5.5929614173228348
0
LINE
8
BLACK
6
CONTINUOUS
10
4.8709448818897636
20
-5.5929614173228348
11
4.8715442519685039
21
-5.5899481496062995
0
LINE
8
BLACK
6
CONTINUOUS
10
4.8715442519685039
20
-5.5899481496062995
11
4.8732511417322835
21
-5.5873936614173223
0
LINE
8
BLACK
6
CONTINUOUS
10
4.8732511417322835
20
-5.5873936614173223
11
4.8758056299212598
21
-5.5856867716535428
0
LINE
8
BLACK
6
CONTINUOUS
10
4.8758056299212598
20
-5.5856867716535428
11
4.8788188976377951
21
-5.5850874015748033
0
LINE
8
BLACK
6
CONTINUOUS
10
4.8788188976377951
20
-5.5850874015748033
11
4.9388188976377956
21
-5.5850874015748033
0
LINE
8
BLACK
6
CONTINUOUS
10
4.9388188976377956
20
-5.5850874015748033
11
4.9418321653543309
21
-5.5856867716535428
0
LINE
8
BLACK
6
CONTINUOUS
10
5.0418321653543305
20
-5.5856867716535428
11
5.0443866535433068
21
-5.5873936614173223
0
LINE
8
BLACK
6
CONTINUOUS
10
5.0443866535433068
20
-5.5873936614173223
11
5.0460935433070864
21
-5.5899481496062995
0
LINE
8
BLACK
6
CONTINUOUS
10
5.0460935433070864
20
-5.5899481496062995
11
5.0466929133858267
21
-5.5929614173228348
0
LINE
8
BLACK
6
CONTINUOUS
10
5.0466929133858267
20
-5.5929614173228348
11
5.0466929133858267
21
-5.6529614173228344
0
LINE
8
BLACK
6
CONTINUOUS
10
5.0466929133858267
20
-5.6529614173228344
11
5.0460935433070864
21
-5.6559746850393697
0
LINE
8
BLACK
6
CONTINUOUS
10
5.0460935433070864
20
-5.6559746850393697
11
5.0443866535433068
21
-5.658529173228346
0
LINE
8
BLACK
6
CONTINUOUS
10
5.0443866535433068
20
-5.658529173228346
11
5.0418321653543305
21
-5.6602360629921256
0
LINE
8
BLACK
6
CONTINUOUS
10
5.0418321653543305
20
-5.6602360629921256
11
5.0388188976377952
21
-5.6608354330708659
0
LINE
8
BLACK
6
CONTINUOUS
10
5.0388188976377952
20
-5.6608354330708659
11
4.9788188976377947
21
-5.6608354330708659
0
LINE
8
BLACK
6
CONTINUOUS
10
4.9788188976377947
20
-5.6608354330708659
11
4.9758056299212594
21
-5.6602360629921256
0
LINE
8
BLACK
6
CONTINUOUS
10
4.9758056299212594
20
-5.6602360629921256
11
4.9732511417322831
21
-5.658529173228346
0
LINE
8
BLACK
6
CONTINUOUS
10
4.9732511417322831
20
-5.658529173228346
11
4.9715442519685036
21
-5.6559746850393697
0
LINE
8
BLACK
6
CONTINUOUS
10
4.9715442519685036
20
-5.6559746850393697
11
4.9709448818897632
21
-5.6529614173228344
0
LINE
8
BLACK
6
CONTINUOUS
10
4.9709448818897632
20
-5.6529614173228344
11
4.9709448818897632
21
-5.5929614173228348
0
LINE
8
BLACK
6
CONTINUOUS
10
4.9709448818897632
20
-5.5929614173228348
11
4.9715442519685036
21
-5.5899481496062995
0
LINE
8
BLACK
6
CONTINUOUS
10
4.9715442519685036
20
-5.5899481496062995
11
4.9732511417322831
21
-5.5873936614173223
0
LINE
8
BLACK
6
CONTINUOUS
10
4.9732511417322831
20
-5.5873936614173223
11
4.9758056299212594
21
-5.5856867716535428
0
LINE
8
BLACK
6
CONTINUOUS
10
4.9758056299212594
20
-5.5856867716535428
11
4.9788188976377947
21
-5.5850874015748033
0
LINE
8
BLACK
6
CONTINUOUS
10
4.9788188976377947
20
-5.5850874015748033
11
5.0388188976377952
21
-5.5850874015748033
0
LINE
8
BLACK
6
CONTINUOUS
10
5.0388188976377952
20
-5.5850874015748033
11
5.0418321653543305
21
-5.5856867716535428
0
LINE
8
BLACK
6
CONTINUOUS
10
5.9440132677165352
20
-5.5837253543307082
11
5.9465677559055115
21
-5.5854322440944877
0
LINE
8
BLACK
6
CONTINUOUS
10
5.9465677559055115
20
-5.5854322440944877
11
5.948274645669291
21
-5.5879867322834649
0
LINE
8
BLACK
6
CONTINUOUS
10
5.948274645669291
20
-5.5879867322834649
11
5.9488740157480313
21
-5.5910000000000002
0
LINE
8
BLACK
6
CONTINUOUS
10
5.9488740157480313
20
-5.5910000000000002
11
5.9488740157480313
21
-5.6509999999999998
0
LINE
8
BLACK
6
CONTINUOUS
10
5.9488740157480313
20
-5.6509999999999998
11
5.948274645669291
21
-5.6540132677165351
0
LINE
8
BLACK
6
CONTINUOUS
10
5.948274645669291
20
-5.6540132677165351
11
5.9465677559055115
21
-5.6565677559055114
0
LINE
8
BLACK
6
CONTINUOUS
10
5.9465677559055115
20
-5.6565677559055114
11
5.9440132677165352
21
-5.6582746456692909
0
LINE
8
BLACK
6
CONTINUOUS
10
5.9440132677165352
20
-5.6582746456692909
11
5.9409999999999998
21
-5.6588740157480313
0
LINE
8
BLACK
6
CONTINUOUS
10
5.9409999999999998
20
-5.6588740157480313
11
5.8810000000000002
21
-5.6588740157480313
0
LINE
8
BLACK
6
CONTINUOUS
10
5.8810000000000002
20
-5.6588740157480313
11
5.877986732283464
21
-5.6582746456692909
0
LINE
8
BLACK
6
CONTINUOUS
10
5.877986732283464
20
-5.6582746456692909
11
5.8754322440944877
21
-5.6565677559055114
0
LINE
8
BLACK
6
CONTINUOUS
10
5.8754322440944877
20
-5.6565677559055114
11
5.8737253543307082
21
-5.6540132677165351
0
LINE
8
BLACK
6
CONTINUOUS
10
5.8737253543307082
20
-5.6540132677165351
11
5.8731259842519687
21
-5.6509999999999998
0
LINE
8
BLACK
6
CONTINUOUS
10
5.8731259842519687
20
-5.6509999999999998
11
5.8731259842519687
21
-5.5910000000000002
0
LINE
8
BLACK
6
CONTINUOUS
10
5.8731259842519687
20
-5.5910000000000002
11
5.8737253543307082
21
-5.5879867322834649
0
LINE
8
BLACK
6
CONTINUOUS
10
5.8737253543307082
20
-5.5879867322834649
11
5.8754322440944877
21
-5.5854322440944877
0
LINE
8
BLACK
6
CONTINUOUS
10
5.8754322440944877
20
-5.5854322440944877
11
5.877986732283464
21
-5.5837253543307082
0
LINE
8
BLACK
6
CONTINUOUS
10
5.877986732283464
20
-5.5837253543307082
11
5.8810000000000002
21
-5.5831259842519687
0
LINE
8
BLACK
6
CONTINUOUS
10
5.8810000000000002
20
-5.5831259842519687
11
5.9409999999999998
21
-5.5831259842519687
0
LINE
8
BLACK
6
CONTINUOUS
10
5.9409999999999998
20
-5.5831259842519687
11
5.9440132677165352
21
-5.5837253543307082
0
LINE
8
BLACK
6
CONTINUOUS
10
6.0440132677165357
20
-5.5837253543307082
11
6.046567755905512
21
-5.5854322440944877
0
LINE
8
BLACK
6
CONTINUOUS
10
6.046567755905512
20
-5.5854322440944877
11
6.0482746456692915
21
-5.5879867322834649
0
LINE
8
BLACK
6
CONTINUOUS
10
6.0482746456692915
20
-5.5879867322834649
11
6.048874015748031
21
-5.5910000000000002
0
LINE
8
BLACK
6
CONTINUOUS
10
6.048874015748031
20
-5.5910000000000002
11
6.048874015748031
21
-5.6509999999999998
0
LINE
8
BLACK
6
CONTINUOUS
10
6.048874015748031
20
-5.6509999999999998
11
6.0482746456692915
21
-5.6540132677165351
0
LINE
8
BLACK
6
CONTINUOUS
10
6.0482746456692915
20
-5.6540132677165351
11
6.046567755905512
21
-5.6565677559055114
0
LINE
8
BLACK
6
CONTINUOUS
10
6.046567755905512
20
-5.6565677559055114
11
6.0440132677165357
21
-5.6582746456692909
0
LINE
8
BLACK
6
CONTINUOUS
10
6.0440132677165357
20
-5.6582746456692909
11
6.0409999999999995
21
-5.6588740157480313
0
LINE
8
BLACK
6
CONTINUOUS
10
6.0409999999999995
20
-5.6588740157480313
11
5.9809999999999999
21
-5.6588740157480313
0
LINE
8
BLACK
6
CONTINUOUS
10
5.9809999999999999
20
-5.6588740157480313
11
5.9779867322834646
21
-5.6582746456692909
0
LINE
8
BLACK
6
CONTINUOUS
10
5.9779867322834646
20
-5.6582746456692909
11
5.9754322440944883
21
-5.6565677559055114
0
LINE
8
BLACK
6
CONTINUOUS
10
5.9754322440944883
20
-5.6565677559055114
11
5.9737253543307087
21
-5.6540132677165351
0
LINE
8
BLACK
6
CONTINUOUS
10
5.9737253543307087
20
-5.6540132677165351
11
5.9731259842519684
21
-5.6509999999999998
0
LINE
8
BLACK
6
CONTINUOUS
10
5.9731259842519684
20
-5.6509999999999998
11
5.9731259842519684
21
-5.5910000000000002
0
LINE
8
BLACK
6
CONTINUOUS
10
5.9731259842519684
20
-5.5910000000000002
11
5.9737253543307087
21
-5.5879867322834649
0
LINE
8
BLACK
6
CONTINUOUS
10
5.9737253543307087
20
-5.5879867322834649
11
5.9754322440944883
21
-5.5854322440944877
0
LINE
8
BLACK
6
CONTINUOUS
10
5.9754322440944883
20
-5.5854322440944877
11
5.9779867322834646
21
-5.5837253543307082
0
LINE
8
BLACK
6
CONTINUOUS
10
5.9779867322834646
20
-5.5837253543307082
11
5.9809999999999999
21
-5.5831259842519687
0
LINE
8
BLACK
6
CONTINUOUS
10
5.9809999999999999
20
-5.5831259842519687
11
6.0409999999999995
21
-5.5831259842519687
0
LINE
8
BLACK
6
CONTINUOUS
10
6.0409999999999995
20
-5.5831259842519687
11
6.0440132677165357
21
-5.5837253543307082
0
LINE
8
BLACK
6
CONTINUOUS
10
4.4469502755905514
20
-5.583324566929134
11
4.4495047637795277
21
-5.5850314566929136
0
LINE
8
BLACK
6
CONTINUOUS
10
4.4495047637795277
20
-5.5850314566929136
11
4.4512116535433073
21
-5.5875859448818899
0
LINE
8
BLACK
6
CONTINUOUS
10
4.4512116535433073
20
-5.5875859448818899
11
4.4518110236220467
21
-5.5905992125984252
0
LINE
8
BLACK
6
CONTINUOUS
10
4.4518110236220467
20
-5.5905992125984252
11
4.4518110236220467
21
-5.6505992125984248
0
LINE
8
BLACK
6
CONTINUOUS
10
4.4518110236220467
20
-5.6505992125984248
11
4.4512116535433073
21
-5.6536124803149601
0
LINE
8
BLACK
6
CONTINUOUS
10
4.4512116535433073
20
-5.6536124803149601
11
4.4495047637795277
21
-5.6561669685039373
0
LINE
8
BLACK
6
CONTINUOUS
10
4.4495047637795277
20
-5.6561669685039373
11
4.4469502755905514
21
-5.6578738582677168
0
LINE
8
BLACK
6
CONTINUOUS
10
4.4469502755905514
20
-5.6578738582677168
11
4.4439370078740152
21
-5.6584732283464563
0
LINE
8
BLACK
6
CONTINUOUS
10
4.4439370078740152
20
-5.6584732283464563
11
4.3839370078740156
21
-5.6584732283464563
0
LINE
8
BLACK
6
CONTINUOUS
10
4.3839370078740156
20
-5.6584732283464563
11
4.3809237401574803
21
-5.6578738582677168
0
LINE
8
BLACK
6
CONTINUOUS
10
4.3809237401574803
20
-5.6578738582677168
11
4.378369251968504
21
-5.6561669685039373
0
LINE
8
BLACK
6
CONTINUOUS
10
4.378369251968504
20
-5.6561669685039373
11
4.3766623622047245
21
-5.6536124803149601
0
LINE
8
BLACK
6
CONTINUOUS
10
4.3766623622047245
20
-5.6536124803149601
11
4.3760629921259842
21
-5.6505992125984248
0
LINE
8
BLACK
6
CONTINUOUS
10
4.3760629921259842
20
-5.6505992125984248
11
4.3760629921259842
21
-5.5905992125984252
0
LINE
8
BLACK
6
CONTINUOUS
10
4.3760629921259842
20
-5.5905992125984252
11
4.3766623622047245
21
-5.5875859448818899
0
LINE
8
BLACK
6
CONTINUOUS
10
4.3766623622047245
20
-5.5875859448818899
11
4.378369251968504
21
-5.5850314566929136
0
LINE
8
BLACK
6
CONTINUOUS
10
4.378369251968504
20
-5.5850314566929136
11
4.3809237401574803
21
-5.583324566929134
0
LINE
8
BLACK
6
CONTINUOUS
10
4.3809237401574803
20
-5.583324566929134
11
4.3839370078740156
21
-5.5827251968503937
0
LINE
8
BLACK
6
CONTINUOUS
10
4.3839370078740156
20
-5.5827251968503937
11
4.4439370078740152
21
-5.5827251968503937
0
LINE
8
BLACK
6
CONTINUOUS
10
4.4439370078740152
20
-5.5827251968503937
11
4.4469502755905514
21
-5.583324566929134
0
LINE
8
BLACK
6
CONTINUOUS
10
4.5469502755905511
20
-5.583324566929134
11
4.5495047637795274
21
-5.5850314566929136
0
LINE
8
BLACK
6
CONTINUOUS
10
4.5495047637795274
20
-5.5850314566929136
11
4.5512116535433069
21
-5.5875859448818899
0
LINE
8
BLACK
6
CONTINUOUS
10
4.5512116535433069
20
-5.5875859448818899
11
4.5518110236220473
21
-5.5905992125984252
0
LINE
8
BLACK
6
CONTINUOUS
10
4.5518110236220473
20
-5.5905992125984252
11
4.5518110236220473
21
-5.6505992125984248
0
LINE
8
BLACK
6
CONTINUOUS
10
4.5518110236220473
20
-5.6505992125984248
11
4.5512116535433069
21
-5.6536124803149601
0
LINE
8
BLACK
6
CONTINUOUS
10
4.5512116535433069
20
-5.6536124803149601
11
4.5495047637795274
21
-5.6561669685039373
0
LINE
8
BLACK
6
CONTINUOUS
10
4.5495047637795274
20
-5.6561669685039373
11
4.5469502755905511
21
-5.6578738582677168
0
LINE
8
BLACK
6
CONTINUOUS
10
4.5469502755905511
20
-5.6578738582677168
11
4.5439370078740158
21
-5.6584732283464563
0
LINE
8
BLACK
6
CONTINUOUS
10
4.5439370078740158
20
-5.6584732283464563
11
4.4839370078740153
21
-5.6584732283464563
0
LINE
8
BLACK
6
CONTINUOUS
10
4.4839370078740153
20
-5.6584732283464563
11
4.48092374015748
21
-5.6578738582677168
0
LINE
8
BLACK
6
CONTINUOUS
10
4.48092374015748
20
-5.6578738582677168
11
4.4783692519685037
21
-5.6561669685039373
0
LINE
8
BLACK
6
CONTINUOUS
10
4.4783692519685037
20
-5.6561669685039373
11
4.4766623622047241
21
-5.6536124803149601
0
LINE
8
BLACK
6
CONTINUOUS
10
4.4766623622047241
20
-5.6536124803149601
11
4.4760629921259838
21
-5.6505992125984248
0
LINE
8
BLACK
6
CONTINUOUS
10
4.4760629921259838
20
-5.6505992125984248
11
4.4760629921259838
21
-5.5905992125984252
0
LINE
8
BLACK
6
CONTINUOUS
10
4.4760629921259838
20
-5.5905992125984252
11
4.4766623622047241
21
-5.5875859448818899
0
LINE
8
BLACK
6
CONTINUOUS
10
4.4766623622047241
20
-5.5875859448818899
11
4.4783692519685037
21
-5.5850314566929136
0
LINE
8
BLACK
6
CONTINUOUS
10
4.4783692519685037
20
-5.5850314566929136
11
4.48092374015748
21
-5.583324566929134
0
LINE
8
BLACK
6
CONTINUOUS
10
4.48092374015748
20
-5.583324566929134
11
4.4839370078740153
21
-5.5827251968503937
0
LINE
8
BLACK
6
CONTINUOUS
10
4.4839370078740153
20
-5.5827251968503937
11
4.5439370078740158
21
-5.5827251968503937
0
LINE
8
BLACK
6
CONTINUOUS
10
4.5439370078740158
20
-5.5827251968503937
11
4.5469502755905511
21
-5.583324566929134
0
LINE
8
BLACK
6
CONTINUOUS
10
4.6953754724409444
20
-5.5814348031496062
11
4.6979299606299207
21
-5.5831416929133857
0
LINE
8
BLACK
6
CONTINUOUS
10
4.6979299606299207
20
-5.5831416929133857
11
4.6996368503937003
21
-5.585696181102362
0
LINE
8
BLACK
6
CONTINUOUS
10
4.6996368503937003
20
-5.585696181102362
11
4.7002362204724406
21
-5.5887094488188973
0
LINE
8
BLACK
6
CONTINUOUS
10
4.7002362204724406
20
-5.5887094488188973
11
4.7002362204724406
21
-5.6487094488188978
0
LINE
8
BLACK
6
CONTINUOUS
10
4.7002362204724406
20
-5.6487094488188978
11
4.6996368503937003
21
-5.6517227165354331
0
LINE
8
BLACK
6
CONTINUOUS
10
4.6996368503937003
20
-5.6517227165354331
11
4.6979299606299207
21
-5.6542772047244094
0
LINE
8
BLACK
6
CONTINUOUS
10
4.6979299606299207
20
-5.6542772047244094
11
4.6953754724409444
21
-5.655984094488189
0
LINE
8
BLACK
6
CONTINUOUS
10
4.6953754724409444
20
-5.655984094488189
11
4.6923622047244091
21
-5.6565834645669293
0
LINE
8
BLACK
6
CONTINUOUS
10
4.6923622047244091
20
-5.6565834645669293
11
4.6323622047244095
21
-5.6565834645669293
0
LINE
8
BLACK
6
CONTINUOUS
10
4.6323622047244095
20
-5.6565834645669293
11
4.6293489370078742
21
-5.655984094488189
0
LINE
8
BLACK
6
CONTINUOUS
10
4.6293489370078742
20
-5.655984094488189
11
4.6267944488188979
21
-5.6542772047244094
0
LINE
8
BLACK
6
CONTINUOUS
10
4.6267944488188979
20
-5.6542772047244094
11
4.6250875590551184
21
-5.6517227165354331
0
LINE
8
BLACK
6
CONTINUOUS
10
4.6250875590551184
20
-5.6517227165354331
11
4.624488188976378
21
-5.6487094488188978
0
LINE
8
BLACK
6
CONTINUOUS
10
4.624488188976378
20
-5.6487094488188978
11
4.624488188976378
21
-5.5887094488188973
0
LINE
8
BLACK
6
CONTINUOUS
10
4.624488188976378
20
-5.5887094488188973
11
4.6250875590551184
21
-5.585696181102362
0
LINE
8
BLACK
6
CONTINUOUS
10
4.6250875590551184
20
-5.585696181102362
11
4.6267944488188979
21
-5.5831416929133857
0
LINE
8
BLACK
6
CONTINUOUS
10
4.6267944488188979
20
-5.5831416929133857
11
4.6293489370078742
21
-5.5814348031496062
0
LINE
8
BLACK
6
CONTINUOUS
10
4.6293489370078742
20
-5.5814348031496062
11
4.6323622047244095
21
-5.5808354330708658
0
LINE
8
BLACK
6
CONTINUOUS
10
4.6323622047244095
20
-5.5808354330708658
11
4.6923622047244091
21
-5.5808354330708658
0
LINE
8
BLACK
6
CONTINUOUS
10
4.6923622047244091
20
-5.5808354330708658
11
4.6953754724409444
21
-5.5814348031496062
0
LINE
8
BLACK
6
CONTINUOUS
10
4.795375472440945
20
-5.5814348031496062
11
4.7979299606299213
21
-5.5831416929133857
0
LINE
8
BLACK
6
CONTINUOUS
10
4.7979299606299213
20
-5.5831416929133857
11
4.7996368503937008
21
-5.585696181102362
0
LINE
8
BLACK
6
CONTINUOUS
10
4.7996368503937008
20
-5.585696181102362
11
4.8002362204724411
21
-5.5887094488188973
0
LINE
8
BLACK
6
CONTINUOUS
10
4.8002362204724411
20
-5.5887094488188973
11
4.8002362204724411
21
-5.6487094488188978
0
LINE
8
BLACK
6
CONTINUOUS
10
4.8002362204724411
20
-5.6487094488188978
11
4.7996368503937008
21
-5.6517227165354331
0
LINE
8
BLACK
6
CONTINUOUS
10
4.7996368503937008
20
-5.6517227165354331
11
4.7979299606299213
21
-5.6542772047244094
0
LINE
8
BLACK
6
CONTINUOUS
10
4.7979299606299213
20
-5.6542772047244094
11
4.795375472440945
21
-5.655984094488189
0
LINE
8
BLACK
6
CONTINUOUS
10
4.795375472440945
20
-5.655984094488189
11
4.7923622047244097
21
-5.6565834645669293
0
LINE
8
BLACK
6
CONTINUOUS
10
4.7923622047244097
20
-5.6565834645669293
11
4.7323622047244092
21
-5.6565834645669293
0
LINE
8
BLACK
6
CONTINUOUS
10
4.7323622047244092
20
-5.6565834645669293
11
4.7293489370078738
21
-5.655984094488189
0
LINE
8
BLACK
6
CONTINUOUS
10
4.7293489370078738
20
-5.655984094488189
11
4.7267944488188975
21
-5.6542772047244094
0
LINE
8
BLACK
6
CONTINUOUS
10
4.7267944488188975
20
-5.6542772047244094
11
4.725087559055118
21
-5.6517227165354331
0
LINE
8
BLACK
6
CONTINUOUS
10
4.725087559055118
20
-5.6517227165354331
11
4.7244881889763777
21
-5.6487094488188978
0
LINE
8
BLACK
6
CONTINUOUS
10
4.7244881889763777
20
-5.6487094488188978
11
4.7244881889763777
21
-5.5887094488188973
0
LINE
8
BLACK
6
CONTINUOUS
10
4.7244881889763777
20
-5.5887094488188973
11
4.725087559055118
21
-5.585696181102362
0
LINE
8
BLACK
6
CONTINUOUS
10
4.725087559055118
20
-5.585696181102362
11
4.7267944488188975
21
-5.5831416929133857
0
LINE
8
BLACK
6
CONTINUOUS
10
4.7267944488188975
20
-5.5831416929133857
11
4.7293489370078738
21
-5.5814348031496062
0
LINE
8
BLACK
6
CONTINUOUS
10
4.7293489370078738
20
-5.5814348031496062
11
4.7323622047244092
21
-5.5808354330708658
0
LINE
8
BLACK
6
CONTINUOUS
10
4.7323622047244092
20
-5.5808354330708658
11
4.7923622047244097
21
-5.5808354330708658
0
LINE
8
BLACK
6
CONTINUOUS
10
4.7923622047244097
20
-5.5808354330708658
11
4.795375472440945
21
-5.5814348031496062
0
LINE
8
BLACK
6
CONTINUOUS
10
5.1953754724409444
20
-5.5814348031496062
11
5.1979299606299207
21
-5.5831416929133857
0
LINE
8
BLACK
6
CONTINUOUS
10
5.1979299606299207
20
-5.5831416929133857
11
5.1996368503937003
21
-5.585696181102362
0
LINE
8
BLACK
6
CONTINUOUS
10
5.1996368503937003
20
-5.585696181102362
11
5.2002362204724406
21
-5.5887094488188973
0
LINE
8
BLACK
6
CONTINUOUS
10
5.2002362204724406
20
-5.5887094488188973
11
5.2002362204724406
21
-5.6487094488188978
0
LINE
8
BLACK
6
CONTINUOUS
10
5.2002362204724406
20
-5.6487094488188978
11
5.1996368503937003
21
-5.6517227165354331
0
LINE
8
BLACK
6
CONTINUOUS
10
5.1996368503937003
20
-5.6517227165354331
11
5.1979299606299207
21
-5.6542772047244094
0
LINE
8
BLACK
6
CONTINUOUS
10
5.1979299606299207
20
-5.6542772047244094
11
5.1953754724409444
21
-5.655984094488189
0
LINE
8
BLACK
6
CONTINUOUS
10
5.1953754724409444
20
-5.655984094488189
11
5.1923622047244091
21
-5.6565834645669293
0
LINE
8
BLACK
6
CONTINUOUS
10
5.1923622047244091
20
-5.6565834645669293
11
5.1323622047244095
21
-5.6565834645669293
0
LINE
8
BLACK
6
CONTINUOUS
10
5.1323622047244095
20
-5.6565834645669293
11
5.1293489370078742
21
-5.655984094488189
0
LINE
8
BLACK
6
CONTINUOUS
10
5.1293489370078742
20
-5.655984094488189
11
5.1267944488188979
21
-5.6542772047244094
0
LINE
8
BLACK
6
CONTINUOUS
10
5.1267944488188979
20
-5.6542772047244094
11
5.1250875590551184
21
-5.6517227165354331
0
LINE
8
BLACK
6
CONTINUOUS
10
5.1250875590551184
20
-5.6517227165354331
11
5.124488188976378
21
-5.6487094488188978
0
LINE
8
BLACK
6
CONTINUOUS
10
5.124488188976378
20
-5.6487094488188978
11
5.124488188976378
21
-5.5887094488188973
0
LINE
8
BLACK
6
CONTINUOUS
10
5.124488188976378
20
-5.5887094488188973
11
5.1250875590551184
21
-5.585696181102362
0
LINE
8
BLACK
6
CONTINUOUS
10
5.1250875590551184
20
-5.585696181102362
11
5.1267944488188979
21
-5.5831416929133857
0
LINE
8
BLACK
6
CONTINUOUS
10
5.1267944488188979
20
-5.5831416929133857
11
5.1293489370078742
21
-5.5814348031496062
0
LINE
8
BLACK
6
CONTINUOUS
10
5.1293489370078742
20
-5.5814348031496062
11
5.1323622047244095
21
-5.5808354330708658
0
LINE
8
BLACK
6
CONTINUOUS
10
5.1323622047244095
20
-5.5808354330708658
11
5.1923622047244091
21
-5.5808354330708658
0
LINE
8
BLACK
6
CONTINUOUS
10
5.1923622047244091
20
-5.5808354330708658
11
5.1953754724409444
21
-5.5814348031496062
0
LINE
8
BLACK
6
CONTINUOUS
10
5.295375472440945
20
-5.5814348031496062
11
5.2979299606299213
21
-5.5831416929133857
0
LINE
8
BLACK
6
CONTINUOUS
10
5.2979299606299213
20
-5.5831416929133857
11
5.2996368503937008
21
-5.585696181102362
0
LINE
8
BLACK
6
CONTINUOUS
10
5.2996368503937008
20
-5.585696181102362
11
5.3002362204724411
21
-5.5887094488188973
0
LINE
8
BLACK
6
CONTINUOUS
10
5.3002362204724411
20
-5.5887094488188973
11
5.3002362204724411
21
-5.6487094488188978
0
LINE
8
BLACK
6
CONTINUOUS
10
5.3002362204724411
20
-5.6487094488188978
11
5.2996368503937008
21
-5.6517227165354331
0
LINE
8
BLACK
6
CONTINUOUS
10
5.2996368503937008
20
-5.6517227165354331
11
5.2979299606299213
21
-5.6542772047244094
0
LINE
8
BLACK
6
CONTINUOUS
10
5.2979299606299213
20
-5.6542772047244094
11
5.295375472440945
21
-5.655984094488189
0
LINE
8
BLACK
6
CONTINUOUS
10
5.295375472440945
20
-5.655984094488189
11
5.2923622047244097
21
-5.6565834645669293
0
LINE
8
BLACK
6
CONTINUOUS
10
5.2923622047244097
20
-5.6565834645669293
11
5.2323622047244092
21
-5.6565834645669293
0
LINE
8
BLACK
6
CONTINUOUS
10
5.2323622047244092
20
-5.6565834645669293
11
5.2293489370078738
21
-5.655984094488189
0
LINE
8
BLACK
6
CONTINUOUS
10
5.2293489370078738
20
-5.655984094488189
11
5.2267944488188975
21
-5.6542772047244094
0
LINE
8
BLACK
6
CONTINUOUS
10
5.2267944488188975
20
-5.6542772047244094
11
5.225087559055118
21
-5.6517227165354331
0
LINE
8
BLACK
6
CONTINUOUS
10
5.225087559055118
20
-5.6517227165354331
11
5.2244881889763777
21
-5.6487094488188978
0
LINE
8
BLACK
6
CONTINUOUS
10
5.2244881889763777
20
-5.6487094488188978
11
5.2244881889763777
21
-5.5887094488188973
0
LINE
8
BLACK
6
CONTINUOUS
10
5.2244881889763777
20
-5.5887094488188973
11
5.225087559055118
21
-5.585696181102362
0
LINE
8
BLACK
6
CONTINUOUS
10
5.225087559055118
20
-5.585696181102362
11
5.2267944488188975
21
-5.5831416929133857
0
LINE
8
BLACK
6
CONTINUOUS
10
5.2267944488188975
20
-5.5831416929133857
11
5.2293489370078738
21
-5.5814348031496062
0
LINE
8
BLACK
6
CONTINUOUS
10
5.2293489370078738
20
-5.5814348031496062
11
5.2323622047244092
21
-5.5808354330708658
0
LINE
8
BLACK
6
CONTINUOUS
10
5.2323622047244092
20
-5.5808354330708658
11
5.2923622047244097
21
-5.5808354330708658
0
LINE
8
BLACK
6
CONTINUOUS
10
5.2923622047244097
20
-5.5808354330708658
11
5.295375472440945
21
-5.5814348031496062
0
LINE
8
BLACK
6
CONTINUOUS
10
5.4453754724409444
20
-5.5814348031496062
11
5.4479299606299207
21
-5.5831416929133857
0
LINE
8
BLACK
6
CONTINUOUS
10
5.4479299606299207
20
-5.5831416929133857
11
5.4496368503937003
21
-5.585696181102362
0
LINE
8
BLACK
6
CONTINUOUS
10
5.4496368503937003
20
-5.585696181102362
11
5.4502362204724406
21
-5.5887094488188973
0
LINE
8
BLACK
6
CONTINUOUS
10
5.4502362204724406
20
-5.5887094488188973
11
5.4502362204724406
21
-5.6487094488188978
0
LINE
8
BLACK
6
CONTINUOUS
10
5.4502362204724406
20
-5.6487094488188978
11
5.4496368503937003
21
-5.6517227165354331
0
LINE
8
BLACK
6
CONTINUOUS
10
5.4496368503937003
20
-5.6517227165354331
11
5.4479299606299207
21
-5.6542772047244094
0
LINE
8
BLACK
6
CONTINUOUS
10
5.4479299606299207
20
-5.6542772047244094
11
5.4453754724409444
21
-5.655984094488189
0
LINE
8
BLACK
6
CONTINUOUS
10
5.4453754724409444
20
-5.655984094488189
11
5.4423622047244091
21
-5.6565834645669293
0
LINE
8
BLACK
6
CONTINUOUS
10
5.4423622047244091
20
-5.6565834645669293
11
5.3823622047244095
21
-5.6565834645669293
0
LINE
8
BLACK
6
CONTINUOUS
10
5.3823622047244095
20
-5.6565834645669293
11
5.3793489370078742
21
-5.655984094488189
0
LINE
8
BLACK
6
CONTINUOUS
10
5.3793489370078742
20
-5.655984094488189
11
5.3767944488188979
21
-5.6542772047244094
0
LINE
8
BLACK
6
CONTINUOUS
10
5.3767944488188979
20
-5.6542772047244094
11
5.3750875590551184
21
-5.6517227165354331
0
LINE
8
BLACK
6
CONTINUOUS
10
5.3750875590551184
20
-5.6517227165354331
11
5.374488188976378
21
-5.6487094488188978
0
LINE
8
BLACK
6
CONTINUOUS
10
5.374488188976378
20
-5.6487094488188978
11
5.374488188976378
21
-5.5887094488188973
0
LINE
8
BLACK
6
CONTINUOUS
10
5.374488188976378
20
-5.5887094488188973
11
5.3750875590551184
21
-5.585696181102362
0
LINE
8
BLACK
6
CONTINUOUS
10
5.3750875590551184
20
-5.585696181102362
11
5.3767944488188979
21
-5.5831416929133857
0
LINE
8
BLACK
6
CONTINUOUS
10
5.3767944488188979
20
-5.5831416929133857
11
5.3793489370078742
21
-5.5814348031496062
0
LINE
8
BLACK
6
CONTINUOUS
10
5.3793489370078742
20
-5.5814348031496062
11
5.3823622047244095
21
-5.5808354330708658
0
LINE
8
BLACK
6
CONTINUOUS
10
5.3823622047244095
20
-5.5808354330708658
11
5.4423622047244091
21
-5.5808354330708658
0
LINE
8
BLACK
6
CONTINUOUS
10
5.4423622047244091
20
-5.5808354330708658
11
5.4453754724409444
21
-5.5814348031496062
0
LINE
8
BLACK
6
CONTINUOUS
10
5.545375472440945
20
-5.5814348031496062
11
5.5479299606299213
21
-5.5831416929133857
0
LINE
8
BLACK
6
CONTINUOUS
10
5.5479299606299213
20
-5.5831416929133857
11
5.5496368503937008
21
-5.585696181102362
0
LINE
8
BLACK
6
CONTINUOUS
10
5.5496368503937008
20
-5.585696181102362
11
5.5502362204724411
21
-5.5887094488188973
0
LINE
8
BLACK
6
CONTINUOUS
10
5.5502362204724411
20
-5.5887094488188973
11
5.5502362204724411
21
-5.6487094488188978
0
LINE
8
BLACK
6
CONTINUOUS
10
5.5502362204724411
20
-5.6487094488188978
11
5.5496368503937008
21
-5.6517227165354331
0
LINE
8
BLACK
6
CONTINUOUS
10
5.5496368503937008
20
-5.6517227165354331
11
5.5479299606299213
21
-5.6542772047244094
0
LINE
8
BLACK
6
CONTINUOUS
10
5.5479299606299213
20
-5.6542772047244094
11
5.545375472440945
21
-5.655984094488189
0
LINE
8
BLACK
6
CONTINUOUS
10
5.545375472440945
20
-5.655984094488189
11
5.5423622047244097
21
-5.6565834645669293
0
LINE
8
BLACK
6
CONTINUOUS
10
5.5423622047244097
20
-5.6565834645669293
11
5.4823622047244092
21
-5.6565834645669293
0
LINE
8
BLACK
6
CONTINUOUS
10
5.4823622047244092
20
-5.6565834645669293
11
5.4793489370078738
21
-5.655984094488189
0
LINE
8
BLACK
6
CONTINUOUS
10
5.4793489370078738
20
-5.655984094488189
11
5.4767944488188975
21
-5.6542772047244094
0
LINE
8
BLACK
6
CONTINUOUS
10
5.4767944488188975
20
-5.6542772047244094
11
5.475087559055118
21
-5.6517227165354331
0
LINE
8
BLACK
6
CONTINUOUS
10
5.475087559055118
20
-5.6517227165354331
11
5.4744881889763777
21
-5.6487094488188978
0
LINE
8
BLACK
6
CONTINUOUS
10
5.4744881889763777
20
-5.6487094488188978
11
5.4744881889763777
21
-5.5887094488188973
0
LINE
8
BLACK
6
CONTINUOUS
10
5.4744881889763777
20
-5.5887094488188973
11
5.475087559055118
21
-5.585696181102362
0
LINE
8
BLACK
6
CONTINUOUS
10
5.475087559055118
20
-5.585696181102362
11
5.4767944488188975
21
-5.5831416929133857
0
LINE
8
BLACK
6
CONTINUOUS
10
5.4767944488188975
20
-5.5831416929133857
11
5.4793489370078738
21
-5.5814348031496062
0
LINE
8
BLACK
6
CONTINUOUS
10
5.4793489370078738
20
-5.5814348031496062
11
5.4823622047244092
21
-5.5808354330708658
0
LINE
8
BLACK
6
CONTINUOUS
10
5.4823622047244092
20
-5.5808354330708658
11
5.5423622047244097
21
-5.5808354330708658
0
LINE
8
BLACK
6
CONTINUOUS
10
5.5423622047244097
20
-5.5808354330708658
11
5.545375472440945
21
-5.5814348031496062
0
LINE
8
BLACK
6
CONTINUOUS
10
5.6953754724409444
20
-5.5814348031496062
11
5.6979299606299207
21
-5.5831416929133857
0
LINE
8
BLACK
6
CONTINUOUS
10
5.6979299606299207
20
-5.5831416929133857
11
5.6996368503937003
21
-5.585696181102362
0
LINE
8
BLACK
6
CONTINUOUS
10
5.6996368503937003
20
-5.585696181102362
11
5.7002362204724406
21
-5.5887094488188973
0
LINE
8
BLACK
6
CONTINUOUS
10
5.7002362204724406
20
-5.5887094488188973
11
5.7002362204724406
21
-5.6487094488188978
0
LINE
8
BLACK
6
CONTINUOUS
10
5.7002362204724406
20
-5.6487094488188978
11
5.6996368503937003
21
-5.6517227165354331
0
LINE
8
BLACK
6
CONTINUOUS
10
5.6996368503937003
20
-5.6517227165354331
11
5.6979299606299207
21
-5.6542772047244094
0
LINE
8
BLACK
6
CONTINUOUS
10
5.6979299606299207
20
-5.6542772047244094
11
5.6953754724409444
21
-5.655984094488189
0
LINE
8
BLACK
6
CONTINUOUS
10
5.6953754724409444
20
-5.655984094488189
11
5.6923622047244091
21
-5.6565834645669293
0
LINE
8
BLACK
6
CONTINUOUS
10
5.6923622047244091
20
-5.6565834645669293
11
5.6323622047244095
21
-5.6565834645669293
0
LINE
8
BLACK
6
CONTINUOUS
10
5.6323622047244095
20
-5.6565834645669293
11
5.6293489370078742
21
-5.655984094488189
0
LINE
8
BLACK
6
CONTINUOUS
10
5.6293489370078742
20
-5.655984094488189
11
5.6267944488188979
21
-5.6542772047244094
0
LINE
8
BLACK
6
CONTINUOUS
10
5.6267944488188979
20
-5.6542772047244094
11
5.6250875590551184
21
-5.6517227165354331
0
LINE
8
BLACK
6
CONTINUOUS
10
5.6250875590551184
20
-5.6517227165354331
11
5.624488188976378
21
-5.6487094488188978
0
LINE
8
BLACK
6
CONTINUOUS
10
5.624488188976378
20
-5.6487094488188978
11
5.624488188976378
21
-5.5887094488188973
0
LINE
8
BLACK
6
CONTINUOUS
10
5.624488188976378
20
-5.5887094488188973
11
5.6250875590551184
21
-5.585696181102362
0
LINE
8
BLACK
6
CONTINUOUS
10
5.6250875590551184
20
-5.585696181102362
11
5.6267944488188979
21
-5.5831416929133857
0
LINE
8
BLACK
6
CONTINUOUS
10
5.6267944488188979
20
-5.5831416929133857
11
5.6293489370078742
21
-5.5814348031496062
0
LINE
8
BLACK
6
CONTINUOUS
10
5.6293489370078742
20
-5.5814348031496062
11
5.6323622047244095
21
-5.5808354330708658
0
LINE
8
BLACK
6
CONTINUOUS
10
5.6323622047244095
20
-5.5808354330708658
11
5.6923622047244091
21
-5.5808354330708658
0
LINE
8
BLACK
6
CONTINUOUS
10
5.6923622047244091
20
-5.5808354330708658
11
5.6953754724409444
21
-5.5814348031496062
0
LINE
8
BLACK
6
CONTINUOUS
10
5.795375472440945
20
-5.5814348031496062
11
5.7979299606299213
21
-5.5831416929133857
0
LINE
8
BLACK
6
CONTINUOUS
10
5.7979299606299213
20
-5.5831416929133857
11
5.7996368503937008
21
-5.585696181102362
0
LINE
8
BLACK
6
CONTINUOUS
10
5.7996368503937008
20
-5.585696181102362
11
5.8002362204724411
21
-5.5887094488188973
0
LINE
8
BLACK
6
CONTINUOUS
10
5.8002362204724411
20
-5.5887094488188973
11
5.8002362204724411
21
-5.6487094488188978
0
LINE
8
BLACK
6
CONTINUOUS
10
5.8002362204724411
20
-5.6487094488188978
11
5.7996368503937008
21
-5.6517227165354331
0
LINE
8
BLACK
6
CONTINUOUS
10
5.7996368503937008
20
-5.6517227165354331
11
5.7979299606299213
21
-5.6542772047244094
0
LINE
8
BLACK
6
CONTINUOUS
10
5.7979299606299213
20
-5.6542772047244094
11
5.795375472440945
21
-5.655984094488189
0
LINE
8
BLACK
6
CONTINUOUS
10
5.795375472440945
20
-5.655984094488189
11
5.7923622047244097
21
-5.6565834645669293
0
LINE
8
BLACK
6
CONTINUOUS
10
5.7923622047244097
20
-5.6565834645669293
11
5.7323622047244092
21
-5.6565834645669293
0
LINE
8
BLACK
6
CONTINUOUS
10
5.7323622047244092
20
-5.6565834645669293
11
5.7293489370078738
21
-5.655984094488189
0
LINE
8
BLACK
6
CONTINUOUS
10
5.7293489370078738
20
-5.655984094488189
11
5.7267944488188975
21
-5.6542772047244094
0
LINE
8
BLACK
6
CONTINUOUS
10
5.7267944488188975
20
-5.6542772047244094
11
5.725087559055118
21
-5.6517227165354331
0
LINE
8
BLACK
6
CONTINUOUS
10
5.725087559055118
20
-5.6517227165354331
11
5.7244881889763777
21
-5.6487094488188978
0
LINE
8
BLACK
6
CONTINUOUS
10
5.7244881889763777
20
-5.6487094488188978
11
5.7244881889763777
21
-5.5887094488188973
0
LINE
8
BLACK
6
CONTINUOUS
10
5.7244881889763777
20
-5.5887094488188973
11
5.725087559055118
21
-5.585696181102362
0
LINE
8
BLACK
6
CONTINUOUS
10
5.725087559055118
20
-5.585696181102362
11
5.7267944488188975
21
-5.5831416929133857
0
LINE
8
BLACK
6
CONTINUOUS
10
5.7267944488188975
20
-5.5831416929133857
11
5.7293489370078738
21
-5.5814348031496062
0
LINE
8
BLACK
6
CONTINUOUS
10
5.7293489370078738
20
-5.5814348031496062
11
5.7323622047244092
21
-5.5808354330708658
0
LINE
8
BLACK
6
CONTINUOUS
10
5.7323622047244092
20
-5.5808354330708658
11
5.7923622047244097
21
-5.5808354330708658
0
LINE
8
BLACK
6
CONTINUOUS
10
5.7923622047244097
20
-5.5808354330708658
11
5.795375472440945
21
-5.5814348031496062
0
LINE
8
BLACK
6
CONTINUOUS
10
4.4148931496062991
20
-5.134748937007874
11
4.424451968503937
21
-5.1376974409448817
0
LINE
8
BLACK
6
CONTINUOUS
10
4.424451968503937
20
-5.1376974409448817
11
4.4334645669291337
21
-5.1420376771653542
0
LINE
8
BLACK
6
CONTINUOUS
10
4.4334645669291337
20
-5.1420376771653542
11
4.441729645669291
21
-5.147672677165354
0
LINE
8
BLACK
6
CONTINUOUS
10
4.441729645669291
20
-5.147672677165354
11
4.4490625196850395
21
-5.1544766141732286
0
LINE
8
BLACK
6
CONTINUOUS
10
4.4490625196850395
20
-5.1544766141732286
11
4.4552994488188977
21
-5.1622974803149608
0
LINE
8
BLACK
6
CONTINUOUS
10
4.4552994488188977
20
-5.1622974803149608
11
4.4603010629921256
21
-5.1709605511811025
0
LINE
8
BLACK
6
CONTINUOUS
10
4.4603010629921256
20
-5.1709605511811025
11
4.4639556692913382
21
-5.1802722834645669
0
LINE
8
BLACK
6
CONTINUOUS
10
4.4639556692913382
20
-5.1802722834645669
11
4.4661815748031497
21
-5.1900247244094491
0
LINE
8
BLACK
6
CONTINUOUS
10
4.4661815748031497
20
-5.1900247244094491
11
4.466929133858268
21
-5.2000000000000002
0
LINE
8
BLACK
6
CONTINUOUS
10
4.466929133858268
20
-5.2000000000000002
11
4.4661815748031497
21
-5.2099752755905513
0
LINE
8
BLACK
6
CONTINUOUS
10
4.4661815748031497
20
-5.2099752755905513
11
4.4639556692913382
21
-5.2197277165354325
0
LINE
8
BLACK
6
CONTINUOUS
10
4.4639556692913382
20
-5.2197277165354325
11
4.4603010629921256
21
-5.2290394488188978
0
LINE
8
BLACK
6
CONTINUOUS
10
4.4603010629921256
20
-5.2290394488188978
11
4.4552994488188977
21
-5.2377025196850395
0
LINE
8
BLACK
6
CONTINUOUS
10
4.4552994488188977
20
-5.2377025196850395
11
4.4490625196850395
21
-5.2455233858267718
0
LINE
8
BLACK
6
CONTINUOUS
10
4.4490625196850395
20
-5.2455233858267718
11
4.441729645669291
21
-5.2523273228346454
0
LINE
8
BLACK
6
CONTINUOUS
10
4.441729645669291
20
-5.2523273228346454
11
4.4334645669291337
21
-5.2579623228346453
0
LINE
8
BLACK
6
CONTINUOUS
10
4.4334645669291337
20
-5.2579623228346453
11
4.424451968503937
21
-5.2623025590551178
0
LINE
8
BLACK
6
CONTINUOUS
10
4.424451968503937
20
-5.2623025590551178
11
4.4148931496062991
21
-5.2652510629921263
0
LINE
8
BLACK
6
CONTINUOUS
10
4.4148931496062991
20
-5.2652510629921263
11
4.4050016141732282
21
-5.2667419685039372
0
LINE
8
BLACK
6
CONTINUOUS
10
4.4050016141732282
20
-5.2667419685039372
11
4.3949983858267716
21
-5.2667419685039372
0
LINE
8
BLACK
6
CONTINUOUS
10
4.3949983858267716
20
-5.2667419685039372
11
4.3851068503937007
21
-5.2652510629921263
0
LINE
8
BLACK
6
CONTINUOUS
10
4.3851068503937007
20
-5.2652510629921263
11
4.3755480314960629
21
-5.2623025590551178
0
LINE
8
BLACK
6
CONTINUOUS
10
4.3755480314960629
20
-5.2623025590551178
11
4.3665354330708661
21
-5.2579623228346453
0
LINE
8
BLACK
6
CONTINUOUS
10
4.3665354330708661
20
-5.2579623228346453
11
4.3582703543307089
21
-5.2523273228346454
0
LINE
8
BLACK
6
CONTINUOUS
10
4.3582703543307089
20
-5.2523273228346454
11
4.3509374803149603
21
-5.2455233858267718
0
LINE
8
BLACK
6
CONTINUOUS
10
4.3509374803149603
20
-5.2455233858267718
11
4.3447005511811021
21
-5.2377025196850395
0
LINE
8
BLACK
6
CONTINUOUS
10
4.3447005511811021
20
-5.2377025196850395
11
4.3396989370078742
21
-5.2290394488188978
0
LINE
8
BLACK
6
CONTINUOUS
10
4.3396989370078742
20
-5.2290394488188978
11
4.3360443307086616
21
-5.2197277165354325
0
LINE
8
BLACK
6
CONTINUOUS
10
4.3360443307086616
20
-5.2197277165354325
11
4.3338184251968501
21
-5.2099752755905513
0
LINE
8
BLACK
6
CONTINUOUS
10
4.3338184251968501
20
-5.2099752755905513
11
4.3330708661417319
21
-5.2000000000000002
0
LINE
8
BLACK
6
CONTINUOUS
10
4.3330708661417319
20
-5.2000000000000002
11
4.3338184251968501
21
-5.1900247244094491
0
LINE
8
BLACK
6
CONTINUOUS
10
4.3338184251968501
20
-5.1900247244094491
11
4.3360443307086616
21
-5.1802722834645669
0
LINE
8
BLACK
6
CONTINUOUS
10
4.3360443307086616
20
-5.1802722834645669
11
4.3396989370078742
21
-5.1709605511811025
0
LINE
8
BLACK
6
CONTINUOUS
10
4.3396989370078742
20
-5.1709605511811025
11
4.3447005511811021
21
-5.1622974803149608
0
LINE
8
BLACK
6
CONTINUOUS
10
4.3447005511811021
20
-5.1622974803149608
11
4.3509374803149603
21
-5.1544766141732286
0
LINE
8
BLACK
6
CONTINUOUS
10
4.3509374803149603
20
-5.1544766141732286
11
4.3582703543307089
21
-5.147672677165354
0
LINE
8
BLACK
6
CONTINUOUS
10
4.3582703543307089
20
-5.147672677165354
11
4.3665354330708661
21
-5.1420376771653542
0
LINE
8
BLACK
6
CONTINUOUS
10
4.3665354330708661
20
-5.1420376771653542
11
4.3755480314960629
21
-5.1376974409448817
0
LINE
8
BLACK
6
CONTINUOUS
10
4.3755480314960629
20
-5.1376974409448817
11
4.3851068503937007
21
-5.134748937007874
0
LINE
8
BLACK
6
CONTINUOUS
10
4.3851068503937007
20
-5.134748937007874
11
4.3949983858267716
21
-5.1332580314960632
0
LINE
8
BLACK
6
CONTINUOUS
10
4.3949983858267716
20
-5.1332580314960632
11
4.4050016141732282
21
-5.1332580314960632
0
LINE
8
BLACK
6
CONTINUOUS
10
4.4050016141732282
20
-5.1332580314960632
11
4.4148931496062991
21
-5.134748937007874
0
LINE
8
BLACK
6
CONTINUOUS
10
6.0148931496062987
20
-5.134748937007874
11
6.0244519685039366
21
-5.1376974409448817
0
LINE
8
BLACK
6
CONTINUOUS
10
6.0244519685039366
20
-5.1376974409448817
11
6.0334645669291334
21
-5.1420376771653542
0
LINE
8
BLACK
6
CONTINUOUS
10
6.0334645669291334
20
-5.1420376771653542
11
6.0417296456692915
21
-5.147672677165354
0
LINE
8
BLACK
6
CONTINUOUS
10
6.0417296456692915
20
-5.147672677165354
11
6.0490625196850392
21
-5.1544766141732286
0
LINE
8
BLACK
6
CONTINUOUS
10
6.0490625196850392
20
-5.1544766141732286
11
6.0552994488188974
21
-5.1622974803149608
0
LINE
8
BLACK
6
CONTINUOUS
10
6.0552994488188974
20
-5.1622974803149608
11
6.0603010629921261
21
-5.1709605511811025
0
LINE
8
BLACK
6
CONTINUOUS
10
6.0603010629921261
20
-5.1709605511811025
11
6.0639556692913388
21
-5.1802722834645669
0
LINE
8
BLACK
6
CONTINUOUS
10
6.0639556692913388
20
-5.1802722834645669
11
6.0661815748031493
21
-5.1900247244094491
0
LINE
8
BLACK
6
CONTINUOUS
10
6.0661815748031493
20
-5.1900247244094491
11
6.0669291338582676
21
-5.2000000000000002
0
LINE
8
BLACK
6
CONTINUOUS
10
6.0669291338582676
20
-5.2000000000000002
11
6.0661815748031493
21
-5.2099752755905513
0
LINE
8
BLACK
6
CONTINUOUS
10
6.0661815748031493
20
-5.2099752755905513
11
6.0639556692913388
21
-5.2197277165354325
0
LINE
8
BLACK
6
CONTINUOUS
10
6.0639556692913388
20
-5.2197277165354325
11
6.0603010629921261
21
-5.2290394488188978
0
LINE
8
BLACK
6
CONTINUOUS
10
6.0603010629921261
20
-5.2290394488188978
11
6.0552994488188974
21
-5.2377025196850395
0
LINE
8
BLACK
6
CONTINUOUS
10
6.0552994488188974
20
-5.2377025196850395
11
6.0490625196850392
21
-5.2455233858267718
0
LINE
8
BLACK
6
CONTINUOUS
10
6.0490625196850392
20
-5.2455233858267718
11
6.0417296456692915
21
-5.2523273228346454
0
LINE
8
BLACK
6
CONTINUOUS
10
6.0417296456692915
20
-5.2523273228346454
11
6.0334645669291334
21
-5.2579623228346453
0
LINE
8
BLACK
6
CONTINUOUS
10
6.0334645669291334
20
-5.2579623228346453
11
6.0244519685039366
21
-5.2623025590551178
0
LINE
8
BLACK
6
CONTINUOUS
10
6.0244519685039366
20
-5.2623025590551178
11
6.0148931496062987
21
-5.2652510629921263
0
LINE
8
BLACK
6
CONTINUOUS
10
6.0148931496062987
20
-5.2652510629921263
11
6.0050016141732279
21
-5.2667419685039372
0
LINE
8
BLACK
6
CONTINUOUS
10
6.0050016141732279
20
-5.2667419685039372
11
5.9949983858267712
21
-5.2667419685039372
0
LINE
8
BLACK
6
CONTINUOUS
10
5.9949983858267712
20
-5.2667419685039372
11
5.9851068503937004
21
-5.2652510629921263
0
LINE
8
BLACK
6
CONTINUOUS
10
5.9851068503937004
20
-5.2652510629921263
11
5.9755480314960625
21
-5.2623025590551178
0
LINE
8
BLACK
6
CONTINUOUS
10
5.9755480314960625
20
-5.2623025590551178
11
5.9665354330708658
21
-5.2579623228346453
0
LINE
8
BLACK
6
CONTINUOUS
10
5.9665354330708658
20
-5.2579623228346453
11
5.9582703543307085
21
-5.2523273228346454
0
LINE
8
BLACK
6
CONTINUOUS
10
5.9582703543307085
20
-5.2523273228346454
11
5.9509374803149608
21
-5.2455233858267718
0
LINE
8
BLACK
6
CONTINUOUS
10
5.9509374803149608
20
-5.2455233858267718
11
5.9447005511811026
21
-5.2377025196850395
0
LINE
8
BLACK
6
CONTINUOUS
10
5.9447005511811026
20
-5.2377025196850395
11
5.9396989370078739
21
-5.2290394488188978
0
LINE
8
BLACK
6
CONTINUOUS
10
5.9396989370078739
20
-5.2290394488188978
11
5.9360443307086612
21
-5.2197277165354325
0
LINE
8
BLACK
6
CONTINUOUS
10
5.9360443307086612
20
-5.2197277165354325
11
5.9338184251968507
21
-5.2099752755905513
0
LINE
8
BLACK
6
CONTINUOUS
10
5.9338184251968507
20
-5.2099752755905513
11
5.9330708661417324
21
-5.2000000000000002
0
LINE
8
BLACK
6
CONTINUOUS
10
5.9330708661417324
20
-5.2000000000000002
11
5.9338184251968507
21
-5.1900247244094491
0
LINE
8
BLACK
6
CONTINUOUS
10
5.9338184251968507
20
-5.1900247244094491
11
5.9360443307086612
21
-5.1802722834645669
0
LINE
8
BLACK
6
CONTINUOUS
10
5.9360443307086612
20
-5.1802722834645669
11
5.9396989370078739
21
-5.1709605511811025
0
LINE
8
BLACK
6
CONTINUOUS
10
5.9396989370078739
20
-5.1709605511811025
11
5.9447005511811026
21
-5.1622974803149608
0
LINE
8
BLACK
6
CONTINUOUS
10
5.9447005511811026
20
-5.1622974803149608
11
5.9509374803149608
21
-5.1544766141732286
0
LINE
8
BLACK
6
CONTINUOUS
10
5.9509374803149608
20
-5.1544766141732286
11
5.9582703543307085
21
-5.147672677165354
0
LINE
8
BLACK
6
CONTINUOUS
10
5.9582703543307085
20
-5.147672677165354
11
5.9665354330708658
21
-5.1420376771653542
0
LINE
8
BLACK
6
CONTINUOUS
10
5.9665354330708658
20
-5.1420376771653542
11
5.9755480314960625
21
-5.1376974409448817
0
LINE
8
BLACK
6
CONTINUOUS
10
5.9755480314960625
20
-5.1376974409448817
11
5.9851068503937004
21
-5.134748937007874
0
LINE
8
BLACK
6
CONTINUOUS
10
5.9851068503937004
20
-5.134748937007874
11
5.9949983858267712
21
-5.1332580314960632
0
LINE
8
BLACK
6
CONTINUOUS
10
5.9949983858267712
20
-5.1332580314960632
11
6.0050016141732279
21
-5.1332580314960632
0
LINE
8
BLACK
6
CONTINUOUS
10
6.0050016141732279
20
-5.1332580314960632
11
6.0148931496062987
21
-5.134748937007874
  0
ENDSEC
  0
EOF
