  0
SECTION
  2
HEADER
  9
$ANGBASE
  50
0.0
  9
$ANGDIR
  70
1
  9
$MEASUREMENT
  70
0
  0
ENDSEC
  0
SECTION
  2
TABLES
  0
TABLE
  2
LTYPE
  70
4
  0
LTYPE
  5
40F
  2
CONTINUOUS
  70
0
  3
Solid line
  72
65
  73
0
  40
0.0
  0
LTYPE
  5
410
  2
DASHDOT
 70
0
  3
Dash Dot ____ _ ____ _
 72
65
 73
4
 40
2.0
 49
1.25
 49
-0.25
 49
0.25
 49
-0.25
  0
LTYPE
  5
411
  2
DASHED
 70
0
  3
Dashed __ __ __ __ __
 72
65
 73
2
 40
0.75
 49
0.5
 49
-0.25
  0
LTYPE
  5
43B
  2
DOTTED
 70
0
  3
Dotted .  .  .  .
 72
65
 73
2
 40
0.2
 49
0.0
 49
-0.2
  0
ENDTAB
  0
TABLE
  2
STYLE
  70
4
  0
STYLE
  2
KICAD
  70
0
  40
0
  41
1
  42
1
  50
0
  71
0
  3
isocp.shx
  0
STYLE
  2
KICADB
  70
0
  40
0
  41
1
  42
1
  50
0
  71
0
  3
isocp.shx
  0
STYLE
  2
KICADI
  70
0
  40
0
  41
1
  42
1
  50
15
  71
0
  3
isocp.shx
  0
STYLE
  2
KICADBI
  70
0
  40
0
  41
1
  42
1
  50
15
  71
0
  3
isocp.shx
  0
ENDTAB
  0
TABLE
  2
LAYER
  70
1
  0
LAYER
  2
BLACK
  70
0
  62
7
  6
CONTINUOUS
  0
ENDTAB
  0
ENDSEC
  0
SECTION
  2
ENTITIES
0
LINE
8
BLACK
6
CONTINUOUS
10
5.2619999999999996
20
-6.8019999999999996
11
5.202
21
-6.8019999999999996
0
LINE
8
BLACK
6
CONTINUOUS
10
5.202
20
-6.8019999999999996
11
5.202
21
-6.742
0
LINE
8
BLACK
6
CONTINUOUS
10
5.202
20
-6.742
11
5.2619999999999996
21
-6.742
0
LINE
8
BLACK
6
CONTINUOUS
10
5.2619999999999996
20
-6.742
11
5.2619999999999996
21
-6.8019999999999996
0
LINE
8
BLACK
6
CONTINUOUS
10
5.2619999999999996
20
-6.702
11
5.202
21
-6.702
0
LINE
8
BLACK
6
CONTINUOUS
10
5.202
20
-6.702
11
5.202
21
-6.6419999999999995
0
LINE
8
BLACK
6
CONTINUOUS
10
5.202
20
-6.6419999999999995
11
5.2619999999999996
21
-6.6419999999999995
0
LINE
8
BLACK
6
CONTINUOUS
10
5.2619999999999996
20
-6.6419999999999995
11
5.2619999999999996
21
-6.702
0
LINE
8
BLACK
6
CONTINUOUS
10
5.6972286220472439
20
-6.2337321653543309
11
5.7016186614173225
21
-6.2359690157480312
0
LINE
8
BLACK
6
CONTINUOUS
10
5.7016186614173225
20
-6.2359690157480312
11
5.7051026377952754
21
-6.239452992125984
0
LINE
8
BLACK
6
CONTINUOUS
10
5.7051026377952754
20
-6.239452992125984
11
5.7073394881889765
21
-6.2438430314960627
0
LINE
8
BLACK
6
CONTINUOUS
10
5.7073394881889765
20
-6.2438430314960627
11
5.7081102362204721
21
-6.2487094488188974
0
LINE
8
BLACK
6
CONTINUOUS
10
5.7081102362204721
20
-6.2487094488188974
11
5.7073394881889765
21
-6.2535758661417322
0
LINE
8
BLACK
6
CONTINUOUS
10
5.7073394881889765
20
-6.2535758661417322
11
5.7051026377952754
21
-6.2579659055118109
0
LINE
8
BLACK
6
CONTINUOUS
10
5.7051026377952754
20
-6.2579659055118109
11
5.7016186614173225
21
-6.2614498818897637
0
LINE
8
BLACK
6
CONTINUOUS
10
5.7016186614173225
20
-6.2614498818897637
11
5.6972286220472439
21
-6.2636867322834648
0
LINE
8
BLACK
6
CONTINUOUS
10
5.6972286220472439
20
-6.2636867322834648
11
5.6923622047244091
21
-6.2644574803149604
0
LINE
8
BLACK
6
CONTINUOUS
10
5.6923622047244091
20
-6.2644574803149604
11
5.6883803543307083
21
-6.2638268110236215
0
LINE
8
BLACK
6
CONTINUOUS
10
5.6883803543307083
20
-6.2638268110236215
11
5.5566394094488185
21
-6.3955677559055113
0
LINE
8
BLACK
6
CONTINUOUS
10
5.5566394094488185
20
-6.3955677559055113
11
5.5555209448818896
21
-6.3962705118110232
0
LINE
8
BLACK
6
CONTINUOUS
10
5.5555209448818896
20
-6.3962705118110232
11
5.5544880708661415
21
-6.3970942519685039
0
LINE
8
BLACK
6
CONTINUOUS
10
5.5544880708661415
20
-6.3970942519685039
11
5.5540514566929131
21
-6.3971938976377949
0
LINE
8
BLACK
6
CONTINUOUS
10
5.5540514566929131
20
-6.3971938976377949
11
5.5536722834645671
21
-6.3974321653543305
0
LINE
8
BLACK
6
CONTINUOUS
10
5.5536722834645671
20
-6.3974321653543305
11
5.5523595669291339
21
-6.3975800393700784
0
LINE
8
BLACK
6
CONTINUOUS
10
5.5523595669291339
20
-6.3975800393700784
11
5.5510716535433069
21
-6.3978740157480312
0
LINE
8
BLACK
6
CONTINUOUS
10
5.5510716535433069
20
-6.3978740157480312
11
4.8634446850393696
21
-6.3978740157480312
0
LINE
8
BLACK
6
CONTINUOUS
10
4.8634446850393696
20
-6.3978740157480312
11
4.8627402755905509
21
-6.3992564566929131
0
LINE
8
BLACK
6
CONTINUOUS
10
4.8627402755905509
20
-6.3992564566929131
11
4.8592562992125981
21
-6.4027404330708659
0
LINE
8
BLACK
6
CONTINUOUS
10
4.8592562992125981
20
-6.4027404330708659
11
4.8548662598425194
21
-6.4049772834645671
0
LINE
8
BLACK
6
CONTINUOUS
10
4.8548662598425194
20
-6.4049772834645671
11
4.8499998425196846
21
-6.4057480314960626
0
LINE
8
BLACK
6
CONTINUOUS
10
4.8499998425196846
20
-6.4057480314960626
11
4.8451334251968499
21
-6.4049772834645671
0
LINE
8
BLACK
6
CONTINUOUS
10
4.8451334251968499
20
-6.4049772834645671
11
4.8407433858267712
21
-6.4027404330708659
0
LINE
8
BLACK
6
CONTINUOUS
10
4.8407433858267712
20
-6.4027404330708659
11
4.8372594094488184
21
-6.3992564566929131
0
LINE
8
BLACK
6
CONTINUOUS
10
4.8372594094488184
20
-6.3992564566929131
11
4.8350225590551181
21
-6.3948664173228345
0
LINE
8
BLACK
6
CONTINUOUS
10
4.8350225590551181
20
-6.3948664173228345
11
4.8342518110236217
21
-6.3899999999999997
0
LINE
8
BLACK
6
CONTINUOUS
10
4.8342518110236217
20
-6.3899999999999997
11
4.8350225590551181
21
-6.3851335826771649
0
LINE
8
BLACK
6
CONTINUOUS
10
4.8350225590551181
20
-6.3851335826771649
11
4.8372594094488184
21
-6.3807435433070863
0
LINE
8
BLACK
6
CONTINUOUS
10
4.8372594094488184
20
-6.3807435433070863
11
4.8407433858267712
21
-6.3772595669291334
0
LINE
8
BLACK
6
CONTINUOUS
10
4.8407433858267712
20
-6.3772595669291334
11
4.8451334251968499
21
-6.3750227165354332
0
LINE
8
BLACK
6
CONTINUOUS
10
4.8451334251968499
20
-6.3750227165354332
11
4.8499998425196846
21
-6.3742519685039367
0
LINE
8
BLACK
6
CONTINUOUS
10
4.8499998425196846
20
-6.3742519685039367
11
4.8548662598425194
21
-6.3750227165354332
0
LINE
8
BLACK
6
CONTINUOUS
10
4.8548662598425194
20
-6.3750227165354332
11
4.8592562992125981
21
-6.3772595669291334
0
LINE
8
BLACK
6
CONTINUOUS
10
4.8592562992125981
20
-6.3772595669291334
11
4.8627402755905509
21
-6.3807435433070863
0
LINE
8
BLACK
6
CONTINUOUS
10
4.8627402755905509
20
-6.3807435433070863
11
4.8634446850393696
21
-6.3821259842519682
0
LINE
8
BLACK
6
CONTINUOUS
10
4.8634446850393696
20
-6.3821259842519682
11
5.5478101574803151
21
-6.3821259842519682
0
LINE
8
BLACK
6
CONTINUOUS
10
5.5478101574803151
20
-6.3821259842519682
11
5.6772448031496063
21
-6.2526912598425195
0
LINE
8
BLACK
6
CONTINUOUS
10
5.6772448031496063
20
-6.2526912598425195
11
5.6766141732283462
21
-6.2487094488188974
0
LINE
8
BLACK
6
CONTINUOUS
10
5.6766141732283462
20
-6.2487094488188974
11
5.6773849212598426
21
-6.2438430314960627
0
LINE
8
BLACK
6
CONTINUOUS
10
5.6773849212598426
20
-6.2438430314960627
11
5.6796217716535429
21
-6.239452992125984
0
LINE
8
BLACK
6
CONTINUOUS
10
5.6796217716535429
20
-6.239452992125984
11
5.6831057480314957
21
-6.2359690157480312
0
LINE
8
BLACK
6
CONTINUOUS
10
5.6831057480314957
20
-6.2359690157480312
11
5.6874957874015744
21
-6.2337321653543309
0
LINE
8
BLACK
6
CONTINUOUS
10
5.6874957874015744
20
-6.2337321653543309
11
5.6923622047244091
21
-6.2329614173228345
0
LINE
8
BLACK
6
CONTINUOUS
10
5.6923622047244091
20
-6.2329614173228345
11
5.6972286220472439
21
-6.2337321653543309
0
LINE
8
BLACK
6
CONTINUOUS
10
5.8080144881889764
20
-6.2804247637795276
11
5.812404527559055
21
-6.2826616141732279
0
LINE
8
BLACK
6
CONTINUOUS
10
5.812404527559055
20
-6.2826616141732279
11
5.8158885039370078
21
-6.2861455905511807
0
LINE
8
BLACK
6
CONTINUOUS
10
5.8158885039370078
20
-6.2861455905511807
11
5.8165929133858265
21
-6.2875280314960627
0
LINE
8
BLACK
6
CONTINUOUS
10
5.8165929133858265
20
-6.2875280314960627
11
5.8254191338582677
21
-6.2875280314960627
0
LINE
8
BLACK
6
CONTINUOUS
10
5.8254191338582677
20
-6.2875280314960627
11
5.9190548031496064
21
-6.2875280314960627
0
LINE
8
BLACK
6
CONTINUOUS
10
5.9190548031496064
20
-6.2875280314960627
11
5.9203427165354325
21
-6.2878219685039367
0
LINE
8
BLACK
6
CONTINUOUS
10
5.9203427165354325
20
-6.2878219685039367
11
5.9216554330708657
21
-6.2879698818897634
0
LINE
8
BLACK
6
CONTINUOUS
10
5.9216554330708657
20
-6.2879698818897634
11
5.9220346062992126
21
-6.2882081102362202
0
LINE
8
BLACK
6
CONTINUOUS
10
5.9220346062992126
20
-6.2882081102362202
11
5.922471220472441
21
-6.2883077952755908
0
LINE
8
BLACK
6
CONTINUOUS
10
5.922471220472441
20
-6.2883077952755908
11
5.9235040944881892
21
-6.2891314960629918
0
LINE
8
BLACK
6
CONTINUOUS
10
5.9235040944881892
20
-6.2891314960629918
11
5.924622559055118
21
-6.2898342913385825
0
LINE
8
BLACK
6
CONTINUOUS
10
5.924622559055118
20
-6.2898342913385825
11
5.9533803149606301
21
-6.3185920472440946
0
LINE
8
BLACK
6
CONTINUOUS
10
5.9533803149606301
20
-6.3185920472440946
11
5.9573622047244097
21
-6.3179614173228344
0
LINE
8
BLACK
6
CONTINUOUS
10
5.9573622047244097
20
-6.3179614173228344
11
5.9622286220472436
21
-6.3187321653543309
0
LINE
8
BLACK
6
CONTINUOUS
10
5.9622286220472436
20
-6.3187321653543309
11
5.9666186614173231
21
-6.3209690157480312
0
LINE
8
BLACK
6
CONTINUOUS
10
5.9666186614173231
20
-6.3209690157480312
11
5.9701026377952751
21
-6.324452992125984
0
LINE
8
BLACK
6
CONTINUOUS
10
5.9701026377952751
20
-6.324452992125984
11
5.9723394881889762
21
-6.3288430314960626
0
LINE
8
BLACK
6
CONTINUOUS
10
5.9723394881889762
20
-6.3288430314960626
11
5.9731102362204727
21
-6.3337094488188974
0
LINE
8
BLACK
6
CONTINUOUS
10
5.9731102362204727
20
-6.3337094488188974
11
5.9723394881889762
21
-6.3385758661417322
0
LINE
8
BLACK
6
CONTINUOUS
10
5.9723394881889762
20
-6.3385758661417322
11
5.9701026377952751
21
-6.3429659055118108
0
LINE
8
BLACK
6
CONTINUOUS
10
5.9701026377952751
20
-6.3429659055118108
11
5.9666186614173231
21
-6.3464498818897637
0
LINE
8
BLACK
6
CONTINUOUS
10
5.9666186614173231
20
-6.3464498818897637
11
5.9622286220472436
21
-6.3486867322834648
0
LINE
8
BLACK
6
CONTINUOUS
10
5.9622286220472436
20
-6.3486867322834648
11
5.9573622047244097
21
-6.3494574803149604
0
LINE
8
BLACK
6
CONTINUOUS
10
5.9573622047244097
20
-6.3494574803149604
11
5.9524957874015749
21
-6.3486867322834648
0
LINE
8
BLACK
6
CONTINUOUS
10
5.9524957874015749
20
-6.3486867322834648
11
5.9481057480314963
21
-6.3464498818897637
0
LINE
8
BLACK
6
CONTINUOUS
10
5.9481057480314963
20
-6.3464498818897637
11
5.9446217716535434
21
-6.3429659055118108
0
LINE
8
BLACK
6
CONTINUOUS
10
5.9446217716535434
20
-6.3429659055118108
11
5.9423849212598423
21
-6.3385758661417322
0
LINE
8
BLACK
6
CONTINUOUS
10
5.9423849212598423
20
-6.3385758661417322
11
5.9416141732283467
21
-6.3337094488188974
0
LINE
8
BLACK
6
CONTINUOUS
10
5.9416141732283467
20
-6.3337094488188974
11
5.942244803149606
21
-6.3297275590551179
0
LINE
8
BLACK
6
CONTINUOUS
10
5.942244803149606
20
-6.3297275590551179
11
5.9157933070866138
21
-6.3032760629921256
0
LINE
8
BLACK
6
CONTINUOUS
10
5.9157933070866138
20
-6.3032760629921256
11
5.8254191338582677
21
-6.3032760629921256
0
LINE
8
BLACK
6
CONTINUOUS
10
5.8254191338582677
20
-6.3032760629921256
11
5.8165929133858265
21
-6.3032760629921256
0
LINE
8
BLACK
6
CONTINUOUS
10
5.8165929133858265
20
-6.3032760629921256
11
5.8158885039370078
21
-6.3046585039370076
0
LINE
8
BLACK
6
CONTINUOUS
10
5.8158885039370078
20
-6.3046585039370076
11
5.812404527559055
21
-6.3081424803149604
0
LINE
8
BLACK
6
CONTINUOUS
10
5.812404527559055
20
-6.3081424803149604
11
5.8080144881889764
21
-6.3103793307086615
0
LINE
8
BLACK
6
CONTINUOUS
10
5.8080144881889764
20
-6.3103793307086615
11
5.8031480708661416
21
-6.3111500787401571
0
LINE
8
BLACK
6
CONTINUOUS
10
5.8031480708661416
20
-6.3111500787401571
11
5.7982816535433068
21
-6.3103793307086615
0
LINE
8
BLACK
6
CONTINUOUS
10
5.7982816535433068
20
-6.3103793307086615
11
5.7938916141732282
21
-6.3081424803149604
0
LINE
8
BLACK
6
CONTINUOUS
10
5.7938916141732282
20
-6.3081424803149604
11
5.7904076377952753
21
-6.3046585039370076
0
LINE
8
BLACK
6
CONTINUOUS
10
5.7904076377952753
20
-6.3046585039370076
11
5.7881707874015751
21
-6.3002684645669289
0
LINE
8
BLACK
6
CONTINUOUS
10
5.7881707874015751
20
-6.3002684645669289
11
5.7874000393700786
21
-6.2954020472440941
0
LINE
8
BLACK
6
CONTINUOUS
10
5.7874000393700786
20
-6.2954020472440941
11
5.7881707874015751
21
-6.2905356299212594
0
LINE
8
BLACK
6
CONTINUOUS
10
5.7881707874015751
20
-6.2905356299212594
11
5.7904076377952753
21
-6.2861455905511807
0
LINE
8
BLACK
6
CONTINUOUS
10
5.7904076377952753
20
-6.2861455905511807
11
5.7938916141732282
21
-6.2826616141732279
0
LINE
8
BLACK
6
CONTINUOUS
10
5.7938916141732282
20
-6.2826616141732279
11
5.7982816535433068
21
-6.2804247637795276
0
LINE
8
BLACK
6
CONTINUOUS
10
5.7982816535433068
20
-6.2804247637795276
11
5.8031480708661416
21
-6.2796540157480312
0
LINE
8
BLACK
6
CONTINUOUS
10
5.8031480708661416
20
-6.2796540157480312
11
5.8080144881889764
21
-6.2804247637795276
0
LINE
8
BLACK
6
CONTINUOUS
10
4.8548664173228344
20
-6.1267553937007877
11
4.8592564566929131
21
-6.128992244094488
0
LINE
8
BLACK
6
CONTINUOUS
10
4.8592564566929131
20
-6.128992244094488
11
4.8627404330708659
21
-6.1324762204724408
0
LINE
8
BLACK
6
CONTINUOUS
10
4.8627404330708659
20
-6.1324762204724408
11
4.864977283464567
21
-6.1368662598425194
0
LINE
8
BLACK
6
CONTINUOUS
10
4.864977283464567
20
-6.1368662598425194
11
4.8657480314960626
21
-6.1417326771653542
0
LINE
8
BLACK
6
CONTINUOUS
10
4.8657480314960626
20
-6.1417326771653542
11
4.864977283464567
21
-6.146599094488189
0
LINE
8
BLACK
6
CONTINUOUS
10
4.864977283464567
20
-6.146599094488189
11
4.8627404330708659
21
-6.1509891338582676
0
LINE
8
BLACK
6
CONTINUOUS
10
4.8627404330708659
20
-6.1509891338582676
11
4.8592564566929131
21
-6.1544731102362205
0
LINE
8
BLACK
6
CONTINUOUS
10
4.8592564566929131
20
-6.1544731102362205
11
4.8548664173228344
21
-6.1567099606299207
0
LINE
8
BLACK
6
CONTINUOUS
10
4.8548664173228344
20
-6.1567099606299207
11
4.8499999999999996
21
-6.1574807086614172
0
LINE
8
BLACK
6
CONTINUOUS
10
4.8499999999999996
20
-6.1574807086614172
11
4.8451335826771649
21
-6.1567099606299207
0
LINE
8
BLACK
6
CONTINUOUS
10
4.8451335826771649
20
-6.1567099606299207
11
4.8407435433070862
21
-6.1544731102362205
0
LINE
8
BLACK
6
CONTINUOUS
10
4.8407435433070862
20
-6.1544731102362205
11
4.8372595669291334
21
-6.1509891338582676
0
LINE
8
BLACK
6
CONTINUOUS
10
4.8372595669291334
20
-6.1509891338582676
11
4.8365551574803147
21
-6.1496066929133857
0
LINE
8
BLACK
6
CONTINUOUS
10
4.8365551574803147
20
-6.1496066929133857
11
4.8277289370078735
21
-6.1496066929133857
0
LINE
8
BLACK
6
CONTINUOUS
10
4.8277289370078735
20
-6.1496066929133857
11
4.6489304330708663
21
-6.1496066929133857
0
LINE
8
BLACK
6
CONTINUOUS
10
4.6489304330708663
20
-6.1496066929133857
11
4.5814961023622045
21
-6.2170409842519687
0
LINE
8
BLACK
6
CONTINUOUS
10
4.5814961023622045
20
-6.2170409842519687
11
4.5814961023622045
21
-6.2837488582677166
0
LINE
8
BLACK
6
CONTINUOUS
10
4.5814961023622045
20
-6.2837488582677166
11
4.5812021653543304
21
-6.2850366141732286
0
LINE
8
BLACK
6
CONTINUOUS
10
4.5812021653543304
20
-6.2850366141732286
11
4.5810542519685038
21
-6.2863494881889759
0
LINE
8
BLACK
6
CONTINUOUS
10
4.5810542519685038
20
-6.2863494881889759
11
4.5808159842519682
21
-6.2867286614173228
0
LINE
8
BLACK
6
CONTINUOUS
10
4.5808159842519682
20
-6.2867286614173228
11
4.5807163385826772
21
-6.2871652755905512
0
LINE
8
BLACK
6
CONTINUOUS
10
4.5807163385826772
20
-6.2871652755905512
11
4.5798927165354328
21
-6.2881979921259843
0
LINE
8
BLACK
6
CONTINUOUS
10
4.5798927165354328
20
-6.2881979921259843
11
4.5791898818897634
21
-6.2893166141732282
0
LINE
8
BLACK
6
CONTINUOUS
10
4.5791898818897634
20
-6.2893166141732282
11
4.5744654330708663
21
-6.2940410236220474
0
LINE
8
BLACK
6
CONTINUOUS
10
4.5744654330708663
20
-6.2940410236220474
11
4.5733469685039365
21
-6.2947437795275585
0
LINE
8
BLACK
6
CONTINUOUS
10
4.5733469685039365
20
-6.2947437795275585
11
4.5723140944881893
21
-6.2955675196850391
0
LINE
8
BLACK
6
CONTINUOUS
10
4.5723140944881893
20
-6.2955675196850391
11
4.5718774803149609
21
-6.2956671653543301
0
LINE
8
BLACK
6
CONTINUOUS
10
4.5718774803149609
20
-6.2956671653543301
11
4.571498307086614
21
-6.2959054330708657
0
LINE
8
BLACK
6
CONTINUOUS
10
4.571498307086614
20
-6.2959054330708657
11
4.5701855905511808
21
-6.2960533070866136
0
LINE
8
BLACK
6
CONTINUOUS
10
4.5701855905511808
20
-6.2960533070866136
11
4.5688976771653547
21
-6.2963472834645664
0
LINE
8
BLACK
6
CONTINUOUS
10
4.5688976771653547
20
-6.2963472834645664
11
4.4278740551181102
21
-6.2963472834645664
0
LINE
8
BLACK
6
CONTINUOUS
10
4.4278740551181102
20
-6.2963472834645664
11
4.4265861023622044
21
-6.2960533070866136
0
LINE
8
BLACK
6
CONTINUOUS
10
4.4265861023622044
20
-6.2960533070866136
11
4.42527342519685
21
-6.2959054330708657
0
LINE
8
BLACK
6
CONTINUOUS
10
4.42527342519685
20
-6.2959054330708657
11
4.4248942125984252
21
-6.2956671653543301
0
LINE
8
BLACK
6
CONTINUOUS
10
4.4248942125984252
20
-6.2956671653543301
11
4.4244576377952756
21
-6.2955675196850391
0
LINE
8
BLACK
6
CONTINUOUS
10
4.4244576377952756
20
-6.2955675196850391
11
4.4234247244094487
21
-6.2947437795275585
0
LINE
8
BLACK
6
CONTINUOUS
10
4.4234247244094487
20
-6.2947437795275585
11
4.4223062992125985
21
-6.2940410236220474
0
LINE
8
BLACK
6
CONTINUOUS
10
4.4223062992125985
20
-6.2940410236220474
11
4.4144322440944883
21
-6.2861669685039372
0
LINE
8
BLACK
6
CONTINUOUS
10
4.4144322440944883
20
-6.2861669685039372
11
4.4137294488188976
21
-6.2850485039370074
0
LINE
8
BLACK
6
CONTINUOUS
10
4.4137294488188976
20
-6.2850485039370074
11
4.4129057480314957
21
-6.2840156299212593
0
LINE
8
BLACK
6
CONTINUOUS
10
4.4129057480314957
20
-6.2840156299212593
11
4.412806062992126
21
-6.2835790157480318
0
LINE
8
BLACK
6
CONTINUOUS
10
4.412806062992126
20
-6.2835790157480318
11
4.4125678346456692
21
-6.2831998425196849
0
LINE
8
BLACK
6
CONTINUOUS
10
4.4125678346456692
20
-6.2831998425196849
11
4.4124199212598425
21
-6.2818871259842517
0
LINE
8
BLACK
6
CONTINUOUS
10
4.4124199212598425
20
-6.2818871259842517
11
4.4121259842519684
21
-6.2805992125984247
0
LINE
8
BLACK
6
CONTINUOUS
10
4.4121259842519684
20
-6.2805992125984247
11
4.4121259842519684
21
-6.2648511811023617
0
LINE
8
BLACK
6
CONTINUOUS
10
4.4121259842519684
20
-6.2648511811023617
11
4.3899999999999997
21
-6.2648511811023617
0
LINE
8
BLACK
6
CONTINUOUS
10
4.3899999999999997
20
-6.2648511811023617
11
4.3899999999999997
21
-6.2048511811023621
0
LINE
8
BLACK
6
CONTINUOUS
10
4.3899999999999997
20
-6.2048511811023621
11
4.4500000000000002
21
-6.2048511811023621
0
LINE
8
BLACK
6
CONTINUOUS
10
4.4500000000000002
20
-6.2048511811023621
11
4.4500000000000002
21
-6.2648511811023617
0
LINE
8
BLACK
6
CONTINUOUS
10
4.4500000000000002
20
-6.2648511811023617
11
4.4278740157480314
21
-6.2648511811023617
0
LINE
8
BLACK
6
CONTINUOUS
10
4.4278740157480314
20
-6.2648511811023617
11
4.4278740157480314
21
-6.2773377165354329
0
LINE
8
BLACK
6
CONTINUOUS
10
4.4278740157480314
20
-6.2773377165354329
11
4.4311355511811019
21
-6.2805992519685034
0
LINE
8
BLACK
6
CONTINUOUS
10
4.4311355511811019
20
-6.2805992519685034
11
4.565636181102362
21
-6.2805992519685034
0
LINE
8
BLACK
6
CONTINUOUS
10
4.565636181102362
20
-6.2805992519685034
11
4.5657480708661415
21
-6.2804873228346452
0
LINE
8
BLACK
6
CONTINUOUS
10
4.5657480708661415
20
-6.2804873228346452
11
4.5657480708661415
21
-6.2137794881889761
0
LINE
8
BLACK
6
CONTINUOUS
10
4.5657480708661415
20
-6.2137794881889761
11
4.5660420078740156
21
-6.2124915354330703
0
LINE
8
BLACK
6
CONTINUOUS
10
4.5660420078740156
20
-6.2124915354330703
11
4.5661899212598422
21
-6.2111788582677168
0
LINE
8
BLACK
6
CONTINUOUS
10
4.5661899212598422
20
-6.2111788582677168
11
4.5664281496062991
21
-6.2107996456692911
0
LINE
8
BLACK
6
CONTINUOUS
10
4.5664281496062991
20
-6.2107996456692911
11
4.5665278346456688
21
-6.2103630708661415
0
LINE
8
BLACK
6
CONTINUOUS
10
4.5665278346456688
20
-6.2103630708661415
11
4.5673515354330707
21
-6.2093301574803146
0
LINE
8
BLACK
6
CONTINUOUS
10
4.5673515354330707
20
-6.2093301574803146
11
4.5680543307086614
21
-6.2082117322834645
0
LINE
8
BLACK
6
CONTINUOUS
10
4.5680543307086614
20
-6.2082117322834645
11
4.6401011023622045
21
-6.1361649212598426
0
LINE
8
BLACK
6
CONTINUOUS
10
4.6401011023622045
20
-6.1361649212598426
11
4.6412196456692909
21
-6.1354620472440944
0
LINE
8
BLACK
6
CONTINUOUS
10
4.6412196456692909
20
-6.1354620472440944
11
4.6422524803149603
21
-6.13463842519685
0
LINE
8
BLACK
6
CONTINUOUS
10
4.6422524803149603
20
-6.13463842519685
11
4.6426890551181099
21
-6.1345387401574802
0
LINE
8
BLACK
6
CONTINUOUS
10
4.6426890551181099
20
-6.1345387401574802
11
4.6430682677165356
21
-6.1343005118110234
0
LINE
8
BLACK
6
CONTINUOUS
10
4.6430682677165356
20
-6.1343005118110234
11
4.6443809842519688
21
-6.1341525984251968
0
LINE
8
BLACK
6
CONTINUOUS
10
4.6443809842519688
20
-6.1341525984251968
11
4.6456688976377949
21
-6.1338586614173227
0
LINE
8
BLACK
6
CONTINUOUS
10
4.6456688976377949
20
-6.1338586614173227
11
4.8277289370078735
21
-6.1338586614173227
0
LINE
8
BLACK
6
CONTINUOUS
10
4.8277289370078735
20
-6.1338586614173227
11
4.8365551574803147
21
-6.1338586614173227
0
LINE
8
BLACK
6
CONTINUOUS
10
4.8365551574803147
20
-6.1338586614173227
11
4.8372595669291334
21
-6.1324762204724408
0
LINE
8
BLACK
6
CONTINUOUS
10
4.8372595669291334
20
-6.1324762204724408
11
4.8407435433070862
21
-6.128992244094488
0
LINE
8
BLACK
6
CONTINUOUS
10
4.8407435433070862
20
-6.128992244094488
11
4.8451335826771649
21
-6.1267553937007877
0
LINE
8
BLACK
6
CONTINUOUS
10
4.8451335826771649
20
-6.1267553937007877
11
4.8499999999999996
21
-6.1259846456692912
0
LINE
8
BLACK
6
CONTINUOUS
10
4.8499999999999996
20
-6.1259846456692912
11
4.8548664173228344
21
-6.1267553937007877
0
LINE
8
BLACK
6
CONTINUOUS
10
4.4735077165354333
20
-6.1763106692913388
11
4.4739711811023621
21
-6.1768455511811018
0
LINE
8
BLACK
6
CONTINUOUS
10
4.4739711811023621
20
-6.1768455511811018
11
4.4756983464566931
21
-6.1791527952755905
0
LINE
8
BLACK
6
CONTINUOUS
10
4.4756983464566931
20
-6.1791527952755905
11
4.4803067716535434
21
-6.1826026377952754
0
LINE
8
BLACK
6
CONTINUOUS
10
4.4803067716535434
20
-6.1826026377952754
11
4.4803068503937009
21
-6.1826026771653542
0
LINE
8
BLACK
6
CONTINUOUS
10
4.4803068503937009
20
-6.1826026771653542
11
4.4803069291338584
21
-6.1826027165354329
0
LINE
8
BLACK
6
CONTINUOUS
10
4.4803069291338584
20
-6.1826027165354329
11
4.4826328740157475
21
-6.1834702362204723
0
LINE
8
BLACK
6
CONTINUOUS
10
4.4826328740157475
20
-6.1834702362204723
11
4.4857005905511809
21
-6.1846144881889762
0
LINE
8
BLACK
6
CONTINUOUS
10
4.4857005905511809
20
-6.1846144881889762
11
4.4857009055118109
21
-6.1846145669291337
0
LINE
8
BLACK
6
CONTINUOUS
10
4.4857009055118109
20
-6.1846145669291337
11
4.4880846456692911
21
-6.184870826771653
0
LINE
8
BLACK
6
CONTINUOUS
10
4.4880846456692911
20
-6.184870826771653
11
4.4880848425196849
21
-6.184870826771653
0
LINE
8
BLACK
6
CONTINUOUS
10
4.4880848425196849
20
-6.184870826771653
11
4.4880851181102361
21
-6.1848708661417318
0
LINE
8
BLACK
6
CONTINUOUS
10
4.4880851181102361
20
-6.1848708661417318
11
4.4880853543307087
21
-6.1848708661417318
0
LINE
8
BLACK
6
CONTINUOUS
10
4.4880853543307087
20
-6.1848708661417318
11
4.551107047244094
21
-6.1848708661417318
0
LINE
8
BLACK
6
CONTINUOUS
10
4.551107047244094
20
-6.1848708661417318
11
4.5537889763779527
21
-6.1856583464566928
0
LINE
8
BLACK
6
CONTINUOUS
10
4.5537889763779527
20
-6.1856583464566928
11
4.5556194094488189
21
-6.1877707874015746
0
LINE
8
BLACK
6
CONTINUOUS
10
4.5556194094488189
20
-6.1877707874015746
11
4.5560172047244096
21
-6.1905374803149602
0
LINE
8
BLACK
6
CONTINUOUS
10
4.5560172047244096
20
-6.1905374803149602
11
4.5548560236220474
21
-6.1930800000000001
0
LINE
8
BLACK
6
CONTINUOUS
10
4.5548560236220474
20
-6.1930800000000001
11
4.5546098031496065
21
-6.1933440944881886
0
LINE
8
BLACK
6
CONTINUOUS
10
4.5546098031496065
20
-6.1933440944881886
11
4.5545957480314962
21
-6.1933581102362201
0
LINE
8
BLACK
6
CONTINUOUS
10
4.5545957480314962
20
-6.1933581102362201
11
4.5543825590551181
21
-6.1935585433070868
0
LINE
8
BLACK
6
CONTINUOUS
10
4.5543825590551181
20
-6.1935585433070868
11
4.5525899606299207
21
-6.1951466535433068
0
LINE
8
BLACK
6
CONTINUOUS
10
4.5525899606299207
20
-6.1951466535433068
11
4.5512298425196853
21
-6.1971170472440944
0
LINE
8
BLACK
6
CONTINUOUS
10
4.5512298425196853
20
-6.1971170472440944
11
4.5510524409448818
21
-6.1973581496062993
0
LINE
8
BLACK
6
CONTINUOUS
10
4.5510524409448818
20
-6.1973581496062993
11
4.54957594488189
21
-6.1992428346456689
0
LINE
8
BLACK
6
CONTINUOUS
10
4.54957594488189
20
-6.1992428346456689
11
4.5495757086614175
21
-6.1992432283464565
0
LINE
8
BLACK
6
CONTINUOUS
10
4.5495757086614175
20
-6.1992432283464565
11
4.5494108661417325
21
-6.1996094094488186
0
LINE
8
BLACK
6
CONTINUOUS
10
4.5494108661417325
20
-6.1996094094488186
11
4.5489703543307085
21
-6.2003905511811022
0
LINE
8
BLACK
6
CONTINUOUS
10
4.5489703543307085
20
-6.2003905511811022
11
4.5487419685039372
21
-6.2007214566929134
0
LINE
8
BLACK
6
CONTINUOUS
10
4.5487419685039372
20
-6.2007214566929134
11
4.5478930314960628
21
-6.2029599212598425
0
LINE
8
BLACK
6
CONTINUOUS
10
4.5478930314960628
20
-6.2029599212598425
11
4.5477783858267715
21
-6.2032366141732282
0
LINE
8
BLACK
6
CONTINUOUS
10
4.5477783858267715
20
-6.2032366141732282
11
4.5470517716535435
21
-6.2048511811023621
0
LINE
8
BLACK
6
CONTINUOUS
10
4.5470517716535435
20
-6.2048511811023621
11
4.5499999999999998
21
-6.2048511811023621
0
LINE
8
BLACK
6
CONTINUOUS
10
4.5499999999999998
20
-6.2048511811023621
11
4.5499999999999998
21
-6.2648511811023617
0
LINE
8
BLACK
6
CONTINUOUS
10
4.5499999999999998
20
-6.2648511811023617
11
4.4900000000000002
21
-6.2648511811023617
0
LINE
8
BLACK
6
CONTINUOUS
10
4.4900000000000002
20
-6.2648511811023617
11
4.4900000000000002
21
-6.2605795669291338
0
LINE
8
BLACK
6
CONTINUOUS
10
4.4900000000000002
20
-6.2605795669291338
11
4.4749803149606295
21
-6.2605795669291338
0
LINE
8
BLACK
6
CONTINUOUS
10
4.4749803149606295
20
-6.2605795669291338
11
4.4722983858267717
21
-6.2597920866141727
0
LINE
8
BLACK
6
CONTINUOUS
10
4.4722983858267717
20
-6.2597920866141727
11
4.4704679527559055
21
-6.2576796456692909
0
LINE
8
BLACK
6
CONTINUOUS
10
4.4704679527559055
20
-6.2576796456692909
11
4.4700196850393699
21
-6.2556189370078741
0
LINE
8
BLACK
6
CONTINUOUS
10
4.4700196850393699
20
-6.2556189370078741
11
4.4700196850393699
21
-6.2029364960629918
0
LINE
8
BLACK
6
CONTINUOUS
10
4.4700196850393699
20
-6.2029364960629918
11
4.4700196456692911
21
-6.202935826771653
0
LINE
8
BLACK
6
CONTINUOUS
10
4.4700196456692911
20
-6.202935826771653
11
4.4697633858267718
21
-6.2005520866141728
0
LINE
8
BLACK
6
CONTINUOUS
10
4.4697633858267718
20
-6.2005520866141728
11
4.4697633070866143
21
-6.2005517716535428
0
LINE
8
BLACK
6
CONTINUOUS
10
4.4697633070866143
20
-6.2005517716535428
11
4.467751535433071
21
-6.1951581496062991
0
LINE
8
BLACK
6
CONTINUOUS
10
4.467751535433071
20
-6.1951581496062991
11
4.4677514566929135
21
-6.1951579527559053
0
LINE
8
BLACK
6
CONTINUOUS
10
4.4677514566929135
20
-6.1951579527559053
11
4.4643016141732286
21
-6.190549527559055
0
LINE
8
BLACK
6
CONTINUOUS
10
4.4643016141732286
20
-6.190549527559055
11
4.4619943700787399
21
-6.188822362204724
0
LINE
8
BLACK
6
CONTINUOUS
10
4.4619943700787399
20
-6.188822362204724
11
4.4603192913385827
21
-6.1865847244094487
0
LINE
8
BLACK
6
CONTINUOUS
10
4.4603192913385827
20
-6.1865847244094487
11
4.4601199212598424
21
-6.1837966929133854
0
LINE
8
BLACK
6
CONTINUOUS
10
4.4601199212598424
20
-6.1837966929133854
11
4.461459488188976
21
-6.181343464566929
0
LINE
8
BLACK
6
CONTINUOUS
10
4.461459488188976
20
-6.181343464566929
11
4.4619943700787399
21
-6.1808800000000002
0
LINE
8
BLACK
6
CONTINUOUS
10
4.4619943700787399
20
-6.1808800000000002
11
4.4643016141732286
21
-6.1791527952755905
0
LINE
8
BLACK
6
CONTINUOUS
10
4.4643016141732286
20
-6.1791527952755905
11
4.4660288188976374
21
-6.1768455511811018
0
LINE
8
BLACK
6
CONTINUOUS
10
4.4660288188976374
20
-6.1768455511811018
11
4.4682664566929136
21
-6.1751704724409446
0
LINE
8
BLACK
6
CONTINUOUS
10
4.4682664566929136
20
-6.1751704724409446
11
4.471054488188976
21
-6.1749711023622043
0
LINE
8
BLACK
6
CONTINUOUS
10
4.471054488188976
20
-6.1749711023622043
11
4.4735077165354333
21
-6.1763106692913388
0
LINE
8
BLACK
6
CONTINUOUS
10
4.6272879133858265
20
-5.9384199212598423
11
4.6286006299212596
21
-5.938567834645669
0
LINE
8
BLACK
6
CONTINUOUS
10
4.6286006299212596
20
-5.938567834645669
11
4.6289798031496066
21
-5.9388060629921258
0
LINE
8
BLACK
6
CONTINUOUS
10
4.6289798031496066
20
-5.9388060629921258
11
4.6294164173228349
21
-5.9389057480314955
0
LINE
8
BLACK
6
CONTINUOUS
10
4.6294164173228349
20
-5.9389057480314955
11
4.6304492913385822
21
-5.9397294488188974
0
LINE
8
BLACK
6
CONTINUOUS
10
4.6304492913385822
20
-5.9397294488188974
11
4.631567755905512
21
-5.9404322440944881
0
LINE
8
BLACK
6
CONTINUOUS
10
4.631567755905512
20
-5.9404322440944881
11
4.6898197637795276
21
-5.9986842519685037
0
LINE
8
BLACK
6
CONTINUOUS
10
4.6898197637795276
20
-5.9986842519685037
11
4.6960181102362206
21
-6.0048825984251968
0
LINE
8
BLACK
6
CONTINUOUS
10
4.6960181102362206
20
-6.0048825984251968
11
4.7000000000000002
21
-6.0042519685039366
0
LINE
8
BLACK
6
CONTINUOUS
10
4.7000000000000002
20
-6.0042519685039366
11
4.7048664173228349
21
-6.0050227165354331
0
LINE
8
BLACK
6
CONTINUOUS
10
4.7048664173228349
20
-6.0050227165354331
11
4.7092564566929136
21
-6.0072595669291333
0
LINE
8
BLACK
6
CONTINUOUS
10
4.7092564566929136
20
-6.0072595669291333
11
4.7127404330708664
21
-6.0107435433070862
0
LINE
8
BLACK
6
CONTINUOUS
10
4.7127404330708664
20
-6.0107435433070862
11
4.7149772834645667
21
-6.0151335826771648
0
LINE
8
BLACK
6
CONTINUOUS
10
4.7149772834645667
20
-6.0151335826771648
11
4.7157480314960631
21
-6.0199999999999996
0
LINE
8
BLACK
6
CONTINUOUS
10
4.7157480314960631
20
-6.0199999999999996
11
4.7149772834645667
21
-6.0248664173228343
0
LINE
8
BLACK
6
CONTINUOUS
10
4.7149772834645667
20
-6.0248664173228343
11
4.7127404330708664
21
-6.029256456692913
0
LINE
8
BLACK
6
CONTINUOUS
10
4.7127404330708664
20
-6.029256456692913
11
4.7092564566929136
21
-6.0327404330708658
0
LINE
8
BLACK
6
CONTINUOUS
10
4.7092564566929136
20
-6.0327404330708658
11
4.7048664173228349
21
-6.034977283464567
0
LINE
8
BLACK
6
CONTINUOUS
10
4.7048664173228349
20
-6.034977283464567
11
4.7000000000000002
21
-6.0357480314960625
0
LINE
8
BLACK
6
CONTINUOUS
10
4.7000000000000002
20
-6.0357480314960625
11
4.6951335826771654
21
-6.034977283464567
0
LINE
8
BLACK
6
CONTINUOUS
10
4.6951335826771654
20
-6.034977283464567
11
4.6907435433070868
21
-6.0327404330708658
0
LINE
8
BLACK
6
CONTINUOUS
10
4.6907435433070868
20
-6.0327404330708658
11
4.6872595669291339
21
-6.029256456692913
0
LINE
8
BLACK
6
CONTINUOUS
10
4.6872595669291339
20
-6.029256456692913
11
4.6850227165354328
21
-6.0248664173228343
0
LINE
8
BLACK
6
CONTINUOUS
10
4.6850227165354328
20
-6.0248664173228343
11
4.6842519685039372
21
-6.0199999999999996
0
LINE
8
BLACK
6
CONTINUOUS
10
4.6842519685039372
20
-6.0199999999999996
11
4.6848825984251965
21
-6.01601811023622
0
LINE
8
BLACK
6
CONTINUOUS
10
4.6848825984251965
20
-6.01601811023622
11
4.6786842519685035
21
-6.009819763779527
0
LINE
8
BLACK
6
CONTINUOUS
10
4.6786842519685035
20
-6.009819763779527
11
4.6227385039370077
21
-5.9538740157480312
0
LINE
8
BLACK
6
CONTINUOUS
10
4.6227385039370077
20
-5.9538740157480312
11
4.4095929527559052
21
-5.9538740157480312
0
LINE
8
BLACK
6
CONTINUOUS
10
4.4095929527559052
20
-5.9538740157480312
11
4.374251929133858
21
-5.9892149999999997
0
LINE
8
BLACK
6
CONTINUOUS
10
4.374251929133858
20
-5.9892149999999997
11
4.374251929133858
21
-6.1237156299212598
0
LINE
8
BLACK
6
CONTINUOUS
10
4.374251929133858
20
-6.1237156299212598
11
4.3775134645669294
21
-6.1269771653543303
0
LINE
8
BLACK
6
CONTINUOUS
10
4.3775134645669294
20
-6.1269771653543303
11
4.3899999999999997
21
-6.1269771653543303
0
LINE
8
BLACK
6
CONTINUOUS
10
4.3899999999999997
20
-6.1269771653543303
11
4.3899999999999997
21
-6.1048511811023625
0
LINE
8
BLACK
6
CONTINUOUS
10
4.3899999999999997
20
-6.1048511811023625
11
4.4500000000000002
21
-6.1048511811023625
0
LINE
8
BLACK
6
CONTINUOUS
10
4.4500000000000002
20
-6.1048511811023625
11
4.4500000000000002
21
-6.1648511811023621
0
LINE
8
BLACK
6
CONTINUOUS
10
4.4500000000000002
20
-6.1648511811023621
11
4.3899999999999997
21
-6.1648511811023621
0
LINE
8
BLACK
6
CONTINUOUS
10
4.3899999999999997
20
-6.1648511811023621
11
4.3899999999999997
21
-6.1427251968503933
0
LINE
8
BLACK
6
CONTINUOUS
10
4.3899999999999997
20
-6.1427251968503933
11
4.3742519685039367
21
-6.1427251968503933
0
LINE
8
BLACK
6
CONTINUOUS
10
4.3742519685039367
20
-6.1427251968503933
11
4.372964015748031
21
-6.1424312204724405
0
LINE
8
BLACK
6
CONTINUOUS
10
4.372964015748031
20
-6.1424312204724405
11
4.3716513385826774
21
-6.1422833464566926
0
LINE
8
BLACK
6
CONTINUOUS
10
4.3716513385826774
20
-6.1422833464566926
11
4.3712721259842517
21
-6.142045078740157
0
LINE
8
BLACK
6
CONTINUOUS
10
4.3712721259842517
20
-6.142045078740157
11
4.3708355511811021
21
-6.141945433070866
0
LINE
8
BLACK
6
CONTINUOUS
10
4.3708355511811021
20
-6.141945433070866
11
4.3698026377952752
21
-6.1411216929133854
0
LINE
8
BLACK
6
CONTINUOUS
10
4.3698026377952752
20
-6.1411216929133854
11
4.3686842125984251
21
-6.1404189370078734
0
LINE
8
BLACK
6
CONTINUOUS
10
4.3686842125984251
20
-6.1404189370078734
11
4.3608101574803149
21
-6.1325448818897632
0
LINE
8
BLACK
6
CONTINUOUS
10
4.3608101574803149
20
-6.1325448818897632
11
4.3601073622047242
21
-6.1314264173228343
0
LINE
8
BLACK
6
CONTINUOUS
10
4.3601073622047242
20
-6.1314264173228343
11
4.3592836614173232
21
-6.1303935433070862
0
LINE
8
BLACK
6
CONTINUOUS
10
4.3592836614173232
20
-6.1303935433070862
11
4.3591839763779525
21
-6.1299569291338578
0
LINE
8
BLACK
6
CONTINUOUS
10
4.3591839763779525
20
-6.1299569291338578
11
4.3589457480314957
21
-6.1295777559055118
0
LINE
8
BLACK
6
CONTINUOUS
10
4.3589457480314957
20
-6.1295777559055118
11
4.3587978346456691
21
-6.1282650393700786
0
LINE
8
BLACK
6
CONTINUOUS
10
4.3587978346456691
20
-6.1282650393700786
11
4.358503897637795
21
-6.1269771259842516
0
LINE
8
BLACK
6
CONTINUOUS
10
4.358503897637795
20
-6.1269771259842516
11
4.358503897637795
21
-5.985953503937008
0
LINE
8
BLACK
6
CONTINUOUS
10
4.358503897637795
20
-5.985953503937008
11
4.3587978346456691
21
-5.9846655511811022
0
LINE
8
BLACK
6
CONTINUOUS
10
4.3587978346456691
20
-5.9846655511811022
11
4.3589457480314957
21
-5.9833528740157478
0
LINE
8
BLACK
6
CONTINUOUS
10
4.3589457480314957
20
-5.9833528740157478
11
4.3591839763779525
21
-5.982973661417323
0
LINE
8
BLACK
6
CONTINUOUS
10
4.3591839763779525
20
-5.982973661417323
11
4.3592836614173232
21
-5.9825370866141734
0
LINE
8
BLACK
6
CONTINUOUS
10
4.3592836614173232
20
-5.9825370866141734
11
4.3601073622047242
21
-5.9815041732283465
0
LINE
8
BLACK
6
CONTINUOUS
10
4.3601073622047242
20
-5.9815041732283465
11
4.3608101574803149
21
-5.9803857480314964
0
LINE
8
BLACK
6
CONTINUOUS
10
4.3608101574803149
20
-5.9803857480314964
11
4.4007636614173231
21
-5.9404322047244094
0
LINE
8
BLACK
6
CONTINUOUS
10
4.4007636614173231
20
-5.9404322047244094
11
4.4018822440944883
21
-5.9397293307086612
0
LINE
8
BLACK
6
CONTINUOUS
10
4.4018822440944883
20
-5.9397293307086612
11
4.4029150000000001
21
-5.9389057480314955
0
LINE
8
BLACK
6
CONTINUOUS
10
4.4029150000000001
20
-5.9389057480314955
11
4.4033515748031498
21
-5.9388060629921258
0
LINE
8
BLACK
6
CONTINUOUS
10
4.4033515748031498
20
-5.9388060629921258
11
4.4037307874015745
21
-5.938567834645669
0
LINE
8
BLACK
6
CONTINUOUS
10
4.4037307874015745
20
-5.938567834645669
11
4.405043464566929
21
-5.9384199212598423
0
LINE
8
BLACK
6
CONTINUOUS
10
4.405043464566929
20
-5.9384199212598423
11
4.4063314173228347
21
-5.9381259842519682
0
LINE
8
BLACK
6
CONTINUOUS
10
4.4063314173228347
20
-5.9381259842519682
11
4.6260000000000003
21
-5.9381259842519682
0
LINE
8
BLACK
6
CONTINUOUS
10
4.6260000000000003
20
-5.9381259842519682
11
4.6272879133858265
21
-5.9384199212598423
0
LINE
8
BLACK
6
CONTINUOUS
10
4.5499999999999998
20
-6.1648511811023621
11
4.4900000000000002
21
-6.1648511811023621
0
LINE
8
BLACK
6
CONTINUOUS
10
4.4900000000000002
20
-6.1648511811023621
11
4.4900000000000002
21
-6.1048511811023625
0
LINE
8
BLACK
6
CONTINUOUS
10
4.4900000000000002
20
-6.1048511811023625
11
4.5499999999999998
21
-6.1048511811023625
0
LINE
8
BLACK
6
CONTINUOUS
10
4.5499999999999998
20
-6.1048511811023625
11
4.5499999999999998
21
-6.1648511811023621
0
LINE
8
BLACK
6
CONTINUOUS
10
4.5499999999999998
20
-6.0269771653543307
11
4.5657480314960628
21
-6.0269771653543307
0
LINE
8
BLACK
6
CONTINUOUS
10
4.5657480314960628
20
-6.0269771653543307
11
4.5670359448818898
21
-6.0272711023622048
0
LINE
8
BLACK
6
CONTINUOUS
10
4.5670359448818898
20
-6.0272711023622048
11
4.568348661417323
21
-6.0274190157480314
0
LINE
8
BLACK
6
CONTINUOUS
10
4.568348661417323
20
-6.0274190157480314
11
4.568727834645669
21
-6.0276572440944882
0
LINE
8
BLACK
6
CONTINUOUS
10
4.568727834645669
20
-6.0276572440944882
11
4.5691644488188974
21
-6.027756929133858
0
LINE
8
BLACK
6
CONTINUOUS
10
4.5691644488188974
20
-6.027756929133858
11
4.5701973228346455
21
-6.0285806299212599
0
LINE
8
BLACK
6
CONTINUOUS
10
4.5701973228346455
20
-6.0285806299212599
11
4.5713157874015744
21
-6.0292834251968506
0
LINE
8
BLACK
6
CONTINUOUS
10
4.5713157874015744
20
-6.0292834251968506
11
4.6365205511811025
21
-6.0944881889763778
0
LINE
8
BLACK
6
CONTINUOUS
10
4.6365205511811025
20
-6.0944881889763778
11
4.9123622047244098
21
-6.0944881889763778
0
LINE
8
BLACK
6
CONTINUOUS
10
4.9123622047244098
20
-6.0944881889763778
11
4.9136501181102359
21
-6.0947821259842518
0
LINE
8
BLACK
6
CONTINUOUS
10
4.9136501181102359
20
-6.0947821259842518
11
4.9149628346456691
21
-6.0949300393700785
0
LINE
8
BLACK
6
CONTINUOUS
10
4.9149628346456691
20
-6.0949300393700785
11
4.915342007874016
21
-6.0951682677165353
0
LINE
8
BLACK
6
CONTINUOUS
10
4.915342007874016
20
-6.0951682677165353
11
4.9157786220472444
21
-6.095267952755905
0
LINE
8
BLACK
6
CONTINUOUS
10
4.9157786220472444
20
-6.095267952755905
11
4.9168114960629916
21
-6.096091653543307
0
LINE
8
BLACK
6
CONTINUOUS
10
4.9168114960629916
20
-6.096091653543307
11
4.9179299606299214
21
-6.0967944488188976
0
LINE
8
BLACK
6
CONTINUOUS
10
4.9179299606299214
20
-6.0967944488188976
11
4.9460181102362206
21
-6.1248825984251969
0
LINE
8
BLACK
6
CONTINUOUS
10
4.9460181102362206
20
-6.1248825984251969
11
4.9500000000000002
21
-6.1242519685039367
0
LINE
8
BLACK
6
CONTINUOUS
10
4.9500000000000002
20
-6.1242519685039367
11
4.9548664173228349
21
-6.1250227165354332
0
LINE
8
BLACK
6
CONTINUOUS
10
4.9548664173228349
20
-6.1250227165354332
11
4.9592564566929136
21
-6.1272595669291334
0
LINE
8
BLACK
6
CONTINUOUS
10
4.9592564566929136
20
-6.1272595669291334
11
4.9627404330708664
21
-6.1307435433070863
0
LINE
8
BLACK
6
CONTINUOUS
10
4.9627404330708664
20
-6.1307435433070863
11
4.9649772834645667
21
-6.1351335826771649
0
LINE
8
BLACK
6
CONTINUOUS
10
4.9649772834645667
20
-6.1351335826771649
11
4.9657480314960631
21
-6.1399999999999997
0
LINE
8
BLACK
6
CONTINUOUS
10
4.9657480314960631
20
-6.1399999999999997
11
4.9649772834645667
21
-6.1448664173228345
0
LINE
8
BLACK
6
CONTINUOUS
10
4.9649772834645667
20
-6.1448664173228345
11
4.9627404330708664
21
-6.1492564566929131
0
LINE
8
BLACK
6
CONTINUOUS
10
4.9627404330708664
20
-6.1492564566929131
11
4.9592564566929136
21
-6.1527404330708659
0
LINE
8
BLACK
6
CONTINUOUS
10
4.9592564566929136
20
-6.1527404330708659
11
4.9548664173228349
21
-6.1549772834645671
0
LINE
8
BLACK
6
CONTINUOUS
10
4.9548664173228349
20
-6.1549772834645671
11
4.9500000000000002
21
-6.1557480314960626
0
LINE
8
BLACK
6
CONTINUOUS
10
4.9500000000000002
20
-6.1557480314960626
11
4.9451335826771654
21
-6.1549772834645671
0
LINE
8
BLACK
6
CONTINUOUS
10
4.9451335826771654
20
-6.1549772834645671
11
4.9407435433070868
21
-6.1527404330708659
0
LINE
8
BLACK
6
CONTINUOUS
10
4.9407435433070868
20
-6.1527404330708659
11
4.9372595669291339
21
-6.1492564566929131
0
LINE
8
BLACK
6
CONTINUOUS
10
4.9372595669291339
20
-6.1492564566929131
11
4.9350227165354328
21
-6.1448664173228345
0
LINE
8
BLACK
6
CONTINUOUS
10
4.9350227165354328
20
-6.1448664173228345
11
4.9342519685039372
21
-6.1399999999999997
0
LINE
8
BLACK
6
CONTINUOUS
10
4.9342519685039372
20
-6.1399999999999997
11
4.9348825984251965
21
-6.1360181102362201
0
LINE
8
BLACK
6
CONTINUOUS
10
4.9348825984251965
20
-6.1360181102362201
11
4.9091007086614171
21
-6.1102362204724407
0
LINE
8
BLACK
6
CONTINUOUS
10
4.9091007086614171
20
-6.1102362204724407
11
4.6332590551181099
21
-6.1102362204724407
0
LINE
8
BLACK
6
CONTINUOUS
10
4.6332590551181099
20
-6.1102362204724407
11
4.631971102362205
21
-6.1099422440944879
0
LINE
8
BLACK
6
CONTINUOUS
10
4.631971102362205
20
-6.1099422440944879
11
4.6306584251968506
21
-6.10979437007874
0
LINE
8
BLACK
6
CONTINUOUS
10
4.6306584251968506
20
-6.10979437007874
11
4.6302792125984249
21
-6.1095561023622045
0
LINE
8
BLACK
6
CONTINUOUS
10
4.6302792125984249
20
-6.1095561023622045
11
4.6298426377952753
21
-6.1094564566929135
0
LINE
8
BLACK
6
CONTINUOUS
10
4.6298426377952753
20
-6.1094564566929135
11
4.6288097244094484
21
-6.1086327165354328
0
LINE
8
BLACK
6
CONTINUOUS
10
4.6288097244094484
20
-6.1086327165354328
11
4.6276912992125983
21
-6.1079299606299209
0
LINE
8
BLACK
6
CONTINUOUS
10
4.6276912992125983
20
-6.1079299606299209
11
4.562486535433071
21
-6.0427251968503937
0
LINE
8
BLACK
6
CONTINUOUS
10
4.562486535433071
20
-6.0427251968503937
11
4.5499999999999998
21
-6.0427251968503937
0
LINE
8
BLACK
6
CONTINUOUS
10
4.5499999999999998
20
-6.0427251968503937
11
4.5499999999999998
21
-6.0648511811023624
0
LINE
8
BLACK
6
CONTINUOUS
10
4.5499999999999998
20
-6.0648511811023624
11
4.4900000000000002
21
-6.0648511811023624
0
LINE
8
BLACK
6
CONTINUOUS
10
4.4900000000000002
20
-6.0648511811023624
11
4.4900000000000002
21
-6.0048511811023619
0
LINE
8
BLACK
6
CONTINUOUS
10
4.4900000000000002
20
-6.0048511811023619
11
4.5499999999999998
21
-6.0048511811023619
0
LINE
8
BLACK
6
CONTINUOUS
10
4.5499999999999998
20
-6.0048511811023619
11
4.5499999999999998
21
-6.0269771653543307
0
LINE
8
BLACK
6
CONTINUOUS
10
4.4500000000000002
20
-6.0648511811023624
11
4.3899999999999997
21
-6.0648511811023624
0
LINE
8
BLACK
6
CONTINUOUS
10
4.3899999999999997
20
-6.0648511811023624
11
4.3899999999999997
21
-6.0048511811023619
0
LINE
8
BLACK
6
CONTINUOUS
10
4.3899999999999997
20
-6.0048511811023619
11
4.4500000000000002
21
-6.0048511811023619
0
LINE
8
BLACK
6
CONTINUOUS
10
4.4500000000000002
20
-6.0048511811023619
11
4.4500000000000002
21
-6.0648511811023624
0
LINE
8
BLACK
6
CONTINUOUS
10
5.192228622047244
20
-6.1337321653543304
11
5.1966186614173226
21
-6.1359690157480316
0
LINE
8
BLACK
6
CONTINUOUS
10
5.1966186614173226
20
-6.1359690157480316
11
5.2001026377952755
21
-6.1394529921259844
0
LINE
8
BLACK
6
CONTINUOUS
10
5.2001026377952755
20
-6.1394529921259844
11
5.2008070472440942
21
-6.1408354330708663
0
LINE
8
BLACK
6
CONTINUOUS
10
5.2008070472440942
20
-6.1408354330708663
11
5.3425983858267712
21
-6.1408354330708663
0
LINE
8
BLACK
6
CONTINUOUS
10
5.3425983858267712
20
-6.1408354330708663
11
5.3438862992125982
21
-6.1411293700787404
0
LINE
8
BLACK
6
CONTINUOUS
10
5.3438862992125982
20
-6.1411293700787404
11
5.3451990157480314
21
-6.141277283464567
0
LINE
8
BLACK
6
CONTINUOUS
10
5.3451990157480314
20
-6.141277283464567
11
5.3455781889763783
21
-6.1415155118110238
0
LINE
8
BLACK
6
CONTINUOUS
10
5.3455781889763783
20
-6.1415155118110238
11
5.3460148031496058
21
-6.1416151968503936
0
LINE
8
BLACK
6
CONTINUOUS
10
5.3460148031496058
20
-6.1416151968503936
11
5.3470476771653539
21
-6.1424388976377955
0
LINE
8
BLACK
6
CONTINUOUS
10
5.3470476771653539
20
-6.1424388976377955
11
5.3481661417322837
21
-6.1431416929133853
0
LINE
8
BLACK
6
CONTINUOUS
10
5.3481661417322837
20
-6.1431416929133853
11
5.4271545669291337
21
-6.2221300787401574
0
LINE
8
BLACK
6
CONTINUOUS
10
5.4271545669291337
20
-6.2221300787401574
11
5.4271546062992124
21
-6.2221301574803149
0
LINE
8
BLACK
6
CONTINUOUS
10
5.4271546062992124
20
-6.2221301574803149
11
5.433352874015748
21
-6.2283284251968505
0
LINE
8
BLACK
6
CONTINUOUS
10
5.433352874015748
20
-6.2283284251968505
11
5.4373347637795275
21
-6.2276977952755903
0
LINE
8
BLACK
6
CONTINUOUS
10
5.4373347637795275
20
-6.2276977952755903
11
5.4422011811023623
21
-6.2284685433070868
0
LINE
8
BLACK
6
CONTINUOUS
10
5.4422011811023623
20
-6.2284685433070868
11
5.4465912204724409
21
-6.230705393700787
0
LINE
8
BLACK
6
CONTINUOUS
10
5.4465912204724409
20
-6.230705393700787
11
5.4500751968503938
21
-6.2341893700787399
0
LINE
8
BLACK
6
CONTINUOUS
10
5.4500751968503938
20
-6.2341893700787399
11
5.452312047244094
21
-6.2385794094488185
0
LINE
8
BLACK
6
CONTINUOUS
10
5.452312047244094
20
-6.2385794094488185
11
5.4530827952755905
21
-6.2434458267716533
0
LINE
8
BLACK
6
CONTINUOUS
10
5.4530827952755905
20
-6.2434458267716533
11
5.452312047244094
21
-6.248312244094488
0
LINE
8
BLACK
6
CONTINUOUS
10
5.452312047244094
20
-6.248312244094488
11
5.4500751968503938
21
-6.2527022834645667
0
LINE
8
BLACK
6
CONTINUOUS
10
5.4500751968503938
20
-6.2527022834645667
11
5.4465912204724409
21
-6.2561862598425195
0
LINE
8
BLACK
6
CONTINUOUS
10
5.4465912204724409
20
-6.2561862598425195
11
5.4422011811023623
21
-6.2584231102362207
0
LINE
8
BLACK
6
CONTINUOUS
10
5.4422011811023623
20
-6.2584231102362207
11
5.4373347637795275
21
-6.2591938582677162
0
LINE
8
BLACK
6
CONTINUOUS
10
5.4373347637795275
20
-6.2591938582677162
11
5.4324683464566927
21
-6.2584231102362207
0
LINE
8
BLACK
6
CONTINUOUS
10
5.4324683464566927
20
-6.2584231102362207
11
5.4280783070866141
21
-6.2561862598425195
0
LINE
8
BLACK
6
CONTINUOUS
10
5.4280783070866141
20
-6.2561862598425195
11
5.4245943307086613
21
-6.2527022834645667
0
LINE
8
BLACK
6
CONTINUOUS
10
5.4245943307086613
20
-6.2527022834645667
11
5.4223574803149601
21
-6.248312244094488
0
LINE
8
BLACK
6
CONTINUOUS
10
5.4223574803149601
20
-6.248312244094488
11
5.4215867322834645
21
-6.2434458267716533
0
LINE
8
BLACK
6
CONTINUOUS
10
5.4215867322834645
20
-6.2434458267716533
11
5.4222173622047247
21
-6.2394639370078737
0
LINE
8
BLACK
6
CONTINUOUS
10
5.4222173622047247
20
-6.2394639370078737
11
5.4160190944881892
21
-6.2332656692913382
0
LINE
8
BLACK
6
CONTINUOUS
10
5.4160190944881892
20
-6.2332656692913382
11
5.4160190157480317
21
-6.2332656299212594
0
LINE
8
BLACK
6
CONTINUOUS
10
5.4160190157480317
20
-6.2332656299212594
11
5.3393368897637794
21
-6.1565834645669293
0
LINE
8
BLACK
6
CONTINUOUS
10
5.3393368897637794
20
-6.1565834645669293
11
5.2008070472440942
21
-6.1565834645669293
0
LINE
8
BLACK
6
CONTINUOUS
10
5.2008070472440942
20
-6.1565834645669293
11
5.2001026377952755
21
-6.1579659055118112
0
LINE
8
BLACK
6
CONTINUOUS
10
5.2001026377952755
20
-6.1579659055118112
11
5.1966186614173226
21
-6.1614498818897641
0
LINE
8
BLACK
6
CONTINUOUS
10
5.1966186614173226
20
-6.1614498818897641
11
5.192228622047244
21
-6.1636867322834643
0
LINE
8
BLACK
6
CONTINUOUS
10
5.192228622047244
20
-6.1636867322834643
11
5.1873622047244092
21
-6.1644574803149608
0
LINE
8
BLACK
6
CONTINUOUS
10
5.1873622047244092
20
-6.1644574803149608
11
5.1824957874015745
21
-6.1636867322834643
0
LINE
8
BLACK
6
CONTINUOUS
10
5.1824957874015745
20
-6.1636867322834643
11
5.1781057480314958
21
-6.1614498818897641
0
LINE
8
BLACK
6
CONTINUOUS
10
5.1781057480314958
20
-6.1614498818897641
11
5.174621771653543
21
-6.1579659055118112
0
LINE
8
BLACK
6
CONTINUOUS
10
5.174621771653543
20
-6.1579659055118112
11
5.1723849212598427
21
-6.1535758661417326
0
LINE
8
BLACK
6
CONTINUOUS
10
5.1723849212598427
20
-6.1535758661417326
11
5.1716141732283463
21
-6.1487094488188978
0
LINE
8
BLACK
6
CONTINUOUS
10
5.1716141732283463
20
-6.1487094488188978
11
5.1723849212598427
21
-6.143843031496063
0
LINE
8
BLACK
6
CONTINUOUS
10
5.1723849212598427
20
-6.143843031496063
11
5.174621771653543
21
-6.1394529921259844
0
LINE
8
BLACK
6
CONTINUOUS
10
5.174621771653543
20
-6.1394529921259844
11
5.1781057480314958
21
-6.1359690157480316
0
LINE
8
BLACK
6
CONTINUOUS
10
5.1781057480314958
20
-6.1359690157480316
11
5.1824957874015745
21
-6.1337321653543304
0
LINE
8
BLACK
6
CONTINUOUS
10
5.1824957874015745
20
-6.1337321653543304
11
5.1873622047244092
21
-6.1329614173228348
0
LINE
8
BLACK
6
CONTINUOUS
10
5.1873622047244092
20
-6.1329614173228348
11
5.192228622047244
21
-6.1337321653543304
0
LINE
8
BLACK
6
CONTINUOUS
10
4.9388188976377956
20
-5.8529614173228346
11
4.8788188976377951
21
-5.8529614173228346
0
LINE
8
BLACK
6
CONTINUOUS
10
4.8788188976377951
20
-5.8529614173228346
11
4.8788188976377951
21
-5.7929614173228341
0
LINE
8
BLACK
6
CONTINUOUS
10
4.8788188976377951
20
-5.7929614173228341
11
4.9388188976377956
21
-5.7929614173228341
0
LINE
8
BLACK
6
CONTINUOUS
10
4.9388188976377956
20
-5.7929614173228341
11
4.9388188976377956
21
-5.8529614173228346
0
LINE
8
BLACK
6
CONTINUOUS
10
5.9409999999999998
20
-5.851
11
5.8810000000000002
21
-5.851
0
LINE
8
BLACK
6
CONTINUOUS
10
5.8810000000000002
20
-5.851
11
5.8810000000000002
21
-5.7909999999999995
0
LINE
8
BLACK
6
CONTINUOUS
10
5.8810000000000002
20
-5.7909999999999995
11
5.9409999999999998
21
-5.7909999999999995
0
LINE
8
BLACK
6
CONTINUOUS
10
5.9409999999999998
20
-5.7909999999999995
11
5.9409999999999998
21
-5.851
0
LINE
8
BLACK
6
CONTINUOUS
10
4.4439370078740152
20
-5.850599212598425
11
4.3839370078740156
21
-5.850599212598425
0
LINE
8
BLACK
6
CONTINUOUS
10
4.3839370078740156
20
-5.850599212598425
11
4.3839370078740156
21
-5.7905992125984254
0
LINE
8
BLACK
6
CONTINUOUS
10
4.3839370078740156
20
-5.7905992125984254
11
4.4439370078740152
21
-5.7905992125984254
0
LINE
8
BLACK
6
CONTINUOUS
10
4.4439370078740152
20
-5.7905992125984254
11
4.4439370078740152
21
-5.850599212598425
0
LINE
8
BLACK
6
CONTINUOUS
10
4.6923622047244091
20
-5.8487094488188971
11
4.6323622047244095
21
-5.8487094488188971
0
LINE
8
BLACK
6
CONTINUOUS
10
4.6323622047244095
20
-5.8487094488188971
11
4.6323622047244095
21
-5.7887094488188975
0
LINE
8
BLACK
6
CONTINUOUS
10
4.6323622047244095
20
-5.7887094488188975
11
4.6923622047244091
21
-5.7887094488188975
0
LINE
8
BLACK
6
CONTINUOUS
10
4.6923622047244091
20
-5.7887094488188975
11
4.6923622047244091
21
-5.8487094488188971
0
LINE
8
BLACK
6
CONTINUOUS
10
5.1923622047244091
20
-5.8487094488188971
11
5.1323622047244095
21
-5.8487094488188971
0
LINE
8
BLACK
6
CONTINUOUS
10
5.1323622047244095
20
-5.8487094488188971
11
5.1323622047244095
21
-5.7887094488188975
0
LINE
8
BLACK
6
CONTINUOUS
10
5.1323622047244095
20
-5.7887094488188975
11
5.1923622047244091
21
-5.7887094488188975
0
LINE
8
BLACK
6
CONTINUOUS
10
5.1923622047244091
20
-5.7887094488188975
11
5.1923622047244091
21
-5.8487094488188971
0
LINE
8
BLACK
6
CONTINUOUS
10
5.4423622047244091
20
-5.8487094488188971
11
5.3823622047244095
21
-5.8487094488188971
0
LINE
8
BLACK
6
CONTINUOUS
10
5.3823622047244095
20
-5.8487094488188971
11
5.3823622047244095
21
-5.7887094488188975
0
LINE
8
BLACK
6
CONTINUOUS
10
5.3823622047244095
20
-5.7887094488188975
11
5.4423622047244091
21
-5.7887094488188975
0
LINE
8
BLACK
6
CONTINUOUS
10
5.4423622047244091
20
-5.7887094488188975
11
5.4423622047244091
21
-5.8487094488188971
0
LINE
8
BLACK
6
CONTINUOUS
10
5.6923622047244091
20
-5.8487094488188971
11
5.6323622047244095
21
-5.8487094488188971
0
LINE
8
BLACK
6
CONTINUOUS
10
5.6323622047244095
20
-5.8487094488188971
11
5.6323622047244095
21
-5.7887094488188975
0
LINE
8
BLACK
6
CONTINUOUS
10
5.6323622047244095
20
-5.7887094488188975
11
5.6923622047244091
21
-5.7887094488188975
0
LINE
8
BLACK
6
CONTINUOUS
10
5.6923622047244091
20
-5.7887094488188975
11
5.6923622047244091
21
-5.8487094488188971
0
LINE
8
BLACK
6
CONTINUOUS
10
4.8598664173228343
20
-5.4550224803149607
11
4.864256456692913
21
-5.457259330708661
0
LINE
8
BLACK
6
CONTINUOUS
10
4.864256456692913
20
-5.457259330708661
11
4.8677404330708658
21
-5.4607433070866138
0
LINE
8
BLACK
6
CONTINUOUS
10
4.8677404330708658
20
-5.4607433070866138
11
4.8699772834645669
21
-5.4651333464566925
0
LINE
8
BLACK
6
CONTINUOUS
10
4.8699772834645669
20
-5.4651333464566925
11
4.8707480314960625
21
-5.4699997637795272
0
LINE
8
BLACK
6
CONTINUOUS
10
4.8707480314960625
20
-5.4699997637795272
11
4.8699772834645669
21
-5.474866181102362
0
LINE
8
BLACK
6
CONTINUOUS
10
4.8699772834645669
20
-5.474866181102362
11
4.8677404330708658
21
-5.4792562204724407
0
LINE
8
BLACK
6
CONTINUOUS
10
4.8677404330708658
20
-5.4792562204724407
11
4.864256456692913
21
-5.4827401968503935
0
LINE
8
BLACK
6
CONTINUOUS
10
4.864256456692913
20
-5.4827401968503935
11
4.862874015748031
21
-5.4834445669291334
0
LINE
8
BLACK
6
CONTINUOUS
10
4.862874015748031
20
-5.4834445669291334
11
4.862874015748031
21
-5.4922708267716533
0
LINE
8
BLACK
6
CONTINUOUS
10
4.862874015748031
20
-5.4922708267716533
11
4.862874015748031
21
-5.7116290157480316
0
LINE
8
BLACK
6
CONTINUOUS
10
4.862874015748031
20
-5.7116290157480316
11
4.8663324015748026
21
-5.7150874015748032
0
LINE
8
BLACK
6
CONTINUOUS
10
4.8663324015748026
20
-5.7150874015748032
11
4.8788188976377951
21
-5.7150874015748032
0
LINE
8
BLACK
6
CONTINUOUS
10
4.8788188976377951
20
-5.7150874015748032
11
4.8788188976377951
21
-5.6929614173228344
0
LINE
8
BLACK
6
CONTINUOUS
10
4.8788188976377951
20
-5.6929614173228344
11
4.9388188976377956
21
-5.6929614173228344
0
LINE
8
BLACK
6
CONTINUOUS
10
4.9388188976377956
20
-5.6929614173228344
11
4.9388188976377956
21
-5.7529614173228349
0
LINE
8
BLACK
6
CONTINUOUS
10
4.9388188976377956
20
-5.7529614173228349
11
4.8788188976377951
21
-5.7529614173228349
0
LINE
8
BLACK
6
CONTINUOUS
10
4.8788188976377951
20
-5.7529614173228349
11
4.8788188976377951
21
-5.7308354330708662
0
LINE
8
BLACK
6
CONTINUOUS
10
4.8788188976377951
20
-5.7308354330708662
11
4.8630708661417321
21
-5.7308354330708662
0
LINE
8
BLACK
6
CONTINUOUS
10
4.8630708661417321
20
-5.7308354330708662
11
4.8617829133858264
21
-5.7305414566929134
0
LINE
8
BLACK
6
CONTINUOUS
10
4.8617829133858264
20
-5.7305414566929134
11
4.8604702362204719
21
-5.7303935826771655
0
LINE
8
BLACK
6
CONTINUOUS
10
4.8604702362204719
20
-5.7303935826771655
11
4.8600910236220471
21
-5.7301553149606299
0
LINE
8
BLACK
6
CONTINUOUS
10
4.8600910236220471
20
-5.7301553149606299
11
4.8596544488188975
21
-5.730055669291338
0
LINE
8
BLACK
6
CONTINUOUS
10
4.8596544488188975
20
-5.730055669291338
11
4.8586216929133856
21
-5.7292320472440945
0
LINE
8
BLACK
6
CONTINUOUS
10
4.8586216929133856
20
-5.7292320472440945
11
4.8575031102362205
21
-5.7285292125984251
0
LINE
8
BLACK
6
CONTINUOUS
10
4.8575031102362205
20
-5.7285292125984251
11
4.8494322440944879
21
-5.7204583070866137
0
LINE
8
BLACK
6
CONTINUOUS
10
4.8494322440944879
20
-5.7204583070866137
11
4.8487294488188972
21
-5.7193398425196849
0
LINE
8
BLACK
6
CONTINUOUS
10
4.8487294488188972
20
-5.7193398425196849
11
4.8479057480314962
21
-5.7183069685039367
0
LINE
8
BLACK
6
CONTINUOUS
10
4.8479057480314962
20
-5.7183069685039367
11
4.8478060629921256
21
-5.7178703543307083
0
LINE
8
BLACK
6
CONTINUOUS
10
4.8478060629921256
20
-5.7178703543307083
11
4.8475678346456688
21
-5.7174911811023623
0
LINE
8
BLACK
6
CONTINUOUS
10
4.8475678346456688
20
-5.7174911811023623
11
4.8474199212598421
21
-5.7161784645669291
0
LINE
8
BLACK
6
CONTINUOUS
10
4.8474199212598421
20
-5.7161784645669291
11
4.8471259842519681
21
-5.7148905511811021
0
LINE
8
BLACK
6
CONTINUOUS
10
4.8471259842519681
20
-5.7148905511811021
11
4.8471259842519681
21
-5.4922708267716533
0
LINE
8
BLACK
6
CONTINUOUS
10
4.8471259842519681
20
-5.4922708267716533
11
4.8471259842519681
21
-5.4834445669291334
0
LINE
8
BLACK
6
CONTINUOUS
10
4.8471259842519681
20
-5.4834445669291334
11
4.8457435433070861
21
-5.4827401968503935
0
LINE
8
BLACK
6
CONTINUOUS
10
4.8457435433070861
20
-5.4827401968503935
11
4.8422595669291342
21
-5.4792562204724407
0
LINE
8
BLACK
6
CONTINUOUS
10
4.8422595669291342
20
-5.4792562204724407
11
4.840022716535433
21
-5.474866181102362
0
LINE
8
BLACK
6
CONTINUOUS
10
4.840022716535433
20
-5.474866181102362
11
4.8392519685039366
21
-5.4699997637795272
0
LINE
8
BLACK
6
CONTINUOUS
10
4.8392519685039366
20
-5.4699997637795272
11
4.840022716535433
21
-5.4651333464566925
0
LINE
8
BLACK
6
CONTINUOUS
10
4.840022716535433
20
-5.4651333464566925
11
4.8422595669291342
21
-5.4607433070866138
0
LINE
8
BLACK
6
CONTINUOUS
10
4.8422595669291342
20
-5.4607433070866138
11
4.8457435433070861
21
-5.457259330708661
0
LINE
8
BLACK
6
CONTINUOUS
10
4.8457435433070861
20
-5.457259330708661
11
4.8501335826771657
21
-5.4550224803149607
0
LINE
8
BLACK
6
CONTINUOUS
10
4.8501335826771657
20
-5.4550224803149607
11
4.8549999999999995
21
-5.4542517322834643
0
LINE
8
BLACK
6
CONTINUOUS
10
4.8549999999999995
20
-5.4542517322834643
11
4.8598664173228343
21
-5.4550224803149607
0
LINE
8
BLACK
6
CONTINUOUS
10
5.0698664173228343
20
-5.4950227165354333
11
5.0742564566929129
21
-5.4972595669291335
0
LINE
8
BLACK
6
CONTINUOUS
10
5.0742564566929129
20
-5.4972595669291335
11
5.0777404330708658
21
-5.5007435433070864
0
LINE
8
BLACK
6
CONTINUOUS
10
5.0777404330708658
20
-5.5007435433070864
11
5.0799772834645669
21
-5.505133582677165
0
LINE
8
BLACK
6
CONTINUOUS
10
5.0799772834645669
20
-5.505133582677165
11
5.0807480314960625
21
-5.5099999999999998
0
LINE
8
BLACK
6
CONTINUOUS
10
5.0807480314960625
20
-5.5099999999999998
11
5.0799772834645669
21
-5.5148664173228346
0
LINE
8
BLACK
6
CONTINUOUS
10
5.0799772834645669
20
-5.5148664173228346
11
5.0777404330708658
21
-5.5192564566929132
0
LINE
8
BLACK
6
CONTINUOUS
10
5.0777404330708658
20
-5.5192564566929132
11
5.0742564566929129
21
-5.522740433070866
0
LINE
8
BLACK
6
CONTINUOUS
10
5.0742564566929129
20
-5.522740433070866
11
5.072874015748031
21
-5.523444803149606
0
LINE
8
BLACK
6
CONTINUOUS
10
5.072874015748031
20
-5.523444803149606
11
5.072874015748031
21
-5.5322710629921259
0
LINE
8
BLACK
6
CONTINUOUS
10
5.072874015748031
20
-5.5322710629921259
11
5.072874015748031
21
-5.7125283464566925
0
LINE
8
BLACK
6
CONTINUOUS
10
5.072874015748031
20
-5.7125283464566925
11
5.0725800787401569
21
-5.7138161023622045
0
LINE
8
BLACK
6
CONTINUOUS
10
5.0725800787401569
20
-5.7138161023622045
11
5.0724321653543303
21
-5.7151289763779527
0
LINE
8
BLACK
6
CONTINUOUS
10
5.0724321653543303
20
-5.7151289763779527
11
5.0721938976377956
21
-5.7155081496062987
0
LINE
8
BLACK
6
CONTINUOUS
10
5.0721938976377956
20
-5.7155081496062987
11
5.0720942519685037
21
-5.7159447637795271
0
LINE
8
BLACK
6
CONTINUOUS
10
5.0720942519685037
20
-5.7159447637795271
11
5.0712706299212593
21
-5.7169774803149602
0
LINE
8
BLACK
6
CONTINUOUS
10
5.0712706299212593
20
-5.7169774803149602
11
5.0705677952755908
21
-5.718096102362205
0
LINE
8
BLACK
6
CONTINUOUS
10
5.0705677952755908
20
-5.718096102362205
11
5.0601346850393698
21
-5.7285291732283463
0
LINE
8
BLACK
6
CONTINUOUS
10
5.0601346850393698
20
-5.7285291732283463
11
5.0590162204724409
21
-5.7292319291338583
0
LINE
8
BLACK
6
CONTINUOUS
10
5.0590162204724409
20
-5.7292319291338583
11
5.0579833464566928
21
-5.730055669291338
0
LINE
8
BLACK
6
CONTINUOUS
10
5.0579833464566928
20
-5.730055669291338
11
5.0575467322834644
21
-5.7301553149606299
0
LINE
8
BLACK
6
CONTINUOUS
10
5.0575467322834644
20
-5.7301553149606299
11
5.0571675590551184
21
-5.7303935826771655
0
LINE
8
BLACK
6
CONTINUOUS
10
5.0571675590551184
20
-5.7303935826771655
11
5.0558548425196852
21
-5.7305414566929134
0
LINE
8
BLACK
6
CONTINUOUS
10
5.0558548425196852
20
-5.7305414566929134
11
5.0545669291338582
21
-5.7308354330708662
0
LINE
8
BLACK
6
CONTINUOUS
10
5.0545669291338582
20
-5.7308354330708662
11
5.0388188976377952
21
-5.7308354330708662
0
LINE
8
BLACK
6
CONTINUOUS
10
5.0388188976377952
20
-5.7308354330708662
11
5.0388188976377952
21
-5.7529614173228349
0
LINE
8
BLACK
6
CONTINUOUS
10
5.0388188976377952
20
-5.7529614173228349
11
4.9788188976377947
21
-5.7529614173228349
0
LINE
8
BLACK
6
CONTINUOUS
10
4.9788188976377947
20
-5.7529614173228349
11
4.9788188976377947
21
-5.6929614173228344
0
LINE
8
BLACK
6
CONTINUOUS
10
4.9788188976377947
20
-5.6929614173228344
11
5.0388188976377952
21
-5.6929614173228344
0
LINE
8
BLACK
6
CONTINUOUS
10
5.0388188976377952
20
-5.6929614173228344
11
5.0388188976377952
21
-5.7150874015748032
0
LINE
8
BLACK
6
CONTINUOUS
10
5.0388188976377952
20
-5.7150874015748032
11
5.0513054330708664
21
-5.7150874015748032
0
LINE
8
BLACK
6
CONTINUOUS
10
5.0513054330708664
20
-5.7150874015748032
11
5.057125984251968
21
-5.709266811023622
0
LINE
8
BLACK
6
CONTINUOUS
10
5.057125984251968
20
-5.709266811023622
11
5.057125984251968
21
-5.5322710629921259
0
LINE
8
BLACK
6
CONTINUOUS
10
5.057125984251968
20
-5.5322710629921259
11
5.057125984251968
21
-5.523444803149606
0
LINE
8
BLACK
6
CONTINUOUS
10
5.057125984251968
20
-5.523444803149606
11
5.0557435433070861
21
-5.522740433070866
0
LINE
8
BLACK
6
CONTINUOUS
10
5.0557435433070861
20
-5.522740433070866
11
5.0522595669291341
21
-5.5192564566929132
0
LINE
8
BLACK
6
CONTINUOUS
10
5.0522595669291341
20
-5.5192564566929132
11
5.050022716535433
21
-5.5148664173228346
0
LINE
8
BLACK
6
CONTINUOUS
10
5.050022716535433
20
-5.5148664173228346
11
5.0492519685039365
21
-5.5099999999999998
0
LINE
8
BLACK
6
CONTINUOUS
10
5.0492519685039365
20
-5.5099999999999998
11
5.050022716535433
21
-5.505133582677165
0
LINE
8
BLACK
6
CONTINUOUS
10
5.050022716535433
20
-5.505133582677165
11
5.0522595669291341
21
-5.5007435433070864
0
LINE
8
BLACK
6
CONTINUOUS
10
5.0522595669291341
20
-5.5007435433070864
11
5.0557435433070861
21
-5.4972595669291335
0
LINE
8
BLACK
6
CONTINUOUS
10
5.0557435433070861
20
-5.4972595669291335
11
5.0601335826771656
21
-5.4950227165354333
0
LINE
8
BLACK
6
CONTINUOUS
10
5.0601335826771656
20
-5.4950227165354333
11
5.0649999999999995
21
-5.4942519685039368
0
LINE
8
BLACK
6
CONTINUOUS
10
5.0649999999999995
20
-5.4942519685039368
11
5.0698664173228343
21
-5.4950227165354333
0
LINE
8
BLACK
6
CONTINUOUS
10
5.8629562598425196
20
-5.4613016141732285
11
5.8673462992125982
21
-5.4635384645669287
0
LINE
8
BLACK
6
CONTINUOUS
10
5.8673462992125982
20
-5.4635384645669287
11
5.870830275590551
21
-5.4670224409448815
0
LINE
8
BLACK
6
CONTINUOUS
10
5.870830275590551
20
-5.4670224409448815
11
5.8730671259842522
21
-5.4714124803149602
0
LINE
8
BLACK
6
CONTINUOUS
10
5.8730671259842522
20
-5.4714124803149602
11
5.8738378740157478
21
-5.476278897637795
0
LINE
8
BLACK
6
CONTINUOUS
10
5.8738378740157478
20
-5.476278897637795
11
5.8730671259842522
21
-5.4811453149606297
0
LINE
8
BLACK
6
CONTINUOUS
10
5.8730671259842522
20
-5.4811453149606297
11
5.870830275590551
21
-5.4855353543307084
0
LINE
8
BLACK
6
CONTINUOUS
10
5.870830275590551
20
-5.4855353543307084
11
5.8678740157480318
21
-5.4884916141732285
0
LINE
8
BLACK
6
CONTINUOUS
10
5.8678740157480318
20
-5.4884916141732285
11
5.8678740157480318
21
-5.5332678740157482
0
LINE
8
BLACK
6
CONTINUOUS
10
5.8678740157480318
20
-5.5332678740157482
11
5.867580039370079
21
-5.5345557874015743
0
LINE
8
BLACK
6
CONTINUOUS
10
5.867580039370079
20
-5.5345557874015743
11
5.8674321653543302
21
-5.5358685039370075
0
LINE
8
BLACK
6
CONTINUOUS
10
5.8674321653543302
20
-5.5358685039370075
11
5.8671938976377955
21
-5.5362476771653544
0
LINE
8
BLACK
6
CONTINUOUS
10
5.8671938976377955
20
-5.5362476771653544
11
5.8670942519685036
21
-5.5366842913385828
0
LINE
8
BLACK
6
CONTINUOUS
10
5.8670942519685036
20
-5.5366842913385828
11
5.8662706299212601
21
-5.5377170078740159
0
LINE
8
BLACK
6
CONTINUOUS
10
5.8662706299212601
20
-5.5377170078740159
11
5.8655677952755907
21
-5.5388356299212598
0
LINE
8
BLACK
6
CONTINUOUS
10
5.8655677952755907
20
-5.5388356299212598
11
5.8652506299212597
21
-5.539152755905512
0
LINE
8
BLACK
6
CONTINUOUS
10
5.8652506299212597
20
-5.539152755905512
11
5.8652506299212597
21
-5.6966348031496059
0
LINE
8
BLACK
6
CONTINUOUS
10
5.8652506299212597
20
-5.6966348031496059
11
5.8810000000000002
21
-5.7123841732283465
0
LINE
8
BLACK
6
CONTINUOUS
10
5.8810000000000002
20
-5.7123841732283465
11
5.8810000000000002
21
-5.6909999999999998
0
LINE
8
BLACK
6
CONTINUOUS
10
5.8810000000000002
20
-5.6909999999999998
11
5.9409999999999998
21
-5.6909999999999998
0
LINE
8
BLACK
6
CONTINUOUS
10
5.9409999999999998
20
-5.6909999999999998
11
5.9409999999999998
21
-5.7509999999999994
0
LINE
8
BLACK
6
CONTINUOUS
10
5.9409999999999998
20
-5.7509999999999994
11
5.8810000000000002
21
-5.7509999999999994
0
LINE
8
BLACK
6
CONTINUOUS
10
5.8810000000000002
20
-5.7509999999999994
11
5.8810000000000002
21
-5.7292606299212601
0
LINE
8
BLACK
6
CONTINUOUS
10
5.8810000000000002
20
-5.7292606299212601
11
5.8788669291338582
21
-5.7292606299212601
0
LINE
8
BLACK
6
CONTINUOUS
10
5.8788669291338582
20
-5.7292606299212601
11
5.8775789763779525
21
-5.7289666535433073
0
LINE
8
BLACK
6
CONTINUOUS
10
5.8775789763779525
20
-5.7289666535433073
11
5.876266299212598
21
-5.7288187795275594
0
LINE
8
BLACK
6
CONTINUOUS
10
5.876266299212598
20
-5.7288187795275594
11
5.8758870866141732
21
-5.7285805118110238
0
LINE
8
BLACK
6
CONTINUOUS
10
5.8758870866141732
20
-5.7285805118110238
11
5.8754505118110236
21
-5.7284808661417319
0
LINE
8
BLACK
6
CONTINUOUS
10
5.8754505118110236
20
-5.7284808661417319
11
5.8744175984251967
21
-5.7276571259842521
0
LINE
8
BLACK
6
CONTINUOUS
10
5.8744175984251967
20
-5.7276571259842521
11
5.8732991732283466
21
-5.7269543700787402
0
LINE
8
BLACK
6
CONTINUOUS
10
5.8732991732283466
20
-5.7269543700787402
11
5.8518088582677166
21
-5.7054640551181102
0
LINE
8
BLACK
6
CONTINUOUS
10
5.8518088582677166
20
-5.7054640551181102
11
5.8511060629921259
21
-5.7043455905511813
0
LINE
8
BLACK
6
CONTINUOUS
10
5.8511060629921259
20
-5.7043455905511813
11
5.850282362204724
21
-5.7033127165354331
0
LINE
8
BLACK
6
CONTINUOUS
10
5.850282362204724
20
-5.7033127165354331
11
5.8501826771653542
21
-5.7028761023622048
0
LINE
8
BLACK
6
CONTINUOUS
10
5.8501826771653542
20
-5.7028761023622048
11
5.8499444488188974
21
-5.7024969291338579
0
LINE
8
BLACK
6
CONTINUOUS
10
5.8499444488188974
20
-5.7024969291338579
11
5.8497965354330708
21
-5.7011842125984247
0
LINE
8
BLACK
6
CONTINUOUS
10
5.8497965354330708
20
-5.7011842125984247
11
5.8495025984251967
21
-5.6998962992125985
0
LINE
8
BLACK
6
CONTINUOUS
10
5.8495025984251967
20
-5.6998962992125985
11
5.8495025984251967
21
-5.5358912598425194
0
LINE
8
BLACK
6
CONTINUOUS
10
5.8495025984251967
20
-5.5358912598425194
11
5.8497965354330708
21
-5.5346033070866136
0
LINE
8
BLACK
6
CONTINUOUS
10
5.8497965354330708
20
-5.5346033070866136
11
5.8499444488188974
21
-5.5332906299212601
0
LINE
8
BLACK
6
CONTINUOUS
10
5.8499444488188974
20
-5.5332906299212601
11
5.8501826771653542
21
-5.5329114173228344
0
LINE
8
BLACK
6
CONTINUOUS
10
5.8501826771653542
20
-5.5329114173228344
11
5.850282362204724
21
-5.5324748425196848
0
LINE
8
BLACK
6
CONTINUOUS
10
5.850282362204724
20
-5.5324748425196848
11
5.8511060629921259
21
-5.5314419291338579
0
LINE
8
BLACK
6
CONTINUOUS
10
5.8511060629921259
20
-5.5314419291338579
11
5.8518088582677166
21
-5.5303235039370078
0
LINE
8
BLACK
6
CONTINUOUS
10
5.8518088582677166
20
-5.5303235039370078
11
5.8521259842519679
21
-5.5300063385826768
0
LINE
8
BLACK
6
CONTINUOUS
10
5.8521259842519679
20
-5.5300063385826768
11
5.8521259842519679
21
-5.4906969685039373
0
LINE
8
BLACK
6
CONTINUOUS
10
5.8521259842519679
20
-5.4906969685039373
11
5.8488333858267714
21
-5.4890193307086612
0
LINE
8
BLACK
6
CONTINUOUS
10
5.8488333858267714
20
-5.4890193307086612
11
5.8453494094488185
21
-5.4855353543307084
0
LINE
8
BLACK
6
CONTINUOUS
10
5.8453494094488185
20
-5.4855353543307084
11
5.8431125590551183
21
-5.4811453149606297
0
LINE
8
BLACK
6
CONTINUOUS
10
5.8431125590551183
20
-5.4811453149606297
11
5.8423418110236218
21
-5.476278897637795
0
LINE
8
BLACK
6
CONTINUOUS
10
5.8423418110236218
20
-5.476278897637795
11
5.8431125590551183
21
-5.4714124803149602
0
LINE
8
BLACK
6
CONTINUOUS
10
5.8431125590551183
20
-5.4714124803149602
11
5.8453494094488185
21
-5.4670224409448815
0
LINE
8
BLACK
6
CONTINUOUS
10
5.8453494094488185
20
-5.4670224409448815
11
5.8488333858267714
21
-5.4635384645669287
0
LINE
8
BLACK
6
CONTINUOUS
10
5.8488333858267714
20
-5.4635384645669287
11
5.85322342519685
21
-5.4613016141732285
0
LINE
8
BLACK
6
CONTINUOUS
10
5.85322342519685
20
-5.4613016141732285
11
5.8580898425196848
21
-5.460530866141732
0
LINE
8
BLACK
6
CONTINUOUS
10
5.8580898425196848
20
-5.460530866141732
11
5.8629562598425196
21
-5.4613016141732285
0
LINE
8
BLACK
6
CONTINUOUS
10
6.0409999999999995
20
-5.7509999999999994
11
5.9809999999999999
21
-5.7509999999999994
0
LINE
8
BLACK
6
CONTINUOUS
10
5.9809999999999999
20
-5.7509999999999994
11
5.9809999999999999
21
-5.6909999999999998
0
LINE
8
BLACK
6
CONTINUOUS
10
5.9809999999999999
20
-5.6909999999999998
11
6.0409999999999995
21
-5.6909999999999998
0
LINE
8
BLACK
6
CONTINUOUS
10
6.0409999999999995
20
-5.6909999999999998
11
6.0409999999999995
21
-5.7509999999999994
0
LINE
8
BLACK
6
CONTINUOUS
10
4.3648664173228342
20
-5.4550223228346457
11
4.3692564566929128
21
-5.457259173228346
0
LINE
8
BLACK
6
CONTINUOUS
10
4.3692564566929128
20
-5.457259173228346
11
4.3727404330708657
21
-5.4607431496062988
0
LINE
8
BLACK
6
CONTINUOUS
10
4.3727404330708657
20
-5.4607431496062988
11
4.3749772834645668
21
-5.4651331889763775
0
LINE
8
BLACK
6
CONTINUOUS
10
4.3749772834645668
20
-5.4651331889763775
11
4.3757480314960633
21
-5.4699996062992122
0
LINE
8
BLACK
6
CONTINUOUS
10
4.3757480314960633
20
-5.4699996062992122
11
4.3749772834645668
21
-5.474866023622047
0
LINE
8
BLACK
6
CONTINUOUS
10
4.3749772834645668
20
-5.474866023622047
11
4.3727404330708657
21
-5.4792560629921256
0
LINE
8
BLACK
6
CONTINUOUS
10
4.3727404330708657
20
-5.4792560629921256
11
4.3692564566929128
21
-5.4827400393700785
0
LINE
8
BLACK
6
CONTINUOUS
10
4.3692564566929128
20
-5.4827400393700785
11
4.3678740157480318
21
-5.4834444094488184
0
LINE
8
BLACK
6
CONTINUOUS
10
4.3678740157480318
20
-5.4834444094488184
11
4.3678740157480318
21
-5.4922706692913383
0
LINE
8
BLACK
6
CONTINUOUS
10
4.3678740157480318
20
-5.4922706692913383
11
4.3678740157480318
21
-5.7091487007874013
0
LINE
8
BLACK
6
CONTINUOUS
10
4.3678740157480318
20
-5.7091487007874013
11
4.3714505118110232
21
-5.7127251968503936
0
LINE
8
BLACK
6
CONTINUOUS
10
4.3714505118110232
20
-5.7127251968503936
11
4.3839370078740156
21
-5.7127251968503936
0
LINE
8
BLACK
6
CONTINUOUS
10
4.3839370078740156
20
-5.7127251968503936
11
4.3839370078740156
21
-5.6905992125984248
0
LINE
8
BLACK
6
CONTINUOUS
10
4.3839370078740156
20
-5.6905992125984248
11
4.4439370078740152
21
-5.6905992125984248
0
LINE
8
BLACK
6
CONTINUOUS
10
4.4439370078740152
20
-5.6905992125984248
11
4.4439370078740152
21
-5.7505992125984253
0
LINE
8
BLACK
6
CONTINUOUS
10
4.4439370078740152
20
-5.7505992125984253
11
4.3839370078740156
21
-5.7505992125984253
0
LINE
8
BLACK
6
CONTINUOUS
10
4.3839370078740156
20
-5.7505992125984253
11
4.3839370078740156
21
-5.7284732283464566
0
LINE
8
BLACK
6
CONTINUOUS
10
4.3839370078740156
20
-5.7284732283464566
11
4.3681889763779527
21
-5.7284732283464566
0
LINE
8
BLACK
6
CONTINUOUS
10
4.3681889763779527
20
-5.7284732283464566
11
4.3669010629921257
21
-5.7281792519685037
0
LINE
8
BLACK
6
CONTINUOUS
10
4.3669010629921257
20
-5.7281792519685037
11
4.3655883464566925
21
-5.7280313779527559
0
LINE
8
BLACK
6
CONTINUOUS
10
4.3655883464566925
20
-5.7280313779527559
11
4.3652091338582677
21
-5.7277931102362203
0
LINE
8
BLACK
6
CONTINUOUS
10
4.3652091338582677
20
-5.7277931102362203
11
4.3647725590551181
21
-5.7276934645669293
0
LINE
8
BLACK
6
CONTINUOUS
10
4.3647725590551181
20
-5.7276934645669293
11
4.3637397244094487
21
-5.7268698031496061
0
LINE
8
BLACK
6
CONTINUOUS
10
4.3637397244094487
20
-5.7268698031496061
11
4.3626211811023623
21
-5.7261669685039367
0
LINE
8
BLACK
6
CONTINUOUS
10
4.3626211811023623
20
-5.7261669685039367
11
4.3544322440944878
21
-5.7179779921259843
0
LINE
8
BLACK
6
CONTINUOUS
10
4.3544322440944878
20
-5.7179779921259843
11
4.3537294488188971
21
-5.7168595275590546
0
LINE
8
BLACK
6
CONTINUOUS
10
4.3537294488188971
20
-5.7168595275590546
11
4.3529057480314961
21
-5.7158266535433073
0
LINE
8
BLACK
6
CONTINUOUS
10
4.3529057480314961
20
-5.7158266535433073
11
4.3528060629921255
21
-5.7153900393700789
0
LINE
8
BLACK
6
CONTINUOUS
10
4.3528060629921255
20
-5.7153900393700789
11
4.3525678346456695
21
-5.715010866141732
0
LINE
8
BLACK
6
CONTINUOUS
10
4.3525678346456695
20
-5.715010866141732
11
4.352419921259842
21
-5.7136981496062988
0
LINE
8
BLACK
6
CONTINUOUS
10
4.352419921259842
20
-5.7136981496062988
11
4.3521259842519688
21
-5.7124102362204727
0
LINE
8
BLACK
6
CONTINUOUS
10
4.3521259842519688
20
-5.7124102362204727
11
4.3521259842519688
21
-5.4922706692913383
0
LINE
8
BLACK
6
CONTINUOUS
10
4.3521259842519688
20
-5.4922706692913383
11
4.3521259842519688
21
-5.4834444094488184
0
LINE
8
BLACK
6
CONTINUOUS
10
4.3521259842519688
20
-5.4834444094488184
11
4.3507435433070869
21
-5.4827400393700785
0
LINE
8
BLACK
6
CONTINUOUS
10
4.3507435433070869
20
-5.4827400393700785
11
4.3472595669291341
21
-5.4792560629921256
0
LINE
8
BLACK
6
CONTINUOUS
10
4.3472595669291341
20
-5.4792560629921256
11
4.3450227165354329
21
-5.474866023622047
0
LINE
8
BLACK
6
CONTINUOUS
10
4.3450227165354329
20
-5.474866023622047
11
4.3442519685039365
21
-5.4699996062992122
0
LINE
8
BLACK
6
CONTINUOUS
10
4.3442519685039365
20
-5.4699996062992122
11
4.3450227165354329
21
-5.4651331889763775
0
LINE
8
BLACK
6
CONTINUOUS
10
4.3450227165354329
20
-5.4651331889763775
11
4.3472595669291341
21
-5.4607431496062988
0
LINE
8
BLACK
6
CONTINUOUS
10
4.3472595669291341
20
-5.4607431496062988
11
4.3507435433070869
21
-5.457259173228346
0
LINE
8
BLACK
6
CONTINUOUS
10
4.3507435433070869
20
-5.457259173228346
11
4.3551335826771655
21
-5.4550223228346457
0
LINE
8
BLACK
6
CONTINUOUS
10
4.3551335826771655
20
-5.4550223228346457
11
4.3600000000000003
21
-5.4542515748031493
0
LINE
8
BLACK
6
CONTINUOUS
10
4.3600000000000003
20
-5.4542515748031493
11
4.3648664173228342
21
-5.4550223228346457
0
LINE
8
BLACK
6
CONTINUOUS
10
4.5748664173228342
20
-5.4950227165354333
11
4.5792564566929137
21
-5.4972595669291335
0
LINE
8
BLACK
6
CONTINUOUS
10
4.5792564566929137
20
-5.4972595669291335
11
4.5827404330708656
21
-5.5007435433070864
0
LINE
8
BLACK
6
CONTINUOUS
10
4.5827404330708656
20
-5.5007435433070864
11
4.5849772834645668
21
-5.505133582677165
0
LINE
8
BLACK
6
CONTINUOUS
10
4.5849772834645668
20
-5.505133582677165
11
4.5857480314960632
21
-5.5099999999999998
0
LINE
8
BLACK
6
CONTINUOUS
10
4.5857480314960632
20
-5.5099999999999998
11
4.5849772834645668
21
-5.5148664173228346
0
LINE
8
BLACK
6
CONTINUOUS
10
4.5849772834645668
20
-5.5148664173228346
11
4.5827404330708656
21
-5.5192564566929132
0
LINE
8
BLACK
6
CONTINUOUS
10
4.5827404330708656
20
-5.5192564566929132
11
4.5792564566929137
21
-5.522740433070866
0
LINE
8
BLACK
6
CONTINUOUS
10
4.5792564566929137
20
-5.522740433070866
11
4.5778740157480318
21
-5.523444803149606
0
LINE
8
BLACK
6
CONTINUOUS
10
4.5778740157480318
20
-5.523444803149606
11
4.5778740157480318
21
-5.5322710629921259
0
LINE
8
BLACK
6
CONTINUOUS
10
4.5778740157480318
20
-5.5322710629921259
11
4.5778740157480318
21
-5.7102842519685035
0
LINE
8
BLACK
6
CONTINUOUS
10
4.5778740157480318
20
-5.7102842519685035
11
4.577580039370079
21
-5.7115721653543305
0
LINE
8
BLACK
6
CONTINUOUS
10
4.577580039370079
20
-5.7115721653543305
11
4.5774321653543302
21
-5.7128848818897637
0
LINE
8
BLACK
6
CONTINUOUS
10
4.5774321653543302
20
-5.7128848818897637
11
4.5771938976377955
21
-5.7132640551181098
0
LINE
8
BLACK
6
CONTINUOUS
10
4.5771938976377955
20
-5.7132640551181098
11
4.5770942519685036
21
-5.7137006692913381
0
LINE
8
BLACK
6
CONTINUOUS
10
4.5770942519685036
20
-5.7137006692913381
11
4.5762705118110238
21
-5.7147335433070863
0
LINE
8
BLACK
6
CONTINUOUS
10
4.5762705118110238
20
-5.7147335433070863
11
4.5755677559055119
21
-5.715852007874016
0
LINE
8
BLACK
6
CONTINUOUS
10
4.5755677559055119
20
-5.715852007874016
11
4.5652527952755904
21
-5.7261669685039367
0
LINE
8
BLACK
6
CONTINUOUS
10
4.5652527952755904
20
-5.7261669685039367
11
4.5641343307086615
21
-5.7268697244094486
0
LINE
8
BLACK
6
CONTINUOUS
10
4.5641343307086615
20
-5.7268697244094486
11
4.5631014566929133
21
-5.7276934645669293
0
LINE
8
BLACK
6
CONTINUOUS
10
4.5631014566929133
20
-5.7276934645669293
11
4.562664842519685
21
-5.7277931102362203
0
LINE
8
BLACK
6
CONTINUOUS
10
4.562664842519685
20
-5.7277931102362203
11
4.5622856692913381
21
-5.7280313779527559
0
LINE
8
BLACK
6
CONTINUOUS
10
4.5622856692913381
20
-5.7280313779527559
11
4.5609729527559058
21
-5.7281792519685037
0
LINE
8
BLACK
6
CONTINUOUS
10
4.5609729527559058
20
-5.7281792519685037
11
4.5596850393700787
21
-5.7284732283464566
0
LINE
8
BLACK
6
CONTINUOUS
10
4.5596850393700787
20
-5.7284732283464566
11
4.5439370078740158
21
-5.7284732283464566
0
LINE
8
BLACK
6
CONTINUOUS
10
4.5439370078740158
20
-5.7284732283464566
11
4.5439370078740158
21
-5.7505992125984253
0
LINE
8
BLACK
6
CONTINUOUS
10
4.5439370078740158
20
-5.7505992125984253
11
4.4839370078740153
21
-5.7505992125984253
0
LINE
8
BLACK
6
CONTINUOUS
10
4.4839370078740153
20
-5.7505992125984253
11
4.4839370078740153
21
-5.6905992125984248
0
LINE
8
BLACK
6
CONTINUOUS
10
4.4839370078740153
20
-5.6905992125984248
11
4.5439370078740158
21
-5.6905992125984248
0
LINE
8
BLACK
6
CONTINUOUS
10
4.5439370078740158
20
-5.6905992125984248
11
4.5439370078740158
21
-5.7127251968503936
0
LINE
8
BLACK
6
CONTINUOUS
10
4.5439370078740158
20
-5.7127251968503936
11
4.5564235433070861
21
-5.7127251968503936
0
LINE
8
BLACK
6
CONTINUOUS
10
4.5564235433070861
20
-5.7127251968503936
11
4.5621259842519688
21
-5.7070227559055118
0
LINE
8
BLACK
6
CONTINUOUS
10
4.5621259842519688
20
-5.7070227559055118
11
4.5621259842519688
21
-5.5322710629921259
0
LINE
8
BLACK
6
CONTINUOUS
10
4.5621259842519688
20
-5.5322710629921259
11
4.5621259842519688
21
-5.523444803149606
0
LINE
8
BLACK
6
CONTINUOUS
10
4.5621259842519688
20
-5.523444803149606
11
4.5607435433070869
21
-5.522740433070866
0
LINE
8
BLACK
6
CONTINUOUS
10
4.5607435433070869
20
-5.522740433070866
11
4.557259566929134
21
-5.5192564566929132
0
LINE
8
BLACK
6
CONTINUOUS
10
4.557259566929134
20
-5.5192564566929132
11
4.5550227165354329
21
-5.5148664173228346
0
LINE
8
BLACK
6
CONTINUOUS
10
4.5550227165354329
20
-5.5148664173228346
11
4.5542519685039373
21
-5.5099999999999998
0
LINE
8
BLACK
6
CONTINUOUS
10
4.5542519685039373
20
-5.5099999999999998
11
4.5550227165354329
21
-5.505133582677165
0
LINE
8
BLACK
6
CONTINUOUS
10
4.5550227165354329
20
-5.505133582677165
11
4.557259566929134
21
-5.5007435433070864
0
LINE
8
BLACK
6
CONTINUOUS
10
4.557259566929134
20
-5.5007435433070864
11
4.5607435433070869
21
-5.4972595669291335
0
LINE
8
BLACK
6
CONTINUOUS
10
4.5607435433070869
20
-5.4972595669291335
11
4.5651335826771655
21
-5.4950227165354333
0
LINE
8
BLACK
6
CONTINUOUS
10
4.5651335826771655
20
-5.4950227165354333
11
4.5700000000000003
21
-5.4942519685039368
0
LINE
8
BLACK
6
CONTINUOUS
10
4.5700000000000003
20
-5.4942519685039368
11
4.5748664173228342
21
-5.4950227165354333
0
LINE
8
BLACK
6
CONTINUOUS
10
4.6148664173228342
20
-5.4550227165354332
11
4.6192564566929128
21
-5.4572595669291335
0
LINE
8
BLACK
6
CONTINUOUS
10
4.6192564566929128
20
-5.4572595669291335
11
4.6227404330708657
21
-5.4607435433070863
0
LINE
8
BLACK
6
CONTINUOUS
10
4.6227404330708657
20
-5.4607435433070863
11
4.6249772834645668
21
-5.465133582677165
0
LINE
8
BLACK
6
CONTINUOUS
10
4.6249772834645668
20
-5.465133582677165
11
4.6257480314960633
21
-5.4699999999999998
0
LINE
8
BLACK
6
CONTINUOUS
10
4.6257480314960633
20
-5.4699999999999998
11
4.6249772834645668
21
-5.4748664173228345
0
LINE
8
BLACK
6
CONTINUOUS
10
4.6249772834645668
20
-5.4748664173228345
11
4.6227404330708657
21
-5.4792564566929132
0
LINE
8
BLACK
6
CONTINUOUS
10
4.6227404330708657
20
-5.4792564566929132
11
4.6192564566929128
21
-5.482740433070866
0
LINE
8
BLACK
6
CONTINUOUS
10
4.6192564566929128
20
-5.482740433070866
11
4.6178740157480318
21
-5.4834448031496059
0
LINE
8
BLACK
6
CONTINUOUS
10
4.6178740157480318
20
-5.4834448031496059
11
4.6178740157480318
21
-5.4922710629921259
0
LINE
8
BLACK
6
CONTINUOUS
10
4.6178740157480318
20
-5.4922710629921259
11
4.6178740157480318
21
-5.5332677952755907
0
LINE
8
BLACK
6
CONTINUOUS
10
4.6178740157480318
20
-5.5332677952755907
11
4.617580039370079
21
-5.534555669291338
0
LINE
8
BLACK
6
CONTINUOUS
10
4.617580039370079
20
-5.534555669291338
11
4.6174321653543302
21
-5.53586842519685
0
LINE
8
BLACK
6
CONTINUOUS
10
4.6174321653543302
20
-5.53586842519685
11
4.6171938976377955
21
-5.5362475984251969
0
LINE
8
BLACK
6
CONTINUOUS
10
4.6171938976377955
20
-5.5362475984251969
11
4.6170942519685036
21
-5.5366842125984252
0
LINE
8
BLACK
6
CONTINUOUS
10
4.6170942519685036
20
-5.5366842125984252
11
4.6166141338582678
21
-5.5372862204724411
0
LINE
8
BLACK
6
CONTINUOUS
10
4.6166141338582678
20
-5.5372862204724411
11
4.6166141338582678
21
-5.7075738976377952
0
LINE
8
BLACK
6
CONTINUOUS
10
4.6166141338582678
20
-5.7075738976377952
11
4.6198756692913383
21
-5.7108354330708657
0
LINE
8
BLACK
6
CONTINUOUS
10
4.6198756692913383
20
-5.7108354330708657
11
4.6323622047244095
21
-5.7108354330708657
0
LINE
8
BLACK
6
CONTINUOUS
10
4.6323622047244095
20
-5.7108354330708657
11
4.6323622047244095
21
-5.6887094488188978
0
LINE
8
BLACK
6
CONTINUOUS
10
4.6323622047244095
20
-5.6887094488188978
11
4.6923622047244091
21
-5.6887094488188978
0
LINE
8
BLACK
6
CONTINUOUS
10
4.6923622047244091
20
-5.6887094488188978
11
4.6923622047244091
21
-5.7487094488188974
0
LINE
8
BLACK
6
CONTINUOUS
10
4.6923622047244091
20
-5.7487094488188974
11
4.6323622047244095
21
-5.7487094488188974
0
LINE
8
BLACK
6
CONTINUOUS
10
4.6323622047244095
20
-5.7487094488188974
11
4.6323622047244095
21
-5.7265834645669287
0
LINE
8
BLACK
6
CONTINUOUS
10
4.6323622047244095
20
-5.7265834645669287
11
4.6166141732283466
21
-5.7265834645669287
0
LINE
8
BLACK
6
CONTINUOUS
10
4.6166141732283466
20
-5.7265834645669287
11
4.6153262204724408
21
-5.7262894881889759
0
LINE
8
BLACK
6
CONTINUOUS
10
4.6153262204724408
20
-5.7262894881889759
11
4.6140135433070864
21
-5.726141614173228
0
LINE
8
BLACK
6
CONTINUOUS
10
4.6140135433070864
20
-5.726141614173228
11
4.6136343307086616
21
-5.7259033464566924
0
LINE
8
BLACK
6
CONTINUOUS
10
4.6136343307086616
20
-5.7259033464566924
11
4.613197755905512
21
-5.7258037007874014
0
LINE
8
BLACK
6
CONTINUOUS
10
4.613197755905512
20
-5.7258037007874014
11
4.6121648425196851
21
-5.7249799606299208
0
LINE
8
BLACK
6
CONTINUOUS
10
4.6121648425196851
20
-5.7249799606299208
11
4.6110464173228349
21
-5.7242772047244097
0
LINE
8
BLACK
6
CONTINUOUS
10
4.6110464173228349
20
-5.7242772047244097
11
4.6031723622047247
21
-5.7164031496062995
0
LINE
8
BLACK
6
CONTINUOUS
10
4.6031723622047247
20
-5.7164031496062995
11
4.602469566929134
21
-5.7152846850393697
0
LINE
8
BLACK
6
CONTINUOUS
10
4.602469566929134
20
-5.7152846850393697
11
4.6016458661417321
21
-5.7142518110236216
0
LINE
8
BLACK
6
CONTINUOUS
10
4.6016458661417321
20
-5.7142518110236216
11
4.6015461811023624
21
-5.7138151968503932
0
LINE
8
BLACK
6
CONTINUOUS
10
4.6015461811023624
20
-5.7138151968503932
11
4.6013079527559055
21
-5.7134360236220472
0
LINE
8
BLACK
6
CONTINUOUS
10
4.6013079527559055
20
-5.7134360236220472
11
4.6011600393700789
21
-5.712123307086614
0
LINE
8
BLACK
6
CONTINUOUS
10
4.6011600393700789
20
-5.712123307086614
11
4.6008661023622048
21
-5.710835393700787
0
LINE
8
BLACK
6
CONTINUOUS
10
4.6008661023622048
20
-5.710835393700787
11
4.6008661023622048
21
-5.5345276771653538
0
LINE
8
BLACK
6
CONTINUOUS
10
4.6008661023622048
20
-5.5345276771653538
11
4.6011600393700789
21
-5.5332397244094489
0
LINE
8
BLACK
6
CONTINUOUS
10
4.6011600393700789
20
-5.5332397244094489
11
4.6013079527559055
21
-5.5319270472440945
0
LINE
8
BLACK
6
CONTINUOUS
10
4.6013079527559055
20
-5.5319270472440945
11
4.6015461811023624
21
-5.5315478346456688
0
LINE
8
BLACK
6
CONTINUOUS
10
4.6015461811023624
20
-5.5315478346456688
11
4.6016458661417321
21
-5.5311112598425192
0
LINE
8
BLACK
6
CONTINUOUS
10
4.6016458661417321
20
-5.5311112598425192
11
4.6021259842519688
21
-5.5305092125984254
0
LINE
8
BLACK
6
CONTINUOUS
10
4.6021259842519688
20
-5.5305092125984254
11
4.6021259842519688
21
-5.4922710629921259
0
LINE
8
BLACK
6
CONTINUOUS
10
4.6021259842519688
20
-5.4922710629921259
11
4.6021259842519688
21
-5.4834448031496059
0
LINE
8
BLACK
6
CONTINUOUS
10
4.6021259842519688
20
-5.4834448031496059
11
4.6007435433070869
21
-5.482740433070866
0
LINE
8
BLACK
6
CONTINUOUS
10
4.6007435433070869
20
-5.482740433070866
11
4.5972595669291341
21
-5.4792564566929132
0
LINE
8
BLACK
6
CONTINUOUS
10
4.5972595669291341
20
-5.4792564566929132
11
4.5950227165354329
21
-5.4748664173228345
0
LINE
8
BLACK
6
CONTINUOUS
10
4.5950227165354329
20
-5.4748664173228345
11
4.5942519685039365
21
-5.4699999999999998
0
LINE
8
BLACK
6
CONTINUOUS
10
4.5942519685039365
20
-5.4699999999999998
11
4.5950227165354329
21
-5.465133582677165
0
LINE
8
BLACK
6
CONTINUOUS
10
4.5950227165354329
20
-5.465133582677165
11
4.5972595669291341
21
-5.4607435433070863
0
LINE
8
BLACK
6
CONTINUOUS
10
4.5972595669291341
20
-5.4607435433070863
11
4.6007435433070869
21
-5.4572595669291335
0
LINE
8
BLACK
6
CONTINUOUS
10
4.6007435433070869
20
-5.4572595669291335
11
4.6051335826771655
21
-5.4550227165354332
0
LINE
8
BLACK
6
CONTINUOUS
10
4.6051335826771655
20
-5.4550227165354332
11
4.6100000000000003
21
-5.4542519685039368
0
LINE
8
BLACK
6
CONTINUOUS
10
4.6100000000000003
20
-5.4542519685039368
11
4.6148664173228342
21
-5.4550227165354332
0
LINE
8
BLACK
6
CONTINUOUS
10
4.8198664173228343
20
-5.4950227165354333
11
4.8242564566929129
21
-5.4972595669291335
0
LINE
8
BLACK
6
CONTINUOUS
10
4.8242564566929129
20
-5.4972595669291335
11
4.8277404330708658
21
-5.5007435433070864
0
LINE
8
BLACK
6
CONTINUOUS
10
4.8277404330708658
20
-5.5007435433070864
11
4.8299772834645669
21
-5.505133582677165
0
LINE
8
BLACK
6
CONTINUOUS
10
4.8299772834645669
20
-5.505133582677165
11
4.8307480314960625
21
-5.5099999999999998
0
LINE
8
BLACK
6
CONTINUOUS
10
4.8307480314960625
20
-5.5099999999999998
11
4.8299772834645669
21
-5.5148664173228346
0
LINE
8
BLACK
6
CONTINUOUS
10
4.8299772834645669
20
-5.5148664173228346
11
4.8277404330708658
21
-5.5192564566929132
0
LINE
8
BLACK
6
CONTINUOUS
10
4.8277404330708658
20
-5.5192564566929132
11
4.8242564566929129
21
-5.522740433070866
0
LINE
8
BLACK
6
CONTINUOUS
10
4.8242564566929129
20
-5.522740433070866
11
4.822874015748031
21
-5.523444803149606
0
LINE
8
BLACK
6
CONTINUOUS
10
4.822874015748031
20
-5.523444803149606
11
4.822874015748031
21
-5.5295784645669288
0
LINE
8
BLACK
6
CONTINUOUS
10
4.822874015748031
20
-5.5295784645669288
11
4.8230942519685041
21
-5.5298546456692916
0
LINE
8
BLACK
6
CONTINUOUS
10
4.8230942519685041
20
-5.5298546456692916
11
4.823193897637795
21
-5.5302912204724413
0
LINE
8
BLACK
6
CONTINUOUS
10
4.823193897637795
20
-5.5302912204724413
11
4.8234321653543306
21
-5.530670433070866
0
LINE
8
BLACK
6
CONTINUOUS
10
4.8234321653543306
20
-5.530670433070866
11
4.8235800393700785
21
-5.5319831102362205
0
LINE
8
BLACK
6
CONTINUOUS
10
4.8235800393700785
20
-5.5319831102362205
11
4.8238740157480313
21
-5.5332710629921262
0
LINE
8
BLACK
6
CONTINUOUS
10
4.8238740157480313
20
-5.5332710629921262
11
4.8238740157480313
21
-5.71081968503937
0
LINE
8
BLACK
6
CONTINUOUS
10
4.8238740157480313
20
-5.71081968503937
11
4.8235800393700785
21
-5.7121075590551182
0
LINE
8
BLACK
6
CONTINUOUS
10
4.8235800393700785
20
-5.7121075590551182
11
4.8234321653543306
21
-5.7134203149606302
0
LINE
8
BLACK
6
CONTINUOUS
10
4.8234321653543306
20
-5.7134203149606302
11
4.823193897637795
21
-5.7137994881889762
0
LINE
8
BLACK
6
CONTINUOUS
10
4.823193897637795
20
-5.7137994881889762
11
4.8230942519685041
21
-5.7142361023622046
0
LINE
8
BLACK
6
CONTINUOUS
10
4.8230942519685041
20
-5.7142361023622046
11
4.8222705905511809
21
-5.7152688976377952
0
LINE
8
BLACK
6
CONTINUOUS
10
4.8222705905511809
20
-5.7152688976377952
11
4.8215677559055115
21
-5.7163874803149604
0
LINE
8
BLACK
6
CONTINUOUS
10
4.8215677559055115
20
-5.7163874803149604
11
4.8136779921259842
21
-5.7242772047244097
0
LINE
8
BLACK
6
CONTINUOUS
10
4.8136779921259842
20
-5.7242772047244097
11
4.8125595275590554
21
-5.7249799606299208
0
LINE
8
BLACK
6
CONTINUOUS
10
4.8125595275590554
20
-5.7249799606299208
11
4.8115266535433072
21
-5.7258037007874014
0
LINE
8
BLACK
6
CONTINUOUS
10
4.8115266535433072
20
-5.7258037007874014
11
4.8110900393700788
21
-5.7259033464566924
0
LINE
8
BLACK
6
CONTINUOUS
10
4.8110900393700788
20
-5.7259033464566924
11
4.8107108661417319
21
-5.726141614173228
0
LINE
8
BLACK
6
CONTINUOUS
10
4.8107108661417319
20
-5.726141614173228
11
4.8093981496062987
21
-5.7262894881889759
0
LINE
8
BLACK
6
CONTINUOUS
10
4.8093981496062987
20
-5.7262894881889759
11
4.8081102362204726
21
-5.7265834645669287
0
LINE
8
BLACK
6
CONTINUOUS
10
4.8081102362204726
20
-5.7265834645669287
11
4.7923622047244097
21
-5.7265834645669287
0
LINE
8
BLACK
6
CONTINUOUS
10
4.7923622047244097
20
-5.7265834645669287
11
4.7923622047244097
21
-5.7487094488188974
0
LINE
8
BLACK
6
CONTINUOUS
10
4.7923622047244097
20
-5.7487094488188974
11
4.7323622047244092
21
-5.7487094488188974
0
LINE
8
BLACK
6
CONTINUOUS
10
4.7323622047244092
20
-5.7487094488188974
11
4.7323622047244092
21
-5.6887094488188978
0
LINE
8
BLACK
6
CONTINUOUS
10
4.7323622047244092
20
-5.6887094488188978
11
4.7923622047244097
21
-5.6887094488188978
0
LINE
8
BLACK
6
CONTINUOUS
10
4.7923622047244097
20
-5.6887094488188978
11
4.7923622047244097
21
-5.7108354330708657
0
LINE
8
BLACK
6
CONTINUOUS
10
4.7923622047244097
20
-5.7108354330708657
11
4.80484874015748
21
-5.7108354330708657
0
LINE
8
BLACK
6
CONTINUOUS
10
4.80484874015748
20
-5.7108354330708657
11
4.8081259842519684
21
-5.7075581496062995
0
LINE
8
BLACK
6
CONTINUOUS
10
4.8081259842519684
20
-5.7075581496062995
11
4.8081259842519684
21
-5.5359636220472437
0
LINE
8
BLACK
6
CONTINUOUS
10
4.8081259842519684
20
-5.5359636220472437
11
4.8079057480314962
21
-5.5356874803149605
0
LINE
8
BLACK
6
CONTINUOUS
10
4.8079057480314962
20
-5.5356874803149605
11
4.8078060629921255
21
-5.5352508661417321
0
LINE
8
BLACK
6
CONTINUOUS
10
4.8078060629921255
20
-5.5352508661417321
11
4.8075678346456696
21
-5.5348716929133861
0
LINE
8
BLACK
6
CONTINUOUS
10
4.8075678346456696
20
-5.5348716929133861
11
4.8074199212598421
21
-5.5335589763779529
0
LINE
8
BLACK
6
CONTINUOUS
10
4.8074199212598421
20
-5.5335589763779529
11
4.807125984251968
21
-5.5322710629921259
0
LINE
8
BLACK
6
CONTINUOUS
10
4.807125984251968
20
-5.5322710629921259
11
4.807125984251968
21
-5.523444803149606
0
LINE
8
BLACK
6
CONTINUOUS
10
4.807125984251968
20
-5.523444803149606
11
4.8057435433070861
21
-5.522740433070866
0
LINE
8
BLACK
6
CONTINUOUS
10
4.8057435433070861
20
-5.522740433070866
11
4.8022595669291341
21
-5.5192564566929132
0
LINE
8
BLACK
6
CONTINUOUS
10
4.8022595669291341
20
-5.5192564566929132
11
4.800022716535433
21
-5.5148664173228346
0
LINE
8
BLACK
6
CONTINUOUS
10
4.800022716535433
20
-5.5148664173228346
11
4.7992519685039365
21
-5.5099999999999998
0
LINE
8
BLACK
6
CONTINUOUS
10
4.7992519685039365
20
-5.5099999999999998
11
4.800022716535433
21
-5.505133582677165
0
LINE
8
BLACK
6
CONTINUOUS
10
4.800022716535433
20
-5.505133582677165
11
4.8022595669291341
21
-5.5007435433070864
0
LINE
8
BLACK
6
CONTINUOUS
10
4.8022595669291341
20
-5.5007435433070864
11
4.8057435433070861
21
-5.4972595669291335
0
LINE
8
BLACK
6
CONTINUOUS
10
4.8057435433070861
20
-5.4972595669291335
11
4.8101335826771656
21
-5.4950227165354333
0
LINE
8
BLACK
6
CONTINUOUS
10
4.8101335826771656
20
-5.4950227165354333
11
4.8149999999999995
21
-5.4942519685039368
0
LINE
8
BLACK
6
CONTINUOUS
10
4.8149999999999995
20
-5.4942519685039368
11
4.8198664173228343
21
-5.4950227165354333
0
LINE
8
BLACK
6
CONTINUOUS
10
5.1098664173228343
20
-5.4550227165354332
11
5.114256456692913
21
-5.4572595669291335
0
LINE
8
BLACK
6
CONTINUOUS
10
5.114256456692913
20
-5.4572595669291335
11
5.1177404330708658
21
-5.4607435433070863
0
LINE
8
BLACK
6
CONTINUOUS
10
5.1177404330708658
20
-5.4607435433070863
11
5.1199772834645669
21
-5.465133582677165
0
LINE
8
BLACK
6
CONTINUOUS
10
5.1199772834645669
20
-5.465133582677165
11
5.1207480314960625
21
-5.4699999999999998
0
LINE
8
BLACK
6
CONTINUOUS
10
5.1207480314960625
20
-5.4699999999999998
11
5.1199772834645669
21
-5.4748664173228345
0
LINE
8
BLACK
6
CONTINUOUS
10
5.1199772834645669
20
-5.4748664173228345
11
5.1177404330708658
21
-5.4792564566929132
0
LINE
8
BLACK
6
CONTINUOUS
10
5.1177404330708658
20
-5.4792564566929132
11
5.114256456692913
21
-5.482740433070866
0
LINE
8
BLACK
6
CONTINUOUS
10
5.114256456692913
20
-5.482740433070866
11
5.112874015748031
21
-5.4834448031496059
0
LINE
8
BLACK
6
CONTINUOUS
10
5.112874015748031
20
-5.4834448031496059
11
5.112874015748031
21
-5.4922710629921259
0
LINE
8
BLACK
6
CONTINUOUS
10
5.112874015748031
20
-5.4922710629921259
11
5.112874015748031
21
-5.5282677952755908
0
LINE
8
BLACK
6
CONTINUOUS
10
5.112874015748031
20
-5.5282677952755908
11
5.1125800393700782
21
-5.5295557086614169
0
LINE
8
BLACK
6
CONTINUOUS
10
5.1125800393700782
20
-5.5295557086614169
11
5.1124321653543303
21
-5.5308684251968501
0
LINE
8
BLACK
6
CONTINUOUS
10
5.1124321653543303
20
-5.5308684251968501
11
5.1121938976377947
21
-5.531247598425197
0
LINE
8
BLACK
6
CONTINUOUS
10
5.1121938976377947
20
-5.531247598425197
11
5.1120942519685038
21
-5.5316842125984254
0
LINE
8
BLACK
6
CONTINUOUS
10
5.1120942519685038
20
-5.5316842125984254
11
5.1118740157480316
21
-5.5319603543307085
0
LINE
8
BLACK
6
CONTINUOUS
10
5.1118740157480316
20
-5.5319603543307085
11
5.1118740157480316
21
-5.702833779527559
0
LINE
8
BLACK
6
CONTINUOUS
10
5.1118740157480316
20
-5.702833779527559
11
5.1198756692913383
21
-5.7108354330708657
0
LINE
8
BLACK
6
CONTINUOUS
10
5.1198756692913383
20
-5.7108354330708657
11
5.1323622047244095
21
-5.7108354330708657
0
LINE
8
BLACK
6
CONTINUOUS
10
5.1323622047244095
20
-5.7108354330708657
11
5.1323622047244095
21
-5.6887094488188978
0
LINE
8
BLACK
6
CONTINUOUS
10
5.1323622047244095
20
-5.6887094488188978
11
5.1923622047244091
21
-5.6887094488188978
0
LINE
8
BLACK
6
CONTINUOUS
10
5.1923622047244091
20
-5.6887094488188978
11
5.1923622047244091
21
-5.7487094488188974
0
LINE
8
BLACK
6
CONTINUOUS
10
5.1923622047244091
20
-5.7487094488188974
11
5.1323622047244095
21
-5.7487094488188974
0
LINE
8
BLACK
6
CONTINUOUS
10
5.1323622047244095
20
-5.7487094488188974
11
5.1323622047244095
21
-5.7265834645669287
0
LINE
8
BLACK
6
CONTINUOUS
10
5.1323622047244095
20
-5.7265834645669287
11
5.1166141732283466
21
-5.7265834645669287
0
LINE
8
BLACK
6
CONTINUOUS
10
5.1166141732283466
20
-5.7265834645669287
11
5.1153262204724408
21
-5.7262894881889759
0
LINE
8
BLACK
6
CONTINUOUS
10
5.1153262204724408
20
-5.7262894881889759
11
5.1140135433070864
21
-5.726141614173228
0
LINE
8
BLACK
6
CONTINUOUS
10
5.1140135433070864
20
-5.726141614173228
11
5.1136343307086616
21
-5.7259033464566924
0
LINE
8
BLACK
6
CONTINUOUS
10
5.1136343307086616
20
-5.7259033464566924
11
5.113197755905512
21
-5.7258037007874014
0
LINE
8
BLACK
6
CONTINUOUS
10
5.113197755905512
20
-5.7258037007874014
11
5.1121648425196851
21
-5.7249799606299208
0
LINE
8
BLACK
6
CONTINUOUS
10
5.1121648425196851
20
-5.7249799606299208
11
5.1110464173228349
21
-5.7242772047244097
0
LINE
8
BLACK
6
CONTINUOUS
10
5.1110464173228349
20
-5.7242772047244097
11
5.0984322440944885
21
-5.7116630314960632
0
LINE
8
BLACK
6
CONTINUOUS
10
5.0984322440944885
20
-5.7116630314960632
11
5.0977294488188978
21
-5.7105445669291335
0
LINE
8
BLACK
6
CONTINUOUS
10
5.0977294488188978
20
-5.7105445669291335
11
5.0969057480314959
21
-5.7095116929133853
0
LINE
8
BLACK
6
CONTINUOUS
10
5.0969057480314959
20
-5.7095116929133853
11
5.0968060629921261
21
-5.709075078740157
0
LINE
8
BLACK
6
CONTINUOUS
10
5.0968060629921261
20
-5.709075078740157
11
5.0965678346456693
21
-5.7086959055118109
0
LINE
8
BLACK
6
CONTINUOUS
10
5.0965678346456693
20
-5.7086959055118109
11
5.0964199212598427
21
-5.7073831889763778
0
LINE
8
BLACK
6
CONTINUOUS
10
5.0964199212598427
20
-5.7073831889763778
11
5.0961259842519686
21
-5.7060952755905507
0
LINE
8
BLACK
6
CONTINUOUS
10
5.0961259842519686
20
-5.7060952755905507
11
5.0961259842519686
21
-5.5292677952755902
0
LINE
8
BLACK
6
CONTINUOUS
10
5.0961259842519686
20
-5.5292677952755902
11
5.0964199212598427
21
-5.5279798425196853
0
LINE
8
BLACK
6
CONTINUOUS
10
5.0964199212598427
20
-5.5279798425196853
11
5.0965678346456693
21
-5.5266671653543309
0
LINE
8
BLACK
6
CONTINUOUS
10
5.0965678346456693
20
-5.5266671653543309
11
5.0968060629921261
21
-5.5262879527559052
0
LINE
8
BLACK
6
CONTINUOUS
10
5.0968060629921261
20
-5.5262879527559052
11
5.0969057480314959
21
-5.5258513779527556
0
LINE
8
BLACK
6
CONTINUOUS
10
5.0969057480314959
20
-5.5258513779527556
11
5.0971259842519681
21
-5.5255751968503937
0
LINE
8
BLACK
6
CONTINUOUS
10
5.0971259842519681
20
-5.5255751968503937
11
5.0971259842519681
21
-5.4922710629921259
0
LINE
8
BLACK
6
CONTINUOUS
10
5.0971259842519681
20
-5.4922710629921259
11
5.0971259842519681
21
-5.4834448031496059
0
LINE
8
BLACK
6
CONTINUOUS
10
5.0971259842519681
20
-5.4834448031496059
11
5.0957435433070861
21
-5.482740433070866
0
LINE
8
BLACK
6
CONTINUOUS
10
5.0957435433070861
20
-5.482740433070866
11
5.0922595669291342
21
-5.4792564566929132
0
LINE
8
BLACK
6
CONTINUOUS
10
5.0922595669291342
20
-5.4792564566929132
11
5.090022716535433
21
-5.4748664173228345
0
LINE
8
BLACK
6
CONTINUOUS
10
5.090022716535433
20
-5.4748664173228345
11
5.0892519685039366
21
-5.4699999999999998
0
LINE
8
BLACK
6
CONTINUOUS
10
5.0892519685039366
20
-5.4699999999999998
11
5.090022716535433
21
-5.465133582677165
0
LINE
8
BLACK
6
CONTINUOUS
10
5.090022716535433
20
-5.465133582677165
11
5.0922595669291342
21
-5.4607435433070863
0
LINE
8
BLACK
6
CONTINUOUS
10
5.0922595669291342
20
-5.4607435433070863
11
5.0957435433070861
21
-5.4572595669291335
0
LINE
8
BLACK
6
CONTINUOUS
10
5.0957435433070861
20
-5.4572595669291335
11
5.1001335826771657
21
-5.4550227165354332
0
LINE
8
BLACK
6
CONTINUOUS
10
5.1001335826771657
20
-5.4550227165354332
11
5.1049999999999995
21
-5.4542519685039368
0
LINE
8
BLACK
6
CONTINUOUS
10
5.1049999999999995
20
-5.4542519685039368
11
5.1098664173228343
21
-5.4550227165354332
0
LINE
8
BLACK
6
CONTINUOUS
10
5.3204959448818894
20
-5.4957690551181102
11
5.324885984251968
21
-5.4980059055118113
0
LINE
8
BLACK
6
CONTINUOUS
10
5.324885984251968
20
-5.4980059055118113
11
5.3283699606299209
21
-5.5014898818897633
0
LINE
8
BLACK
6
CONTINUOUS
10
5.3283699606299209
20
-5.5014898818897633
11
5.330606811023622
21
-5.5058799212598428
0
LINE
8
BLACK
6
CONTINUOUS
10
5.330606811023622
20
-5.5058799212598428
11
5.3313775590551176
21
-5.5107463385826767
0
LINE
8
BLACK
6
CONTINUOUS
10
5.3313775590551176
20
-5.5107463385826767
11
5.330606811023622
21
-5.5156127559055115
0
LINE
8
BLACK
6
CONTINUOUS
10
5.330606811023622
20
-5.5156127559055115
11
5.3283699606299209
21
-5.5200027952755901
0
LINE
8
BLACK
6
CONTINUOUS
10
5.3283699606299209
20
-5.5200027952755901
11
5.324885984251968
21
-5.523486771653543
0
LINE
8
BLACK
6
CONTINUOUS
10
5.324885984251968
20
-5.523486771653543
11
5.3235035433070861
21
-5.5241911417322838
0
LINE
8
BLACK
6
CONTINUOUS
10
5.3235035433070861
20
-5.5241911417322838
11
5.3235035433070861
21
-5.5297559055118111
0
LINE
8
BLACK
6
CONTINUOUS
10
5.3235035433070861
20
-5.5297559055118111
11
5.3255677559055119
21
-5.531820118110236
0
LINE
8
BLACK
6
CONTINUOUS
10
5.3255677559055119
20
-5.531820118110236
11
5.3262705118110238
21
-5.5329385433070861
0
LINE
8
BLACK
6
CONTINUOUS
10
5.3262705118110238
20
-5.5329385433070861
11
5.3270942519685036
21
-5.533971456692913
0
LINE
8
BLACK
6
CONTINUOUS
10
5.3270942519685036
20
-5.533971456692913
11
5.3271938976377955
21
-5.5344080314960626
0
LINE
8
BLACK
6
CONTINUOUS
10
5.3271938976377955
20
-5.5344080314960626
11
5.3274321653543302
21
-5.5347872440944883
0
LINE
8
BLACK
6
CONTINUOUS
10
5.3274321653543302
20
-5.5347872440944883
11
5.327580039370079
21
-5.5360999212598427
0
LINE
8
BLACK
6
CONTINUOUS
10
5.327580039370079
20
-5.5360999212598427
11
5.3278740157480318
21
-5.5373878740157476
0
LINE
8
BLACK
6
CONTINUOUS
10
5.3278740157480318
20
-5.5373878740157476
11
5.3278740157480318
21
-5.7068196850393695
0
LINE
8
BLACK
6
CONTINUOUS
10
5.3278740157480318
20
-5.7068196850393695
11
5.327580039370079
21
-5.7081075590551178
0
LINE
8
BLACK
6
CONTINUOUS
10
5.327580039370079
20
-5.7081075590551178
11
5.3274321653543302
21
-5.7094203149606297
0
LINE
8
BLACK
6
CONTINUOUS
10
5.3274321653543302
20
-5.7094203149606297
11
5.3271938976377955
21
-5.7097994881889766
0
LINE
8
BLACK
6
CONTINUOUS
10
5.3271938976377955
20
-5.7097994881889766
11
5.3270942519685036
21
-5.710236102362205
0
LINE
8
BLACK
6
CONTINUOUS
10
5.3270942519685036
20
-5.710236102362205
11
5.3262705905511813
21
-5.7112688976377948
0
LINE
8
BLACK
6
CONTINUOUS
10
5.3262705905511813
20
-5.7112688976377948
11
5.3255677559055119
21
-5.7123874803149608
0
LINE
8
BLACK
6
CONTINUOUS
10
5.3255677559055119
20
-5.7123874803149608
11
5.3136779921259842
21
-5.7242772047244097
0
LINE
8
BLACK
6
CONTINUOUS
10
5.3136779921259842
20
-5.7242772047244097
11
5.3125595275590554
21
-5.7249799606299208
0
LINE
8
BLACK
6
CONTINUOUS
10
5.3125595275590554
20
-5.7249799606299208
11
5.3115266535433072
21
-5.7258037007874014
0
LINE
8
BLACK
6
CONTINUOUS
10
5.3115266535433072
20
-5.7258037007874014
11
5.3110900393700788
21
-5.7259033464566924
0
LINE
8
BLACK
6
CONTINUOUS
10
5.3110900393700788
20
-5.7259033464566924
11
5.3107108661417319
21
-5.726141614173228
0
LINE
8
BLACK
6
CONTINUOUS
10
5.3107108661417319
20
-5.726141614173228
11
5.3093981496062987
21
-5.7262894881889759
0
LINE
8
BLACK
6
CONTINUOUS
10
5.3093981496062987
20
-5.7262894881889759
11
5.3081102362204726
21
-5.7265834645669287
0
LINE
8
BLACK
6
CONTINUOUS
10
5.3081102362204726
20
-5.7265834645669287
11
5.2923622047244097
21
-5.7265834645669287
0
LINE
8
BLACK
6
CONTINUOUS
10
5.2923622047244097
20
-5.7265834645669287
11
5.2923622047244097
21
-5.7487094488188974
0
LINE
8
BLACK
6
CONTINUOUS
10
5.2923622047244097
20
-5.7487094488188974
11
5.2323622047244092
21
-5.7487094488188974
0
LINE
8
BLACK
6
CONTINUOUS
10
5.2323622047244092
20
-5.7487094488188974
11
5.2323622047244092
21
-5.6887094488188978
0
LINE
8
BLACK
6
CONTINUOUS
10
5.2323622047244092
20
-5.6887094488188978
11
5.2923622047244097
21
-5.6887094488188978
0
LINE
8
BLACK
6
CONTINUOUS
10
5.2923622047244097
20
-5.6887094488188978
11
5.2923622047244097
21
-5.7108354330708657
0
LINE
8
BLACK
6
CONTINUOUS
10
5.2923622047244097
20
-5.7108354330708657
11
5.30484874015748
21
-5.7108354330708657
0
LINE
8
BLACK
6
CONTINUOUS
10
5.30484874015748
20
-5.7108354330708657
11
5.3121259842519688
21
-5.703558149606299
0
LINE
8
BLACK
6
CONTINUOUS
10
5.3121259842519688
20
-5.703558149606299
11
5.3121259842519688
21
-5.5406493700787403
0
LINE
8
BLACK
6
CONTINUOUS
10
5.3121259842519688
20
-5.5406493700787403
11
5.310061771653543
21
-5.5385851574803144
0
LINE
8
BLACK
6
CONTINUOUS
10
5.310061771653543
20
-5.5385851574803144
11
5.3093589763779523
21
-5.5374666929133856
0
LINE
8
BLACK
6
CONTINUOUS
10
5.3093589763779523
20
-5.5374666929133856
11
5.3085352755905513
21
-5.5364338188976374
0
LINE
8
BLACK
6
CONTINUOUS
10
5.3085352755905513
20
-5.5364338188976374
11
5.3084355905511806
21
-5.535997204724409
0
LINE
8
BLACK
6
CONTINUOUS
10
5.3084355905511806
20
-5.535997204724409
11
5.3081973622047247
21
-5.535618031496063
0
LINE
8
BLACK
6
CONTINUOUS
10
5.3081973622047247
20
-5.535618031496063
11
5.3080494488188972
21
-5.5343053149606298
0
LINE
8
BLACK
6
CONTINUOUS
10
5.3080494488188972
20
-5.5343053149606298
11
5.3077555118110231
21
-5.5330174015748028
0
LINE
8
BLACK
6
CONTINUOUS
10
5.3077555118110231
20
-5.5330174015748028
11
5.3077555118110231
21
-5.5241911417322838
0
LINE
8
BLACK
6
CONTINUOUS
10
5.3077555118110231
20
-5.5241911417322838
11
5.3063730708661412
21
-5.523486771653543
0
LINE
8
BLACK
6
CONTINUOUS
10
5.3063730708661412
20
-5.523486771653543
11
5.3028890944881892
21
-5.5200027952755901
0
LINE
8
BLACK
6
CONTINUOUS
10
5.3028890944881892
20
-5.5200027952755901
11
5.3006522440944881
21
-5.5156127559055115
0
LINE
8
BLACK
6
CONTINUOUS
10
5.3006522440944881
20
-5.5156127559055115
11
5.2998814960629916
21
-5.5107463385826767
0
LINE
8
BLACK
6
CONTINUOUS
10
5.2998814960629916
20
-5.5107463385826767
11
5.3006522440944881
21
-5.5058799212598428
0
LINE
8
BLACK
6
CONTINUOUS
10
5.3006522440944881
20
-5.5058799212598428
11
5.3028890944881892
21
-5.5014898818897633
0
LINE
8
BLACK
6
CONTINUOUS
10
5.3028890944881892
20
-5.5014898818897633
11
5.3063730708661412
21
-5.4980059055118113
0
LINE
8
BLACK
6
CONTINUOUS
10
5.3063730708661412
20
-5.4980059055118113
11
5.3107631102362207
21
-5.4957690551181102
0
LINE
8
BLACK
6
CONTINUOUS
10
5.3107631102362207
20
-5.4957690551181102
11
5.3156295275590546
21
-5.4949983070866137
0
LINE
8
BLACK
6
CONTINUOUS
10
5.3156295275590546
20
-5.4949983070866137
11
5.3204959448818894
21
-5.4957690551181102
0
LINE
8
BLACK
6
CONTINUOUS
10
5.3598664173228343
20
-5.4550227165354332
11
5.364256456692913
21
-5.4572595669291335
0
LINE
8
BLACK
6
CONTINUOUS
10
5.364256456692913
20
-5.4572595669291335
11
5.3677404330708658
21
-5.4607435433070863
0
LINE
8
BLACK
6
CONTINUOUS
10
5.3677404330708658
20
-5.4607435433070863
11
5.3699772834645669
21
-5.465133582677165
0
LINE
8
BLACK
6
CONTINUOUS
10
5.3699772834645669
20
-5.465133582677165
11
5.3707480314960625
21
-5.4699999999999998
0
LINE
8
BLACK
6
CONTINUOUS
10
5.3707480314960625
20
-5.4699999999999998
11
5.3699772834645669
21
-5.4748664173228345
0
LINE
8
BLACK
6
CONTINUOUS
10
5.3699772834645669
20
-5.4748664173228345
11
5.3677404330708658
21
-5.4792564566929132
0
LINE
8
BLACK
6
CONTINUOUS
10
5.3677404330708658
20
-5.4792564566929132
11
5.364256456692913
21
-5.482740433070866
0
LINE
8
BLACK
6
CONTINUOUS
10
5.364256456692913
20
-5.482740433070866
11
5.362874015748031
21
-5.4834448031496059
0
LINE
8
BLACK
6
CONTINUOUS
10
5.362874015748031
20
-5.4834448031496059
11
5.362874015748031
21
-5.4950000000000001
0
LINE
8
BLACK
6
CONTINUOUS
10
5.362874015748031
20
-5.4950000000000001
11
5.362874015748031
21
-5.5382677952755905
0
LINE
8
BLACK
6
CONTINUOUS
10
5.362874015748031
20
-5.5382677952755905
11
5.3625800393700782
21
-5.5395557086614176
0
LINE
8
BLACK
6
CONTINUOUS
10
5.3625800393700782
20
-5.5395557086614176
11
5.3624321653543303
21
-5.5408684251968499
0
LINE
8
BLACK
6
CONTINUOUS
10
5.3624321653543303
20
-5.5408684251968499
11
5.3621938976377947
21
-5.5412475984251968
0
LINE
8
BLACK
6
CONTINUOUS
10
5.3621938976377947
20
-5.5412475984251968
11
5.3620942519685038
21
-5.5416842125984251
0
LINE
8
BLACK
6
CONTINUOUS
10
5.3620942519685038
20
-5.5416842125984251
11
5.3618740157480316
21
-5.5419603543307083
0
LINE
8
BLACK
6
CONTINUOUS
10
5.3618740157480316
20
-5.5419603543307083
11
5.3618740157480316
21
-5.702833779527559
0
LINE
8
BLACK
6
CONTINUOUS
10
5.3618740157480316
20
-5.702833779527559
11
5.3698756692913383
21
-5.7108354330708657
0
LINE
8
BLACK
6
CONTINUOUS
10
5.3698756692913383
20
-5.7108354330708657
11
5.3823622047244095
21
-5.7108354330708657
0
LINE
8
BLACK
6
CONTINUOUS
10
5.3823622047244095
20
-5.7108354330708657
11
5.3823622047244095
21
-5.6887094488188978
0
LINE
8
BLACK
6
CONTINUOUS
10
5.3823622047244095
20
-5.6887094488188978
11
5.4423622047244091
21
-5.6887094488188978
0
LINE
8
BLACK
6
CONTINUOUS
10
5.4423622047244091
20
-5.6887094488188978
11
5.4423622047244091
21
-5.7487094488188974
0
LINE
8
BLACK
6
CONTINUOUS
10
5.4423622047244091
20
-5.7487094488188974
11
5.3823622047244095
21
-5.7487094488188974
0
LINE
8
BLACK
6
CONTINUOUS
10
5.3823622047244095
20
-5.7487094488188974
11
5.3823622047244095
21
-5.7265834645669287
0
LINE
8
BLACK
6
CONTINUOUS
10
5.3823622047244095
20
-5.7265834645669287
11
5.3666141732283466
21
-5.7265834645669287
0
LINE
8
BLACK
6
CONTINUOUS
10
5.3666141732283466
20
-5.7265834645669287
11
5.3653262204724408
21
-5.7262894881889759
0
LINE
8
BLACK
6
CONTINUOUS
10
5.3653262204724408
20
-5.7262894881889759
11
5.3640135433070864
21
-5.726141614173228
0
LINE
8
BLACK
6
CONTINUOUS
10
5.3640135433070864
20
-5.726141614173228
11
5.3636343307086616
21
-5.7259033464566924
0
LINE
8
BLACK
6
CONTINUOUS
10
5.3636343307086616
20
-5.7259033464566924
11
5.363197755905512
21
-5.7258037007874014
0
LINE
8
BLACK
6
CONTINUOUS
10
5.363197755905512
20
-5.7258037007874014
11
5.3621648425196851
21
-5.7249799606299208
0
LINE
8
BLACK
6
CONTINUOUS
10
5.3621648425196851
20
-5.7249799606299208
11
5.3610464173228349
21
-5.7242772047244097
0
LINE
8
BLACK
6
CONTINUOUS
10
5.3610464173228349
20
-5.7242772047244097
11
5.3484322440944885
21
-5.7116630314960632
0
LINE
8
BLACK
6
CONTINUOUS
10
5.3484322440944885
20
-5.7116630314960632
11
5.3477294488188978
21
-5.7105445669291335
0
LINE
8
BLACK
6
CONTINUOUS
10
5.3477294488188978
20
-5.7105445669291335
11
5.3469057480314959
21
-5.7095116929133853
0
LINE
8
BLACK
6
CONTINUOUS
10
5.3469057480314959
20
-5.7095116929133853
11
5.3468060629921261
21
-5.709075078740157
0
LINE
8
BLACK
6
CONTINUOUS
10
5.3468060629921261
20
-5.709075078740157
11
5.3465678346456693
21
-5.7086959055118109
0
LINE
8
BLACK
6
CONTINUOUS
10
5.3465678346456693
20
-5.7086959055118109
11
5.3464199212598427
21
-5.7073831889763778
0
LINE
8
BLACK
6
CONTINUOUS
10
5.3464199212598427
20
-5.7073831889763778
11
5.3461259842519686
21
-5.7060952755905507
0
LINE
8
BLACK
6
CONTINUOUS
10
5.3461259842519686
20
-5.7060952755905507
11
5.3461259842519686
21
-5.53926779527559
0
LINE
8
BLACK
6
CONTINUOUS
10
5.3461259842519686
20
-5.53926779527559
11
5.3464199212598427
21
-5.5379798425196851
0
LINE
8
BLACK
6
CONTINUOUS
10
5.3464199212598427
20
-5.5379798425196851
11
5.3465678346456693
21
-5.5366671653543307
0
LINE
8
BLACK
6
CONTINUOUS
10
5.3465678346456693
20
-5.5366671653543307
11
5.3468060629921261
21
-5.536287952755905
0
LINE
8
BLACK
6
CONTINUOUS
10
5.3468060629921261
20
-5.536287952755905
11
5.3469057480314959
21
-5.5358513779527554
0
LINE
8
BLACK
6
CONTINUOUS
10
5.3469057480314959
20
-5.5358513779527554
11
5.3471259842519681
21
-5.5355751968503935
0
LINE
8
BLACK
6
CONTINUOUS
10
5.3471259842519681
20
-5.5355751968503935
11
5.3471259842519681
21
-5.4950000000000001
0
LINE
8
BLACK
6
CONTINUOUS
10
5.3471259842519681
20
-5.4950000000000001
11
5.3471259842519681
21
-5.4834448031496059
0
LINE
8
BLACK
6
CONTINUOUS
10
5.3471259842519681
20
-5.4834448031496059
11
5.3457435433070861
21
-5.482740433070866
0
LINE
8
BLACK
6
CONTINUOUS
10
5.3457435433070861
20
-5.482740433070866
11
5.3422595669291342
21
-5.4792564566929132
0
LINE
8
BLACK
6
CONTINUOUS
10
5.3422595669291342
20
-5.4792564566929132
11
5.340022716535433
21
-5.4748664173228345
0
LINE
8
BLACK
6
CONTINUOUS
10
5.340022716535433
20
-5.4748664173228345
11
5.3392519685039366
21
-5.4699999999999998
0
LINE
8
BLACK
6
CONTINUOUS
10
5.3392519685039366
20
-5.4699999999999998
11
5.340022716535433
21
-5.465133582677165
0
LINE
8
BLACK
6
CONTINUOUS
10
5.340022716535433
20
-5.465133582677165
11
5.3422595669291342
21
-5.4607435433070863
0
LINE
8
BLACK
6
CONTINUOUS
10
5.3422595669291342
20
-5.4607435433070863
11
5.3457435433070861
21
-5.4572595669291335
0
LINE
8
BLACK
6
CONTINUOUS
10
5.3457435433070861
20
-5.4572595669291335
11
5.3501335826771657
21
-5.4550227165354332
0
LINE
8
BLACK
6
CONTINUOUS
10
5.3501335826771657
20
-5.4550227165354332
11
5.3549999999999995
21
-5.4542519685039368
0
LINE
8
BLACK
6
CONTINUOUS
10
5.3549999999999995
20
-5.4542519685039368
11
5.3598664173228343
21
-5.4550227165354332
0
LINE
8
BLACK
6
CONTINUOUS
10
5.5698664173228343
20
-5.4950227165354333
11
5.5742564566929129
21
-5.4972595669291335
0
LINE
8
BLACK
6
CONTINUOUS
10
5.5742564566929129
20
-5.4972595669291335
11
5.5777404330708658
21
-5.5007435433070864
0
LINE
8
BLACK
6
CONTINUOUS
10
5.5777404330708658
20
-5.5007435433070864
11
5.5799772834645669
21
-5.505133582677165
0
LINE
8
BLACK
6
CONTINUOUS
10
5.5799772834645669
20
-5.505133582677165
11
5.5807480314960625
21
-5.5099999999999998
0
LINE
8
BLACK
6
CONTINUOUS
10
5.5807480314960625
20
-5.5099999999999998
11
5.5799772834645669
21
-5.5148664173228346
0
LINE
8
BLACK
6
CONTINUOUS
10
5.5799772834645669
20
-5.5148664173228346
11
5.5777404330708658
21
-5.5192564566929132
0
LINE
8
BLACK
6
CONTINUOUS
10
5.5777404330708658
20
-5.5192564566929132
11
5.5742564566929129
21
-5.522740433070866
0
LINE
8
BLACK
6
CONTINUOUS
10
5.5742564566929129
20
-5.522740433070866
11
5.572874015748031
21
-5.523444803149606
0
LINE
8
BLACK
6
CONTINUOUS
10
5.572874015748031
20
-5.523444803149606
11
5.572874015748031
21
-5.5295784645669288
0
LINE
8
BLACK
6
CONTINUOUS
10
5.572874015748031
20
-5.5295784645669288
11
5.5730942519685041
21
-5.5298546456692916
0
LINE
8
BLACK
6
CONTINUOUS
10
5.5730942519685041
20
-5.5298546456692916
11
5.573193897637795
21
-5.5302912204724413
0
LINE
8
BLACK
6
CONTINUOUS
10
5.573193897637795
20
-5.5302912204724413
11
5.5734321653543306
21
-5.530670433070866
0
LINE
8
BLACK
6
CONTINUOUS
10
5.5734321653543306
20
-5.530670433070866
11
5.5735800393700785
21
-5.5319831102362205
0
LINE
8
BLACK
6
CONTINUOUS
10
5.5735800393700785
20
-5.5319831102362205
11
5.5738740157480313
21
-5.5332710629921262
0
LINE
8
BLACK
6
CONTINUOUS
10
5.5738740157480313
20
-5.5332710629921262
11
5.5738740157480313
21
-5.71081968503937
0
LINE
8
BLACK
6
CONTINUOUS
10
5.5738740157480313
20
-5.71081968503937
11
5.5735800393700785
21
-5.7121075590551182
0
LINE
8
BLACK
6
CONTINUOUS
10
5.5735800393700785
20
-5.7121075590551182
11
5.5734321653543306
21
-5.7134203149606302
0
LINE
8
BLACK
6
CONTINUOUS
10
5.5734321653543306
20
-5.7134203149606302
11
5.573193897637795
21
-5.7137994881889762
0
LINE
8
BLACK
6
CONTINUOUS
10
5.573193897637795
20
-5.7137994881889762
11
5.5730942519685041
21
-5.7142361023622046
0
LINE
8
BLACK
6
CONTINUOUS
10
5.5730942519685041
20
-5.7142361023622046
11
5.5722705905511809
21
-5.7152688976377952
0
LINE
8
BLACK
6
CONTINUOUS
10
5.5722705905511809
20
-5.7152688976377952
11
5.5715677559055115
21
-5.7163874803149604
0
LINE
8
BLACK
6
CONTINUOUS
10
5.5715677559055115
20
-5.7163874803149604
11
5.5636779921259842
21
-5.7242772047244097
0
LINE
8
BLACK
6
CONTINUOUS
10
5.5636779921259842
20
-5.7242772047244097
11
5.5625595275590554
21
-5.7249799606299208
0
LINE
8
BLACK
6
CONTINUOUS
10
5.5625595275590554
20
-5.7249799606299208
11
5.5615266535433072
21
-5.7258037007874014
0
LINE
8
BLACK
6
CONTINUOUS
10
5.5615266535433072
20
-5.7258037007874014
11
5.5610900393700788
21
-5.7259033464566924
0
LINE
8
BLACK
6
CONTINUOUS
10
5.5610900393700788
20
-5.7259033464566924
11
5.5607108661417319
21
-5.726141614173228
0
LINE
8
BLACK
6
CONTINUOUS
10
5.5607108661417319
20
-5.726141614173228
11
5.5593981496062987
21
-5.7262894881889759
0
LINE
8
BLACK
6
CONTINUOUS
10
5.5593981496062987
20
-5.7262894881889759
11
5.5581102362204726
21
-5.7265834645669287
0
LINE
8
BLACK
6
CONTINUOUS
10
5.5581102362204726
20
-5.7265834645669287
11
5.5423622047244097
21
-5.7265834645669287
0
LINE
8
BLACK
6
CONTINUOUS
10
5.5423622047244097
20
-5.7265834645669287
11
5.5423622047244097
21
-5.7487094488188974
0
LINE
8
BLACK
6
CONTINUOUS
10
5.5423622047244097
20
-5.7487094488188974
11
5.4823622047244092
21
-5.7487094488188974
0
LINE
8
BLACK
6
CONTINUOUS
10
5.4823622047244092
20
-5.7487094488188974
11
5.4823622047244092
21
-5.6887094488188978
0
LINE
8
BLACK
6
CONTINUOUS
10
5.4823622047244092
20
-5.6887094488188978
11
5.5423622047244097
21
-5.6887094488188978
0
LINE
8
BLACK
6
CONTINUOUS
10
5.5423622047244097
20
-5.6887094488188978
11
5.5423622047244097
21
-5.7108354330708657
0
LINE
8
BLACK
6
CONTINUOUS
10
5.5423622047244097
20
-5.7108354330708657
11
5.55484874015748
21
-5.7108354330708657
0
LINE
8
BLACK
6
CONTINUOUS
10
5.55484874015748
20
-5.7108354330708657
11
5.5581259842519684
21
-5.7075581496062995
0
LINE
8
BLACK
6
CONTINUOUS
10
5.5581259842519684
20
-5.7075581496062995
11
5.5581259842519684
21
-5.5359636220472437
0
LINE
8
BLACK
6
CONTINUOUS
10
5.5581259842519684
20
-5.5359636220472437
11
5.5579057480314962
21
-5.5356874803149605
0
LINE
8
BLACK
6
CONTINUOUS
10
5.5579057480314962
20
-5.5356874803149605
11
5.5578060629921255
21
-5.5352508661417321
0
LINE
8
BLACK
6
CONTINUOUS
10
5.5578060629921255
20
-5.5352508661417321
11
5.5575678346456687
21
-5.5348716929133861
0
LINE
8
BLACK
6
CONTINUOUS
10
5.5575678346456687
20
-5.5348716929133861
11
5.5574199212598421
21
-5.5335589763779529
0
LINE
8
BLACK
6
CONTINUOUS
10
5.5574199212598421
20
-5.5335589763779529
11
5.557125984251968
21
-5.5322710629921259
0
LINE
8
BLACK
6
CONTINUOUS
10
5.557125984251968
20
-5.5322710629921259
11
5.557125984251968
21
-5.523444803149606
0
LINE
8
BLACK
6
CONTINUOUS
10
5.557125984251968
20
-5.523444803149606
11
5.5557435433070861
21
-5.522740433070866
0
LINE
8
BLACK
6
CONTINUOUS
10
5.5557435433070861
20
-5.522740433070866
11
5.5522595669291341
21
-5.5192564566929132
0
LINE
8
BLACK
6
CONTINUOUS
10
5.5522595669291341
20
-5.5192564566929132
11
5.550022716535433
21
-5.5148664173228346
0
LINE
8
BLACK
6
CONTINUOUS
10
5.550022716535433
20
-5.5148664173228346
11
5.5492519685039365
21
-5.5099999999999998
0
LINE
8
BLACK
6
CONTINUOUS
10
5.5492519685039365
20
-5.5099999999999998
11
5.550022716535433
21
-5.505133582677165
0
LINE
8
BLACK
6
CONTINUOUS
10
5.550022716535433
20
-5.505133582677165
11
5.5522595669291341
21
-5.5007435433070864
0
LINE
8
BLACK
6
CONTINUOUS
10
5.5522595669291341
20
-5.5007435433070864
11
5.5557435433070861
21
-5.4972595669291335
0
LINE
8
BLACK
6
CONTINUOUS
10
5.5557435433070861
20
-5.4972595669291335
11
5.5601335826771656
21
-5.4950227165354333
0
LINE
8
BLACK
6
CONTINUOUS
10
5.5601335826771656
20
-5.4950227165354333
11
5.5649999999999995
21
-5.4942519685039368
0
LINE
8
BLACK
6
CONTINUOUS
10
5.5649999999999995
20
-5.4942519685039368
11
5.5698664173228343
21
-5.4950227165354333
0
LINE
8
BLACK
6
CONTINUOUS
10
5.6098664173228343
20
-5.4550230314960633
11
5.614256456692913
21
-5.4572598818897635
0
LINE
8
BLACK
6
CONTINUOUS
10
5.614256456692913
20
-5.4572598818897635
11
5.6177404330708658
21
-5.4607438582677164
0
LINE
8
BLACK
6
CONTINUOUS
10
5.6177404330708658
20
-5.4607438582677164
11
5.6199772834645669
21
-5.465133897637795
0
LINE
8
BLACK
6
CONTINUOUS
10
5.6199772834645669
20
-5.465133897637795
11
5.6207480314960625
21
-5.4700003149606298
0
LINE
8
BLACK
6
CONTINUOUS
10
5.6207480314960625
20
-5.4700003149606298
11
5.6199772834645669
21
-5.4748667322834645
0
LINE
8
BLACK
6
CONTINUOUS
10
5.6199772834645669
20
-5.4748667322834645
11
5.6177404330708658
21
-5.4792567716535432
0
LINE
8
BLACK
6
CONTINUOUS
10
5.6177404330708658
20
-5.4792567716535432
11
5.614256456692913
21
-5.482740748031496
0
LINE
8
BLACK
6
CONTINUOUS
10
5.614256456692913
20
-5.482740748031496
11
5.612874015748031
21
-5.4834451181102359
0
LINE
8
BLACK
6
CONTINUOUS
10
5.612874015748031
20
-5.4834451181102359
11
5.612874015748031
21
-5.4922713779527559
0
LINE
8
BLACK
6
CONTINUOUS
10
5.612874015748031
20
-5.4922713779527559
11
5.612874015748031
21
-5.7038337795275593
0
LINE
8
BLACK
6
CONTINUOUS
10
5.612874015748031
20
-5.7038337795275593
11
5.6198756692913383
21
-5.7108354330708657
0
LINE
8
BLACK
6
CONTINUOUS
10
5.6198756692913383
20
-5.7108354330708657
11
5.6323622047244095
21
-5.7108354330708657
0
LINE
8
BLACK
6
CONTINUOUS
10
5.6323622047244095
20
-5.7108354330708657
11
5.6323622047244095
21
-5.6887094488188978
0
LINE
8
BLACK
6
CONTINUOUS
10
5.6323622047244095
20
-5.6887094488188978
11
5.6923622047244091
21
-5.6887094488188978
0
LINE
8
BLACK
6
CONTINUOUS
10
5.6923622047244091
20
-5.6887094488188978
11
5.6923622047244091
21
-5.7487094488188974
0
LINE
8
BLACK
6
CONTINUOUS
10
5.6923622047244091
20
-5.7487094488188974
11
5.6323622047244095
21
-5.7487094488188974
0
LINE
8
BLACK
6
CONTINUOUS
10
5.6323622047244095
20
-5.7487094488188974
11
5.6323622047244095
21
-5.7265834645669287
0
LINE
8
BLACK
6
CONTINUOUS
10
5.6323622047244095
20
-5.7265834645669287
11
5.6166141732283466
21
-5.7265834645669287
0
LINE
8
BLACK
6
CONTINUOUS
10
5.6166141732283466
20
-5.7265834645669287
11
5.6153262204724408
21
-5.7262894881889759
0
LINE
8
BLACK
6
CONTINUOUS
10
5.6153262204724408
20
-5.7262894881889759
11
5.6140135433070864
21
-5.726141614173228
0
LINE
8
BLACK
6
CONTINUOUS
10
5.6140135433070864
20
-5.726141614173228
11
5.6136343307086616
21
-5.7259033464566924
0
LINE
8
BLACK
6
CONTINUOUS
10
5.6136343307086616
20
-5.7259033464566924
11
5.613197755905512
21
-5.7258037007874014
0
LINE
8
BLACK
6
CONTINUOUS
10
5.613197755905512
20
-5.7258037007874014
11
5.6121648425196851
21
-5.7249799606299208
0
LINE
8
BLACK
6
CONTINUOUS
10
5.6121648425196851
20
-5.7249799606299208
11
5.6110464173228349
21
-5.7242772047244097
0
LINE
8
BLACK
6
CONTINUOUS
10
5.6110464173228349
20
-5.7242772047244097
11
5.5994322440944879
21
-5.7126630314960627
0
LINE
8
BLACK
6
CONTINUOUS
10
5.5994322440944879
20
-5.7126630314960627
11
5.5987294488188972
21
-5.7115445669291338
0
LINE
8
BLACK
6
CONTINUOUS
10
5.5987294488188972
20
-5.7115445669291338
11
5.5979057480314962
21
-5.7105116929133857
0
LINE
8
BLACK
6
CONTINUOUS
10
5.5979057480314962
20
-5.7105116929133857
11
5.5978060629921256
21
-5.7100750787401573
0
LINE
8
BLACK
6
CONTINUOUS
10
5.5978060629921256
20
-5.7100750787401573
11
5.5975678346456688
21
-5.7096959055118113
0
LINE
8
BLACK
6
CONTINUOUS
10
5.5975678346456688
20
-5.7096959055118113
11
5.5974199212598421
21
-5.7083831889763781
0
LINE
8
BLACK
6
CONTINUOUS
10
5.5974199212598421
20
-5.7083831889763781
11
5.5971259842519681
21
-5.7070952755905511
0
LINE
8
BLACK
6
CONTINUOUS
10
5.5971259842519681
20
-5.7070952755905511
11
5.5971259842519681
21
-5.4922713779527559
0
LINE
8
BLACK
6
CONTINUOUS
10
5.5971259842519681
20
-5.4922713779527559
11
5.5971259842519681
21
-5.4834451181102359
0
LINE
8
BLACK
6
CONTINUOUS
10
5.5971259842519681
20
-5.4834451181102359
11
5.5957435433070861
21
-5.482740748031496
0
LINE
8
BLACK
6
CONTINUOUS
10
5.5957435433070861
20
-5.482740748031496
11
5.5922595669291342
21
-5.4792567716535432
0
LINE
8
BLACK
6
CONTINUOUS
10
5.5922595669291342
20
-5.4792567716535432
11
5.590022716535433
21
-5.4748667322834645
0
LINE
8
BLACK
6
CONTINUOUS
10
5.590022716535433
20
-5.4748667322834645
11
5.5892519685039366
21
-5.4700003149606298
0
LINE
8
BLACK
6
CONTINUOUS
10
5.5892519685039366
20
-5.4700003149606298
11
5.590022716535433
21
-5.465133897637795
0
LINE
8
BLACK
6
CONTINUOUS
10
5.590022716535433
20
-5.465133897637795
11
5.5922595669291342
21
-5.4607438582677164
0
LINE
8
BLACK
6
CONTINUOUS
10
5.5922595669291342
20
-5.4607438582677164
11
5.5957435433070861
21
-5.4572598818897635
0
LINE
8
BLACK
6
CONTINUOUS
10
5.5957435433070861
20
-5.4572598818897635
11
5.6001335826771657
21
-5.4550230314960633
0
LINE
8
BLACK
6
CONTINUOUS
10
5.6001335826771657
20
-5.4550230314960633
11
5.6049999999999995
21
-5.4542522834645668
0
LINE
8
BLACK
6
CONTINUOUS
10
5.6049999999999995
20
-5.4542522834645668
11
5.6098664173228343
21
-5.4550230314960633
0
LINE
8
BLACK
6
CONTINUOUS
10
5.8254959448818893
20
-5.4950227165354333
11
5.8298859842519688
21
-5.4972595669291335
0
LINE
8
BLACK
6
CONTINUOUS
10
5.8298859842519688
20
-5.4972595669291335
11
5.8333699606299207
21
-5.5007435433070864
0
LINE
8
BLACK
6
CONTINUOUS
10
5.8333699606299207
20
-5.5007435433070864
11
5.8356068110236219
21
-5.505133582677165
0
LINE
8
BLACK
6
CONTINUOUS
10
5.8356068110236219
20
-5.505133582677165
11
5.8363775590551183
21
-5.5099999999999998
0
LINE
8
BLACK
6
CONTINUOUS
10
5.8363775590551183
20
-5.5099999999999998
11
5.8356068110236219
21
-5.5148664173228346
0
LINE
8
BLACK
6
CONTINUOUS
10
5.8356068110236219
20
-5.5148664173228346
11
5.8333699606299207
21
-5.5192564566929132
0
LINE
8
BLACK
6
CONTINUOUS
10
5.8333699606299207
20
-5.5192564566929132
11
5.8298859842519688
21
-5.522740433070866
0
LINE
8
BLACK
6
CONTINUOUS
10
5.8298859842519688
20
-5.522740433070866
11
5.8285035433070869
21
-5.523444803149606
0
LINE
8
BLACK
6
CONTINUOUS
10
5.8285035433070869
20
-5.523444803149606
11
5.8285035433070869
21
-5.5290095669291341
0
LINE
8
BLACK
6
CONTINUOUS
10
5.8285035433070869
20
-5.5290095669291341
11
5.8305677559055118
21
-5.5310737795275591
0
LINE
8
BLACK
6
CONTINUOUS
10
5.8305677559055118
20
-5.5310737795275591
11
5.8312705118110237
21
-5.5321922047244092
0
LINE
8
BLACK
6
CONTINUOUS
10
5.8312705118110237
20
-5.5321922047244092
11
5.8320942519685035
21
-5.5332251181102361
0
LINE
8
BLACK
6
CONTINUOUS
10
5.8320942519685035
20
-5.5332251181102361
11
5.8321938976377954
21
-5.5336616929133857
0
LINE
8
BLACK
6
CONTINUOUS
10
5.8321938976377954
20
-5.5336616929133857
11
5.832432165354331
21
-5.5340409055118105
0
LINE
8
BLACK
6
CONTINUOUS
10
5.832432165354331
20
-5.5340409055118105
11
5.8325800393700789
21
-5.5353535826771649
0
LINE
8
BLACK
6
CONTINUOUS
10
5.8325800393700789
20
-5.5353535826771649
11
5.8328740157480317
21
-5.5366415354330707
0
LINE
8
BLACK
6
CONTINUOUS
10
5.8328740157480317
20
-5.5366415354330707
11
5.8328740157480317
21
-5.7018196850393696
0
LINE
8
BLACK
6
CONTINUOUS
10
5.8328740157480317
20
-5.7018196850393696
11
5.8325800787401576
21
-5.7031074409448816
0
LINE
8
BLACK
6
CONTINUOUS
10
5.8325800787401576
20
-5.7031074409448816
11
5.832432165354331
21
-5.7044203149606298
0
LINE
8
BLACK
6
CONTINUOUS
10
5.832432165354331
20
-5.7044203149606298
11
5.8321938976377954
21
-5.7047994881889759
0
LINE
8
BLACK
6
CONTINUOUS
10
5.8321938976377954
20
-5.7047994881889759
11
5.8320942519685035
21
-5.7052361023622042
0
LINE
8
BLACK
6
CONTINUOUS
10
5.8320942519685035
20
-5.7052361023622042
11
5.83127062992126
21
-5.7062688188976374
0
LINE
8
BLACK
6
CONTINUOUS
10
5.83127062992126
20
-5.7062688188976374
11
5.8305677952755905
21
-5.7073874409448822
0
LINE
8
BLACK
6
CONTINUOUS
10
5.8305677952755905
20
-5.7073874409448822
11
5.8136779921259842
21
-5.7242772047244097
0
LINE
8
BLACK
6
CONTINUOUS
10
5.8136779921259842
20
-5.7242772047244097
11
5.8125595275590554
21
-5.7249799606299208
0
LINE
8
BLACK
6
CONTINUOUS
10
5.8125595275590554
20
-5.7249799606299208
11
5.8115266535433072
21
-5.7258037007874014
0
LINE
8
BLACK
6
CONTINUOUS
10
5.8115266535433072
20
-5.7258037007874014
11
5.8110900393700788
21
-5.7259033464566924
0
LINE
8
BLACK
6
CONTINUOUS
10
5.8110900393700788
20
-5.7259033464566924
11
5.8107108661417319
21
-5.726141614173228
0
LINE
8
BLACK
6
CONTINUOUS
10
5.8107108661417319
20
-5.726141614173228
11
5.8093981496062987
21
-5.7262894881889759
0
LINE
8
BLACK
6
CONTINUOUS
10
5.8093981496062987
20
-5.7262894881889759
11
5.8081102362204726
21
-5.7265834645669287
0
LINE
8
BLACK
6
CONTINUOUS
10
5.8081102362204726
20
-5.7265834645669287
11
5.7923622047244097
21
-5.7265834645669287
0
LINE
8
BLACK
6
CONTINUOUS
10
5.7923622047244097
20
-5.7265834645669287
11
5.7923622047244097
21
-5.7487094488188974
0
LINE
8
BLACK
6
CONTINUOUS
10
5.7923622047244097
20
-5.7487094488188974
11
5.7323622047244092
21
-5.7487094488188974
0
LINE
8
BLACK
6
CONTINUOUS
10
5.7323622047244092
20
-5.7487094488188974
11
5.7323622047244092
21
-5.6887094488188978
0
LINE
8
BLACK
6
CONTINUOUS
10
5.7323622047244092
20
-5.6887094488188978
11
5.7923622047244097
21
-5.6887094488188978
0
LINE
8
BLACK
6
CONTINUOUS
10
5.7923622047244097
20
-5.6887094488188978
11
5.7923622047244097
21
-5.7108354330708657
0
LINE
8
BLACK
6
CONTINUOUS
10
5.7923622047244097
20
-5.7108354330708657
11
5.80484874015748
21
-5.7108354330708657
0
LINE
8
BLACK
6
CONTINUOUS
10
5.80484874015748
20
-5.7108354330708657
11
5.8171259842519687
21
-5.6985581496062991
0
LINE
8
BLACK
6
CONTINUOUS
10
5.8171259842519687
20
-5.6985581496062991
11
5.8171259842519687
21
-5.5399030314960624
0
LINE
8
BLACK
6
CONTINUOUS
10
5.8171259842519687
20
-5.5399030314960624
11
5.8150617716535429
21
-5.5378388188976375
0
LINE
8
BLACK
6
CONTINUOUS
10
5.8150617716535429
20
-5.5378388188976375
11
5.8143589763779522
21
-5.5367203543307086
0
LINE
8
BLACK
6
CONTINUOUS
10
5.8143589763779522
20
-5.5367203543307086
11
5.8135352755905512
21
-5.5356874803149605
0
LINE
8
BLACK
6
CONTINUOUS
10
5.8135352755905512
20
-5.5356874803149605
11
5.8134355905511805
21
-5.5352508661417321
0
LINE
8
BLACK
6
CONTINUOUS
10
5.8134355905511805
20
-5.5352508661417321
11
5.8131973622047246
21
-5.5348716929133861
0
LINE
8
BLACK
6
CONTINUOUS
10
5.8131973622047246
20
-5.5348716929133861
11
5.8130494488188971
21
-5.5335589763779529
0
LINE
8
BLACK
6
CONTINUOUS
10
5.8130494488188971
20
-5.5335589763779529
11
5.8127555118110239
21
-5.5322710629921259
0
LINE
8
BLACK
6
CONTINUOUS
10
5.8127555118110239
20
-5.5322710629921259
11
5.8127555118110239
21
-5.523444803149606
0
LINE
8
BLACK
6
CONTINUOUS
10
5.8127555118110239
20
-5.523444803149606
11
5.811373070866142
21
-5.522740433070866
0
LINE
8
BLACK
6
CONTINUOUS
10
5.811373070866142
20
-5.522740433070866
11
5.8078890944881891
21
-5.5192564566929132
0
LINE
8
BLACK
6
CONTINUOUS
10
5.8078890944881891
20
-5.5192564566929132
11
5.805652244094488
21
-5.5148664173228346
0
LINE
8
BLACK
6
CONTINUOUS
10
5.805652244094488
20
-5.5148664173228346
11
5.8048814960629924
21
-5.5099999999999998
0
LINE
8
BLACK
6
CONTINUOUS
10
5.8048814960629924
20
-5.5099999999999998
11
5.805652244094488
21
-5.505133582677165
0
LINE
8
BLACK
6
CONTINUOUS
10
5.805652244094488
20
-5.505133582677165
11
5.8078890944881891
21
-5.5007435433070864
0
LINE
8
BLACK
6
CONTINUOUS
10
5.8078890944881891
20
-5.5007435433070864
11
5.811373070866142
21
-5.4972595669291335
0
LINE
8
BLACK
6
CONTINUOUS
10
5.811373070866142
20
-5.4972595669291335
11
5.8157631102362206
21
-5.4950227165354333
0
LINE
8
BLACK
6
CONTINUOUS
10
5.8157631102362206
20
-5.4950227165354333
11
5.8206295275590554
21
-5.4942519685039368
0
LINE
8
BLACK
6
CONTINUOUS
10
5.8206295275590554
20
-5.4942519685039368
11
5.8254959448818893
21
-5.4950227165354333
0
LINE
8
BLACK
6
CONTINUOUS
10
4.9388188976377956
20
-5.6529614173228344
11
4.8788188976377951
21
-5.6529614173228344
0
LINE
8
BLACK
6
CONTINUOUS
10
4.8788188976377951
20
-5.6529614173228344
11
4.8788188976377951
21
-5.5929614173228348
0
LINE
8
BLACK
6
CONTINUOUS
10
4.8788188976377951
20
-5.5929614173228348
11
4.9388188976377956
21
-5.5929614173228348
0
LINE
8
BLACK
6
CONTINUOUS
10
4.9388188976377956
20
-5.5929614173228348
11
4.9388188976377956
21
-5.6529614173228344
0
LINE
8
BLACK
6
CONTINUOUS
10
5.0138664173228342
20
-5.4156522440944883
11
5.0182564566929129
21
-5.4178890944881886
0
LINE
8
BLACK
6
CONTINUOUS
10
5.0182564566929129
20
-5.4178890944881886
11
5.0217404330708657
21
-5.4213730708661414
0
LINE
8
BLACK
6
CONTINUOUS
10
5.0217404330708657
20
-5.4213730708661414
11
5.0239772834645668
21
-5.42576311023622
0
LINE
8
BLACK
6
CONTINUOUS
10
5.0239772834645668
20
-5.42576311023622
11
5.0247480314960633
21
-5.4306295275590548
0
LINE
8
BLACK
6
CONTINUOUS
10
5.0247480314960633
20
-5.4306295275590548
11
5.0239772834645668
21
-5.4354959448818896
0
LINE
8
BLACK
6
CONTINUOUS
10
5.0239772834645668
20
-5.4354959448818896
11
5.0217404330708657
21
-5.4398859842519682
0
LINE
8
BLACK
6
CONTINUOUS
10
5.0217404330708657
20
-5.4398859842519682
11
5.0182564566929129
21
-5.4433699606299211
0
LINE
8
BLACK
6
CONTINUOUS
10
5.0182564566929129
20
-5.4433699606299211
11
5.0166929133858265
21
-5.4441666141732279
0
LINE
8
BLACK
6
CONTINUOUS
10
5.0166929133858265
20
-5.4441666141732279
11
5.0166929133858265
21
-5.5929614173228348
0
LINE
8
BLACK
6
CONTINUOUS
10
5.0166929133858265
20
-5.5929614173228348
11
5.0388188976377952
21
-5.5929614173228348
0
LINE
8
BLACK
6
CONTINUOUS
10
5.0388188976377952
20
-5.5929614173228348
11
5.0388188976377952
21
-5.6529614173228344
0
LINE
8
BLACK
6
CONTINUOUS
10
5.0388188976377952
20
-5.6529614173228344
11
4.9788188976377947
21
-5.6529614173228344
0
LINE
8
BLACK
6
CONTINUOUS
10
4.9788188976377947
20
-5.6529614173228344
11
4.9788188976377947
21
-5.5929614173228348
0
LINE
8
BLACK
6
CONTINUOUS
10
4.9788188976377947
20
-5.5929614173228348
11
5.0009448818897635
21
-5.5929614173228348
0
LINE
8
BLACK
6
CONTINUOUS
10
5.0009448818897635
20
-5.5929614173228348
11
5.0009448818897635
21
-5.4439820472440941
0
LINE
8
BLACK
6
CONTINUOUS
10
5.0009448818897635
20
-5.4439820472440941
11
4.9997435433070869
21
-5.4433699606299211
0
LINE
8
BLACK
6
CONTINUOUS
10
4.9997435433070869
20
-5.4433699606299211
11
4.9962595669291341
21
-5.4398859842519682
0
LINE
8
BLACK
6
CONTINUOUS
10
4.9962595669291341
20
-5.4398859842519682
11
4.9940227165354329
21
-5.4354959448818896
0
LINE
8
BLACK
6
CONTINUOUS
10
4.9940227165354329
20
-5.4354959448818896
11
4.9932519685039365
21
-5.4306295275590548
0
LINE
8
BLACK
6
CONTINUOUS
10
4.9932519685039365
20
-5.4306295275590548
11
4.9940227165354329
21
-5.42576311023622
0
LINE
8
BLACK
6
CONTINUOUS
10
4.9940227165354329
20
-5.42576311023622
11
4.9962595669291341
21
-5.4213730708661414
0
LINE
8
BLACK
6
CONTINUOUS
10
4.9962595669291341
20
-5.4213730708661414
11
4.9997435433070869
21
-5.4178890944881886
0
LINE
8
BLACK
6
CONTINUOUS
10
4.9997435433070869
20
-5.4178890944881886
11
5.0041335826771656
21
-5.4156522440944883
0
LINE
8
BLACK
6
CONTINUOUS
10
5.0041335826771656
20
-5.4156522440944883
11
5.0089999999999995
21
-5.4148814960629919
0
LINE
8
BLACK
6
CONTINUOUS
10
5.0089999999999995
20
-5.4148814960629919
11
5.0138664173228342
21
-5.4156522440944883
0
LINE
8
BLACK
6
CONTINUOUS
10
5.9409999999999998
20
-5.6509999999999998
11
5.8810000000000002
21
-5.6509999999999998
0
LINE
8
BLACK
6
CONTINUOUS
10
5.8810000000000002
20
-5.6509999999999998
11
5.8810000000000002
21
-5.5910000000000002
0
LINE
8
BLACK
6
CONTINUOUS
10
5.8810000000000002
20
-5.5910000000000002
11
5.9409999999999998
21
-5.5910000000000002
0
LINE
8
BLACK
6
CONTINUOUS
10
5.9409999999999998
20
-5.5910000000000002
11
5.9409999999999998
21
-5.6509999999999998
0
LINE
8
BLACK
6
CONTINUOUS
10
6.0148664173228346
20
-5.425023031496063
11
6.0192564566929132
21
-5.4272598818897633
0
LINE
8
BLACK
6
CONTINUOUS
10
6.0192564566929132
20
-5.4272598818897633
11
6.022740433070866
21
-5.4307438582677161
0
LINE
8
BLACK
6
CONTINUOUS
10
6.022740433070866
20
-5.4307438582677161
11
6.0249772834645672
21
-5.4351338976377948
0
LINE
8
BLACK
6
CONTINUOUS
10
6.0249772834645672
20
-5.4351338976377948
11
6.0257480314960628
21
-5.4400003149606295
0
LINE
8
BLACK
6
CONTINUOUS
10
6.0257480314960628
20
-5.4400003149606295
11
6.0249772834645672
21
-5.4448667322834643
0
LINE
8
BLACK
6
CONTINUOUS
10
6.0249772834645672
20
-5.4448667322834643
11
6.022740433070866
21
-5.4492567716535429
0
LINE
8
BLACK
6
CONTINUOUS
10
6.022740433070866
20
-5.4492567716535429
11
6.0192564566929132
21
-5.4527407480314958
0
LINE
8
BLACK
6
CONTINUOUS
10
6.0192564566929132
20
-5.4527407480314958
11
6.0188740157480316
21
-5.4529355905511814
0
LINE
8
BLACK
6
CONTINUOUS
10
6.0188740157480316
20
-5.4529355905511814
11
6.0188740157480316
21
-5.5910000000000002
0
LINE
8
BLACK
6
CONTINUOUS
10
6.0188740157480316
20
-5.5910000000000002
11
6.0409999999999995
21
-5.5910000000000002
0
LINE
8
BLACK
6
CONTINUOUS
10
6.0409999999999995
20
-5.5910000000000002
11
6.0409999999999995
21
-5.6509999999999998
0
LINE
8
BLACK
6
CONTINUOUS
10
6.0409999999999995
20
-5.6509999999999998
11
5.9809999999999999
21
-5.6509999999999998
0
LINE
8
BLACK
6
CONTINUOUS
10
5.9809999999999999
20
-5.6509999999999998
11
5.9809999999999999
21
-5.5910000000000002
0
LINE
8
BLACK
6
CONTINUOUS
10
5.9809999999999999
20
-5.5910000000000002
11
6.0031259842519686
21
-5.5910000000000002
0
LINE
8
BLACK
6
CONTINUOUS
10
6.0031259842519686
20
-5.5910000000000002
11
6.0031259842519686
21
-5.4539546456692909
0
LINE
8
BLACK
6
CONTINUOUS
10
6.0031259842519686
20
-5.4539546456692909
11
6.0007435433070864
21
-5.4527407480314958
0
LINE
8
BLACK
6
CONTINUOUS
10
6.0007435433070864
20
-5.4527407480314958
11
5.9972595669291335
21
-5.4492567716535429
0
LINE
8
BLACK
6
CONTINUOUS
10
5.9972595669291335
20
-5.4492567716535429
11
5.9950227165354333
21
-5.4448667322834643
0
LINE
8
BLACK
6
CONTINUOUS
10
5.9950227165354333
20
-5.4448667322834643
11
5.9942519685039368
21
-5.4400003149606295
0
LINE
8
BLACK
6
CONTINUOUS
10
5.9942519685039368
20
-5.4400003149606295
11
5.9950227165354333
21
-5.4351338976377948
0
LINE
8
BLACK
6
CONTINUOUS
10
5.9950227165354333
20
-5.4351338976377948
11
5.9972595669291335
21
-5.4307438582677161
0
LINE
8
BLACK
6
CONTINUOUS
10
5.9972595669291335
20
-5.4307438582677161
11
6.0007435433070864
21
-5.4272598818897633
0
LINE
8
BLACK
6
CONTINUOUS
10
6.0007435433070864
20
-5.4272598818897633
11
6.005133582677165
21
-5.425023031496063
0
LINE
8
BLACK
6
CONTINUOUS
10
6.005133582677165
20
-5.425023031496063
11
6.0099999999999998
21
-5.4242522834645666
0
LINE
8
BLACK
6
CONTINUOUS
10
6.0099999999999998
20
-5.4242522834645666
11
6.0148664173228346
21
-5.425023031496063
0
LINE
8
BLACK
6
CONTINUOUS
10
4.4439370078740152
20
-5.6505992125984248
11
4.3839370078740156
21
-5.6505992125984248
0
LINE
8
BLACK
6
CONTINUOUS
10
4.3839370078740156
20
-5.6505992125984248
11
4.3839370078740156
21
-5.5905992125984252
0
LINE
8
BLACK
6
CONTINUOUS
10
4.3839370078740156
20
-5.5905992125984252
11
4.4439370078740152
21
-5.5905992125984252
0
LINE
8
BLACK
6
CONTINUOUS
10
4.4439370078740152
20
-5.5905992125984252
11
4.4439370078740152
21
-5.6505992125984248
0
LINE
8
BLACK
6
CONTINUOUS
10
4.5248664173228343
20
-5.4150227165354332
11
4.529256456692913
21
-5.4172595669291335
0
LINE
8
BLACK
6
CONTINUOUS
10
4.529256456692913
20
-5.4172595669291335
11
4.5327404330708658
21
-5.4207435433070863
0
LINE
8
BLACK
6
CONTINUOUS
10
4.5327404330708658
20
-5.4207435433070863
11
4.534977283464567
21
-5.4251335826771649
0
LINE
8
BLACK
6
CONTINUOUS
10
4.534977283464567
20
-5.4251335826771649
11
4.5357480314960625
21
-5.4299999999999997
0
LINE
8
BLACK
6
CONTINUOUS
10
4.5357480314960625
20
-5.4299999999999997
11
4.534977283464567
21
-5.4348664173228345
0
LINE
8
BLACK
6
CONTINUOUS
10
4.534977283464567
20
-5.4348664173228345
11
4.5327404330708658
21
-5.4392564566929131
0
LINE
8
BLACK
6
CONTINUOUS
10
4.5327404330708658
20
-5.4392564566929131
11
4.529256456692913
21
-5.442740433070866
0
LINE
8
BLACK
6
CONTINUOUS
10
4.529256456692913
20
-5.442740433070866
11
4.5248664173228343
21
-5.4449772834645671
0
LINE
8
BLACK
6
CONTINUOUS
10
4.5248664173228343
20
-5.4449772834645671
11
4.521811023622047
21
-5.4454611811023623
0
LINE
8
BLACK
6
CONTINUOUS
10
4.521811023622047
20
-5.4454611811023623
11
4.521811023622047
21
-5.5905992125984252
0
LINE
8
BLACK
6
CONTINUOUS
10
4.521811023622047
20
-5.5905992125984252
11
4.5439370078740158
21
-5.5905992125984252
0
LINE
8
BLACK
6
CONTINUOUS
10
4.5439370078740158
20
-5.5905992125984252
11
4.5439370078740158
21
-5.6505992125984248
0
LINE
8
BLACK
6
CONTINUOUS
10
4.5439370078740158
20
-5.6505992125984248
11
4.4839370078740153
21
-5.6505992125984248
0
LINE
8
BLACK
6
CONTINUOUS
10
4.4839370078740153
20
-5.6505992125984248
11
4.4839370078740153
21
-5.5905992125984252
0
LINE
8
BLACK
6
CONTINUOUS
10
4.4839370078740153
20
-5.5905992125984252
11
4.506062992125984
21
-5.5905992125984252
0
LINE
8
BLACK
6
CONTINUOUS
10
4.506062992125984
20
-5.5905992125984252
11
4.506062992125984
21
-5.4369080314960625
0
LINE
8
BLACK
6
CONTINUOUS
10
4.506062992125984
20
-5.4369080314960625
11
4.5050227165354331
21
-5.4348664173228345
0
LINE
8
BLACK
6
CONTINUOUS
10
4.5050227165354331
20
-5.4348664173228345
11
4.5042519685039366
21
-5.4299999999999997
0
LINE
8
BLACK
6
CONTINUOUS
10
4.5042519685039366
20
-5.4299999999999997
11
4.5050227165354331
21
-5.4251335826771649
0
LINE
8
BLACK
6
CONTINUOUS
10
4.5050227165354331
20
-5.4251335826771649
11
4.5072595669291333
21
-5.4207435433070863
0
LINE
8
BLACK
6
CONTINUOUS
10
4.5072595669291333
20
-5.4207435433070863
11
4.5107435433070862
21
-5.4172595669291335
0
LINE
8
BLACK
6
CONTINUOUS
10
4.5107435433070862
20
-5.4172595669291335
11
4.5151335826771657
21
-5.4150227165354332
0
LINE
8
BLACK
6
CONTINUOUS
10
4.5151335826771657
20
-5.4150227165354332
11
4.5199999999999996
21
-5.4142519685039368
0
LINE
8
BLACK
6
CONTINUOUS
10
4.5199999999999996
20
-5.4142519685039368
11
4.5248664173228343
21
-5.4150227165354332
0
LINE
8
BLACK
6
CONTINUOUS
10
4.6923622047244091
20
-5.6487094488188978
11
4.6323622047244095
21
-5.6487094488188978
0
LINE
8
BLACK
6
CONTINUOUS
10
4.6323622047244095
20
-5.6487094488188978
11
4.6323622047244095
21
-5.5887094488188973
0
LINE
8
BLACK
6
CONTINUOUS
10
4.6323622047244095
20
-5.5887094488188973
11
4.6923622047244091
21
-5.5887094488188973
0
LINE
8
BLACK
6
CONTINUOUS
10
4.6923622047244091
20
-5.5887094488188973
11
4.6923622047244091
21
-5.6487094488188978
0
LINE
8
BLACK
6
CONTINUOUS
10
4.7648664173228346
20
-5.4150227165354332
11
4.7692564566929132
21
-5.4172595669291335
0
LINE
8
BLACK
6
CONTINUOUS
10
4.7692564566929132
20
-5.4172595669291335
11
4.772740433070866
21
-5.4207435433070863
0
LINE
8
BLACK
6
CONTINUOUS
10
4.772740433070866
20
-5.4207435433070863
11
4.7749772834645672
21
-5.4251335826771649
0
LINE
8
BLACK
6
CONTINUOUS
10
4.7749772834645672
20
-5.4251335826771649
11
4.7757480314960628
21
-5.4299999999999997
0
LINE
8
BLACK
6
CONTINUOUS
10
4.7757480314960628
20
-5.4299999999999997
11
4.7749772834645672
21
-5.4348664173228345
0
LINE
8
BLACK
6
CONTINUOUS
10
4.7749772834645672
20
-5.4348664173228345
11
4.772740433070866
21
-5.4392564566929131
0
LINE
8
BLACK
6
CONTINUOUS
10
4.772740433070866
20
-5.4392564566929131
11
4.7702362204724409
21
-5.4417606692913383
0
LINE
8
BLACK
6
CONTINUOUS
10
4.7702362204724409
20
-5.4417606692913383
11
4.7702362204724409
21
-5.5887094488188973
0
LINE
8
BLACK
6
CONTINUOUS
10
4.7702362204724409
20
-5.5887094488188973
11
4.7923622047244097
21
-5.5887094488188973
0
LINE
8
BLACK
6
CONTINUOUS
10
4.7923622047244097
20
-5.5887094488188973
11
4.7923622047244097
21
-5.6487094488188978
0
LINE
8
BLACK
6
CONTINUOUS
10
4.7923622047244097
20
-5.6487094488188978
11
4.7323622047244092
21
-5.6487094488188978
0
LINE
8
BLACK
6
CONTINUOUS
10
4.7323622047244092
20
-5.6487094488188978
11
4.7323622047244092
21
-5.5887094488188973
0
LINE
8
BLACK
6
CONTINUOUS
10
4.7323622047244092
20
-5.5887094488188973
11
4.7544881889763779
21
-5.5887094488188973
0
LINE
8
BLACK
6
CONTINUOUS
10
4.7544881889763779
20
-5.5887094488188973
11
4.7544881889763779
21
-5.4446484251968501
0
LINE
8
BLACK
6
CONTINUOUS
10
4.7544881889763779
20
-5.4446484251968501
11
4.7507435433070864
21
-5.442740433070866
0
LINE
8
BLACK
6
CONTINUOUS
10
4.7507435433070864
20
-5.442740433070866
11
4.7472595669291335
21
-5.4392564566929131
0
LINE
8
BLACK
6
CONTINUOUS
10
4.7472595669291335
20
-5.4392564566929131
11
4.7450227165354333
21
-5.4348664173228345
0
LINE
8
BLACK
6
CONTINUOUS
10
4.7450227165354333
20
-5.4348664173228345
11
4.7442519685039368
21
-5.4299999999999997
0
LINE
8
BLACK
6
CONTINUOUS
10
4.7442519685039368
20
-5.4299999999999997
11
4.7450227165354333
21
-5.4251335826771649
0
LINE
8
BLACK
6
CONTINUOUS
10
4.7450227165354333
20
-5.4251335826771649
11
4.7472595669291335
21
-5.4207435433070863
0
LINE
8
BLACK
6
CONTINUOUS
10
4.7472595669291335
20
-5.4207435433070863
11
4.7507435433070864
21
-5.4172595669291335
0
LINE
8
BLACK
6
CONTINUOUS
10
4.7507435433070864
20
-5.4172595669291335
11
4.755133582677165
21
-5.4150227165354332
0
LINE
8
BLACK
6
CONTINUOUS
10
4.755133582677165
20
-5.4150227165354332
11
4.7599999999999998
21
-5.4142519685039368
0
LINE
8
BLACK
6
CONTINUOUS
10
4.7599999999999998
20
-5.4142519685039368
11
4.7648664173228346
21
-5.4150227165354332
0
LINE
8
BLACK
6
CONTINUOUS
10
5.1923622047244091
20
-5.6487094488188978
11
5.1323622047244095
21
-5.6487094488188978
0
LINE
8
BLACK
6
CONTINUOUS
10
5.1323622047244095
20
-5.6487094488188978
11
5.1323622047244095
21
-5.5887094488188973
0
LINE
8
BLACK
6
CONTINUOUS
10
5.1323622047244095
20
-5.5887094488188973
11
5.1923622047244091
21
-5.5887094488188973
0
LINE
8
BLACK
6
CONTINUOUS
10
5.1923622047244091
20
-5.5887094488188973
11
5.1923622047244091
21
-5.6487094488188978
0
LINE
8
BLACK
6
CONTINUOUS
10
5.2648664173228346
20
-5.4150227165354332
11
5.2692564566929132
21
-5.4172595669291335
0
LINE
8
BLACK
6
CONTINUOUS
10
5.2692564566929132
20
-5.4172595669291335
11
5.272740433070866
21
-5.4207435433070863
0
LINE
8
BLACK
6
CONTINUOUS
10
5.272740433070866
20
-5.4207435433070863
11
5.2749772834645672
21
-5.4251335826771649
0
LINE
8
BLACK
6
CONTINUOUS
10
5.2749772834645672
20
-5.4251335826771649
11
5.2757480314960628
21
-5.4299999999999997
0
LINE
8
BLACK
6
CONTINUOUS
10
5.2757480314960628
20
-5.4299999999999997
11
5.2749772834645672
21
-5.4348664173228345
0
LINE
8
BLACK
6
CONTINUOUS
10
5.2749772834645672
20
-5.4348664173228345
11
5.272740433070866
21
-5.4392564566929131
0
LINE
8
BLACK
6
CONTINUOUS
10
5.272740433070866
20
-5.4392564566929131
11
5.2702362204724409
21
-5.4417606692913383
0
LINE
8
BLACK
6
CONTINUOUS
10
5.2702362204724409
20
-5.4417606692913383
11
5.2702362204724409
21
-5.5887094488188973
0
LINE
8
BLACK
6
CONTINUOUS
10
5.2702362204724409
20
-5.5887094488188973
11
5.2923622047244097
21
-5.5887094488188973
0
LINE
8
BLACK
6
CONTINUOUS
10
5.2923622047244097
20
-5.5887094488188973
11
5.2923622047244097
21
-5.6487094488188978
0
LINE
8
BLACK
6
CONTINUOUS
10
5.2923622047244097
20
-5.6487094488188978
11
5.2323622047244092
21
-5.6487094488188978
0
LINE
8
BLACK
6
CONTINUOUS
10
5.2323622047244092
20
-5.6487094488188978
11
5.2323622047244092
21
-5.5887094488188973
0
LINE
8
BLACK
6
CONTINUOUS
10
5.2323622047244092
20
-5.5887094488188973
11
5.2544881889763779
21
-5.5887094488188973
0
LINE
8
BLACK
6
CONTINUOUS
10
5.2544881889763779
20
-5.5887094488188973
11
5.2544881889763779
21
-5.4446484251968501
0
LINE
8
BLACK
6
CONTINUOUS
10
5.2544881889763779
20
-5.4446484251968501
11
5.2507435433070864
21
-5.442740433070866
0
LINE
8
BLACK
6
CONTINUOUS
10
5.2507435433070864
20
-5.442740433070866
11
5.2472595669291335
21
-5.4392564566929131
0
LINE
8
BLACK
6
CONTINUOUS
10
5.2472595669291335
20
-5.4392564566929131
11
5.2450227165354333
21
-5.4348664173228345
0
LINE
8
BLACK
6
CONTINUOUS
10
5.2450227165354333
20
-5.4348664173228345
11
5.2442519685039368
21
-5.4299999999999997
0
LINE
8
BLACK
6
CONTINUOUS
10
5.2442519685039368
20
-5.4299999999999997
11
5.2450227165354333
21
-5.4251335826771649
0
LINE
8
BLACK
6
CONTINUOUS
10
5.2450227165354333
20
-5.4251335826771649
11
5.2472595669291335
21
-5.4207435433070863
0
LINE
8
BLACK
6
CONTINUOUS
10
5.2472595669291335
20
-5.4207435433070863
11
5.2507435433070864
21
-5.4172595669291335
0
LINE
8
BLACK
6
CONTINUOUS
10
5.2507435433070864
20
-5.4172595669291335
11
5.255133582677165
21
-5.4150227165354332
0
LINE
8
BLACK
6
CONTINUOUS
10
5.255133582677165
20
-5.4150227165354332
11
5.2599999999999998
21
-5.4142519685039368
0
LINE
8
BLACK
6
CONTINUOUS
10
5.2599999999999998
20
-5.4142519685039368
11
5.2648664173228346
21
-5.4150227165354332
0
LINE
8
BLACK
6
CONTINUOUS
10
5.4423622047244091
20
-5.6487094488188978
11
5.3823622047244095
21
-5.6487094488188978
0
LINE
8
BLACK
6
CONTINUOUS
10
5.3823622047244095
20
-5.6487094488188978
11
5.3823622047244095
21
-5.5887094488188973
0
LINE
8
BLACK
6
CONTINUOUS
10
5.3823622047244095
20
-5.5887094488188973
11
5.4423622047244091
21
-5.5887094488188973
0
LINE
8
BLACK
6
CONTINUOUS
10
5.4423622047244091
20
-5.5887094488188973
11
5.4423622047244091
21
-5.6487094488188978
0
LINE
8
BLACK
6
CONTINUOUS
10
5.5148664173228346
20
-5.4150227165354332
11
5.5192564566929132
21
-5.4172595669291335
0
LINE
8
BLACK
6
CONTINUOUS
10
5.5192564566929132
20
-5.4172595669291335
11
5.522740433070866
21
-5.4207435433070863
0
LINE
8
BLACK
6
CONTINUOUS
10
5.522740433070866
20
-5.4207435433070863
11
5.5249772834645672
21
-5.4251335826771649
0
LINE
8
BLACK
6
CONTINUOUS
10
5.5249772834645672
20
-5.4251335826771649
11
5.5257480314960628
21
-5.4299999999999997
0
LINE
8
BLACK
6
CONTINUOUS
10
5.5257480314960628
20
-5.4299999999999997
11
5.5249772834645672
21
-5.4348664173228345
0
LINE
8
BLACK
6
CONTINUOUS
10
5.5249772834645672
20
-5.4348664173228345
11
5.522740433070866
21
-5.4392564566929131
0
LINE
8
BLACK
6
CONTINUOUS
10
5.522740433070866
20
-5.4392564566929131
11
5.5202362204724409
21
-5.4417606692913383
0
LINE
8
BLACK
6
CONTINUOUS
10
5.5202362204724409
20
-5.4417606692913383
11
5.5202362204724409
21
-5.5887094488188973
0
LINE
8
BLACK
6
CONTINUOUS
10
5.5202362204724409
20
-5.5887094488188973
11
5.5423622047244097
21
-5.5887094488188973
0
LINE
8
BLACK
6
CONTINUOUS
10
5.5423622047244097
20
-5.5887094488188973
11
5.5423622047244097
21
-5.6487094488188978
0
LINE
8
BLACK
6
CONTINUOUS
10
5.5423622047244097
20
-5.6487094488188978
11
5.4823622047244092
21
-5.6487094488188978
0
LINE
8
BLACK
6
CONTINUOUS
10
5.4823622047244092
20
-5.6487094488188978
11
5.4823622047244092
21
-5.5887094488188973
0
LINE
8
BLACK
6
CONTINUOUS
10
5.4823622047244092
20
-5.5887094488188973
11
5.5044881889763779
21
-5.5887094488188973
0
LINE
8
BLACK
6
CONTINUOUS
10
5.5044881889763779
20
-5.5887094488188973
11
5.5044881889763779
21
-5.4446484251968501
0
LINE
8
BLACK
6
CONTINUOUS
10
5.5044881889763779
20
-5.4446484251968501
11
5.5007435433070864
21
-5.442740433070866
0
LINE
8
BLACK
6
CONTINUOUS
10
5.5007435433070864
20
-5.442740433070866
11
5.4972595669291335
21
-5.4392564566929131
0
LINE
8
BLACK
6
CONTINUOUS
10
5.4972595669291335
20
-5.4392564566929131
11
5.4950227165354333
21
-5.4348664173228345
0
LINE
8
BLACK
6
CONTINUOUS
10
5.4950227165354333
20
-5.4348664173228345
11
5.4942519685039368
21
-5.4299999999999997
0
LINE
8
BLACK
6
CONTINUOUS
10
5.4942519685039368
20
-5.4299999999999997
11
5.4950227165354333
21
-5.4251335826771649
0
LINE
8
BLACK
6
CONTINUOUS
10
5.4950227165354333
20
-5.4251335826771649
11
5.4972595669291335
21
-5.4207435433070863
0
LINE
8
BLACK
6
CONTINUOUS
10
5.4972595669291335
20
-5.4207435433070863
11
5.5007435433070864
21
-5.4172595669291335
0
LINE
8
BLACK
6
CONTINUOUS
10
5.5007435433070864
20
-5.4172595669291335
11
5.505133582677165
21
-5.4150227165354332
0
LINE
8
BLACK
6
CONTINUOUS
10
5.505133582677165
20
-5.4150227165354332
11
5.5099999999999998
21
-5.4142519685039368
0
LINE
8
BLACK
6
CONTINUOUS
10
5.5099999999999998
20
-5.4142519685039368
11
5.5148664173228346
21
-5.4150227165354332
0
LINE
8
BLACK
6
CONTINUOUS
10
5.6923622047244091
20
-5.6487094488188978
11
5.6323622047244095
21
-5.6487094488188978
0
LINE
8
BLACK
6
CONTINUOUS
10
5.6323622047244095
20
-5.6487094488188978
11
5.6323622047244095
21
-5.5887094488188973
0
LINE
8
BLACK
6
CONTINUOUS
10
5.6323622047244095
20
-5.5887094488188973
11
5.6923622047244091
21
-5.5887094488188973
0
LINE
8
BLACK
6
CONTINUOUS
10
5.6923622047244091
20
-5.5887094488188973
11
5.6923622047244091
21
-5.6487094488188978
0
LINE
8
BLACK
6
CONTINUOUS
10
5.7668664173228343
20
-5.4156525590551183
11
5.771256456692913
21
-5.4178894094488186
0
LINE
8
BLACK
6
CONTINUOUS
10
5.771256456692913
20
-5.4178894094488186
11
5.7747404330708658
21
-5.4213733858267714
0
LINE
8
BLACK
6
CONTINUOUS
10
5.7747404330708658
20
-5.4213733858267714
11
5.776977283464567
21
-5.4257634251968501
0
LINE
8
BLACK
6
CONTINUOUS
10
5.776977283464567
20
-5.4257634251968501
11
5.7777480314960625
21
-5.4306298425196848
0
LINE
8
BLACK
6
CONTINUOUS
10
5.7777480314960625
20
-5.4306298425196848
11
5.776977283464567
21
-5.4354962598425196
0
LINE
8
BLACK
6
CONTINUOUS
10
5.776977283464567
20
-5.4354962598425196
11
5.7747404330708658
21
-5.4398862992125983
0
LINE
8
BLACK
6
CONTINUOUS
10
5.7747404330708658
20
-5.4398862992125983
11
5.771256456692913
21
-5.4433702755905511
0
LINE
8
BLACK
6
CONTINUOUS
10
5.771256456692913
20
-5.4433702755905511
11
5.7702362204724409
21
-5.4438900787401572
0
LINE
8
BLACK
6
CONTINUOUS
10
5.7702362204724409
20
-5.4438900787401572
11
5.7702362204724409
21
-5.5887094488188973
0
LINE
8
BLACK
6
CONTINUOUS
10
5.7702362204724409
20
-5.5887094488188973
11
5.7923622047244097
21
-5.5887094488188973
0
LINE
8
BLACK
6
CONTINUOUS
10
5.7923622047244097
20
-5.5887094488188973
11
5.7923622047244097
21
-5.6487094488188978
0
LINE
8
BLACK
6
CONTINUOUS
10
5.7923622047244097
20
-5.6487094488188978
11
5.7323622047244092
21
-5.6487094488188978
0
LINE
8
BLACK
6
CONTINUOUS
10
5.7323622047244092
20
-5.6487094488188978
11
5.7323622047244092
21
-5.5887094488188973
0
LINE
8
BLACK
6
CONTINUOUS
10
5.7323622047244092
20
-5.5887094488188973
11
5.7544881889763779
21
-5.5887094488188973
0
LINE
8
BLACK
6
CONTINUOUS
10
5.7544881889763779
20
-5.5887094488188973
11
5.7544881889763779
21
-5.4442592125984248
0
LINE
8
BLACK
6
CONTINUOUS
10
5.7544881889763779
20
-5.4442592125984248
11
5.7527435433070861
21
-5.4433702755905511
0
LINE
8
BLACK
6
CONTINUOUS
10
5.7527435433070861
20
-5.4433702755905511
11
5.7492595669291333
21
-5.4398862992125983
0
LINE
8
BLACK
6
CONTINUOUS
10
5.7492595669291333
20
-5.4398862992125983
11
5.7470227165354331
21
-5.4354962598425196
0
LINE
8
BLACK
6
CONTINUOUS
10
5.7470227165354331
20
-5.4354962598425196
11
5.7462519685039366
21
-5.4306298425196848
0
LINE
8
BLACK
6
CONTINUOUS
10
5.7462519685039366
20
-5.4306298425196848
11
5.7470227165354331
21
-5.4257634251968501
0
LINE
8
BLACK
6
CONTINUOUS
10
5.7470227165354331
20
-5.4257634251968501
11
5.7492595669291333
21
-5.4213733858267714
0
LINE
8
BLACK
6
CONTINUOUS
10
5.7492595669291333
20
-5.4213733858267714
11
5.7527435433070861
21
-5.4178894094488186
0
LINE
8
BLACK
6
CONTINUOUS
10
5.7527435433070861
20
-5.4178894094488186
11
5.7571335826771648
21
-5.4156525590551183
0
LINE
8
BLACK
6
CONTINUOUS
10
5.7571335826771648
20
-5.4156525590551183
11
5.7619999999999996
21
-5.4148818110236219
0
LINE
8
BLACK
6
CONTINUOUS
10
5.7619999999999996
20
-5.4148818110236219
11
5.7668664173228343
21
-5.4156525590551183
0
LINE
8
BLACK
6
CONTINUOUS
10
6.1847488582677164
20
-5.013759921259842
11
6.1865792913385826
21
-5.0158723622047239
0
LINE
8
BLACK
6
CONTINUOUS
10
6.1865792913385826
20
-5.0158723622047239
11
6.1870275590551183
21
-5.0179330708661416
0
LINE
8
BLACK
6
CONTINUOUS
10
6.1870275590551183
20
-5.0179330708661416
11
6.1870275590551183
21
-6.9820669291338584
0
LINE
8
BLACK
6
CONTINUOUS
10
6.1870275590551183
20
-6.9820669291338584
11
6.1862400787401572
21
-6.9847488582677162
0
LINE
8
BLACK
6
CONTINUOUS
10
6.1862400787401572
20
-6.9847488582677162
11
6.1841276377952754
21
-6.9865792913385825
0
LINE
8
BLACK
6
CONTINUOUS
10
6.1841276377952754
20
-6.9865792913385825
11
6.1820669291338577
21
-6.9870275590551181
0
LINE
8
BLACK
6
CONTINUOUS
10
6.1820669291338577
20
-6.9870275590551181
11
4.2179330708661418
21
-6.9870275590551181
0
LINE
8
BLACK
6
CONTINUOUS
10
4.2179330708661418
20
-6.9870275590551181
11
4.2152511417322831
21
-6.9862400787401571
0
LINE
8
BLACK
6
CONTINUOUS
10
4.2152511417322831
20
-6.9862400787401571
11
4.2134207086614168
21
-6.9841276377952752
0
LINE
8
BLACK
6
CONTINUOUS
10
4.2134207086614168
20
-6.9841276377952752
11
4.2129724409448821
21
-6.9820669291338584
0
LINE
8
BLACK
6
CONTINUOUS
10
4.2129724409448821
20
-6.9820669291338584
11
4.2129724409448821
21
-6.8051646456692909
0
LINE
8
BLACK
6
CONTINUOUS
10
4.2129724409448821
20
-6.8051646456692909
11
4.2129724409448821
21
-6.3899999999999997
0
LINE
8
BLACK
6
CONTINUOUS
10
4.2129724409448821
20
-6.3899999999999997
11
4.2129724409448821
21
-6.1286737007874015
0
LINE
8
BLACK
6
CONTINUOUS
10
4.2129724409448821
20
-6.1286737007874015
11
4.2129724409448821
21
-5.4699996062992122
0
LINE
8
BLACK
6
CONTINUOUS
10
4.2129724409448821
20
-5.4699996062992122
11
4.2129724409448821
21
-5.2051646456692913
0
LINE
8
BLACK
6
CONTINUOUS
10
4.2129724409448821
20
-5.2051646456692913
11
4.2129724409448821
21
-5.0179330708661416
0
LINE
8
BLACK
6
CONTINUOUS
10
4.2129724409448821
20
-5.0179330708661416
11
4.2137599212598422
21
-5.0152511417322829
0
LINE
8
BLACK
6
CONTINUOUS
10
4.2137599212598422
20
-5.0152511417322829
11
4.2158723622047241
21
-5.0134207086614175
0
LINE
8
BLACK
6
CONTINUOUS
10
4.2158723622047241
20
-5.0134207086614175
11
4.2179330708661418
21
-5.0129724409448819
0
LINE
8
BLACK
6
CONTINUOUS
10
4.2179330708661418
20
-5.0129724409448819
11
6.1820669291338577
21
-5.0129724409448819
0
LINE
8
BLACK
6
CONTINUOUS
10
6.1820669291338577
20
-5.0129724409448819
11
6.1847488582677164
21
-5.013759921259842
0
LINE
8
BLACK
6
CONTINUOUS
10
5.1822365748031496
20
-6.8062990551181102
11
5.1822366535433071
21
-6.8062993700787402
0
LINE
8
BLACK
6
CONTINUOUS
10
5.1822366535433071
20
-6.8062993700787402
11
5.1842484251968504
21
-6.8116929921259839
0
LINE
8
BLACK
6
CONTINUOUS
10
5.1842484251968504
20
-6.8116929921259839
11
5.1842485039370079
21
-6.8116931889763777
0
LINE
8
BLACK
6
CONTINUOUS
10
5.1842485039370079
20
-6.8116931889763777
11
5.1876983464566928
21
-6.816301614173228
0
LINE
8
BLACK
6
CONTINUOUS
10
5.1876983464566928
20
-6.816301614173228
11
5.1923067716535432
21
-6.8197514566929129
0
LINE
8
BLACK
6
CONTINUOUS
10
5.1923067716535432
20
-6.8197514566929129
11
5.1923068503937007
21
-6.8197514960629917
0
LINE
8
BLACK
6
CONTINUOUS
10
5.1923068503937007
20
-6.8197514960629917
11
5.1923069291338582
21
-6.8197515354330704
0
LINE
8
BLACK
6
CONTINUOUS
10
5.1923069291338582
20
-6.8197515354330704
11
5.1946328740157481
21
-6.8206190551181098
0
LINE
8
BLACK
6
CONTINUOUS
10
5.1946328740157481
20
-6.8206190551181098
11
5.1977005905511806
21
-6.8217633070866137
0
LINE
8
BLACK
6
CONTINUOUS
10
5.1977005905511806
20
-6.8217633070866137
11
5.1977009055118106
21
-6.8217633858267712
0
LINE
8
BLACK
6
CONTINUOUS
10
5.1977009055118106
20
-6.8217633858267712
11
5.2000846456692909
21
-6.8220196456692914
0
LINE
8
BLACK
6
CONTINUOUS
10
5.2000846456692909
20
-6.8220196456692914
11
5.2000848425196846
21
-6.8220196456692914
0
LINE
8
BLACK
6
CONTINUOUS
10
5.2000848425196846
20
-6.8220196456692914
11
5.2000851181102359
21
-6.8220196850393702
0
LINE
8
BLACK
6
CONTINUOUS
10
5.2000851181102359
20
-6.8220196850393702
11
5.2000853543307084
21
-6.8220196850393702
0
LINE
8
BLACK
6
CONTINUOUS
10
5.2000853543307084
20
-6.8220196850393702
11
5.2639146456692911
21
-6.8220196850393702
0
LINE
8
BLACK
6
CONTINUOUS
10
5.2639146456692911
20
-6.8220196850393702
11
5.2639148818897636
21
-6.8220196850393702
0
LINE
8
BLACK
6
CONTINUOUS
10
5.2639148818897636
20
-6.8220196850393702
11
5.2639151574803149
21
-6.8220196456692914
0
LINE
8
BLACK
6
CONTINUOUS
10
5.2639151574803149
20
-6.8220196456692914
11
5.2639153149606299
21
-6.8220196456692914
0
LINE
8
BLACK
6
CONTINUOUS
10
5.2639153149606299
20
-6.8220196456692914
11
5.2662990551181101
21
-6.8217633858267712
0
LINE
8
BLACK
6
CONTINUOUS
10
5.2662990551181101
20
-6.8217633858267712
11
5.2662991732283464
21
-6.8217633464566925
0
LINE
8
BLACK
6
CONTINUOUS
10
5.2662991732283464
20
-6.8217633464566925
11
5.2662992519685039
21
-6.8217633464566925
0
LINE
8
BLACK
6
CONTINUOUS
10
5.2662992519685039
20
-6.8217633464566925
11
5.2716930708661414
21
-6.8197515354330704
0
LINE
8
BLACK
6
CONTINUOUS
10
5.2716930708661414
20
-6.8197515354330704
11
5.276301614173228
21
-6.816301614173228
0
LINE
8
BLACK
6
CONTINUOUS
10
5.276301614173228
20
-6.816301614173228
11
5.2797515354330704
21
-6.8116930708661414
0
LINE
8
BLACK
6
CONTINUOUS
10
5.2797515354330704
20
-6.8116930708661414
11
5.2817633464566924
21
-6.8062992519685039
0
LINE
8
BLACK
6
CONTINUOUS
10
5.2817633464566924
20
-6.8062992519685039
11
5.2818853543307087
21
-6.8051646456692909
0
LINE
8
BLACK
6
CONTINUOUS
10
5.2818853543307087
20
-6.8051646456692909
11
5.2820196456692914
21
-6.80391531496063
0
LINE
8
BLACK
6
CONTINUOUS
10
5.2820196456692914
20
-6.80391531496063
11
5.2820196850393701
21
-6.8039146456692912
0
LINE
8
BLACK
6
CONTINUOUS
10
5.2820196850393701
20
-6.8039146456692912
11
5.2820196850393701
21
-6.7400853149606297
0
LINE
8
BLACK
6
CONTINUOUS
10
5.2820196850393701
20
-6.7400853149606297
11
5.2820196456692914
21
-6.7400846456692909
0
LINE
8
BLACK
6
CONTINUOUS
10
5.2820196456692914
20
-6.7400846456692909
11
5.2817633858267712
21
-6.7377009055118107
0
LINE
8
BLACK
6
CONTINUOUS
10
5.2817633858267712
20
-6.7377009055118107
11
5.2817633070866137
21
-6.7377005905511806
0
LINE
8
BLACK
6
CONTINUOUS
10
5.2817633070866137
20
-6.7377005905511806
11
5.2797515354330704
21
-6.732306968503937
0
LINE
8
BLACK
6
CONTINUOUS
10
5.2797515354330704
20
-6.732306968503937
11
5.2797514566929129
21
-6.7323067716535432
0
LINE
8
BLACK
6
CONTINUOUS
10
5.2797514566929129
20
-6.7323067716535432
11
5.276301614173228
21
-6.7276983464566928
0
LINE
8
BLACK
6
CONTINUOUS
10
5.276301614173228
20
-6.7276983464566928
11
5.2739943700787402
21
-6.7259711811023619
0
LINE
8
BLACK
6
CONTINUOUS
10
5.2739943700787402
20
-6.7259711811023619
11
5.2723192913385821
21
-6.7237335433070866
0
LINE
8
BLACK
6
CONTINUOUS
10
5.2723192913385821
20
-6.7237335433070866
11
5.2721199212598426
21
-6.7209455118110233
0
LINE
8
BLACK
6
CONTINUOUS
10
5.2721199212598426
20
-6.7209455118110233
11
5.2734594881889763
21
-6.7184922834645668
0
LINE
8
BLACK
6
CONTINUOUS
10
5.2734594881889763
20
-6.7184922834645668
11
5.2739943700787402
21
-6.718028818897638
0
LINE
8
BLACK
6
CONTINUOUS
10
5.2739943700787402
20
-6.718028818897638
11
5.276301614173228
21
-6.7163016141732284
0
LINE
8
BLACK
6
CONTINUOUS
10
5.276301614173228
20
-6.7163016141732284
11
5.2797514566929129
21
-6.711693188976378
0
LINE
8
BLACK
6
CONTINUOUS
10
5.2797514566929129
20
-6.711693188976378
11
5.2797514566929129
21
-6.7116931496062993
0
LINE
8
BLACK
6
CONTINUOUS
10
5.2797514566929129
20
-6.7116931496062993
11
5.2797515354330704
21
-6.7116930708661418
0
LINE
8
BLACK
6
CONTINUOUS
10
5.2797515354330704
20
-6.7116930708661418
11
5.2817633464566924
21
-6.7062992519685034
0
LINE
8
BLACK
6
CONTINUOUS
10
5.2817633464566924
20
-6.7062992519685034
11
5.2820196850393701
21
-6.703914881889764
0
LINE
8
BLACK
6
CONTINUOUS
10
5.2820196850393701
20
-6.703914881889764
11
5.2820196850393701
21
-6.6400851181102363
0
LINE
8
BLACK
6
CONTINUOUS
10
5.2820196850393701
20
-6.6400851181102363
11
5.2820196456692914
21
-6.6400846456692912
0
LINE
8
BLACK
6
CONTINUOUS
10
5.2820196456692914
20
-6.6400846456692912
11
5.2817633858267712
21
-6.637700905511811
0
LINE
8
BLACK
6
CONTINUOUS
10
5.2817633858267712
20
-6.637700905511811
11
5.2817633070866137
21
-6.637700590551181
0
LINE
8
BLACK
6
CONTINUOUS
10
5.2817633070866137
20
-6.637700590551181
11
5.2797515354330704
21
-6.6323069685039364
0
LINE
8
BLACK
6
CONTINUOUS
10
5.2797515354330704
20
-6.6323069685039364
11
5.2797514566929129
21
-6.6323067716535435
0
LINE
8
BLACK
6
CONTINUOUS
10
5.2797514566929129
20
-6.6323067716535435
11
5.276301614173228
21
-6.6276983464566932
0
LINE
8
BLACK
6
CONTINUOUS
10
5.276301614173228
20
-6.6276983464566932
11
5.2716931889763776
21
-6.6242485039370074
0
LINE
8
BLACK
6
CONTINUOUS
10
5.2716931889763776
20
-6.6242485039370074
11
5.2716929921259839
21
-6.6242484251968499
0
LINE
8
BLACK
6
CONTINUOUS
10
5.2716929921259839
20
-6.6242484251968499
11
5.2662993700787402
21
-6.6222366535433066
0
LINE
8
BLACK
6
CONTINUOUS
10
5.2662993700787402
20
-6.6222366535433066
11
5.2662990551181101
21
-6.6222365748031491
0
LINE
8
BLACK
6
CONTINUOUS
10
5.2662990551181101
20
-6.6222365748031491
11
5.2639153149606299
21
-6.6219803149606298
0
LINE
8
BLACK
6
CONTINUOUS
10
5.2639153149606299
20
-6.6219803149606298
11
5.2639148818897636
21
-6.6219803149606298
0
LINE
8
BLACK
6
CONTINUOUS
10
5.2639148818897636
20
-6.6219803149606298
11
5.2000851181102359
21
-6.6219803149606298
0
LINE
8
BLACK
6
CONTINUOUS
10
5.2000851181102359
20
-6.6219803149606298
11
5.2000846456692909
21
-6.6219803149606298
0
LINE
8
BLACK
6
CONTINUOUS
10
5.2000846456692909
20
-6.6219803149606298
11
5.1977009055118106
21
-6.6222365748031491
0
LINE
8
BLACK
6
CONTINUOUS
10
5.1977009055118106
20
-6.6222365748031491
11
5.1977005905511806
21
-6.6222366535433066
0
LINE
8
BLACK
6
CONTINUOUS
10
5.1977005905511806
20
-6.6222366535433066
11
5.1923069685039369
21
-6.6242484251968499
0
LINE
8
BLACK
6
CONTINUOUS
10
5.1923069685039369
20
-6.6242484251968499
11
5.1923067716535432
21
-6.6242485039370074
0
LINE
8
BLACK
6
CONTINUOUS
10
5.1923067716535432
20
-6.6242485039370074
11
5.1876983464566928
21
-6.6276983464566932
0
LINE
8
BLACK
6
CONTINUOUS
10
5.1876983464566928
20
-6.6276983464566932
11
5.1842485039370079
21
-6.6323067716535435
0
LINE
8
BLACK
6
CONTINUOUS
10
5.1842485039370079
20
-6.6323067716535435
11
5.1842484251968504
21
-6.6323069685039364
0
LINE
8
BLACK
6
CONTINUOUS
10
5.1842484251968504
20
-6.6323069685039364
11
5.1822366535433071
21
-6.637700590551181
0
LINE
8
BLACK
6
CONTINUOUS
10
5.1822366535433071
20
-6.637700590551181
11
5.1822365748031496
21
-6.637700905511811
0
LINE
8
BLACK
6
CONTINUOUS
10
5.1822365748031496
20
-6.637700905511811
11
5.1819803149606294
21
-6.6400846456692912
0
LINE
8
BLACK
6
CONTINUOUS
10
5.1819803149606294
20
-6.6400846456692912
11
5.1819803149606294
21
-6.7039153149606294
0
LINE
8
BLACK
6
CONTINUOUS
10
5.1819803149606294
20
-6.7039153149606294
11
5.1822365748031496
21
-6.7062990551181096
0
LINE
8
BLACK
6
CONTINUOUS
10
5.1822365748031496
20
-6.7062990551181096
11
5.1822366535433071
21
-6.7062993700787397
0
LINE
8
BLACK
6
CONTINUOUS
10
5.1822366535433071
20
-6.7062993700787397
11
5.1842484251968504
21
-6.7116929921259842
0
LINE
8
BLACK
6
CONTINUOUS
10
5.1842484251968504
20
-6.7116929921259842
11
5.1842485039370079
21
-6.711693188976378
0
LINE
8
BLACK
6
CONTINUOUS
10
5.1842485039370079
20
-6.711693188976378
11
5.1876983858267716
21
-6.7163016141732284
0
LINE
8
BLACK
6
CONTINUOUS
10
5.1876983858267716
20
-6.7163016141732284
11
5.1900056299212594
21
-6.7180288582677168
0
LINE
8
BLACK
6
CONTINUOUS
10
5.1900056299212594
20
-6.7180288582677168
11
5.1916806692913386
21
-6.7202664960629921
0
LINE
8
BLACK
6
CONTINUOUS
10
5.1916806692913386
20
-6.7202664960629921
11
5.191880039370079
21
-6.7230544881889767
0
LINE
8
BLACK
6
CONTINUOUS
10
5.191880039370079
20
-6.7230544881889767
11
5.1905404724409445
21
-6.7255077165354331
0
LINE
8
BLACK
6
CONTINUOUS
10
5.1905404724409445
20
-6.7255077165354331
11
5.1900056299212594
21
-6.7259711417322832
0
LINE
8
BLACK
6
CONTINUOUS
10
5.1900056299212594
20
-6.7259711417322832
11
5.1876983858267716
21
-6.7276983464566928
0
LINE
8
BLACK
6
CONTINUOUS
10
5.1876983858267716
20
-6.7276983464566928
11
5.1842485039370079
21
-6.7323067716535432
0
LINE
8
BLACK
6
CONTINUOUS
10
5.1842485039370079
20
-6.7323067716535432
11
5.1842484251968504
21
-6.732306968503937
0
LINE
8
BLACK
6
CONTINUOUS
10
5.1842484251968504
20
-6.732306968503937
11
5.1822366535433071
21
-6.7377005905511806
0
LINE
8
BLACK
6
CONTINUOUS
10
5.1822366535433071
20
-6.7377005905511806
11
5.1822365748031496
21
-6.7377009055118107
0
LINE
8
BLACK
6
CONTINUOUS
10
5.1822365748031496
20
-6.7377009055118107
11
5.1819803149606294
21
-6.7400846456692909
0
LINE
8
BLACK
6
CONTINUOUS
10
5.1819803149606294
20
-6.7400846456692909
11
5.1819803149606294
21
-6.80391531496063
0
LINE
8
BLACK
6
CONTINUOUS
10
5.1819803149606294
20
-6.80391531496063
11
5.1822365748031496
21
-6.8062990551181102
0
LINE
8
BLACK
6
CONTINUOUS
10
4.814820984251968
20
-6.3974774409448818
11
4.8160048031496059
21
-6.4011208661417323
0
LINE
8
BLACK
6
CONTINUOUS
10
4.8160048031496059
20
-6.4011208661417323
11
4.8171444488188975
21
-6.4046281889763774
0
LINE
8
BLACK
6
CONTINUOUS
10
4.8171444488188975
20
-6.4046281889763774
11
4.8171445669291337
21
-6.4046283858267712
0
LINE
8
BLACK
6
CONTINUOUS
10
4.8171445669291337
20
-6.4046283858267712
11
4.8209037007874018
21
-6.4111394094488183
0
LINE
8
BLACK
6
CONTINUOUS
10
4.8209037007874018
20
-6.4111394094488183
11
4.8209039763779522
21
-6.4111398031496059
0
LINE
8
BLACK
6
CONTINUOUS
10
4.8209039763779522
20
-6.4111398031496059
11
4.8259346456692915
21
-6.4167269291338584
0
LINE
8
BLACK
6
CONTINUOUS
10
4.8259346456692915
20
-6.4167269291338584
11
4.8275517322834647
21
-6.4179018110236221
0
LINE
8
BLACK
6
CONTINUOUS
10
4.8275517322834647
20
-6.4179018110236221
11
4.8320174803149607
21
-6.4211463779527556
0
LINE
8
BLACK
6
CONTINUOUS
10
4.8320174803149607
20
-6.4211463779527556
11
4.8388861417322833
21
-6.4242044881889759
0
LINE
8
BLACK
6
CONTINUOUS
10
4.8388861417322833
20
-6.4242044881889759
11
4.8462405118110237
21
-6.4257677165354332
0
LINE
8
BLACK
6
CONTINUOUS
10
4.8462405118110237
20
-6.4257677165354332
11
4.8537591732283465
21
-6.4257677165354332
0
LINE
8
BLACK
6
CONTINUOUS
10
4.8537591732283465
20
-6.4257677165354332
11
4.8611135433070869
21
-6.4242044881889759
0
LINE
8
BLACK
6
CONTINUOUS
10
4.8611135433070869
20
-6.4242044881889759
11
4.8679822047244095
21
-6.4211463779527556
0
LINE
8
BLACK
6
CONTINUOUS
10
4.8679822047244095
20
-6.4211463779527556
11
4.8711551181102362
21
-6.4188410629921258
0
LINE
8
BLACK
6
CONTINUOUS
10
4.8711551181102362
20
-6.4188410629921258
11
4.8737877165354329
21
-6.4179018110236221
0
LINE
8
BLACK
6
CONTINUOUS
10
4.8737877165354329
20
-6.4179018110236221
11
4.874070905511811
21
-6.4178937007874017
0
LINE
8
BLACK
6
CONTINUOUS
10
4.874070905511811
20
-6.4178937007874017
11
5.5500788188976378
21
-6.4178937007874017
0
LINE
8
BLACK
6
CONTINUOUS
10
5.5500788188976378
20
-6.4178937007874017
11
5.5503783464566929
21
-6.4179027559055113
0
LINE
8
BLACK
6
CONTINUOUS
10
5.5503783464566929
20
-6.4179027559055113
11
5.5527682283464568
21
-6.4180473228346457
0
LINE
8
BLACK
6
CONTINUOUS
10
5.5527682283464568
20
-6.4180473228346457
11
5.5551248425196853
21
-6.4176154330708659
0
LINE
8
BLACK
6
CONTINUOUS
10
5.5551248425196853
20
-6.4176154330708659
11
5.5554180314960631
21
-6.4175708267716534
0
LINE
8
BLACK
6
CONTINUOUS
10
5.5554180314960631
20
-6.4175708267716534
11
5.5577961023622047
21
-6.4172820866141729
0
LINE
8
BLACK
6
CONTINUOUS
10
5.5577961023622047
20
-6.4172820866141729
11
5.5581712598425197
21
-6.4171397637795273
0
LINE
8
BLACK
6
CONTINUOUS
10
5.5581712598425197
20
-6.4171397637795273
11
5.5590363779527561
21
-6.4168986614173225
0
LINE
8
BLACK
6
CONTINUOUS
10
5.5590363779527561
20
-6.4168986614173225
11
5.5594310629921262
21
-6.4168263385826769
0
LINE
8
BLACK
6
CONTINUOUS
10
5.5594310629921262
20
-6.4168263385826769
11
5.5616148425196847
21
-6.4158434251968499
0
LINE
8
BLACK
6
CONTINUOUS
10
5.5616148425196847
20
-6.4158434251968499
11
5.56189062992126
21
-6.4157292125984249
0
LINE
8
BLACK
6
CONTINUOUS
10
5.56189062992126
20
-6.4157292125984249
11
5.5641297244094483
21
-6.4148800787401576
0
LINE
8
BLACK
6
CONTINUOUS
10
5.5641297244094483
20
-6.4148800787401576
11
5.564460078740157
21
-6.4146520078740155
0
LINE
8
BLACK
6
CONTINUOUS
10
5.564460078740157
20
-6.4146520078740155
11
5.5652418110236219
21
-6.4142110629921261
0
LINE
8
BLACK
6
CONTINUOUS
10
5.5652418110236219
20
-6.4142110629921261
11
5.5656081102362203
21
-6.4140462598425199
0
LINE
8
BLACK
6
CONTINUOUS
10
5.5656081102362203
20
-6.4140462598425199
11
5.5674944881889763
21
-6.4125683070866142
0
LINE
8
BLACK
6
CONTINUOUS
10
5.5674944881889763
20
-6.4125683070866142
11
5.5677328740157481
21
-6.4123929133858271
0
LINE
8
BLACK
6
CONTINUOUS
10
5.5677328740157481
20
-6.4123929133858271
11
5.5697044488188974
21
-6.4110320866141732
0
LINE
8
BLACK
6
CONTINUOUS
10
5.5697044488188974
20
-6.4110320866141732
11
5.5712931889763775
21
-6.4092387007874017
0
LINE
8
BLACK
6
CONTINUOUS
10
5.5712931889763775
20
-6.4092387007874017
11
5.5714973228346452
21
-6.4090218897637792
0
LINE
8
BLACK
6
CONTINUOUS
10
5.5714973228346452
20
-6.4090218897637792
11
5.6851172440944877
21
-6.2954020472440941
0
LINE
8
BLACK
6
CONTINUOUS
10
5.6851172440944877
20
-6.2954020472440941
11
5.6949817322834644
21
-6.2855375590551184
0
LINE
8
BLACK
6
CONTINUOUS
10
5.6949817322834644
20
-6.2855375590551184
11
5.6974348818897633
21
-6.2841980314960626
0
LINE
8
BLACK
6
CONTINUOUS
10
5.6974348818897633
20
-6.2841980314960626
11
5.697446299212598
21
-6.2841955511811021
0
LINE
8
BLACK
6
CONTINUOUS
10
5.697446299212598
20
-6.2841955511811021
11
5.7034759055118105
21
-6.2829139370078737
0
LINE
8
BLACK
6
CONTINUOUS
10
5.7034759055118105
20
-6.2829139370078737
11
5.7103445669291339
21
-6.2798558267716533
0
LINE
8
BLACK
6
CONTINUOUS
10
5.7103445669291339
20
-6.2798558267716533
11
5.7164272834645669
21
-6.2754364566929128
0
LINE
8
BLACK
6
CONTINUOUS
10
5.7164272834645669
20
-6.2754364566929128
11
5.7173876377952757
21
-6.274369881889764
0
LINE
8
BLACK
6
CONTINUOUS
10
5.7173876377952757
20
-6.274369881889764
11
5.7214580314960628
21
-6.2698492519685036
0
LINE
8
BLACK
6
CONTINUOUS
10
5.7214580314960628
20
-6.2698492519685036
11
5.7214580708661416
21
-6.2698491732283461
0
LINE
8
BLACK
6
CONTINUOUS
10
5.7214580708661416
20
-6.2698491732283461
11
5.7214582677165353
21
-6.2698489763779524
0
LINE
8
BLACK
6
CONTINUOUS
10
5.7214582677165353
20
-6.2698489763779524
11
5.7252175984251963
21
-6.2633376377952752
0
LINE
8
BLACK
6
CONTINUOUS
10
5.7252175984251963
20
-6.2633376377952752
11
5.727541023622047
21
-6.2561869291338583
0
LINE
8
BLACK
6
CONTINUOUS
10
5.727541023622047
20
-6.2561869291338583
11
5.7283269291338579
21
-6.2487094488188974
0
LINE
8
BLACK
6
CONTINUOUS
10
5.7283269291338579
20
-6.2487094488188974
11
5.727541023622047
21
-6.2412319685039366
0
LINE
8
BLACK
6
CONTINUOUS
10
5.727541023622047
20
-6.2412319685039366
11
5.7252175984251963
21
-6.2340812598425197
0
LINE
8
BLACK
6
CONTINUOUS
10
5.7252175984251963
20
-6.2340812598425197
11
5.7214582677165353
21
-6.2275699212598425
0
LINE
8
BLACK
6
CONTINUOUS
10
5.7214582677165353
20
-6.2275699212598425
11
5.7214581889763778
21
-6.227569842519685
0
LINE
8
BLACK
6
CONTINUOUS
10
5.7214581889763778
20
-6.227569842519685
11
5.7214580314960628
21
-6.2275696062992125
0
LINE
8
BLACK
6
CONTINUOUS
10
5.7214580314960628
20
-6.2275696062992125
11
5.7164273622047244
21
-6.2219824803149608
0
LINE
8
BLACK
6
CONTINUOUS
10
5.7164273622047244
20
-6.2219824803149608
11
5.7103445669291339
21
-6.2175630708661416
0
LINE
8
BLACK
6
CONTINUOUS
10
5.7103445669291339
20
-6.2175630708661416
11
5.7034759055118105
21
-6.2145049606299212
0
LINE
8
BLACK
6
CONTINUOUS
10
5.7034759055118105
20
-6.2145049606299212
11
5.696121535433071
21
-6.2129417322834648
0
LINE
8
BLACK
6
CONTINUOUS
10
5.696121535433071
20
-6.2129417322834648
11
5.6886028740157482
21
-6.2129417322834648
0
LINE
8
BLACK
6
CONTINUOUS
10
5.6886028740157482
20
-6.2129417322834648
11
5.681248464566929
21
-6.2145049606299212
0
LINE
8
BLACK
6
CONTINUOUS
10
5.681248464566929
20
-6.2145049606299212
11
5.6743798031496064
21
-6.2175630708661416
0
LINE
8
BLACK
6
CONTINUOUS
10
5.6743798031496064
20
-6.2175630708661416
11
5.668297007874016
21
-6.2219824803149608
0
LINE
8
BLACK
6
CONTINUOUS
10
5.668297007874016
20
-6.2219824803149608
11
5.6632663385826767
21
-6.2275696062992125
0
LINE
8
BLACK
6
CONTINUOUS
10
5.6632663385826767
20
-6.2275696062992125
11
5.6632660629921254
21
-6.2275700000000001
0
LINE
8
BLACK
6
CONTINUOUS
10
5.6632660629921254
20
-6.2275700000000001
11
5.6595069291338582
21
-6.2340810236220472
0
LINE
8
BLACK
6
CONTINUOUS
10
5.6595069291338582
20
-6.2340810236220472
11
5.659506811023622
21
-6.2340812992125985
0
LINE
8
BLACK
6
CONTINUOUS
10
5.659506811023622
20
-6.2340812992125985
11
5.65718342519685
21
-6.2412317716535428
0
LINE
8
BLACK
6
CONTINUOUS
10
5.65718342519685
20
-6.2412317716535428
11
5.6569901574803145
21
-6.2430704724409445
0
LINE
8
BLACK
6
CONTINUOUS
10
5.6569901574803145
20
-6.2430704724409445
11
5.6559266141732278
21
-6.245655354330709
0
LINE
8
BLACK
6
CONTINUOUS
10
5.6559266141732278
20
-6.245655354330709
11
5.6555643700787401
21
-6.2460595275590549
0
LINE
8
BLACK
6
CONTINUOUS
10
5.6555643700787401
20
-6.2460595275590549
11
5.540970590551181
21
-6.3606533858267715
0
LINE
8
BLACK
6
CONTINUOUS
10
5.540970590551181
20
-6.3606533858267715
11
5.5385174409448821
21
-6.3619929133858264
0
LINE
8
BLACK
6
CONTINUOUS
10
5.5385174409448821
20
-6.3619929133858264
11
5.5374629921259837
21
-6.3621062992125985
0
LINE
8
BLACK
6
CONTINUOUS
10
5.5374629921259837
20
-6.3621062992125985
11
4.874070905511811
21
-6.3621062992125985
0
LINE
8
BLACK
6
CONTINUOUS
10
4.874070905511811
20
-6.3621062992125985
11
4.8713889763779523
21
-6.3613188188976375
0
LINE
8
BLACK
6
CONTINUOUS
10
4.8713889763779523
20
-6.3613188188976375
11
4.8711551181102362
21
-6.3611588976377949
0
LINE
8
BLACK
6
CONTINUOUS
10
4.8711551181102362
20
-6.3611588976377949
11
4.8679822047244095
21
-6.3588536220472438
0
LINE
8
BLACK
6
CONTINUOUS
10
4.8679822047244095
20
-6.3588536220472438
11
4.8611135433070869
21
-6.3557955118110234
0
LINE
8
BLACK
6
CONTINUOUS
10
4.8611135433070869
20
-6.3557955118110234
11
4.8537591732283465
21
-6.354232283464567
0
LINE
8
BLACK
6
CONTINUOUS
10
4.8537591732283465
20
-6.354232283464567
11
4.8462405118110237
21
-6.354232283464567
0
LINE
8
BLACK
6
CONTINUOUS
10
4.8462405118110237
20
-6.354232283464567
11
4.8388861023622045
21
-6.3557955118110234
0
LINE
8
BLACK
6
CONTINUOUS
10
4.8388861023622045
20
-6.3557955118110234
11
4.8320174409448819
21
-6.3588536220472438
0
LINE
8
BLACK
6
CONTINUOUS
10
4.8320174409448819
20
-6.3588536220472438
11
4.8259346456692915
21
-6.363273031496063
0
LINE
8
BLACK
6
CONTINUOUS
10
4.8259346456692915
20
-6.363273031496063
11
4.8209039763779522
21
-6.3688601574803148
0
LINE
8
BLACK
6
CONTINUOUS
10
4.8209039763779522
20
-6.3688601574803148
11
4.8209037007874018
21
-6.3688605511811023
0
LINE
8
BLACK
6
CONTINUOUS
10
4.8209037007874018
20
-6.3688605511811023
11
4.8171445669291337
21
-6.3753715748031494
0
LINE
8
BLACK
6
CONTINUOUS
10
4.8171445669291337
20
-6.3753715748031494
11
4.8171444488188975
21
-6.3753718503937007
0
LINE
8
BLACK
6
CONTINUOUS
10
4.8171444488188975
20
-6.3753718503937007
11
4.814820984251968
21
-6.3825225196850388
0
LINE
8
BLACK
6
CONTINUOUS
10
4.814820984251968
20
-6.3825225196850388
11
4.8140351181102359
21
-6.3899999999999997
0
LINE
8
BLACK
6
CONTINUOUS
10
4.8140351181102359
20
-6.3899999999999997
11
4.814820984251968
21
-6.3974774409448818
0
LINE
8
BLACK
6
CONTINUOUS
10
5.767969212598425
20
-6.3028794881889763
11
5.7683234645669286
21
-6.3039697244094484
0
LINE
8
BLACK
6
CONTINUOUS
10
5.7683234645669286
20
-6.3039697244094484
11
5.7702926771653544
21
-6.3100302362204719
0
LINE
8
BLACK
6
CONTINUOUS
10
5.7702926771653544
20
-6.3100302362204719
11
5.7714095275590553
21
-6.3119646850393698
0
LINE
8
BLACK
6
CONTINUOUS
10
5.7714095275590553
20
-6.3119646850393698
11
5.7740519291338579
21
-6.3165414566929137
0
LINE
8
BLACK
6
CONTINUOUS
10
5.7740519291338579
20
-6.3165414566929137
11
5.7740522047244092
21
-6.3165418503937003
0
LINE
8
BLACK
6
CONTINUOUS
10
5.7740522047244092
20
-6.3165418503937003
11
5.7790828740157476
21
-6.3221289763779529
0
LINE
8
BLACK
6
CONTINUOUS
10
5.7790828740157476
20
-6.3221289763779529
11
5.7806999606299208
21
-6.3233038582677166
0
LINE
8
BLACK
6
CONTINUOUS
10
5.7806999606299208
20
-6.3233038582677166
11
5.7851657086614168
21
-6.32654842519685
0
LINE
8
BLACK
6
CONTINUOUS
10
5.7851657086614168
20
-6.32654842519685
11
5.7920343700787402
21
-6.3296065354330704
0
LINE
8
BLACK
6
CONTINUOUS
10
5.7920343700787402
20
-6.3296065354330704
11
5.7993887401574806
21
-6.3311697637795277
0
LINE
8
BLACK
6
CONTINUOUS
10
5.7993887401574806
20
-6.3311697637795277
11
5.8069074015748035
21
-6.3311697637795277
0
LINE
8
BLACK
6
CONTINUOUS
10
5.8069074015748035
20
-6.3311697637795277
11
5.814261771653543
21
-6.3296065354330704
0
LINE
8
BLACK
6
CONTINUOUS
10
5.814261771653543
20
-6.3296065354330704
11
5.8211304330708664
21
-6.32654842519685
0
LINE
8
BLACK
6
CONTINUOUS
10
5.8211304330708664
20
-6.32654842519685
11
5.8243033464566931
21
-6.3242431102362202
0
LINE
8
BLACK
6
CONTINUOUS
10
5.8243033464566931
20
-6.3242431102362202
11
5.8269359448818898
21
-6.3233038582677166
0
LINE
8
BLACK
6
CONTINUOUS
10
5.8269359448818898
20
-6.3233038582677166
11
5.827219133858268
21
-6.3232957480314962
0
LINE
8
BLACK
6
CONTINUOUS
10
5.827219133858268
20
-6.3232957480314962
11
5.9054461417322832
21
-6.3232957480314962
0
LINE
8
BLACK
6
CONTINUOUS
10
5.9054461417322832
20
-6.3232957480314962
11
5.9081280708661419
21
-6.3240832283464563
0
LINE
8
BLACK
6
CONTINUOUS
10
5.9081280708661419
20
-6.3240832283464563
11
5.908953818897638
21
-6.324748700787401
0
LINE
8
BLACK
6
CONTINUOUS
10
5.908953818897638
20
-6.324748700787401
11
5.9205643307086611
21
-6.3363592125984249
0
LINE
8
BLACK
6
CONTINUOUS
10
5.9205643307086611
20
-6.3363592125984249
11
5.9219039370078743
21
-6.3388124409448814
0
LINE
8
BLACK
6
CONTINUOUS
10
5.9219039370078743
20
-6.3388124409448814
11
5.9219901181102363
21
-6.3393483070866141
0
LINE
8
BLACK
6
CONTINUOUS
10
5.9219901181102363
20
-6.3393483070866141
11
5.9221833464566931
21
-6.3411868897637795
0
LINE
8
BLACK
6
CONTINUOUS
10
5.9221833464566931
20
-6.3411868897637795
11
5.9233671653543309
21
-6.34483031496063
0
LINE
8
BLACK
6
CONTINUOUS
10
5.9233671653543309
20
-6.34483031496063
11
5.9245068110236216
21
-6.3483376377952752
0
LINE
8
BLACK
6
CONTINUOUS
10
5.9245068110236216
20
-6.3483376377952752
11
5.9245069291338579
21
-6.3483378346456689
0
LINE
8
BLACK
6
CONTINUOUS
10
5.9245069291338579
20
-6.3483378346456689
11
5.928266062992126
21
-6.3548488582677161
0
LINE
8
BLACK
6
CONTINUOUS
10
5.928266062992126
20
-6.3548488582677161
11
5.9282663385826773
21
-6.3548492519685036
0
LINE
8
BLACK
6
CONTINUOUS
10
5.9282663385826773
20
-6.3548492519685036
11
5.9332970078740157
21
-6.3604363779527562
0
LINE
8
BLACK
6
CONTINUOUS
10
5.9332970078740157
20
-6.3604363779527562
11
5.9345115748031496
21
-6.3613188188976375
0
LINE
8
BLACK
6
CONTINUOUS
10
5.9345115748031496
20
-6.3613188188976375
11
5.9393798425196849
21
-6.3648558267716533
0
LINE
8
BLACK
6
CONTINUOUS
10
5.9393798425196849
20
-6.3648558267716533
11
5.9462485039370074
21
-6.3679139370078737
0
LINE
8
BLACK
6
CONTINUOUS
10
5.9462485039370074
20
-6.3679139370078737
11
5.9536028740157478
21
-6.3694771653543309
0
LINE
8
BLACK
6
CONTINUOUS
10
5.9536028740157478
20
-6.3694771653543309
11
5.9611215354330707
21
-6.3694771653543309
0
LINE
8
BLACK
6
CONTINUOUS
10
5.9611215354330707
20
-6.3694771653543309
11
5.9684759055118111
21
-6.3679139370078737
0
LINE
8
BLACK
6
CONTINUOUS
10
5.9684759055118111
20
-6.3679139370078737
11
5.9753445669291336
21
-6.3648558267716533
0
LINE
8
BLACK
6
CONTINUOUS
10
5.9753445669291336
20
-6.3648558267716533
11
5.9814272834645665
21
-6.3604364566929128
0
LINE
8
BLACK
6
CONTINUOUS
10
5.9814272834645665
20
-6.3604364566929128
11
5.986458267716535
21
-6.3548489763779523
0
LINE
8
BLACK
6
CONTINUOUS
10
5.986458267716535
20
-6.3548489763779523
11
5.9902175984251969
21
-6.3483376377952752
0
LINE
8
BLACK
6
CONTINUOUS
10
5.9902175984251969
20
-6.3483376377952752
11
5.9925410236220475
21
-6.3411869291338583
0
LINE
8
BLACK
6
CONTINUOUS
10
5.9925410236220475
20
-6.3411869291338583
11
5.9933269291338584
21
-6.3337094488188974
0
LINE
8
BLACK
6
CONTINUOUS
10
5.9933269291338584
20
-6.3337094488188974
11
5.9925410236220475
21
-6.3262319685039365
0
LINE
8
BLACK
6
CONTINUOUS
10
5.9925410236220475
20
-6.3262319685039365
11
5.9902175984251969
21
-6.3190812598425197
0
LINE
8
BLACK
6
CONTINUOUS
10
5.9902175984251969
20
-6.3190812598425197
11
5.986458267716535
21
-6.3125699212598425
0
LINE
8
BLACK
6
CONTINUOUS
10
5.986458267716535
20
-6.3125699212598425
11
5.9864581889763775
21
-6.312569842519685
0
LINE
8
BLACK
6
CONTINUOUS
10
5.9864581889763775
20
-6.312569842519685
11
5.9864580314960625
21
-6.3125696062992125
0
LINE
8
BLACK
6
CONTINUOUS
10
5.9864580314960625
20
-6.3125696062992125
11
5.981427362204724
21
-6.3069824803149608
0
LINE
8
BLACK
6
CONTINUOUS
10
5.981427362204724
20
-6.3069824803149608
11
5.9753445669291336
21
-6.3025630708661415
0
LINE
8
BLACK
6
CONTINUOUS
10
5.9753445669291336
20
-6.3025630708661415
11
5.9684759055118111
21
-6.2995049606299212
0
LINE
8
BLACK
6
CONTINUOUS
10
5.9684759055118111
20
-6.2995049606299212
11
5.9624579133858262
21
-6.2982257874015746
0
LINE
8
BLACK
6
CONTINUOUS
10
5.9624579133858262
20
-6.2982257874015746
11
5.9599983070866136
21
-6.2968978740157482
0
LINE
8
BLACK
6
CONTINUOUS
10
5.9599983070866136
20
-6.2968978740157482
11
5.9599816141732278
21
-6.2968812204724411
0
LINE
8
BLACK
6
CONTINUOUS
10
5.9599816141732278
20
-6.2968812204724411
11
5.939481062992126
21
-6.2763806692913384
0
LINE
8
BLACK
6
CONTINUOUS
10
5.939481062992126
20
-6.2763806692913384
11
5.9392756692913382
21
-6.2761625196850392
0
LINE
8
BLACK
6
CONTINUOUS
10
5.9392756692913382
20
-6.2761625196850392
11
5.9378844488188971
21
-6.2745921653543304
0
LINE
8
BLACK
6
CONTINUOUS
10
5.9378844488188971
20
-6.2745921653543304
11
5.9376875984251969
21
-6.2743699606299215
0
LINE
8
BLACK
6
CONTINUOUS
10
5.9376875984251969
20
-6.2743699606299215
11
5.9376875590551181
21
-6.2743699212598427
0
LINE
8
BLACK
6
CONTINUOUS
10
5.9376875590551181
20
-6.2743699212598427
11
5.9376875196850394
21
-6.274369881889764
0
LINE
8
BLACK
6
CONTINUOUS
10
5.9376875196850394
20
-6.274369881889764
11
5.9357170078740156
21
-6.2730096850393702
0
LINE
8
BLACK
6
CONTINUOUS
10
5.9357170078740156
20
-6.2730096850393702
11
5.9354757874015744
21
-6.2728322047244092
0
LINE
8
BLACK
6
CONTINUOUS
10
5.9354757874015744
20
-6.2728322047244092
11
5.9335912598425198
21
-6.2713557874015748
0
LINE
8
BLACK
6
CONTINUOUS
10
5.9335912598425198
20
-6.2713557874015748
11
5.9335911023622048
21
-6.2713557086614173
0
LINE
8
BLACK
6
CONTINUOUS
10
5.9335911023622048
20
-6.2713557086614173
11
5.9332248425196852
21
-6.2711908267716536
0
LINE
8
BLACK
6
CONTINUOUS
10
5.9332248425196852
20
-6.2711908267716536
11
5.9324433464566928
21
-6.2707500787401571
0
LINE
8
BLACK
6
CONTINUOUS
10
5.9324433464566928
20
-6.2707500787401571
11
5.9321128740157478
21
-6.2705219685039371
0
LINE
8
BLACK
6
CONTINUOUS
10
5.9321128740157478
20
-6.2705219685039371
11
5.9314503543307087
21
-6.2702707086614176
0
LINE
8
BLACK
6
CONTINUOUS
10
5.9314503543307087
20
-6.2702707086614176
11
5.929874527559055
21
-6.2696730314960627
0
LINE
8
BLACK
6
CONTINUOUS
10
5.929874527559055
20
-6.2696730314960627
11
5.929597874015748
21
-6.2695584251968501
0
LINE
8
BLACK
6
CONTINUOUS
10
5.929597874015748
20
-6.2695584251968501
11
5.9274143307086611
21
-6.2685757480314956
0
LINE
8
BLACK
6
CONTINUOUS
10
5.9274143307086611
20
-6.2685757480314956
11
5.9274142519685036
21
-6.2685757086614169
0
LINE
8
BLACK
6
CONTINUOUS
10
5.9274142519685036
20
-6.2685757086614169
11
5.9274142125984248
21
-6.2685757086614169
0
LINE
8
BLACK
6
CONTINUOUS
10
5.9274142125984248
20
-6.2685757086614169
11
5.927018818897638
21
-6.2685032283464563
0
LINE
8
BLACK
6
CONTINUOUS
10
5.927018818897638
20
-6.2685032283464563
11
5.9261546456692908
21
-6.2682622834645665
0
LINE
8
BLACK
6
CONTINUOUS
10
5.9261546456692908
20
-6.2682622834645665
11
5.9257792519685042
21
-6.2681199606299209
0
LINE
8
BLACK
6
CONTINUOUS
10
5.9257792519685042
20
-6.2681199606299209
11
5.9257792125984254
21
-6.2681199212598422
0
LINE
8
BLACK
6
CONTINUOUS
10
5.9257792125984254
20
-6.2681199212598422
11
5.9257791338582679
21
-6.2681199212598422
0
LINE
8
BLACK
6
CONTINUOUS
10
5.9257791338582679
20
-6.2681199212598422
11
5.9257789763779529
21
-6.2681198818897634
0
LINE
8
BLACK
6
CONTINUOUS
10
5.9257789763779529
20
-6.2681198818897634
11
5.923402559055118
21
-6.2678313385826767
0
LINE
8
BLACK
6
CONTINUOUS
10
5.923402559055118
20
-6.2678313385826767
11
5.923106535433071
21
-6.2677862598425191
0
LINE
8
BLACK
6
CONTINUOUS
10
5.923106535433071
20
-6.2677862598425191
11
5.9215897637795276
21
-6.267508346456693
0
LINE
8
BLACK
6
CONTINUOUS
10
5.9215897637795276
20
-6.267508346456693
11
5.9207514173228342
21
-6.267354724409449
0
LINE
8
BLACK
6
CONTINUOUS
10
5.9207514173228342
20
-6.267354724409449
11
5.9207513779527554
21
-6.267354724409449
0
LINE
8
BLACK
6
CONTINUOUS
10
5.9207513779527554
20
-6.267354724409449
11
5.9187450393700782
21
-6.2674760629921256
0
LINE
8
BLACK
6
CONTINUOUS
10
5.9187450393700782
20
-6.2674760629921256
11
5.9183614960629916
21
-6.2674992913385825
0
LINE
8
BLACK
6
CONTINUOUS
10
5.9183614960629916
20
-6.2674992913385825
11
5.9180619685039373
21
-6.267508346456693
0
LINE
8
BLACK
6
CONTINUOUS
10
5.9180619685039373
20
-6.267508346456693
11
5.827219133858268
21
-6.267508346456693
0
LINE
8
BLACK
6
CONTINUOUS
10
5.827219133858268
20
-6.267508346456693
11
5.8245372047244093
21
-6.266720866141732
0
LINE
8
BLACK
6
CONTINUOUS
10
5.8245372047244093
20
-6.266720866141732
11
5.8243033464566931
21
-6.2665609448818893
0
LINE
8
BLACK
6
CONTINUOUS
10
5.8243033464566931
20
-6.2665609448818893
11
5.8211304330708664
21
-6.2642556692913383
0
LINE
8
BLACK
6
CONTINUOUS
10
5.8211304330708664
20
-6.2642556692913383
11
5.814261771653543
21
-6.2611975590551179
0
LINE
8
BLACK
6
CONTINUOUS
10
5.814261771653543
20
-6.2611975590551179
11
5.8069074015748035
21
-6.2596343307086615
0
LINE
8
BLACK
6
CONTINUOUS
10
5.8069074015748035
20
-6.2596343307086615
11
5.7993887401574806
21
-6.2596343307086615
0
LINE
8
BLACK
6
CONTINUOUS
10
5.7993887401574806
20
-6.2596343307086615
11
5.7920343307086615
21
-6.2611975590551179
0
LINE
8
BLACK
6
CONTINUOUS
10
5.7920343307086615
20
-6.2611975590551179
11
5.785165669291338
21
-6.2642556692913383
0
LINE
8
BLACK
6
CONTINUOUS
10
5.785165669291338
20
-6.2642556692913383
11
5.7790828740157476
21
-6.2686750787401575
0
LINE
8
BLACK
6
CONTINUOUS
10
5.7790828740157476
20
-6.2686750787401575
11
5.7740522047244092
21
-6.2742622047244092
0
LINE
8
BLACK
6
CONTINUOUS
10
5.7740522047244092
20
-6.2742622047244092
11
5.7740519291338579
21
-6.2742625984251967
0
LINE
8
BLACK
6
CONTINUOUS
10
5.7740519291338579
20
-6.2742625984251967
11
5.7702927952755907
21
-6.2807736220472439
0
LINE
8
BLACK
6
CONTINUOUS
10
5.7702927952755907
20
-6.2807736220472439
11
5.7702926771653544
21
-6.2807738976377951
0
LINE
8
BLACK
6
CONTINUOUS
10
5.7702926771653544
20
-6.2807738976377951
11
5.767969212598425
21
-6.2879245669291342
0
LINE
8
BLACK
6
CONTINUOUS
10
5.767969212598425
20
-6.2879245669291342
11
5.7671833464566928
21
-6.2954020472440941
0
LINE
8
BLACK
6
CONTINUOUS
10
5.7671833464566928
20
-6.2954020472440941
11
5.767969212598425
21
-6.3028794881889763
0
LINE
8
BLACK
6
CONTINUOUS
10
4.3385164566929131
20
-6.1296880708661412
11
4.3387621259842515
21
-6.1310287007874011
0
LINE
8
BLACK
6
CONTINUOUS
10
4.3387621259842515
20
-6.1310287007874011
11
4.3388072047244091
21
-6.1313248818897632
0
LINE
8
BLACK
6
CONTINUOUS
10
4.3388072047244091
20
-6.1313248818897632
11
4.3390957480314958
21
-6.1337012992125981
0
LINE
8
BLACK
6
CONTINUOUS
10
4.3390957480314958
20
-6.1337012992125981
11
4.3390957874015745
21
-6.1337014566929131
0
LINE
8
BLACK
6
CONTINUOUS
10
4.3390957874015745
20
-6.1337014566929131
11
4.3392381496062988
21
-6.1340768503937007
0
LINE
8
BLACK
6
CONTINUOUS
10
4.3392381496062988
20
-6.1340768503937007
11
4.3394791338582674
21
-6.1349412598425195
0
LINE
8
BLACK
6
CONTINUOUS
10
4.3394791338582674
20
-6.1349412598425195
11
4.339551614173228
21
-6.1353366535433072
0
LINE
8
BLACK
6
CONTINUOUS
10
4.339551614173228
20
-6.1353366535433072
11
4.3405342913385825
21
-6.1375201968503932
0
LINE
8
BLACK
6
CONTINUOUS
10
4.3405342913385825
20
-6.1375201968503932
11
4.340648897637795
21
-6.137796850393701
0
LINE
8
BLACK
6
CONTINUOUS
10
4.340648897637795
20
-6.137796850393701
11
4.3412465748031499
21
-6.1393726771653538
0
LINE
8
BLACK
6
CONTINUOUS
10
4.3412465748031499
20
-6.1393726771653538
11
4.3414978346456694
21
-6.1400351968503939
0
LINE
8
BLACK
6
CONTINUOUS
10
4.3414978346456694
20
-6.1400351968503939
11
4.3417259448818895
21
-6.1403656692913389
0
LINE
8
BLACK
6
CONTINUOUS
10
4.3417259448818895
20
-6.1403656692913389
11
4.342166692913386
21
-6.1411471653543304
0
LINE
8
BLACK
6
CONTINUOUS
10
4.342166692913386
20
-6.1411471653543304
11
4.3423315748031497
21
-6.14151342519685
0
LINE
8
BLACK
6
CONTINUOUS
10
4.3423315748031497
20
-6.14151342519685
11
4.3423316535433072
21
-6.141513582677165
0
LINE
8
BLACK
6
CONTINUOUS
10
4.3423316535433072
20
-6.141513582677165
11
4.3438080708661415
21
-6.1433981102362205
0
LINE
8
BLACK
6
CONTINUOUS
10
4.3438080708661415
20
-6.1433981102362205
11
4.3439855511811025
21
-6.1436393307086616
0
LINE
8
BLACK
6
CONTINUOUS
10
4.3439855511811025
20
-6.1436393307086616
11
4.3453457480314963
21
-6.1456098425196846
0
LINE
8
BLACK
6
CONTINUOUS
10
4.3453457480314963
20
-6.1456098425196846
11
4.3471383858267716
21
-6.1471979921259843
0
LINE
8
BLACK
6
CONTINUOUS
10
4.3471383858267716
20
-6.1471979921259843
11
4.3473565354330708
21
-6.1474033858267711
0
LINE
8
BLACK
6
CONTINUOUS
10
4.3473565354330708
20
-6.1474033858267711
11
4.3538256299212597
21
-6.1538724803149609
0
LINE
8
BLACK
6
CONTINUOUS
10
4.3538256299212597
20
-6.1538724803149609
11
4.3540309842519687
21
-6.1540906299212601
0
LINE
8
BLACK
6
CONTINUOUS
10
4.3540309842519687
20
-6.1540906299212601
11
4.35561905511811
21
-6.1558831496062991
0
LINE
8
BLACK
6
CONTINUOUS
10
4.35561905511811
20
-6.1558831496062991
11
4.3556191732283462
21
-6.1558832677165354
0
LINE
8
BLACK
6
CONTINUOUS
10
4.3556191732283462
20
-6.1558832677165354
11
4.3575892913385825
21
-6.1572431496062991
0
LINE
8
BLACK
6
CONTINUOUS
10
4.3575892913385825
20
-6.1572431496062991
11
4.3578306692913387
21
-6.1574207480314955
0
LINE
8
BLACK
6
CONTINUOUS
10
4.3578306692913387
20
-6.1574207480314955
11
4.3597155118110233
21
-6.158897440944882
0
LINE
8
BLACK
6
CONTINUOUS
10
4.3597155118110233
20
-6.158897440944882
11
4.3600814960629917
21
-6.159062125984252
0
LINE
8
BLACK
6
CONTINUOUS
10
4.3600814960629917
20
-6.159062125984252
11
4.3608635826771653
21
-6.1595032677165351
0
LINE
8
BLACK
6
CONTINUOUS
10
4.3608635826771653
20
-6.1595032677165351
11
4.3611937007874015
21
-6.1597311417322835
0
LINE
8
BLACK
6
CONTINUOUS
10
4.3611937007874015
20
-6.1597311417322835
11
4.361193779527559
21
-6.1597311811023623
0
LINE
8
BLACK
6
CONTINUOUS
10
4.361193779527559
20
-6.1597311811023623
11
4.3611938976377953
21
-6.1597312598425198
0
LINE
8
BLACK
6
CONTINUOUS
10
4.3611938976377953
20
-6.1597312598425198
11
4.3611940551181103
21
-6.1597312992125985
0
LINE
8
BLACK
6
CONTINUOUS
10
4.3611940551181103
20
-6.1597312992125985
11
4.3611941732283466
21
-6.159731377952756
0
LINE
8
BLACK
6
CONTINUOUS
10
4.3611941732283466
20
-6.159731377952756
11
4.3634321259842519
21
-6.1605801181102358
0
LINE
8
BLACK
6
CONTINUOUS
10
4.3634321259842519
20
-6.1605801181102358
11
4.3637089763779526
21
-6.1606947637795271
0
LINE
8
BLACK
6
CONTINUOUS
10
4.3637089763779526
20
-6.1606947637795271
11
4.3658925590551183
21
-6.1616775196850391
0
LINE
8
BLACK
6
CONTINUOUS
10
4.3658925590551183
20
-6.1616775196850391
11
4.3659138582677164
21
-6.1616814173228347
0
LINE
8
BLACK
6
CONTINUOUS
10
4.3659138582677164
20
-6.1616814173228347
11
4.3659279527559054
21
-6.1616885039370075
0
LINE
8
BLACK
6
CONTINUOUS
10
4.3659279527559054
20
-6.1616885039370075
11
4.3661790551181099
21
-6.1617667716535429
0
LINE
8
BLACK
6
CONTINUOUS
10
4.3661790551181099
20
-6.1617667716535429
11
4.3661660236220472
21
-6.1618085039370074
0
LINE
8
BLACK
6
CONTINUOUS
10
4.3661660236220472
20
-6.1618085039370074
11
4.3684098818897636
21
-6.1629394094488186
0
LINE
8
BLACK
6
CONTINUOUS
10
4.3684098818897636
20
-6.1629394094488186
11
4.369829566929134
21
-6.1653471653543308
0
LINE
8
BLACK
6
CONTINUOUS
10
4.369829566929134
20
-6.1653471653543308
11
4.36998031496063
21
-6.1665607874015747
0
LINE
8
BLACK
6
CONTINUOUS
10
4.36998031496063
20
-6.1665607874015747
11
4.36998031496063
21
-6.1667664960629915
0
LINE
8
BLACK
6
CONTINUOUS
10
4.36998031496063
20
-6.1667664960629915
11
4.3702365748031493
21
-6.1691502362204726
0
LINE
8
BLACK
6
CONTINUOUS
10
4.3702365748031493
20
-6.1691502362204726
11
4.3702366535433068
21
-6.1691505511811018
0
LINE
8
BLACK
6
CONTINUOUS
10
4.3702366535433068
20
-6.1691505511811018
11
4.3722484251968501
21
-6.1745441732283464
0
LINE
8
BLACK
6
CONTINUOUS
10
4.3722484251968501
20
-6.1745441732283464
11
4.3722485039370076
21
-6.1745443700787401
0
LINE
8
BLACK
6
CONTINUOUS
10
4.3722485039370076
20
-6.1745443700787401
11
4.3756983858267713
21
-6.1791527952755905
0
LINE
8
BLACK
6
CONTINUOUS
10
4.3756983858267713
20
-6.1791527952755905
11
4.37800562992126
21
-6.1808800393700789
0
LINE
8
BLACK
6
CONTINUOUS
10
4.37800562992126
20
-6.1808800393700789
11
4.3796806692913384
21
-6.1831176771653542
0
LINE
8
BLACK
6
CONTINUOUS
10
4.3796806692913384
20
-6.1831176771653542
11
4.3798800393700787
21
-6.1859056692913388
0
LINE
8
BLACK
6
CONTINUOUS
10
4.3798800393700787
20
-6.1859056692913388
11
4.3785404724409451
21
-6.1883588976377952
0
LINE
8
BLACK
6
CONTINUOUS
10
4.3785404724409451
20
-6.1883588976377952
11
4.37800562992126
21
-6.1888223228346453
0
LINE
8
BLACK
6
CONTINUOUS
10
4.37800562992126
20
-6.1888223228346453
11
4.3756983858267713
21
-6.190549527559055
0
LINE
8
BLACK
6
CONTINUOUS
10
4.3756983858267713
20
-6.190549527559055
11
4.3722485039370076
21
-6.1951579527559053
0
LINE
8
BLACK
6
CONTINUOUS
10
4.3722485039370076
20
-6.1951579527559053
11
4.3722484251968501
21
-6.1951581496062991
0
LINE
8
BLACK
6
CONTINUOUS
10
4.3722484251968501
20
-6.1951581496062991
11
4.3702366535433068
21
-6.2005517716535428
0
LINE
8
BLACK
6
CONTINUOUS
10
4.3702366535433068
20
-6.2005517716535428
11
4.3702365748031493
21
-6.2005520866141728
0
LINE
8
BLACK
6
CONTINUOUS
10
4.3702365748031493
20
-6.2005520866141728
11
4.36998031496063
21
-6.202935826771653
0
LINE
8
BLACK
6
CONTINUOUS
10
4.36998031496063
20
-6.202935826771653
11
4.36998031496063
21
-6.2667664960629921
0
LINE
8
BLACK
6
CONTINUOUS
10
4.36998031496063
20
-6.2667664960629921
11
4.3702365748031493
21
-6.2691502362204723
0
LINE
8
BLACK
6
CONTINUOUS
10
4.3702365748031493
20
-6.2691502362204723
11
4.3702366535433068
21
-6.2691505511811023
0
LINE
8
BLACK
6
CONTINUOUS
10
4.3702366535433068
20
-6.2691505511811023
11
4.3722484251968501
21
-6.274544173228346
0
LINE
8
BLACK
6
CONTINUOUS
10
4.3722484251968501
20
-6.274544173228346
11
4.3722485039370076
21
-6.2745443700787398
0
LINE
8
BLACK
6
CONTINUOUS
10
4.3722485039370076
20
-6.2745443700787398
11
4.3756983464566925
21
-6.2791527952755901
0
LINE
8
BLACK
6
CONTINUOUS
10
4.3756983464566925
20
-6.2791527952755901
11
4.3803067716535429
21
-6.2826026377952751
0
LINE
8
BLACK
6
CONTINUOUS
10
4.3803067716535429
20
-6.2826026377952751
11
4.3803068503937004
21
-6.2826026771653538
0
LINE
8
BLACK
6
CONTINUOUS
10
4.3803068503937004
20
-6.2826026771653538
11
4.3803069291338579
21
-6.2826027165354326
0
LINE
8
BLACK
6
CONTINUOUS
10
4.3803069291338579
20
-6.2826027165354326
11
4.3815202755905513
21
-6.2830552755905513
0
LINE
8
BLACK
6
CONTINUOUS
10
4.3815202755905513
20
-6.2830552755905513
11
4.3857005905511812
21
-6.2846144881889758
0
LINE
8
BLACK
6
CONTINUOUS
10
4.3857005905511812
20
-6.2846144881889758
11
4.3857009055118112
21
-6.2846145669291333
0
LINE
8
BLACK
6
CONTINUOUS
10
4.3857009055118112
20
-6.2846145669291333
11
4.3880846456692915
21
-6.2848708267716535
0
LINE
8
BLACK
6
CONTINUOUS
10
4.3880846456692915
20
-6.2848708267716535
11
4.3880848425196852
21
-6.2848708267716535
0
LINE
8
BLACK
6
CONTINUOUS
10
4.3880848425196852
20
-6.2848708267716535
11
4.3880851181102365
21
-6.2848708661417323
0
LINE
8
BLACK
6
CONTINUOUS
10
4.3880851181102365
20
-6.2848708661417323
11
4.3882903937007871
21
-6.2848708661417323
0
LINE
8
BLACK
6
CONTINUOUS
10
4.3882903937007871
20
-6.2848708661417323
11
4.3909723228346458
21
-6.2856583464566924
0
LINE
8
BLACK
6
CONTINUOUS
10
4.3909723228346458
20
-6.2856583464566924
11
4.3928027559055121
21
-6.2877707874015742
0
LINE
8
BLACK
6
CONTINUOUS
10
4.3928027559055121
20
-6.2877707874015742
11
4.3931697244094483
21
-6.2889370472440946
0
LINE
8
BLACK
6
CONTINUOUS
10
4.3931697244094483
20
-6.2889370472440946
11
4.3931737007874014
21
-6.2889587401574802
0
LINE
8
BLACK
6
CONTINUOUS
10
4.3931737007874014
20
-6.2889587401574802
11
4.3941563779527559
21
-6.2911422834645672
0
LINE
8
BLACK
6
CONTINUOUS
10
4.3941563779527559
20
-6.2911422834645672
11
4.3942709842519685
21
-6.2914189370078741
0
LINE
8
BLACK
6
CONTINUOUS
10
4.3942709842519685
20
-6.2914189370078741
11
4.3948686614173225
21
-6.2929947637795278
0
LINE
8
BLACK
6
CONTINUOUS
10
4.3948686614173225
20
-6.2929947637795278
11
4.3951199212598429
21
-6.293657283464567
0
LINE
8
BLACK
6
CONTINUOUS
10
4.3951199212598429
20
-6.293657283464567
11
4.3953480314960629
21
-6.293987755905512
0
LINE
8
BLACK
6
CONTINUOUS
10
4.3953480314960629
20
-6.293987755905512
11
4.3957887795275585
21
-6.2947692519685035
0
LINE
8
BLACK
6
CONTINUOUS
10
4.3957887795275585
20
-6.2947692519685035
11
4.3959536614173231
21
-6.295135511811023
0
LINE
8
BLACK
6
CONTINUOUS
10
4.3959536614173231
20
-6.295135511811023
11
4.3959537401574806
21
-6.2951356692913381
0
LINE
8
BLACK
6
CONTINUOUS
10
4.3959537401574806
20
-6.2951356692913381
11
4.397430157480315
21
-6.2970201968503936
0
LINE
8
BLACK
6
CONTINUOUS
10
4.397430157480315
20
-6.2970201968503936
11
4.3976076377952751
21
-6.2972614173228347
0
LINE
8
BLACK
6
CONTINUOUS
10
4.3976076377952751
20
-6.2972614173228347
11
4.3989678346456689
21
-6.2992319291338585
0
LINE
8
BLACK
6
CONTINUOUS
10
4.3989678346456689
20
-6.2992319291338585
11
4.3989678740157476
21
-6.2992319685039373
0
LINE
8
BLACK
6
CONTINUOUS
10
4.3989678740157476
20
-6.2992319685039373
11
4.3989679133858264
21
-6.299232007874016
0
LINE
8
BLACK
6
CONTINUOUS
10
4.3989679133858264
20
-6.299232007874016
11
4.4001596456692909
21
-6.3002877952755902
0
LINE
8
BLACK
6
CONTINUOUS
10
4.4001596456692909
20
-6.3002877952755902
11
4.400760472440945
21
-6.3008200787401574
0
LINE
8
BLACK
6
CONTINUOUS
10
4.400760472440945
20
-6.3008200787401574
11
4.4009786220472442
21
-6.3010254724409451
0
LINE
8
BLACK
6
CONTINUOUS
10
4.4009786220472442
20
-6.3010254724409451
11
4.4074477165354331
21
-6.307494566929134
0
LINE
8
BLACK
6
CONTINUOUS
10
4.4074477165354331
20
-6.307494566929134
11
4.4076530708661412
21
-6.3077127165354332
0
LINE
8
BLACK
6
CONTINUOUS
10
4.4076530708661412
20
-6.3077127165354332
11
4.4092411417322834
21
-6.3095052362204722
0
LINE
8
BLACK
6
CONTINUOUS
10
4.4092411417322834
20
-6.3095052362204722
11
4.4092412598425197
21
-6.3095053543307085
0
LINE
8
BLACK
6
CONTINUOUS
10
4.4092412598425197
20
-6.3095053543307085
11
4.411211377952756
21
-6.3108652362204722
0
LINE
8
BLACK
6
CONTINUOUS
10
4.411211377952756
20
-6.3108652362204722
11
4.4114527559055121
21
-6.3110428346456695
0
LINE
8
BLACK
6
CONTINUOUS
10
4.4114527559055121
20
-6.3110428346456695
11
4.4133375984251968
21
-6.3125195275590551
0
LINE
8
BLACK
6
CONTINUOUS
10
4.4133375984251968
20
-6.3125195275590551
11
4.4137035826771651
21
-6.312684212598425
0
LINE
8
BLACK
6
CONTINUOUS
10
4.4137035826771651
20
-6.312684212598425
11
4.4144856692913388
21
-6.3131253543307082
0
LINE
8
BLACK
6
CONTINUOUS
10
4.4144856692913388
20
-6.3131253543307082
11
4.414815787401575
21
-6.3133532283464566
0
LINE
8
BLACK
6
CONTINUOUS
10
4.414815787401575
20
-6.3133532283464566
11
4.4148158661417325
21
-6.3133532677165354
0
LINE
8
BLACK
6
CONTINUOUS
10
4.4148158661417325
20
-6.3133532677165354
11
4.4148159842519688
21
-6.3133533464566929
0
LINE
8
BLACK
6
CONTINUOUS
10
4.4148159842519688
20
-6.3133533464566929
11
4.4148161417322838
21
-6.3133533858267716
0
LINE
8
BLACK
6
CONTINUOUS
10
4.4148161417322838
20
-6.3133533858267716
11
4.41481625984252
21
-6.3133534645669291
0
LINE
8
BLACK
6
CONTINUOUS
10
4.41481625984252
20
-6.3133534645669291
11
4.4170542125984253
21
-6.3142022047244097
0
LINE
8
BLACK
6
CONTINUOUS
10
4.4170542125984253
20
-6.3142022047244097
11
4.4173310629921261
21
-6.3143168503937011
0
LINE
8
BLACK
6
CONTINUOUS
10
4.4173310629921261
20
-6.3143168503937011
11
4.4195146456692909
21
-6.3152996062992122
0
LINE
8
BLACK
6
CONTINUOUS
10
4.4195146456692909
20
-6.3152996062992122
11
4.419909645669291
21
-6.3153719685039365
0
LINE
8
BLACK
6
CONTINUOUS
10
4.419909645669291
20
-6.3153719685039365
11
4.4207743700787399
21
-6.3156130708661413
0
LINE
8
BLACK
6
CONTINUOUS
10
4.4207743700787399
20
-6.3156130708661413
11
4.4211494488188974
21
-6.3157553149606294
0
LINE
8
BLACK
6
CONTINUOUS
10
4.4211494488188974
20
-6.3157553149606294
11
4.4211495275590549
21
-6.3157553149606294
0
LINE
8
BLACK
6
CONTINUOUS
10
4.4211495275590549
20
-6.3157553149606294
11
4.4211496062992124
21
-6.3157553543307081
0
LINE
8
BLACK
6
CONTINUOUS
10
4.4211496062992124
20
-6.3157553543307081
11
4.4235277952755903
21
-6.3160440944881886
0
LINE
8
BLACK
6
CONTINUOUS
10
4.4235277952755903
20
-6.3160440944881886
11
4.4238205905511814
21
-6.3160886614173224
0
LINE
8
BLACK
6
CONTINUOUS
10
4.4238205905511814
20
-6.3160886614173224
11
4.4261774803149603
21
-6.316520590551181
0
LINE
8
BLACK
6
CONTINUOUS
10
4.4261774803149603
20
-6.316520590551181
11
4.4285673622047241
21
-6.3163760236220474
0
LINE
8
BLACK
6
CONTINUOUS
10
4.4285673622047241
20
-6.3163760236220474
11
4.4288668897637793
21
-6.316366968503937
0
LINE
8
BLACK
6
CONTINUOUS
10
4.4288668897637793
20
-6.316366968503937
11
4.5679048425196846
21
-6.316366968503937
0
LINE
8
BLACK
6
CONTINUOUS
10
4.5679048425196846
20
-6.316366968503937
11
4.5682043700787398
21
-6.3163760236220474
0
LINE
8
BLACK
6
CONTINUOUS
10
4.5682043700787398
20
-6.3163760236220474
11
4.5705942519685037
21
-6.316520590551181
0
LINE
8
BLACK
6
CONTINUOUS
10
4.5705942519685037
20
-6.316520590551181
11
4.5729508661417322
21
-6.3160887007874011
0
LINE
8
BLACK
6
CONTINUOUS
10
4.5729508661417322
20
-6.3160887007874011
11
4.5732440551181099
21
-6.3160440944881886
0
LINE
8
BLACK
6
CONTINUOUS
10
4.5732440551181099
20
-6.3160440944881886
11
4.5756221259842516
21
-6.3157553543307081
0
LINE
8
BLACK
6
CONTINUOUS
10
4.5756221259842516
20
-6.3157553543307081
11
4.5759972834645666
21
-6.3156130314960626
0
LINE
8
BLACK
6
CONTINUOUS
10
4.5759972834645666
20
-6.3156130314960626
11
4.576862401574803
21
-6.3153719291338577
0
LINE
8
BLACK
6
CONTINUOUS
10
4.576862401574803
20
-6.3153719291338577
11
4.5772570866141731
21
-6.3152996062992122
0
LINE
8
BLACK
6
CONTINUOUS
10
4.5772570866141731
20
-6.3152996062992122
11
4.5794408661417325
21
-6.314316692913386
0
LINE
8
BLACK
6
CONTINUOUS
10
4.5794408661417325
20
-6.314316692913386
11
4.5797166535433069
21
-6.3142024803149601
0
LINE
8
BLACK
6
CONTINUOUS
10
4.5797166535433069
20
-6.3142024803149601
11
4.5819557480314961
21
-6.3133533464566929
0
LINE
8
BLACK
6
CONTINUOUS
10
4.5819557480314961
20
-6.3133533464566929
11
4.5822861023622048
21
-6.3131252755905507
0
LINE
8
BLACK
6
CONTINUOUS
10
4.5822861023622048
20
-6.3131252755905507
11
4.5830678346456688
21
-6.3126843307086613
0
LINE
8
BLACK
6
CONTINUOUS
10
4.5830678346456688
20
-6.3126843307086613
11
4.583434133858268
21
-6.3125195275590551
0
LINE
8
BLACK
6
CONTINUOUS
10
4.583434133858268
20
-6.3125195275590551
11
4.5853205118110232
21
-6.3110415748031494
0
LINE
8
BLACK
6
CONTINUOUS
10
4.5853205118110232
20
-6.3110415748031494
11
4.585558897637795
21
-6.3108661811023623
0
LINE
8
BLACK
6
CONTINUOUS
10
4.585558897637795
20
-6.3108661811023623
11
4.5875304724409451
21
-6.3095053543307085
0
LINE
8
BLACK
6
CONTINUOUS
10
4.5875304724409451
20
-6.3095053543307085
11
4.5891192125984253
21
-6.3077119685039369
0
LINE
8
BLACK
6
CONTINUOUS
10
4.5891192125984253
20
-6.3077119685039369
11
4.5893233464566929
21
-6.3074951574803144
0
LINE
8
BLACK
6
CONTINUOUS
10
4.5893233464566929
20
-6.3074951574803144
11
4.5926439763779525
21
-6.3041745275590548
0
LINE
8
BLACK
6
CONTINUOUS
10
4.5926439763779525
20
-6.3041745275590548
11
4.592860787401575
21
-6.3039703937007872
0
LINE
8
BLACK
6
CONTINUOUS
10
4.592860787401575
20
-6.3039703937007872
11
4.5946541732283466
21
-6.302381653543307
0
LINE
8
BLACK
6
CONTINUOUS
10
4.5946541732283466
20
-6.302381653543307
11
4.5960142125984254
21
-6.3004112992125982
0
LINE
8
BLACK
6
CONTINUOUS
10
4.5960142125984254
20
-6.3004112992125982
11
4.5961918110236217
21
-6.3001698818897633
0
LINE
8
BLACK
6
CONTINUOUS
10
4.5961918110236217
20
-6.3001698818897633
11
4.5976683464566932
21
-6.2982852755905512
0
LINE
8
BLACK
6
CONTINUOUS
10
4.5976683464566932
20
-6.2982852755905512
11
4.5978329133858269
21
-6.2979195275590554
0
LINE
8
BLACK
6
CONTINUOUS
10
4.5978329133858269
20
-6.2979195275590554
11
4.5982740157480313
21
-6.297137401574803
0
LINE
8
BLACK
6
CONTINUOUS
10
4.5982740157480313
20
-6.297137401574803
11
4.598502165354331
21
-6.296806929133858
0
LINE
8
BLACK
6
CONTINUOUS
10
4.598502165354331
20
-6.296806929133858
11
4.5993511023622045
21
-6.2945682677165351
0
LINE
8
BLACK
6
CONTINUOUS
10
4.5993511023622045
20
-6.2945682677165351
11
4.5994655118110233
21
-6.2942920866141732
0
LINE
8
BLACK
6
CONTINUOUS
10
4.5994655118110233
20
-6.2942920866141732
11
4.6004484251968503
21
-6.292108267716535
0
LINE
8
BLACK
6
CONTINUOUS
10
4.6004484251968503
20
-6.292108267716535
11
4.6005207874015746
21
-6.2917131496062995
0
LINE
8
BLACK
6
CONTINUOUS
10
4.6005207874015746
20
-6.2917131496062995
11
4.6007617322834644
21
-6.290848858267716
0
LINE
8
BLACK
6
CONTINUOUS
10
4.6007617322834644
20
-6.290848858267716
11
4.6009041732283462
21
-6.2904733070866143
0
LINE
8
BLACK
6
CONTINUOUS
10
4.6009041732283462
20
-6.2904733070866143
11
4.6011929133858267
21
-6.2880951574803152
0
LINE
8
BLACK
6
CONTINUOUS
10
4.6011929133858267
20
-6.2880951574803152
11
4.6012375196850392
21
-6.2878020078740153
0
LINE
8
BLACK
6
CONTINUOUS
10
4.6012375196850392
20
-6.2878020078740153
11
4.6016694094488191
21
-6.2854453937007877
0
LINE
8
BLACK
6
CONTINUOUS
10
4.6016694094488191
20
-6.2854453937007877
11
4.6015248425196846
21
-6.2830552755905513
0
LINE
8
BLACK
6
CONTINUOUS
10
4.6015248425196846
20
-6.2830552755905513
11
4.6015157874015751
21
-6.2827557874015749
0
LINE
8
BLACK
6
CONTINUOUS
10
4.6015157874015751
20
-6.2827557874015749
11
4.6015157874015751
21
-6.2273881496062993
0
LINE
8
BLACK
6
CONTINUOUS
10
4.6015157874015751
20
-6.2273881496062993
11
4.6023032677165352
21
-6.2247062204724406
0
LINE
8
BLACK
6
CONTINUOUS
10
4.6023032677165352
20
-6.2247062204724406
11
4.6029687401574799
21
-6.2238804724409444
0
LINE
8
BLACK
6
CONTINUOUS
10
4.6029687401574799
20
-6.2238804724409444
11
4.6557698818897633
21
-6.1710793307086611
0
LINE
8
BLACK
6
CONTINUOUS
10
4.6557698818897633
20
-6.1710793307086611
11
4.6582231102362206
21
-6.1697397244094487
0
LINE
8
BLACK
6
CONTINUOUS
10
4.6582231102362206
20
-6.1697397244094487
11
4.6592775590551181
21
-6.1696263779527554
0
LINE
8
BLACK
6
CONTINUOUS
10
4.6592775590551181
20
-6.1696263779527554
11
4.8259289370078742
21
-6.1696263779527554
0
LINE
8
BLACK
6
CONTINUOUS
10
4.8259289370078742
20
-6.1696263779527554
11
4.828610866141732
21
-6.1704138582677164
0
LINE
8
BLACK
6
CONTINUOUS
10
4.828610866141732
20
-6.1704138582677164
11
4.8288446850393703
21
-6.1705737401574803
0
LINE
8
BLACK
6
CONTINUOUS
10
4.8288446850393703
20
-6.1705737401574803
11
4.8320176377952757
21
-6.1728790551181101
0
LINE
8
BLACK
6
CONTINUOUS
10
4.8320176377952757
20
-6.1728790551181101
11
4.8388862992125983
21
-6.1759371653543305
0
LINE
8
BLACK
6
CONTINUOUS
10
4.8388862992125983
20
-6.1759371653543305
11
4.8462406692913387
21
-6.1775003937007869
0
LINE
8
BLACK
6
CONTINUOUS
10
4.8462406692913387
20
-6.1775003937007869
11
4.8537593307086615
21
-6.1775003937007869
0
LINE
8
BLACK
6
CONTINUOUS
10
4.8537593307086615
20
-6.1775003937007869
11
4.8611137007874019
21
-6.1759371653543305
0
LINE
8
BLACK
6
CONTINUOUS
10
4.8611137007874019
20
-6.1759371653543305
11
4.8679823622047245
21
-6.1728790551181101
0
LINE
8
BLACK
6
CONTINUOUS
10
4.8679823622047245
20
-6.1728790551181101
11
4.8740650787401574
21
-6.1684596850393696
0
LINE
8
BLACK
6
CONTINUOUS
10
4.8740650787401574
20
-6.1684596850393696
11
4.8786768110236221
21
-6.1633378346456693
0
LINE
8
BLACK
6
CONTINUOUS
10
4.8786768110236221
20
-6.1633378346456693
11
4.8790958267716533
21
-6.1628724803149604
0
LINE
8
BLACK
6
CONTINUOUS
10
4.8790958267716533
20
-6.1628724803149604
11
4.8790958661417321
21
-6.1628724015748029
0
LINE
8
BLACK
6
CONTINUOUS
10
4.8790958661417321
20
-6.1628724015748029
11
4.8790960629921258
21
-6.1628722047244091
0
LINE
8
BLACK
6
CONTINUOUS
10
4.8790960629921258
20
-6.1628722047244091
11
4.8828553937007877
21
-6.1563608661417319
0
LINE
8
BLACK
6
CONTINUOUS
10
4.8828553937007877
20
-6.1563608661417319
11
4.8851788188976375
21
-6.1492101574803151
0
LINE
8
BLACK
6
CONTINUOUS
10
4.8851788188976375
20
-6.1492101574803151
11
4.8859647244094484
21
-6.1417326771653542
0
LINE
8
BLACK
6
CONTINUOUS
10
4.8859647244094484
20
-6.1417326771653542
11
4.8853343700787404
21
-6.1357350393700782
0
LINE
8
BLACK
6
CONTINUOUS
10
4.8853343700787404
20
-6.1357350393700782
11
4.8858372047244094
21
-6.1329855118110235
0
LINE
8
BLACK
6
CONTINUOUS
10
4.8858372047244094
20
-6.1329855118110235
11
4.8877467716535428
21
-6.1309442913385821
0
LINE
8
BLACK
6
CONTINUOUS
10
4.8877467716535428
20
-6.1309442913385821
11
4.8902678346456696
21
-6.1302559055118113
0
LINE
8
BLACK
6
CONTINUOUS
10
4.8902678346456696
20
-6.1302559055118113
11
4.8987535433070866
21
-6.1302559055118113
0
LINE
8
BLACK
6
CONTINUOUS
10
4.8987535433070866
20
-6.1302559055118113
11
4.9014354724409444
21
-6.1310433858267714
0
LINE
8
BLACK
6
CONTINUOUS
10
4.9014354724409444
20
-6.1310433858267714
11
4.9022612204724405
21
-6.1317088582677162
0
LINE
8
BLACK
6
CONTINUOUS
10
4.9022612204724405
20
-6.1317088582677162
11
4.9132021259842515
21
-6.1426497637795272
0
LINE
8
BLACK
6
CONTINUOUS
10
4.9132021259842515
20
-6.1426497637795272
11
4.9145417322834648
21
-6.1451029921259845
0
LINE
8
BLACK
6
CONTINUOUS
10
4.9145417322834648
20
-6.1451029921259845
11
4.9146279133858268
21
-6.1456388582677164
0
LINE
8
BLACK
6
CONTINUOUS
10
4.9146279133858268
20
-6.1456388582677164
11
4.9148211417322836
21
-6.1474774409448818
0
LINE
8
BLACK
6
CONTINUOUS
10
4.9148211417322836
20
-6.1474774409448818
11
4.9160049606299214
21
-6.1511208661417323
0
LINE
8
BLACK
6
CONTINUOUS
10
4.9160049606299214
20
-6.1511208661417323
11
4.9171446062992121
21
-6.1546281889763774
0
LINE
8
BLACK
6
CONTINUOUS
10
4.9171446062992121
20
-6.1546281889763774
11
4.9181449212598425
21
-6.1563607874015744
0
LINE
8
BLACK
6
CONTINUOUS
10
4.9181449212598425
20
-6.1563607874015744
11
4.9209038582677165
21
-6.1611394094488183
0
LINE
8
BLACK
6
CONTINUOUS
10
4.9209038582677165
20
-6.1611394094488183
11
4.9209041338582677
21
-6.1611398031496059
0
LINE
8
BLACK
6
CONTINUOUS
10
4.9209041338582677
20
-6.1611398031496059
11
4.9259348031496062
21
-6.1667269291338584
0
LINE
8
BLACK
6
CONTINUOUS
10
4.9259348031496062
20
-6.1667269291338584
11
4.9283196456692915
21
-6.1684596062992121
0
LINE
8
BLACK
6
CONTINUOUS
10
4.9283196456692915
20
-6.1684596062992121
11
4.9320176377952754
21
-6.1711463779527556
0
LINE
8
BLACK
6
CONTINUOUS
10
4.9320176377952754
20
-6.1711463779527556
11
4.9388862992125979
21
-6.1742044881889759
0
LINE
8
BLACK
6
CONTINUOUS
10
4.9388862992125979
20
-6.1742044881889759
11
4.9462406692913383
21
-6.1757677165354332
0
LINE
8
BLACK
6
CONTINUOUS
10
4.9462406692913383
20
-6.1757677165354332
11
4.9537593307086611
21
-6.1757677165354332
0
LINE
8
BLACK
6
CONTINUOUS
10
4.9537593307086611
20
-6.1757677165354332
11
4.9611137007874015
21
-6.1742044881889759
0
LINE
8
BLACK
6
CONTINUOUS
10
4.9611137007874015
20
-6.1742044881889759
11
4.9679823622047241
21
-6.1711463779527556
0
LINE
8
BLACK
6
CONTINUOUS
10
4.9679823622047241
20
-6.1711463779527556
11
4.974065078740157
21
-6.166727007874016
0
LINE
8
BLACK
6
CONTINUOUS
10
4.974065078740157
20
-6.166727007874016
11
4.9742147637795275
21
-6.1665607874015747
0
LINE
8
BLACK
6
CONTINUOUS
10
4.9742147637795275
20
-6.1665607874015747
11
4.9790958267716539
21
-6.1611398031496059
0
LINE
8
BLACK
6
CONTINUOUS
10
4.9790958267716539
20
-6.1611398031496059
11
4.9790958661417326
21
-6.1611397244094483
0
LINE
8
BLACK
6
CONTINUOUS
10
4.9790958661417326
20
-6.1611397244094483
11
4.9790960629921255
21
-6.1611395275590546
0
LINE
8
BLACK
6
CONTINUOUS
10
4.9790960629921255
20
-6.1611395275590546
11
4.9828553937007873
21
-6.1546281889763774
0
LINE
8
BLACK
6
CONTINUOUS
10
4.9828553937007873
20
-6.1546281889763774
11
4.9847785433070868
21
-6.1487094488188978
0
LINE
8
BLACK
6
CONTINUOUS
10
4.9847785433070868
20
-6.1487094488188978
11
4.985178818897638
21
-6.1474774803149606
0
LINE
8
BLACK
6
CONTINUOUS
10
4.985178818897638
20
-6.1474774803149606
11
4.9859647244094489
21
-6.1399999999999997
0
LINE
8
BLACK
6
CONTINUOUS
10
4.9859647244094489
20
-6.1399999999999997
11
4.985178818897638
21
-6.1325225196850388
0
LINE
8
BLACK
6
CONTINUOUS
10
4.985178818897638
20
-6.1325225196850388
11
4.9828553937007873
21
-6.1253718110236219
0
LINE
8
BLACK
6
CONTINUOUS
10
4.9828553937007873
20
-6.1253718110236219
11
4.9790960629921255
21
-6.1188604724409448
0
LINE
8
BLACK
6
CONTINUOUS
10
4.9790960629921255
20
-6.1188604724409448
11
4.979095984251968
21
-6.1188603937007873
0
LINE
8
BLACK
6
CONTINUOUS
10
4.979095984251968
20
-6.1188603937007873
11
4.9790958267716539
21
-6.1188601574803148
0
LINE
8
BLACK
6
CONTINUOUS
10
4.9790958267716539
20
-6.1188601574803148
11
4.9740651574803145
21
-6.113273031496063
0
LINE
8
BLACK
6
CONTINUOUS
10
4.9740651574803145
20
-6.113273031496063
11
4.9679823622047241
21
-6.1088536220472438
0
LINE
8
BLACK
6
CONTINUOUS
10
4.9679823622047241
20
-6.1088536220472438
11
4.9611137007874015
21
-6.1057955118110234
0
LINE
8
BLACK
6
CONTINUOUS
10
4.9611137007874015
20
-6.1057955118110234
11
4.9550957086614176
21
-6.1045163385826768
0
LINE
8
BLACK
6
CONTINUOUS
10
4.9550957086614176
20
-6.1045163385826768
11
4.952636102362205
21
-6.1031884251968505
0
LINE
8
BLACK
6
CONTINUOUS
10
4.952636102362205
20
-6.1031884251968505
11
4.9526194094488192
21
-6.1031717716535434
0
LINE
8
BLACK
6
CONTINUOUS
10
4.9526194094488192
20
-6.1031717716535434
11
4.9327884645669293
21
-6.0833408267716536
0
LINE
8
BLACK
6
CONTINUOUS
10
4.9327884645669293
20
-6.0833408267716536
11
4.9325830708661416
21
-6.0831226771653544
0
LINE
8
BLACK
6
CONTINUOUS
10
4.9325830708661416
20
-6.0831226771653544
11
4.9309950000000002
21
-6.0813301181102357
0
LINE
8
BLACK
6
CONTINUOUS
10
4.9309950000000002
20
-6.0813301181102357
11
4.9309949606299215
21
-6.081330078740157
0
LINE
8
BLACK
6
CONTINUOUS
10
4.9309949606299215
20
-6.081330078740157
11
4.9309949212598427
21
-6.0813300393700782
0
LINE
8
BLACK
6
CONTINUOUS
10
4.9309949212598427
20
-6.0813300393700782
11
4.9290244094488189
21
-6.0799698425196853
0
LINE
8
BLACK
6
CONTINUOUS
10
4.9290244094488189
20
-6.0799698425196853
11
4.9287831889763778
21
-6.0797923622047243
0
LINE
8
BLACK
6
CONTINUOUS
10
4.9287831889763778
20
-6.0797923622047243
11
4.9268986614173231
21
-6.07831594488189
0
LINE
8
BLACK
6
CONTINUOUS
10
4.9268986614173231
20
-6.07831594488189
11
4.9268985039370081
21
-6.0783158661417325
0
LINE
8
BLACK
6
CONTINUOUS
10
4.9268985039370081
20
-6.0783158661417325
11
4.9265322440944876
21
-6.0781509842519688
0
LINE
8
BLACK
6
CONTINUOUS
10
4.9265322440944876
20
-6.0781509842519688
11
4.9257507480314962
21
-6.0777102362204722
0
LINE
8
BLACK
6
CONTINUOUS
10
4.9257507480314962
20
-6.0777102362204722
11
4.9254202755905512
21
-6.0774821259842522
0
LINE
8
BLACK
6
CONTINUOUS
10
4.9254202755905512
20
-6.0774821259842522
11
4.924757755905512
21
-6.0772308661417318
0
LINE
8
BLACK
6
CONTINUOUS
10
4.924757755905512
20
-6.0772308661417318
11
4.9231819291338583
21
-6.0766331889763778
0
LINE
8
BLACK
6
CONTINUOUS
10
4.9231819291338583
20
-6.0766331889763778
11
4.9229052755905514
21
-6.0765185826771653
0
LINE
8
BLACK
6
CONTINUOUS
10
4.9229052755905514
20
-6.0765185826771653
11
4.9207217322834644
21
-6.0755359055118108
0
LINE
8
BLACK
6
CONTINUOUS
10
4.9207217322834644
20
-6.0755359055118108
11
4.9207216535433069
21
-6.075535866141732
0
LINE
8
BLACK
6
CONTINUOUS
10
4.9207216535433069
20
-6.075535866141732
11
4.9207216141732282
21
-6.075535866141732
0
LINE
8
BLACK
6
CONTINUOUS
10
4.9207216141732282
20
-6.075535866141732
11
4.9203262204724405
21
-6.0754633858267715
0
LINE
8
BLACK
6
CONTINUOUS
10
4.9203262204724405
20
-6.0754633858267715
11
4.9194620472440942
21
-6.0752224409448816
0
LINE
8
BLACK
6
CONTINUOUS
10
4.9194620472440942
20
-6.0752224409448816
11
4.9190866535433067
21
-6.0750801181102361
0
LINE
8
BLACK
6
CONTINUOUS
10
4.9190866535433067
20
-6.0750801181102361
11
4.9190866141732279
21
-6.0750800787401573
0
LINE
8
BLACK
6
CONTINUOUS
10
4.9190866141732279
20
-6.0750800787401573
11
4.9190865354330704
21
-6.0750800787401573
0
LINE
8
BLACK
6
CONTINUOUS
10
4.9190865354330704
20
-6.0750800787401573
11
4.9190863779527554
21
-6.0750800393700786
0
LINE
8
BLACK
6
CONTINUOUS
10
4.9190863779527554
20
-6.0750800393700786
11
4.9167099606299214
21
-6.0747914960629918
0
LINE
8
BLACK
6
CONTINUOUS
10
4.9167099606299214
20
-6.0747914960629918
11
4.9164139370078743
21
-6.0747464173228343
0
LINE
8
BLACK
6
CONTINUOUS
10
4.9164139370078743
20
-6.0747464173228343
11
4.914897165354331
21
-6.0744685039370081
0
LINE
8
BLACK
6
CONTINUOUS
10
4.914897165354331
20
-6.0744685039370081
11
4.9140588188976375
21
-6.0743148818897632
0
LINE
8
BLACK
6
CONTINUOUS
10
4.9140588188976375
20
-6.0743148818897632
11
4.9140587795275588
21
-6.0743148818897632
0
LINE
8
BLACK
6
CONTINUOUS
10
4.9140587795275588
20
-6.0743148818897632
11
4.9120524409448816
21
-6.0744362204724407
0
LINE
8
BLACK
6
CONTINUOUS
10
4.9120524409448816
20
-6.0744362204724407
11
4.9116688976377949
21
-6.0744594488188977
0
LINE
8
BLACK
6
CONTINUOUS
10
4.9116688976377949
20
-6.0744594488188977
11
4.9113693700787397
21
-6.0744685039370081
0
LINE
8
BLACK
6
CONTINUOUS
10
4.9113693700787397
20
-6.0744685039370081
11
4.6468677165354331
21
-6.0744685039370081
0
LINE
8
BLACK
6
CONTINUOUS
10
4.6468677165354331
20
-6.0744685039370081
11
4.6441857874015744
21
-6.0736810236220471
0
LINE
8
BLACK
6
CONTINUOUS
10
4.6441857874015744
20
-6.0736810236220471
11
4.6433600393700782
21
-6.0730155511811024
0
LINE
8
BLACK
6
CONTINUOUS
10
4.6433600393700782
20
-6.0730155511811024
11
4.5861742913385823
21
-6.0158298031496065
0
LINE
8
BLACK
6
CONTINUOUS
10
4.5861742913385823
20
-6.0158298031496065
11
4.5859688976377955
21
-6.0156116535433073
0
LINE
8
BLACK
6
CONTINUOUS
10
4.5859688976377955
20
-6.0156116535433073
11
4.5843807480314958
21
-6.0138190157480311
0
LINE
8
BLACK
6
CONTINUOUS
10
4.5843807480314958
20
-6.0138190157480311
11
4.5824102362204719
21
-6.0124588188976373
0
LINE
8
BLACK
6
CONTINUOUS
10
4.5824102362204719
20
-6.0124588188976373
11
4.5821690157480317
21
-6.0122813385826772
0
LINE
8
BLACK
6
CONTINUOUS
10
4.5821690157480317
20
-6.0122813385826772
11
4.5802844881889762
21
-6.010804921259842
0
LINE
8
BLACK
6
CONTINUOUS
10
4.5802844881889762
20
-6.010804921259842
11
4.5802843307086611
21
-6.0108048425196845
0
LINE
8
BLACK
6
CONTINUOUS
10
4.5802843307086611
20
-6.0108048425196845
11
4.5799180708661416
21
-6.0106399606299208
0
LINE
8
BLACK
6
CONTINUOUS
10
4.5799180708661416
20
-6.0106399606299208
11
4.5791365748031492
21
-6.0101992125984252
0
LINE
8
BLACK
6
CONTINUOUS
10
4.5791365748031492
20
-6.0101992125984252
11
4.5788061023622042
21
-6.0099711023622042
0
LINE
8
BLACK
6
CONTINUOUS
10
4.5788061023622042
20
-6.0099711023622042
11
4.578143582677165
21
-6.0097198425196847
0
LINE
8
BLACK
6
CONTINUOUS
10
4.578143582677165
20
-6.0097198425196847
11
4.5765677559055113
21
-6.0091221653543307
0
LINE
8
BLACK
6
CONTINUOUS
10
4.5765677559055113
20
-6.0091221653543307
11
4.5762911023622044
21
-6.0090075590551182
0
LINE
8
BLACK
6
CONTINUOUS
10
4.5762911023622044
20
-6.0090075590551182
11
4.5741075590551183
21
-6.0080248818897637
0
LINE
8
BLACK
6
CONTINUOUS
10
4.5741075590551183
20
-6.0080248818897637
11
4.5741074803149608
21
-6.0080248425196849
0
LINE
8
BLACK
6
CONTINUOUS
10
4.5741074803149608
20
-6.0080248425196849
11
4.5741074409448821
21
-6.0080248425196849
0
LINE
8
BLACK
6
CONTINUOUS
10
4.5741074409448821
20
-6.0080248425196849
11
4.5740857874015743
21
-6.0080208661417318
0
LINE
8
BLACK
6
CONTINUOUS
10
4.5740857874015743
20
-6.0080208661417318
11
4.5740712992125987
21
-6.0080135433070865
0
LINE
8
BLACK
6
CONTINUOUS
10
4.5740712992125987
20
-6.0080135433070865
11
4.5738211811023621
21
-6.0079356299212598
0
LINE
8
BLACK
6
CONTINUOUS
10
4.5738211811023621
20
-6.0079356299212598
11
4.5738341338582673
21
-6.0078940157480316
0
LINE
8
BLACK
6
CONTINUOUS
10
4.5738341338582673
20
-6.0078940157480316
11
4.5715899212598421
21
-6.0067627559055117
0
LINE
8
BLACK
6
CONTINUOUS
10
4.5715899212598421
20
-6.0067627559055117
11
4.5701703543307088
21
-6.0043549212598428
0
LINE
8
BLACK
6
CONTINUOUS
10
4.5701703543307088
20
-6.0043549212598428
11
4.5700196850393704
21
-6.0031415748031494
0
LINE
8
BLACK
6
CONTINUOUS
10
4.5700196850393704
20
-6.0031415748031494
11
4.5700196850393704
21
-6.0029364960629916
0
LINE
8
BLACK
6
CONTINUOUS
10
4.5700196850393704
20
-6.0029364960629916
11
4.5700196456692916
21
-6.0029358267716537
0
LINE
8
BLACK
6
CONTINUOUS
10
4.5700196456692916
20
-6.0029358267716537
11
4.5697633858267714
21
-6.0005520866141735
0
LINE
8
BLACK
6
CONTINUOUS
10
4.5697633858267714
20
-6.0005520866141735
11
4.5697633070866139
21
-6.0005517716535435
0
LINE
8
BLACK
6
CONTINUOUS
10
4.5697633070866139
20
-6.0005517716535435
11
4.5677515354330707
21
-5.9951581496062989
0
LINE
8
BLACK
6
CONTINUOUS
10
4.5677515354330707
20
-5.9951581496062989
11
4.5677514566929132
21
-5.9951579527559051
0
LINE
8
BLACK
6
CONTINUOUS
10
4.5677514566929132
20
-5.9951579527559051
11
4.5643016141732282
21
-5.9905495275590548
0
LINE
8
BLACK
6
CONTINUOUS
10
4.5643016141732282
20
-5.9905495275590548
11
4.5596931889763779
21
-5.9870996850393698
0
LINE
8
BLACK
6
CONTINUOUS
10
4.5596931889763779
20
-5.9870996850393698
11
4.5596929921259841
21
-5.9870996062992123
0
LINE
8
BLACK
6
CONTINUOUS
10
4.5596929921259841
20
-5.9870996062992123
11
4.5542993700787404
21
-5.9850878346456691
0
LINE
8
BLACK
6
CONTINUOUS
10
4.5542993700787404
20
-5.9850878346456691
11
4.5542990551181104
21
-5.9850877559055116
0
LINE
8
BLACK
6
CONTINUOUS
10
4.5542990551181104
20
-5.9850877559055116
11
4.5519153149606302
21
-5.9848314960629923
0
LINE
8
BLACK
6
CONTINUOUS
10
4.5519153149606302
20
-5.9848314960629923
11
4.5519148818897639
21
-5.9848314960629923
0
LINE
8
BLACK
6
CONTINUOUS
10
4.5519148818897639
20
-5.9848314960629923
11
4.4880851181102361
21
-5.9848314960629923
0
LINE
8
BLACK
6
CONTINUOUS
10
4.4880851181102361
20
-5.9848314960629923
11
4.4880846456692911
21
-5.9848314960629923
0
LINE
8
BLACK
6
CONTINUOUS
10
4.4880846456692911
20
-5.9848314960629923
11
4.4857009055118109
21
-5.9850877559055116
0
LINE
8
BLACK
6
CONTINUOUS
10
4.4857009055118109
20
-5.9850877559055116
11
4.4857005905511809
21
-5.9850878346456691
0
LINE
8
BLACK
6
CONTINUOUS
10
4.4857005905511809
20
-5.9850878346456691
11
4.4803069685039372
21
-5.9870996062992123
0
LINE
8
BLACK
6
CONTINUOUS
10
4.4803069685039372
20
-5.9870996062992123
11
4.4803067716535434
21
-5.9870996850393698
0
LINE
8
BLACK
6
CONTINUOUS
10
4.4803067716535434
20
-5.9870996850393698
11
4.4756983464566931
21
-5.9905495669291335
0
LINE
8
BLACK
6
CONTINUOUS
10
4.4756983464566931
20
-5.9905495669291335
11
4.4739711417322834
21
-5.9928568110236222
0
LINE
8
BLACK
6
CONTINUOUS
10
4.4739711417322834
20
-5.9928568110236222
11
4.4717335039370081
21
-5.9945318503937006
0
LINE
8
BLACK
6
CONTINUOUS
10
4.4717335039370081
20
-5.9945318503937006
11
4.4689455118110235
21
-5.994731220472441
0
LINE
8
BLACK
6
CONTINUOUS
10
4.4689455118110235
20
-5.994731220472441
11
4.4664922834645671
21
-5.9933916535433074
0
LINE
8
BLACK
6
CONTINUOUS
10
4.4664922834645671
20
-5.9933916535433074
11
4.4660288582677161
21
-5.9928568110236222
0
LINE
8
BLACK
6
CONTINUOUS
10
4.4660288582677161
20
-5.9928568110236222
11
4.4643016141732286
21
-5.9905495669291335
0
LINE
8
BLACK
6
CONTINUOUS
10
4.4643016141732286
20
-5.9905495669291335
11
4.4596931889763782
21
-5.9870996850393698
0
LINE
8
BLACK
6
CONTINUOUS
10
4.4596931889763782
20
-5.9870996850393698
11
4.4596929921259845
21
-5.9870996062992123
0
LINE
8
BLACK
6
CONTINUOUS
10
4.4596929921259845
20
-5.9870996062992123
11
4.4542993700787399
21
-5.9850878346456691
0
LINE
8
BLACK
6
CONTINUOUS
10
4.4542993700787399
20
-5.9850878346456691
11
4.4542990551181099
21
-5.9850877559055116
0
LINE
8
BLACK
6
CONTINUOUS
10
4.4542990551181099
20
-5.9850877559055116
11
4.4519153149606296
21
-5.9848314960629923
0
LINE
8
BLACK
6
CONTINUOUS
10
4.4519153149606296
20
-5.9848314960629923
11
4.4519148818897634
21
-5.9848314960629923
0
LINE
8
BLACK
6
CONTINUOUS
10
4.4519148818897634
20
-5.9848314960629923
11
4.4189235433070868
21
-5.9848314960629923
0
LINE
8
BLACK
6
CONTINUOUS
10
4.4189235433070868
20
-5.9848314960629923
11
4.4162416141732281
21
-5.9840440157480312
0
LINE
8
BLACK
6
CONTINUOUS
10
4.4162416141732281
20
-5.9840440157480312
11
4.4144111811023619
21
-5.9819315748031494
0
LINE
8
BLACK
6
CONTINUOUS
10
4.4144111811023619
20
-5.9819315748031494
11
4.4140133858267712
21
-5.9791648818897638
0
LINE
8
BLACK
6
CONTINUOUS
10
4.4140133858267712
20
-5.9791648818897638
11
4.4151745669291333
21
-5.9766223622047239
0
LINE
8
BLACK
6
CONTINUOUS
10
4.4151745669291333
20
-5.9766223622047239
11
4.415415866141732
21
-5.9763631889763777
0
LINE
8
BLACK
6
CONTINUOUS
10
4.415415866141732
20
-5.9763631889763777
11
4.4164324015748031
21
-5.9753466535433066
0
LINE
8
BLACK
6
CONTINUOUS
10
4.4164324015748031
20
-5.9753466535433066
11
4.4188856299212596
21
-5.9740070472440943
0
LINE
8
BLACK
6
CONTINUOUS
10
4.4188856299212596
20
-5.9740070472440943
11
4.419940078740157
21
-5.9738937007874018
0
LINE
8
BLACK
6
CONTINUOUS
10
4.419940078740157
20
-5.9738937007874018
11
4.6123913385826771
21
-5.9738937007874018
0
LINE
8
BLACK
6
CONTINUOUS
10
4.6123913385826771
20
-5.9738937007874018
11
4.6150732677165349
21
-5.9746811811023619
0
LINE
8
BLACK
6
CONTINUOUS
10
4.6150732677165349
20
-5.9746811811023619
11
4.6158990157480311
21
-5.9753466535433066
0
LINE
8
BLACK
6
CONTINUOUS
10
4.6158990157480311
20
-5.9753466535433066
11
4.6632021259842515
21
-6.0226497637795271
0
LINE
8
BLACK
6
CONTINUOUS
10
4.6632021259842515
20
-6.0226497637795271
11
4.6645417322834648
21
-6.0251029921259844
0
LINE
8
BLACK
6
CONTINUOUS
10
4.6645417322834648
20
-6.0251029921259844
11
4.6646279133858268
21
-6.0256388582677163
0
LINE
8
BLACK
6
CONTINUOUS
10
4.6646279133858268
20
-6.0256388582677163
11
4.6648211417322836
21
-6.0274774409448817
0
LINE
8
BLACK
6
CONTINUOUS
10
4.6648211417322836
20
-6.0274774409448817
11
4.6660049606299214
21
-6.0311208661417322
0
LINE
8
BLACK
6
CONTINUOUS
10
4.6660049606299214
20
-6.0311208661417322
11
4.6671446062992121
21
-6.0346281889763782
0
LINE
8
BLACK
6
CONTINUOUS
10
4.6671446062992121
20
-6.0346281889763782
11
4.6671447244094484
21
-6.0346283858267711
0
LINE
8
BLACK
6
CONTINUOUS
10
4.6671447244094484
20
-6.0346283858267711
11
4.6709038582677165
21
-6.0411394094488191
0
LINE
8
BLACK
6
CONTINUOUS
10
4.6709038582677165
20
-6.0411394094488191
11
4.6709041338582677
21
-6.0411398031496057
0
LINE
8
BLACK
6
CONTINUOUS
10
4.6709041338582677
20
-6.0411398031496057
11
4.6759348031496062
21
-6.0467269291338583
0
LINE
8
BLACK
6
CONTINUOUS
10
4.6759348031496062
20
-6.0467269291338583
11
4.6759349212598424
21
-6.0467270078740158
0
LINE
8
BLACK
6
CONTINUOUS
10
4.6759349212598424
20
-6.0467270078740158
11
4.6820176377952754
21
-6.0511463779527555
0
LINE
8
BLACK
6
CONTINUOUS
10
4.6820176377952754
20
-6.0511463779527555
11
4.6888862992125979
21
-6.0542044881889758
0
LINE
8
BLACK
6
CONTINUOUS
10
4.6888862992125979
20
-6.0542044881889758
11
4.6962406692913383
21
-6.0557677165354331
0
LINE
8
BLACK
6
CONTINUOUS
10
4.6962406692913383
20
-6.0557677165354331
11
4.7037593307086611
21
-6.0557677165354331
0
LINE
8
BLACK
6
CONTINUOUS
10
4.7037593307086611
20
-6.0557677165354331
11
4.7111137007874015
21
-6.0542044881889758
0
LINE
8
BLACK
6
CONTINUOUS
10
4.7111137007874015
20
-6.0542044881889758
11
4.7179823622047241
21
-6.0511463779527555
0
LINE
8
BLACK
6
CONTINUOUS
10
4.7179823622047241
20
-6.0511463779527555
11
4.724065078740157
21
-6.0467270078740158
0
LINE
8
BLACK
6
CONTINUOUS
10
4.724065078740157
20
-6.0467270078740158
11
4.7290960629921255
21
-6.0411395275590554
0
LINE
8
BLACK
6
CONTINUOUS
10
4.7290960629921255
20
-6.0411395275590554
11
4.7328553937007873
21
-6.0346281889763782
0
LINE
8
BLACK
6
CONTINUOUS
10
4.7328553937007873
20
-6.0346281889763782
11
4.735178818897638
21
-6.0274774803149604
0
LINE
8
BLACK
6
CONTINUOUS
10
4.735178818897638
20
-6.0274774803149604
11
4.7359647244094489
21
-6.0199999999999996
0
LINE
8
BLACK
6
CONTINUOUS
10
4.7359647244094489
20
-6.0199999999999996
11
4.735178818897638
21
-6.0125225196850396
0
LINE
8
BLACK
6
CONTINUOUS
10
4.735178818897638
20
-6.0125225196850396
11
4.7328553937007873
21
-6.0053718110236218
0
LINE
8
BLACK
6
CONTINUOUS
10
4.7328553937007873
20
-6.0053718110236218
11
4.7290960629921255
21
-5.9988604724409447
0
LINE
8
BLACK
6
CONTINUOUS
10
4.7290960629921255
20
-5.9988604724409447
11
4.729095984251968
21
-5.9988603937007872
0
LINE
8
BLACK
6
CONTINUOUS
10
4.729095984251968
20
-5.9988603937007872
11
4.7290958267716539
21
-5.9988601574803146
0
LINE
8
BLACK
6
CONTINUOUS
10
4.7290958267716539
20
-5.9988601574803146
11
4.7240651574803145
21
-5.9932730314960629
0
LINE
8
BLACK
6
CONTINUOUS
10
4.7240651574803145
20
-5.9932730314960629
11
4.7179823622047241
21
-5.9888536220472437
0
LINE
8
BLACK
6
CONTINUOUS
10
4.7179823622047241
20
-5.9888536220472437
11
4.7111137007874015
21
-5.9857955118110233
0
LINE
8
BLACK
6
CONTINUOUS
10
4.7111137007874015
20
-5.9857955118110233
11
4.7050957086614176
21
-5.9845163385826767
0
LINE
8
BLACK
6
CONTINUOUS
10
4.7050957086614176
20
-5.9845163385826767
11
4.702636102362205
21
-5.9831884251968503
0
LINE
8
BLACK
6
CONTINUOUS
10
4.702636102362205
20
-5.9831884251968503
11
4.7026194094488192
21
-5.9831717716535433
0
LINE
8
BLACK
6
CONTINUOUS
10
4.7026194094488192
20
-5.9831717716535433
11
4.6464262598425199
21
-5.926978622047244
0
LINE
8
BLACK
6
CONTINUOUS
10
4.6464262598425199
20
-5.926978622047244
11
4.6462208661417321
21
-5.9267604724409448
0
LINE
8
BLACK
6
CONTINUOUS
10
4.6462208661417321
20
-5.9267604724409448
11
4.6446327165354333
21
-5.9249678346456696
0
LINE
8
BLACK
6
CONTINUOUS
10
4.6446327165354333
20
-5.9249678346456696
11
4.6426622047244095
21
-5.9236076377952758
0
LINE
8
BLACK
6
CONTINUOUS
10
4.6426622047244095
20
-5.9236076377952758
11
4.6424209842519684
21
-5.9234301574803148
0
LINE
8
BLACK
6
CONTINUOUS
10
4.6424209842519684
20
-5.9234301574803148
11
4.6405364566929137
21
-5.9219537401574804
0
LINE
8
BLACK
6
CONTINUOUS
10
4.6405364566929137
20
-5.9219537401574804
11
4.6405362992125987
21
-5.9219536614173229
0
LINE
8
BLACK
6
CONTINUOUS
10
4.6405362992125987
20
-5.9219536614173229
11
4.6401700393700782
21
-5.9217887795275592
0
LINE
8
BLACK
6
CONTINUOUS
10
4.6401700393700782
20
-5.9217887795275592
11
4.6393885433070867
21
-5.9213480314960627
0
LINE
8
BLACK
6
CONTINUOUS
10
4.6393885433070867
20
-5.9213480314960627
11
4.6390580708661417
21
-5.9211199212598427
0
LINE
8
BLACK
6
CONTINUOUS
10
4.6390580708661417
20
-5.9211199212598427
11
4.6383955511811026
21
-5.9208686614173223
0
LINE
8
BLACK
6
CONTINUOUS
10
4.6383955511811026
20
-5.9208686614173223
11
4.6368197244094489
21
-5.9202709842519683
0
LINE
8
BLACK
6
CONTINUOUS
10
4.6368197244094489
20
-5.9202709842519683
11
4.6365430708661419
21
-5.9201563779527557
0
LINE
8
BLACK
6
CONTINUOUS
10
4.6365430708661419
20
-5.9201563779527557
11
4.634359527559055
21
-5.9191737007874012
0
LINE
8
BLACK
6
CONTINUOUS
10
4.634359527559055
20
-5.9191737007874012
11
4.6343594488188975
21
-5.9191736614173225
0
LINE
8
BLACK
6
CONTINUOUS
10
4.6343594488188975
20
-5.9191736614173225
11
4.6343594094488187
21
-5.9191736614173225
0
LINE
8
BLACK
6
CONTINUOUS
10
4.6343594094488187
20
-5.9191736614173225
11
4.6339640157480311
21
-5.9191011811023619
0
LINE
8
BLACK
6
CONTINUOUS
10
4.6339640157480311
20
-5.9191011811023619
11
4.6330998425196848
21
-5.9188602362204721
0
LINE
8
BLACK
6
CONTINUOUS
10
4.6330998425196848
20
-5.9188602362204721
11
4.6327244488188972
21
-5.9187179133858265
0
LINE
8
BLACK
6
CONTINUOUS
10
4.6327244488188972
20
-5.9187179133858265
11
4.6327244094488185
21
-5.9187178740157478
0
LINE
8
BLACK
6
CONTINUOUS
10
4.6327244094488185
20
-5.9187178740157478
11
4.632724330708661
21
-5.9187178740157478
0
LINE
8
BLACK
6
CONTINUOUS
10
4.632724330708661
20
-5.9187178740157478
11
4.632724173228346
21
-5.918717834645669
0
LINE
8
BLACK
6
CONTINUOUS
10
4.632724173228346
20
-5.918717834645669
11
4.630347755905512
21
-5.9184292913385823
0
LINE
8
BLACK
6
CONTINUOUS
10
4.630347755905512
20
-5.9184292913385823
11
4.6300517322834649
21
-5.9183842125984247
0
LINE
8
BLACK
6
CONTINUOUS
10
4.6300517322834649
20
-5.9183842125984247
11
4.6285349606299215
21
-5.9181062992125986
0
LINE
8
BLACK
6
CONTINUOUS
10
4.6285349606299215
20
-5.9181062992125986
11
4.6276966141732281
21
-5.9179526771653546
0
LINE
8
BLACK
6
CONTINUOUS
10
4.6276966141732281
20
-5.9179526771653546
11
4.6276965748031493
21
-5.9179526771653546
0
LINE
8
BLACK
6
CONTINUOUS
10
4.6276965748031493
20
-5.9179526771653546
11
4.6256902362204722
21
-5.9180740157480312
0
LINE
8
BLACK
6
CONTINUOUS
10
4.6256902362204722
20
-5.9180740157480312
11
4.6253066929133855
21
-5.9180972440944881
0
LINE
8
BLACK
6
CONTINUOUS
10
4.6253066929133855
20
-5.9180972440944881
11
4.6250071653543303
21
-5.9181062992125986
0
LINE
8
BLACK
6
CONTINUOUS
10
4.6250071653543303
20
-5.9181062992125986
11
4.4073244094488189
21
-5.9181062992125986
0
LINE
8
BLACK
6
CONTINUOUS
10
4.4073244094488189
20
-5.9181062992125986
11
4.4070249606299212
21
-5.9180972440944881
0
LINE
8
BLACK
6
CONTINUOUS
10
4.4070249606299212
20
-5.9180972440944881
11
4.4069432283464565
21
-5.9180922834645671
0
LINE
8
BLACK
6
CONTINUOUS
10
4.4069432283464565
20
-5.9180922834645671
11
4.4046348031496061
21
-5.9179526377952758
0
LINE
8
BLACK
6
CONTINUOUS
10
4.4046348031496061
20
-5.9179526377952758
11
4.4046347637795273
21
-5.9179526771653546
0
LINE
8
BLACK
6
CONTINUOUS
10
4.4046347637795273
20
-5.9179526771653546
11
4.4022798031496064
21
-5.9183842125984247
0
LINE
8
BLACK
6
CONTINUOUS
10
4.4022798031496064
20
-5.9183842125984247
11
4.4019836614173231
21
-5.9184292913385823
0
LINE
8
BLACK
6
CONTINUOUS
10
4.4019836614173231
20
-5.9184292913385823
11
4.3996070866141732
21
-5.918717834645669
0
LINE
8
BLACK
6
CONTINUOUS
10
4.3996070866141732
20
-5.918717834645669
11
4.3996068110236219
21
-5.9187179133858265
0
LINE
8
BLACK
6
CONTINUOUS
10
4.3996068110236219
20
-5.9187179133858265
11
4.3992314566929132
21
-5.9188602755905508
0
LINE
8
BLACK
6
CONTINUOUS
10
4.3992314566929132
20
-5.9188602755905508
11
4.3983672834645668
21
-5.9191011811023619
0
LINE
8
BLACK
6
CONTINUOUS
10
4.3983672834645668
20
-5.9191011811023619
11
4.3979722834645667
21
-5.919173582677165
0
LINE
8
BLACK
6
CONTINUOUS
10
4.3979722834645667
20
-5.919173582677165
11
4.3979717716535429
21
-5.91917374015748
0
LINE
8
BLACK
6
CONTINUOUS
10
4.3979717716535429
20
-5.91917374015748
11
4.3957885433070869
21
-5.9201562992125982
0
LINE
8
BLACK
6
CONTINUOUS
10
4.3957885433070869
20
-5.9201562992125982
11
4.3955118503937003
21
-5.9202709448818895
0
LINE
8
BLACK
6
CONTINUOUS
10
4.3955118503937003
20
-5.9202709448818895
11
4.3932733858267712
21
-5.9211198818897639
0
LINE
8
BLACK
6
CONTINUOUS
10
4.3932733858267712
20
-5.9211198818897639
11
4.3929424803149608
21
-5.9213482677165352
0
LINE
8
BLACK
6
CONTINUOUS
10
4.3929424803149608
20
-5.9213482677165352
11
4.3921613385826772
21
-5.9217887795275592
0
LINE
8
BLACK
6
CONTINUOUS
10
4.3921613385826772
20
-5.9217887795275592
11
4.3917951574803151
21
-5.9219536220472442
0
LINE
8
BLACK
6
CONTINUOUS
10
4.3917951574803151
20
-5.9219536220472442
11
4.3917947637795276
21
-5.9219538582677167
0
LINE
8
BLACK
6
CONTINUOUS
10
4.3917947637795276
20
-5.9219538582677167
11
4.389910078740157
21
-5.9234303543307085
0
LINE
8
BLACK
6
CONTINUOUS
10
4.389910078740157
20
-5.9234303543307085
11
4.3896689763779531
21
-5.923607755905512
0
LINE
8
BLACK
6
CONTINUOUS
10
4.3896689763779531
20
-5.923607755905512
11
4.3876985826771655
21
-5.9249678740157483
0
LINE
8
BLACK
6
CONTINUOUS
10
4.3876985826771655
20
-5.9249678740157483
11
4.3861104724409445
21
-5.9267604724409448
0
LINE
8
BLACK
6
CONTINUOUS
10
4.3861104724409445
20
-5.9267604724409448
11
4.3859051181102364
21
-5.9269785826771653
0
LINE
8
BLACK
6
CONTINUOUS
10
4.3859051181102364
20
-5.9269785826771653
11
4.347356496062992
21
-5.9655272047244097
0
LINE
8
BLACK
6
CONTINUOUS
10
4.347356496062992
20
-5.9655272047244097
11
4.3471383858267716
21
-5.9657325590551178
0
LINE
8
BLACK
6
CONTINUOUS
10
4.3471383858267716
20
-5.9657325590551178
11
4.3453457874015751
21
-5.9673206692913388
0
LINE
8
BLACK
6
CONTINUOUS
10
4.3453457874015751
20
-5.9673206692913388
11
4.3439856692913388
21
-5.9692910629921254
0
LINE
8
BLACK
6
CONTINUOUS
10
4.3439856692913388
20
-5.9692910629921254
11
4.3438082677165353
21
-5.9695321653543303
0
LINE
8
BLACK
6
CONTINUOUS
10
4.3438082677165353
20
-5.9695321653543303
11
4.3423317716535434
21
-5.9714168503937008
0
LINE
8
BLACK
6
CONTINUOUS
10
4.3423317716535434
20
-5.9714168503937008
11
4.3423315354330709
21
-5.9714172440944884
0
LINE
8
BLACK
6
CONTINUOUS
10
4.3423315354330709
20
-5.9714172440944884
11
4.342166692913386
21
-5.9717834251968505
0
LINE
8
BLACK
6
CONTINUOUS
10
4.342166692913386
20
-5.9717834251968505
11
4.341726181102362
21
-5.9725645669291341
0
LINE
8
BLACK
6
CONTINUOUS
10
4.341726181102362
20
-5.9725645669291341
11
4.3414977952755907
21
-5.9728954724409444
0
LINE
8
BLACK
6
CONTINUOUS
10
4.3414977952755907
20
-5.9728954724409444
11
4.3406488582677163
21
-5.9751339370078735
0
LINE
8
BLACK
6
CONTINUOUS
10
4.3406488582677163
20
-5.9751339370078735
11
4.340534212598425
21
-5.9754106299212593
0
LINE
8
BLACK
6
CONTINUOUS
10
4.340534212598425
20
-5.9754106299212593
11
4.3395516535433067
21
-5.9775938582677162
0
LINE
8
BLACK
6
CONTINUOUS
10
4.3395516535433067
20
-5.9775938582677162
11
4.3395514960629917
21
-5.9775943700787399
0
LINE
8
BLACK
6
CONTINUOUS
10
4.3395514960629917
20
-5.9775943700787399
11
4.3394790944881887
21
-5.9779893700787401
0
LINE
8
BLACK
6
CONTINUOUS
10
4.3394790944881887
20
-5.9779893700787401
11
4.3392381889763776
21
-5.9788535433070864
0
LINE
8
BLACK
6
CONTINUOUS
10
4.3392381889763776
20
-5.9788535433070864
11
4.3390957874015745
21
-5.9792290551181102
0
LINE
8
BLACK
6
CONTINUOUS
10
4.3390957874015745
20
-5.9792290551181102
11
4.3388072440944878
21
-5.9816052362204726
0
LINE
8
BLACK
6
CONTINUOUS
10
4.3388072440944878
20
-5.9816052362204726
11
4.338762204724409
21
-5.9819011811023621
0
LINE
8
BLACK
6
CONTINUOUS
10
4.338762204724409
20
-5.9819011811023621
11
4.3383305905511813
21
-5.9842568897637793
0
LINE
8
BLACK
6
CONTINUOUS
10
4.3383305905511813
20
-5.9842568897637793
11
4.3384751574803149
21
-5.9866467322834644
0
LINE
8
BLACK
6
CONTINUOUS
10
4.3384751574803149
20
-5.9866467322834644
11
4.3384842125984253
21
-5.9869462598425196
0
LINE
8
BLACK
6
CONTINUOUS
10
4.3384842125984253
20
-5.9869462598425196
11
4.3384842125984253
21
-6.1259842913385825
0
LINE
8
BLACK
6
CONTINUOUS
10
4.3384842125984253
20
-6.1259842913385825
11
4.3384751181102361
21
-6.1262838188976376
0
LINE
8
BLACK
6
CONTINUOUS
10
4.3384751181102361
20
-6.1262838188976376
11
4.3383305905511813
21
-6.1286737007874015
0
LINE
8
BLACK
6
CONTINUOUS
10
4.3383305905511813
20
-6.1286737007874015
11
4.3385164566929131
21
-6.1296880708661412
0
LINE
8
BLACK
6
CONTINUOUS
10
5.1521833464566926
20
-6.156186889763779
11
5.1530640944881885
21
-6.158897440944882
0
LINE
8
BLACK
6
CONTINUOUS
10
5.1530640944881885
20
-6.158897440944882
11
5.1545068110236221
21
-6.1633376377952755
0
LINE
8
BLACK
6
CONTINUOUS
10
5.1545068110236221
20
-6.1633376377952755
11
5.1545069291338583
21
-6.1633378346456693
0
LINE
8
BLACK
6
CONTINUOUS
10
5.1545069291338583
20
-6.1633378346456693
11
5.1582660629921255
21
-6.1698488582677165
0
LINE
8
BLACK
6
CONTINUOUS
10
5.1582660629921255
20
-6.1698488582677165
11
5.1582663385826768
21
-6.169849251968504
0
LINE
8
BLACK
6
CONTINUOUS
10
5.1582663385826768
20
-6.169849251968504
11
5.1632970078740152
21
-6.1754363779527557
0
LINE
8
BLACK
6
CONTINUOUS
10
5.1632970078740152
20
-6.1754363779527557
11
5.1649140944881893
21
-6.1766112598425194
0
LINE
8
BLACK
6
CONTINUOUS
10
5.1649140944881893
20
-6.1766112598425194
11
5.1693798425196853
21
-6.1798558267716537
0
LINE
8
BLACK
6
CONTINUOUS
10
5.1693798425196853
20
-6.1798558267716537
11
5.1762485039370079
21
-6.1829139370078741
0
LINE
8
BLACK
6
CONTINUOUS
10
5.1762485039370079
20
-6.1829139370078741
11
5.1836028740157483
21
-6.1844771653543305
0
LINE
8
BLACK
6
CONTINUOUS
10
5.1836028740157483
20
-6.1844771653543305
11
5.1911215354330711
21
-6.1844771653543305
0
LINE
8
BLACK
6
CONTINUOUS
10
5.1911215354330711
20
-6.1844771653543305
11
5.1984759055118106
21
-6.1829139370078741
0
LINE
8
BLACK
6
CONTINUOUS
10
5.1984759055118106
20
-6.1829139370078741
11
5.2053445669291341
21
-6.1798558267716537
0
LINE
8
BLACK
6
CONTINUOUS
10
5.2053445669291341
20
-6.1798558267716537
11
5.2085174803149608
21
-6.1775505118110239
0
LINE
8
BLACK
6
CONTINUOUS
10
5.2085174803149608
20
-6.1775505118110239
11
5.2111500787401575
21
-6.1766112598425194
0
LINE
8
BLACK
6
CONTINUOUS
10
5.2111500787401575
20
-6.1766112598425194
11
5.2114332677165356
21
-6.176603149606299
0
LINE
8
BLACK
6
CONTINUOUS
10
5.2114332677165356
20
-6.176603149606299
11
5.3289897244094488
21
-6.176603149606299
0
LINE
8
BLACK
6
CONTINUOUS
10
5.3289897244094488
20
-6.176603149606299
11
5.3316716535433066
21
-6.17739062992126
0
LINE
8
BLACK
6
CONTINUOUS
10
5.3316716535433066
20
-6.17739062992126
11
5.3324974015748028
21
-6.1780561023622047
0
LINE
8
BLACK
6
CONTINUOUS
10
5.3324974015748028
20
-6.1780561023622047
11
5.4005368897637798
21
-6.2460955905511808
0
LINE
8
BLACK
6
CONTINUOUS
10
5.4005368897637798
20
-6.2460955905511808
11
5.4018764960629921
21
-6.2485488188976372
0
LINE
8
BLACK
6
CONTINUOUS
10
5.4018764960629921
20
-6.2485488188976372
11
5.4019626771653542
21
-6.24908468503937
0
LINE
8
BLACK
6
CONTINUOUS
10
5.4019626771653542
20
-6.24908468503937
11
5.4021559055118109
21
-6.2509232677165354
0
LINE
8
BLACK
6
CONTINUOUS
10
5.4021559055118109
20
-6.2509232677165354
11
5.4033397244094488
21
-6.2545666929133859
0
LINE
8
BLACK
6
CONTINUOUS
10
5.4033397244094488
20
-6.2545666929133859
11
5.4044793700787404
21
-6.258074015748031
0
LINE
8
BLACK
6
CONTINUOUS
10
5.4044793700787404
20
-6.258074015748031
11
5.4044794881889766
21
-6.2580742125984248
0
LINE
8
BLACK
6
CONTINUOUS
10
5.4044794881889766
20
-6.2580742125984248
11
5.4082386220472438
21
-6.2645852362204719
0
LINE
8
BLACK
6
CONTINUOUS
10
5.4082386220472438
20
-6.2645852362204719
11
5.4082388976377951
21
-6.2645856299212594
0
LINE
8
BLACK
6
CONTINUOUS
10
5.4082388976377951
20
-6.2645856299212594
11
5.4132695669291335
21
-6.270172755905512
0
LINE
8
BLACK
6
CONTINUOUS
10
5.4132695669291335
20
-6.270172755905512
11
5.4132696850393698
21
-6.2701728346456695
0
LINE
8
BLACK
6
CONTINUOUS
10
5.4132696850393698
20
-6.2701728346456695
11
5.4193524015748027
21
-6.2745922047244092
0
LINE
8
BLACK
6
CONTINUOUS
10
5.4193524015748027
20
-6.2745922047244092
11
5.4262210629921261
21
-6.2776503149606295
0
LINE
8
BLACK
6
CONTINUOUS
10
5.4262210629921261
20
-6.2776503149606295
11
5.4335754330708657
21
-6.2792135433070868
0
LINE
8
BLACK
6
CONTINUOUS
10
5.4335754330708657
20
-6.2792135433070868
11
5.4410940944881885
21
-6.2792135433070868
0
LINE
8
BLACK
6
CONTINUOUS
10
5.4410940944881885
20
-6.2792135433070868
11
5.4484484645669289
21
-6.2776503149606295
0
LINE
8
BLACK
6
CONTINUOUS
10
5.4484484645669289
20
-6.2776503149606295
11
5.4553171259842514
21
-6.2745922047244092
0
LINE
8
BLACK
6
CONTINUOUS
10
5.4553171259842514
20
-6.2745922047244092
11
5.4613998425196852
21
-6.2701728346456695
0
LINE
8
BLACK
6
CONTINUOUS
10
5.4613998425196852
20
-6.2701728346456695
11
5.4613999212598427
21
-6.270172755905512
0
LINE
8
BLACK
6
CONTINUOUS
10
5.4613999212598427
20
-6.270172755905512
11
5.4664305905511812
21
-6.2645856299212594
0
LINE
8
BLACK
6
CONTINUOUS
10
5.4664305905511812
20
-6.2645856299212594
11
5.4664306299212599
21
-6.2645855511811019
0
LINE
8
BLACK
6
CONTINUOUS
10
5.4664306299212599
20
-6.2645855511811019
11
5.4664308267716537
21
-6.2645853543307082
0
LINE
8
BLACK
6
CONTINUOUS
10
5.4664308267716537
20
-6.2645853543307082
11
5.4701901574803147
21
-6.258074015748031
0
LINE
8
BLACK
6
CONTINUOUS
10
5.4701901574803147
20
-6.258074015748031
11
5.4725135826771654
21
-6.2509233070866141
0
LINE
8
BLACK
6
CONTINUOUS
10
5.4725135826771654
20
-6.2509233070866141
11
5.4732994881889763
21
-6.2434458267716533
0
LINE
8
BLACK
6
CONTINUOUS
10
5.4732994881889763
20
-6.2434458267716533
11
5.4725135826771654
21
-6.2359683464566924
0
LINE
8
BLACK
6
CONTINUOUS
10
5.4725135826771654
20
-6.2359683464566924
11
5.4701901574803147
21
-6.2288176377952755
0
LINE
8
BLACK
6
CONTINUOUS
10
5.4701901574803147
20
-6.2288176377952755
11
5.4664308267716537
21
-6.2223062992125984
0
LINE
8
BLACK
6
CONTINUOUS
10
5.4664308267716537
20
-6.2223062992125984
11
5.4664307480314962
21
-6.2223062204724409
0
LINE
8
BLACK
6
CONTINUOUS
10
5.4664307480314962
20
-6.2223062204724409
11
5.4664305905511812
21
-6.2223059842519683
0
LINE
8
BLACK
6
CONTINUOUS
10
5.4664305905511812
20
-6.2223059842519683
11
5.4613999212598427
21
-6.2167188582677166
0
LINE
8
BLACK
6
CONTINUOUS
10
5.4613999212598427
20
-6.2167188582677166
11
5.4553171259842514
21
-6.2122994488188974
0
LINE
8
BLACK
6
CONTINUOUS
10
5.4553171259842514
20
-6.2122994488188974
11
5.4484484645669289
21
-6.209241338582677
0
LINE
8
BLACK
6
CONTINUOUS
10
5.4484484645669289
20
-6.209241338582677
11
5.4424304724409449
21
-6.2079621653543304
0
LINE
8
BLACK
6
CONTINUOUS
10
5.4424304724409449
20
-6.2079621653543304
11
5.4399708661417323
21
-6.206634251968504
0
LINE
8
BLACK
6
CONTINUOUS
10
5.4399708661417323
20
-6.206634251968504
11
5.4399541732283465
21
-6.206617598425197
0
LINE
8
BLACK
6
CONTINUOUS
10
5.4399541732283465
20
-6.206617598425197
11
5.3630246456692916
21
-6.1296880708661412
0
LINE
8
BLACK
6
CONTINUOUS
10
5.3630246456692916
20
-6.1296880708661412
11
5.3628192519685038
21
-6.129469921259842
0
LINE
8
BLACK
6
CONTINUOUS
10
5.3628192519685038
20
-6.129469921259842
11
5.3612311811023625
21
-6.1276773622047243
0
LINE
8
BLACK
6
CONTINUOUS
10
5.3612311811023625
20
-6.1276773622047243
11
5.3612311417322838
21
-6.1276773228346455
0
LINE
8
BLACK
6
CONTINUOUS
10
5.3612311417322838
20
-6.1276773228346455
11
5.361231102362205
21
-6.1276772834645667
0
LINE
8
BLACK
6
CONTINUOUS
10
5.361231102362205
20
-6.1276772834645667
11
5.3592605905511812
21
-6.126317086614173
0
LINE
8
BLACK
6
CONTINUOUS
10
5.3592605905511812
20
-6.126317086614173
11
5.3590193700787401
21
-6.1261396062992128
0
LINE
8
BLACK
6
CONTINUOUS
10
5.3590193700787401
20
-6.1261396062992128
11
5.3571348425196845
21
-6.1246631889763776
0
LINE
8
BLACK
6
CONTINUOUS
10
5.3571348425196845
20
-6.1246631889763776
11
5.3571346850393695
21
-6.1246631102362201
0
LINE
8
BLACK
6
CONTINUOUS
10
5.3571346850393695
20
-6.1246631102362201
11
5.3567684251968499
21
-6.1244982283464564
0
LINE
8
BLACK
6
CONTINUOUS
10
5.3567684251968499
20
-6.1244982283464564
11
5.3559869291338584
21
-6.1240574803149608
0
LINE
8
BLACK
6
CONTINUOUS
10
5.3559869291338584
20
-6.1240574803149608
11
5.3556564566929135
21
-6.1238293700787398
0
LINE
8
BLACK
6
CONTINUOUS
10
5.3556564566929135
20
-6.1238293700787398
11
5.3549939370078743
21
-6.1235781102362203
0
LINE
8
BLACK
6
CONTINUOUS
10
5.3549939370078743
20
-6.1235781102362203
11
5.3534181102362206
21
-6.1229804330708664
0
LINE
8
BLACK
6
CONTINUOUS
10
5.3534181102362206
20
-6.1229804330708664
11
5.3531414566929136
21
-6.1228658267716538
0
LINE
8
BLACK
6
CONTINUOUS
10
5.3531414566929136
20
-6.1228658267716538
11
5.3509579133858267
21
-6.1218831496062993
0
LINE
8
BLACK
6
CONTINUOUS
10
5.3509579133858267
20
-6.1218831496062993
11
5.3509578346456692
21
-6.1218831102362206
0
LINE
8
BLACK
6
CONTINUOUS
10
5.3509578346456692
20
-6.1218831102362206
11
5.3509577952755905
21
-6.1218831102362206
0
LINE
8
BLACK
6
CONTINUOUS
10
5.3509577952755905
20
-6.1218831102362206
11
5.3505624015748028
21
-6.12181062992126
0
LINE
8
BLACK
6
CONTINUOUS
10
5.3505624015748028
20
-6.12181062992126
11
5.3496982283464565
21
-6.1215696850393702
0
LINE
8
BLACK
6
CONTINUOUS
10
5.3496982283464565
20
-6.1215696850393702
11
5.3493228346456689
21
-6.1214273622047246
0
LINE
8
BLACK
6
CONTINUOUS
10
5.3493228346456689
20
-6.1214273622047246
11
5.3493227952755902
21
-6.1214273228346459
0
LINE
8
BLACK
6
CONTINUOUS
10
5.3493227952755902
20
-6.1214273228346459
11
5.3493227165354327
21
-6.1214273228346459
0
LINE
8
BLACK
6
CONTINUOUS
10
5.3493227165354327
20
-6.1214273228346459
11
5.3493225590551177
21
-6.1214272834645671
0
LINE
8
BLACK
6
CONTINUOUS
10
5.3493225590551177
20
-6.1214272834645671
11
5.3469461417322837
21
-6.1211387401574804
0
LINE
8
BLACK
6
CONTINUOUS
10
5.3469461417322837
20
-6.1211387401574804
11
5.3466501181102357
21
-6.1210936614173228
0
LINE
8
BLACK
6
CONTINUOUS
10
5.3466501181102357
20
-6.1210936614173228
11
5.3451333464566924
21
-6.1208157480314958
0
LINE
8
BLACK
6
CONTINUOUS
10
5.3451333464566924
20
-6.1208157480314958
11
5.3442949999999998
21
-6.1206621259842517
0
LINE
8
BLACK
6
CONTINUOUS
10
5.3442949999999998
20
-6.1206621259842517
11
5.344294960629921
21
-6.1206621259842517
0
LINE
8
BLACK
6
CONTINUOUS
10
5.344294960629921
20
-6.1206621259842517
11
5.3422886220472439
21
-6.1207834645669292
0
LINE
8
BLACK
6
CONTINUOUS
10
5.3422886220472439
20
-6.1207834645669292
11
5.3419050787401572
21
-6.1208066929133853
0
LINE
8
BLACK
6
CONTINUOUS
10
5.3419050787401572
20
-6.1208066929133853
11
5.341605551181102
21
-6.1208157480314958
0
LINE
8
BLACK
6
CONTINUOUS
10
5.341605551181102
20
-6.1208157480314958
11
5.2114332677165356
21
-6.1208157480314958
0
LINE
8
BLACK
6
CONTINUOUS
10
5.2114332677165356
20
-6.1208157480314958
11
5.2087513385826769
21
-6.1200282677165356
0
LINE
8
BLACK
6
CONTINUOUS
10
5.2087513385826769
20
-6.1200282677165356
11
5.2085174803149608
21
-6.119868346456693
0
LINE
8
BLACK
6
CONTINUOUS
10
5.2085174803149608
20
-6.119868346456693
11
5.2053445669291341
21
-6.1175630708661419
0
LINE
8
BLACK
6
CONTINUOUS
10
5.2053445669291341
20
-6.1175630708661419
11
5.1984759055118106
21
-6.1145049606299215
0
LINE
8
BLACK
6
CONTINUOUS
10
5.1984759055118106
20
-6.1145049606299215
11
5.1911215354330711
21
-6.1129417322834643
0
LINE
8
BLACK
6
CONTINUOUS
10
5.1911215354330711
20
-6.1129417322834643
11
5.1836028740157483
21
-6.1129417322834643
0
LINE
8
BLACK
6
CONTINUOUS
10
5.1836028740157483
20
-6.1129417322834643
11
5.1762484645669291
21
-6.1145049606299215
0
LINE
8
BLACK
6
CONTINUOUS
10
5.1762484645669291
20
-6.1145049606299215
11
5.1693798031496065
21
-6.1175630708661419
0
LINE
8
BLACK
6
CONTINUOUS
10
5.1693798031496065
20
-6.1175630708661419
11
5.1632970078740152
21
-6.1219824803149603
0
LINE
8
BLACK
6
CONTINUOUS
10
5.1632970078740152
20
-6.1219824803149603
11
5.1582663385826768
21
-6.1275696062992129
0
LINE
8
BLACK
6
CONTINUOUS
10
5.1582663385826768
20
-6.1275696062992129
11
5.1582660629921255
21
-6.1275699999999995
0
LINE
8
BLACK
6
CONTINUOUS
10
5.1582660629921255
20
-6.1275699999999995
11
5.1545069291338583
21
-6.1340810236220475
0
LINE
8
BLACK
6
CONTINUOUS
10
5.1545069291338583
20
-6.1340810236220475
11
5.1545068110236221
21
-6.1340812598425192
0
LINE
8
BLACK
6
CONTINUOUS
10
5.1545068110236221
20
-6.1340812598425192
11
5.1540989370078742
21
-6.1353365354330709
0
LINE
8
BLACK
6
CONTINUOUS
10
5.1540989370078742
20
-6.1353365354330709
11
5.1521833464566926
21
-6.1412319685039369
0
LINE
8
BLACK
6
CONTINUOUS
10
5.1521833464566926
20
-6.1412319685039369
11
5.1513974803149605
21
-6.1487094488188978
0
LINE
8
BLACK
6
CONTINUOUS
10
5.1513974803149605
20
-6.1487094488188978
11
5.1521833464566926
21
-6.156186889763779
0
LINE
8
BLACK
6
CONTINUOUS
10
4.3248211417322837
20
-5.4774770472440943
11
4.32554531496063
21
-5.4797057086614176
0
LINE
8
BLACK
6
CONTINUOUS
10
4.32554531496063
20
-5.4797057086614176
11
4.3271446062992123
21
-5.4846277952755909
0
LINE
8
BLACK
6
CONTINUOUS
10
4.3271446062992123
20
-5.4846277952755909
11
4.3271451181102361
21
-5.4846287007874013
0
LINE
8
BLACK
6
CONTINUOUS
10
4.3271451181102361
20
-5.4846287007874013
11
4.3309038582677166
21
-5.4911390157480318
0
LINE
8
BLACK
6
CONTINUOUS
10
4.3309038582677166
20
-5.4911390157480318
11
4.3310568110236218
21
-5.4913495275590547
0
LINE
8
BLACK
6
CONTINUOUS
10
4.3310568110236218
20
-5.4913495275590547
11
4.3309934251968505
21
-5.4913955511811023
0
LINE
8
BLACK
6
CONTINUOUS
10
4.3309934251968505
20
-5.4913955511811023
11
4.3320414566929131
21
-5.4935793307086609
0
LINE
8
BLACK
6
CONTINUOUS
10
4.3320414566929131
20
-5.4935793307086609
11
4.3321062992125983
21
-5.4943787007874016
0
LINE
8
BLACK
6
CONTINUOUS
10
4.3321062992125983
20
-5.4943787007874016
11
4.3321062992125983
21
-5.7114174015748027
0
LINE
8
BLACK
6
CONTINUOUS
10
4.3321062992125983
20
-5.7114174015748027
11
4.3320972440944878
21
-5.7117169291338579
0
LINE
8
BLACK
6
CONTINUOUS
10
4.3320972440944878
20
-5.7117169291338579
11
4.3319526771653543
21
-5.714106771653543
0
LINE
8
BLACK
6
CONTINUOUS
10
4.3319526771653543
20
-5.714106771653543
11
4.3323842125984253
21
-5.7164618110236223
0
LINE
8
BLACK
6
CONTINUOUS
10
4.3323842125984253
20
-5.7164618110236223
11
4.3324292913385829
21
-5.7167579921259843
0
LINE
8
BLACK
6
CONTINUOUS
10
4.3324292913385829
20
-5.7167579921259843
11
4.3327178346456696
21
-5.7191344094488183
0
LINE
8
BLACK
6
CONTINUOUS
10
4.3327178346456696
20
-5.7191344094488183
11
4.3327178740157484
21
-5.7191345669291334
0
LINE
8
BLACK
6
CONTINUOUS
10
4.3327178740157484
20
-5.7191345669291334
11
4.3328602362204727
21
-5.7195099606299209
0
LINE
8
BLACK
6
CONTINUOUS
10
4.3328602362204727
20
-5.7195099606299209
11
4.3331012204724413
21
-5.7203743700787397
0
LINE
8
BLACK
6
CONTINUOUS
10
4.3331012204724413
20
-5.7203743700787397
11
4.3331737007874018
21
-5.7207697637795274
0
LINE
8
BLACK
6
CONTINUOUS
10
4.3331737007874018
20
-5.7207697637795274
11
4.3341563779527554
21
-5.7229533070866143
0
LINE
8
BLACK
6
CONTINUOUS
10
4.3341563779527554
20
-5.7229533070866143
11
4.334270984251968
21
-5.7232299606299213
0
LINE
8
BLACK
6
CONTINUOUS
10
4.334270984251968
20
-5.7232299606299213
11
4.3346075590551179
21
-5.7241173228346458
0
LINE
8
BLACK
6
CONTINUOUS
10
4.3346075590551179
20
-5.7241173228346458
11
4.3351199212598424
21
-5.7254683070866141
0
LINE
8
BLACK
6
CONTINUOUS
10
4.3351199212598424
20
-5.7254683070866141
11
4.3353480314960633
21
-5.7257987795275591
0
LINE
8
BLACK
6
CONTINUOUS
10
4.3353480314960633
20
-5.7257987795275591
11
4.3357887795275589
21
-5.7265802755905515
0
LINE
8
BLACK
6
CONTINUOUS
10
4.3357887795275589
20
-5.7265802755905515
11
4.3359536614173226
21
-5.7269465354330711
0
LINE
8
BLACK
6
CONTINUOUS
10
4.3359536614173226
20
-5.7269465354330711
11
4.3359537401574801
21
-5.7269466929133861
0
LINE
8
BLACK
6
CONTINUOUS
10
4.3359537401574801
20
-5.7269466929133861
11
4.3374301574803145
21
-5.7288312204724408
0
LINE
8
BLACK
6
CONTINUOUS
10
4.3374301574803145
20
-5.7288312204724408
11
4.3376076377952755
21
-5.7290724409448819
0
LINE
8
BLACK
6
CONTINUOUS
10
4.3376076377952755
20
-5.7290724409448819
11
4.3387095275590548
21
-5.7306687007874011
0
LINE
8
BLACK
6
CONTINUOUS
10
4.3387095275590548
20
-5.7306687007874011
11
4.3389679133858268
21
-5.7310430314960632
0
LINE
8
BLACK
6
CONTINUOUS
10
4.3389679133858268
20
-5.7310430314960632
11
4.3407604330708658
21
-5.7326310629921258
0
LINE
8
BLACK
6
CONTINUOUS
10
4.3407604330708658
20
-5.7326310629921258
11
4.3409779527559058
21
-5.7328358267716535
0
LINE
8
BLACK
6
CONTINUOUS
10
4.3409779527559058
20
-5.7328358267716535
11
4.3477632677165357
21
-5.7396211811023621
0
LINE
8
BLACK
6
CONTINUOUS
10
4.3477632677165357
20
-5.7396211811023621
11
4.347968582677165
21
-5.7398392913385825
0
LINE
8
BLACK
6
CONTINUOUS
10
4.347968582677165
20
-5.7398392913385825
11
4.3495561811023622
21
-5.7416312992125986
0
LINE
8
BLACK
6
CONTINUOUS
10
4.3495561811023622
20
-5.7416312992125986
11
4.3515266535433073
21
-5.7429914566929137
0
LINE
8
BLACK
6
CONTINUOUS
10
4.3515266535433073
20
-5.7429914566929137
11
4.3517675590551184
21
-5.7431687007874013
0
LINE
8
BLACK
6
CONTINUOUS
10
4.3517675590551184
20
-5.7431687007874013
11
4.3536525196850393
21
-5.7446454330708656
0
LINE
8
BLACK
6
CONTINUOUS
10
4.3536525196850393
20
-5.7446454330708656
11
4.3536526377952756
21
-5.7446454724409444
0
LINE
8
BLACK
6
CONTINUOUS
10
4.3536526377952756
20
-5.7446454724409444
11
4.3536526771653543
21
-5.7446455118110231
0
LINE
8
BLACK
6
CONTINUOUS
10
4.3536526771653543
20
-5.7446455118110231
11
4.3540183070866139
21
-5.7448100787401577
0
LINE
8
BLACK
6
CONTINUOUS
10
4.3540183070866139
20
-5.7448100787401577
11
4.3548002755905513
21
-5.7452510629921258
0
LINE
8
BLACK
6
CONTINUOUS
10
4.3548002755905513
20
-5.7452510629921258
11
4.3551309055118113
21
-5.7454792913385822
0
LINE
8
BLACK
6
CONTINUOUS
10
4.3551309055118113
20
-5.7454792913385822
11
4.3573704724409446
21
-5.746328622047244
0
LINE
8
BLACK
6
CONTINUOUS
10
4.3573704724409446
20
-5.746328622047244
11
4.3576457480314961
21
-5.7464426377952753
0
LINE
8
BLACK
6
CONTINUOUS
10
4.3576457480314961
20
-5.7464426377952753
11
4.3592111023622042
21
-5.7471471653543302
0
LINE
8
BLACK
6
CONTINUOUS
10
4.3592111023622042
20
-5.7471471653543302
11
4.3598294094488184
21
-5.7474254724409448
0
LINE
8
BLACK
6
CONTINUOUS
10
4.3598294094488184
20
-5.7474254724409448
11
4.3598294488188971
21
-5.7474254724409448
0
LINE
8
BLACK
6
CONTINUOUS
10
4.3598294488188971
20
-5.7474254724409448
11
4.3598295275590546
21
-5.7474255118110236
0
LINE
8
BLACK
6
CONTINUOUS
10
4.3598295275590546
20
-5.7474255118110236
11
4.3598503937007873
21
-5.7474293307086617
0
LINE
8
BLACK
6
CONTINUOUS
10
4.3598503937007873
20
-5.7474293307086617
11
4.3598644488188976
21
-5.7474364173228345
0
LINE
8
BLACK
6
CONTINUOUS
10
4.3598644488188976
20
-5.7474364173228345
11
4.3601159055118108
21
-5.7475147637795274
0
LINE
8
BLACK
6
CONTINUOUS
10
4.3601159055118108
20
-5.7475147637795274
11
4.3601028740157481
21
-5.7475565354330707
0
LINE
8
BLACK
6
CONTINUOUS
10
4.3601028740157481
20
-5.7475565354330707
11
4.3623465354330708
21
-5.748687086614173
0
LINE
8
BLACK
6
CONTINUOUS
10
4.3623465354330708
20
-5.748687086614173
11
4.3637664566929129
21
-5.7510946850393703
0
LINE
8
BLACK
6
CONTINUOUS
10
4.3637664566929129
20
-5.7510946850393703
11
4.363917322834646
21
-5.7523087795275591
0
LINE
8
BLACK
6
CONTINUOUS
10
4.363917322834646
20
-5.7523087795275591
11
4.363917322834646
21
-5.7525145275590548
0
LINE
8
BLACK
6
CONTINUOUS
10
4.363917322834646
20
-5.7525145275590548
11
4.3641735826771653
21
-5.754898267716535
0
LINE
8
BLACK
6
CONTINUOUS
10
4.3641735826771653
20
-5.754898267716535
11
4.3641736614173228
21
-5.754898582677165
0
LINE
8
BLACK
6
CONTINUOUS
10
4.3641736614173228
20
-5.754898582677165
11
4.366185433070866
21
-5.7602922047244096
0
LINE
8
BLACK
6
CONTINUOUS
10
4.366185433070866
20
-5.7602922047244096
11
4.3661855118110235
21
-5.7602924015748034
0
LINE
8
BLACK
6
CONTINUOUS
10
4.3661855118110235
20
-5.7602924015748034
11
4.3696353937007872
21
-5.7649008267716537
0
LINE
8
BLACK
6
CONTINUOUS
10
4.3696353937007872
20
-5.7649008267716537
11
4.3719426377952759
21
-5.7666280708661413
0
LINE
8
BLACK
6
CONTINUOUS
10
4.3719426377952759
20
-5.7666280708661413
11
4.3736176771653543
21
-5.7688657086614175
0
LINE
8
BLACK
6
CONTINUOUS
10
4.3736176771653543
20
-5.7688657086614175
11
4.3738170472440947
21
-5.7716537007874011
0
LINE
8
BLACK
6
CONTINUOUS
10
4.3738170472440947
20
-5.7716537007874011
11
4.3724774803149602
21
-5.7741069291338585
0
LINE
8
BLACK
6
CONTINUOUS
10
4.3724774803149602
20
-5.7741069291338585
11
4.3719426377952759
21
-5.7745703543307085
0
LINE
8
BLACK
6
CONTINUOUS
10
4.3719426377952759
20
-5.7745703543307085
11
4.3696353937007872
21
-5.7762975590551182
0
LINE
8
BLACK
6
CONTINUOUS
10
4.3696353937007872
20
-5.7762975590551182
11
4.3661855118110235
21
-5.7809059842519686
0
LINE
8
BLACK
6
CONTINUOUS
10
4.3661855118110235
20
-5.7809059842519686
11
4.366185433070866
21
-5.7809061811023623
0
LINE
8
BLACK
6
CONTINUOUS
10
4.366185433070866
20
-5.7809061811023623
11
4.3641736614173228
21
-5.786299803149606
0
LINE
8
BLACK
6
CONTINUOUS
10
4.3641736614173228
20
-5.786299803149606
11
4.3641735826771653
21
-5.786300118110236
0
LINE
8
BLACK
6
CONTINUOUS
10
4.3641735826771653
20
-5.786300118110236
11
4.363917322834646
21
-5.7886838582677163
0
LINE
8
BLACK
6
CONTINUOUS
10
4.363917322834646
20
-5.7886838582677163
11
4.363917322834646
21
-5.8525145275590553
0
LINE
8
BLACK
6
CONTINUOUS
10
4.363917322834646
20
-5.8525145275590553
11
4.3641735826771653
21
-5.8548982677165355
0
LINE
8
BLACK
6
CONTINUOUS
10
4.3641735826771653
20
-5.8548982677165355
11
4.3641736614173228
21
-5.8548985826771656
0
LINE
8
BLACK
6
CONTINUOUS
10
4.3641736614173228
20
-5.8548985826771656
11
4.366185433070866
21
-5.8602922047244093
0
LINE
8
BLACK
6
CONTINUOUS
10
4.366185433070866
20
-5.8602922047244093
11
4.3661855118110235
21
-5.860292401574803
0
LINE
8
BLACK
6
CONTINUOUS
10
4.3661855118110235
20
-5.860292401574803
11
4.3696353543307085
21
-5.8649008267716534
0
LINE
8
BLACK
6
CONTINUOUS
10
4.3696353543307085
20
-5.8649008267716534
11
4.3742437795275588
21
-5.8683506692913383
0
LINE
8
BLACK
6
CONTINUOUS
10
4.3742437795275588
20
-5.8683506692913383
11
4.3742438582677163
21
-5.8683507086614171
0
LINE
8
BLACK
6
CONTINUOUS
10
4.3742438582677163
20
-5.8683507086614171
11
4.3742439370078738
21
-5.8683507480314958
0
LINE
8
BLACK
6
CONTINUOUS
10
4.3742439370078738
20
-5.8683507480314958
11
4.3765698818897638
21
-5.8692182677165352
0
LINE
8
BLACK
6
CONTINUOUS
10
4.3765698818897638
20
-5.8692182677165352
11
4.3796375984251972
21
-5.8703625196850391
0
LINE
8
BLACK
6
CONTINUOUS
10
4.3796375984251972
20
-5.8703625196850391
11
4.3796379133858263
21
-5.8703625984251966
0
LINE
8
BLACK
6
CONTINUOUS
10
4.3796379133858263
20
-5.8703625984251966
11
4.3820216535433074
21
-5.8706188582677168
0
LINE
8
BLACK
6
CONTINUOUS
10
4.3820216535433074
20
-5.8706188582677168
11
4.3820218503937003
21
-5.8706188582677168
0
LINE
8
BLACK
6
CONTINUOUS
10
4.3820218503937003
20
-5.8706188582677168
11
4.3820221259842516
21
-5.8706188976377955
0
LINE
8
BLACK
6
CONTINUOUS
10
4.3820221259842516
20
-5.8706188976377955
11
4.3820223622047241
21
-5.8706188976377955
0
LINE
8
BLACK
6
CONTINUOUS
10
4.3820223622047241
20
-5.8706188976377955
11
4.4458516535433068
21
-5.8706188976377955
0
LINE
8
BLACK
6
CONTINUOUS
10
4.4458516535433068
20
-5.8706188976377955
11
4.4458518897637793
21
-5.8706188976377955
0
LINE
8
BLACK
6
CONTINUOUS
10
4.4458518897637793
20
-5.8706188976377955
11
4.4458521653543306
21
-5.8706188582677168
0
LINE
8
BLACK
6
CONTINUOUS
10
4.4458521653543306
20
-5.8706188582677168
11
4.4458523228346456
21
-5.8706188582677168
0
LINE
8
BLACK
6
CONTINUOUS
10
4.4458523228346456
20
-5.8706188582677168
11
4.4482360629921258
21
-5.8703625984251966
0
LINE
8
BLACK
6
CONTINUOUS
10
4.4482360629921258
20
-5.8703625984251966
11
4.4482361811023621
21
-5.8703625590551178
0
LINE
8
BLACK
6
CONTINUOUS
10
4.4482361811023621
20
-5.8703625590551178
11
4.4482362598425196
21
-5.8703625590551178
0
LINE
8
BLACK
6
CONTINUOUS
10
4.4482362598425196
20
-5.8703625590551178
11
4.453630078740157
21
-5.8683507480314958
0
LINE
8
BLACK
6
CONTINUOUS
10
4.453630078740157
20
-5.8683507480314958
11
4.4582386220472436
21
-5.8649008267716534
0
LINE
8
BLACK
6
CONTINUOUS
10
4.4582386220472436
20
-5.8649008267716534
11
4.4616884645669295
21
-5.860292401574803
0
LINE
8
BLACK
6
CONTINUOUS
10
4.4616884645669295
20
-5.860292401574803
11
4.4616884645669295
21
-5.8602923622047243
0
LINE
8
BLACK
6
CONTINUOUS
10
4.4616884645669295
20
-5.8602923622047243
11
4.4616885433070861
21
-5.8602922834645668
0
LINE
8
BLACK
6
CONTINUOUS
10
4.4616885433070861
20
-5.8602922834645668
11
4.463700354330709
21
-5.8548984645669293
0
LINE
8
BLACK
6
CONTINUOUS
10
4.463700354330709
20
-5.8548984645669293
11
4.4637027165354333
21
-5.8548767322834641
0
LINE
8
BLACK
6
CONTINUOUS
10
4.4637027165354333
20
-5.8548767322834641
11
4.4639566535433071
21
-5.8525145275590553
0
LINE
8
BLACK
6
CONTINUOUS
10
4.4639566535433071
20
-5.8525145275590553
11
4.4639566929133858
21
-5.8525138582677165
0
LINE
8
BLACK
6
CONTINUOUS
10
4.4639566929133858
20
-5.8525138582677165
11
4.4639566929133858
21
-5.788684527559055
0
LINE
8
BLACK
6
CONTINUOUS
10
4.4639566929133858
20
-5.788684527559055
11
4.4639566535433071
21
-5.7886838582677163
0
LINE
8
BLACK
6
CONTINUOUS
10
4.4639566535433071
20
-5.7886838582677163
11
4.4637003937007869
21
-5.786300118110236
0
LINE
8
BLACK
6
CONTINUOUS
10
4.4637003937007869
20
-5.786300118110236
11
4.4637003149606302
21
-5.786299803149606
0
LINE
8
BLACK
6
CONTINUOUS
10
4.4637003149606302
20
-5.786299803149606
11
4.4616885433070861
21
-5.7809061811023623
0
LINE
8
BLACK
6
CONTINUOUS
10
4.4616885433070861
20
-5.7809061811023623
11
4.4616884645669295
21
-5.7809059842519686
0
LINE
8
BLACK
6
CONTINUOUS
10
4.4616884645669295
20
-5.7809059842519686
11
4.4582386220472436
21
-5.7762975590551182
0
LINE
8
BLACK
6
CONTINUOUS
10
4.4582386220472436
20
-5.7762975590551182
11
4.4559313779527558
21
-5.7745703937007873
0
LINE
8
BLACK
6
CONTINUOUS
10
4.4559313779527558
20
-5.7745703937007873
11
4.4542562992125987
21
-5.772332755905512
0
LINE
8
BLACK
6
CONTINUOUS
10
4.4542562992125987
20
-5.772332755905512
11
4.4540569291338583
21
-5.7695447244094487
0
LINE
8
BLACK
6
CONTINUOUS
10
4.4540569291338583
20
-5.7695447244094487
11
4.4553964960629919
21
-5.7670914960629922
0
LINE
8
BLACK
6
CONTINUOUS
10
4.4553964960629919
20
-5.7670914960629922
11
4.4559313779527558
21
-5.7666280314960625
0
LINE
8
BLACK
6
CONTINUOUS
10
4.4559313779527558
20
-5.7666280314960625
11
4.4582386220472436
21
-5.7649008267716537
0
LINE
8
BLACK
6
CONTINUOUS
10
4.4582386220472436
20
-5.7649008267716537
11
4.4599658267716533
21
-5.762593582677165
0
LINE
8
BLACK
6
CONTINUOUS
10
4.4599658267716533
20
-5.762593582677165
11
4.4622034645669286
21
-5.7609185039370079
0
LINE
8
BLACK
6
CONTINUOUS
10
4.4622034645669286
20
-5.7609185039370079
11
4.4649914960629919
21
-5.7607191338582675
0
LINE
8
BLACK
6
CONTINUOUS
10
4.4649914960629919
20
-5.7607191338582675
11
4.4674447244094484
21
-5.7620587007874011
0
LINE
8
BLACK
6
CONTINUOUS
10
4.4674447244094484
20
-5.7620587007874011
11
4.4679081889763781
21
-5.762593582677165
0
LINE
8
BLACK
6
CONTINUOUS
10
4.4679081889763781
20
-5.762593582677165
11
4.4696353543307081
21
-5.7649008267716537
0
LINE
8
BLACK
6
CONTINUOUS
10
4.4696353543307081
20
-5.7649008267716537
11
4.4742437795275594
21
-5.7683506692913387
0
LINE
8
BLACK
6
CONTINUOUS
10
4.4742437795275594
20
-5.7683506692913387
11
4.4742438582677169
21
-5.7683507086614174
0
LINE
8
BLACK
6
CONTINUOUS
10
4.4742438582677169
20
-5.7683507086614174
11
4.4742439370078735
21
-5.7683507480314962
0
LINE
8
BLACK
6
CONTINUOUS
10
4.4742439370078735
20
-5.7683507480314962
11
4.4765698818897635
21
-5.7692182677165356
0
LINE
8
BLACK
6
CONTINUOUS
10
4.4765698818897635
20
-5.7692182677165356
11
4.4796375984251968
21
-5.7703625196850394
0
LINE
8
BLACK
6
CONTINUOUS
10
4.4796375984251968
20
-5.7703625196850394
11
4.4796379133858268
21
-5.7703625984251969
0
LINE
8
BLACK
6
CONTINUOUS
10
4.4796379133858268
20
-5.7703625984251969
11
4.4820216535433071
21
-5.7706188582677163
0
LINE
8
BLACK
6
CONTINUOUS
10
4.4820216535433071
20
-5.7706188582677163
11
4.4820218503937008
21
-5.7706188582677163
0
LINE
8
BLACK
6
CONTINUOUS
10
4.4820218503937008
20
-5.7706188582677163
11
4.4820221259842521
21
-5.770618897637795
0
LINE
8
BLACK
6
CONTINUOUS
10
4.4820221259842521
20
-5.770618897637795
11
4.4820223622047246
21
-5.770618897637795
0
LINE
8
BLACK
6
CONTINUOUS
10
4.4820223622047246
20
-5.770618897637795
11
4.5458516535433073
21
-5.770618897637795
0
LINE
8
BLACK
6
CONTINUOUS
10
4.5458516535433073
20
-5.770618897637795
11
4.5458518897637799
21
-5.770618897637795
0
LINE
8
BLACK
6
CONTINUOUS
10
4.5458518897637799
20
-5.770618897637795
11
4.5458521653543302
21
-5.7706188582677163
0
LINE
8
BLACK
6
CONTINUOUS
10
4.5458521653543302
20
-5.7706188582677163
11
4.5458523228346452
21
-5.7706188582677163
0
LINE
8
BLACK
6
CONTINUOUS
10
4.5458523228346452
20
-5.7706188582677163
11
4.5482360629921255
21
-5.7703625984251969
0
LINE
8
BLACK
6
CONTINUOUS
10
4.5482360629921255
20
-5.7703625984251969
11
4.5482361811023617
21
-5.7703625590551182
0
LINE
8
BLACK
6
CONTINUOUS
10
4.5482361811023617
20
-5.7703625590551182
11
4.5482362598425192
21
-5.7703625590551182
0
LINE
8
BLACK
6
CONTINUOUS
10
4.5482362598425192
20
-5.7703625590551182
11
4.5536300787401576
21
-5.7683507480314962
0
LINE
8
BLACK
6
CONTINUOUS
10
4.5536300787401576
20
-5.7683507480314962
11
4.5545595669291341
21
-5.7676549606299208
0
LINE
8
BLACK
6
CONTINUOUS
10
4.5545595669291341
20
-5.7676549606299208
11
4.5582386220472442
21
-5.7649008267716537
0
LINE
8
BLACK
6
CONTINUOUS
10
4.5582386220472442
20
-5.7649008267716537
11
4.5616884645669291
21
-5.7602924015748034
0
LINE
8
BLACK
6
CONTINUOUS
10
4.5616884645669291
20
-5.7602924015748034
11
4.5616884645669291
21
-5.7602923622047246
0
LINE
8
BLACK
6
CONTINUOUS
10
4.5616884645669291
20
-5.7602923622047246
11
4.5616885433070866
21
-5.7602922834645671
0
LINE
8
BLACK
6
CONTINUOUS
10
4.5616885433070866
20
-5.7602922834645671
11
4.5637003543307086
21
-5.7548984645669288
0
LINE
8
BLACK
6
CONTINUOUS
10
4.5637003543307086
20
-5.7548984645669288
11
4.5637027165354329
21
-5.7548767322834644
0
LINE
8
BLACK
6
CONTINUOUS
10
4.5637027165354329
20
-5.7548767322834644
11
4.5639566535433067
21
-5.7525145275590548
0
LINE
8
BLACK
6
CONTINUOUS
10
4.5639566535433067
20
-5.7525145275590548
11
4.5639566929133855
21
-5.752513858267716
0
LINE
8
BLACK
6
CONTINUOUS
10
4.5639566929133855
20
-5.752513858267716
11
4.5639566929133855
21
-5.7523088188976379
0
LINE
8
BLACK
6
CONTINUOUS
10
4.5639566929133855
20
-5.7523088188976379
11
4.5647441732283465
21
-5.7496268897637792
0
LINE
8
BLACK
6
CONTINUOUS
10
4.5647441732283465
20
-5.7496268897637792
11
4.5668566141732283
21
-5.7477964566929129
0
LINE
8
BLACK
6
CONTINUOUS
10
4.5668566141732283
20
-5.7477964566929129
11
4.5680236220472441
21
-5.7474293700787404
0
LINE
8
BLACK
6
CONTINUOUS
10
4.5680236220472441
20
-5.7474293700787404
11
4.5680289763779527
21
-5.7474283464566929
0
LINE
8
BLACK
6
CONTINUOUS
10
4.5680289763779527
20
-5.7474283464566929
11
4.5680444488188972
21
-5.7474255511811023
0
LINE
8
BLACK
6
CONTINUOUS
10
4.5680444488188972
20
-5.7474255511811023
11
4.5702282283464566
21
-5.7464426377952753
0
LINE
8
BLACK
6
CONTINUOUS
10
4.5702282283464566
20
-5.7464426377952753
11
4.5705042519685035
21
-5.7463283464566928
0
LINE
8
BLACK
6
CONTINUOUS
10
4.5705042519685035
20
-5.7463283464566928
11
4.5727431102362202
21
-5.7454792913385822
0
LINE
8
BLACK
6
CONTINUOUS
10
4.5727431102362202
20
-5.7454792913385822
11
4.5730734645669289
21
-5.7452512204724409
0
LINE
8
BLACK
6
CONTINUOUS
10
4.5730734645669289
20
-5.7452512204724409
11
4.5738551968503938
21
-5.7448102755905515
0
LINE
8
BLACK
6
CONTINUOUS
10
4.5738551968503938
20
-5.7448102755905515
11
4.5742214960629921
21
-5.7446454724409444
0
LINE
8
BLACK
6
CONTINUOUS
10
4.5742214960629921
20
-5.7446454724409444
11
4.5761078740157481
21
-5.7431675196850396
0
LINE
8
BLACK
6
CONTINUOUS
10
4.5761078740157481
20
-5.7431675196850396
11
4.57634625984252
21
-5.7429921259842516
0
LINE
8
BLACK
6
CONTINUOUS
10
4.57634625984252
20
-5.7429921259842516
11
4.5783178346456692
21
-5.7416312992125986
0
LINE
8
BLACK
6
CONTINUOUS
10
4.5783178346456692
20
-5.7416312992125986
11
4.5799065748031493
21
-5.7398379133858271
0
LINE
8
BLACK
6
CONTINUOUS
10
4.5799065748031493
20
-5.7398379133858271
11
4.580110708661417
21
-5.7396211023622046
0
LINE
8
BLACK
6
CONTINUOUS
10
4.580110708661417
20
-5.7396211023622046
11
4.5855868503937005
21
-5.7341449606299211
0
LINE
8
BLACK
6
CONTINUOUS
10
4.5855868503937005
20
-5.7341449606299211
11
4.5880399999999995
21
-5.7328054330708662
0
LINE
8
BLACK
6
CONTINUOUS
10
4.5880399999999995
20
-5.7328054330708662
11
4.590827992125984
21
-5.7330048425196853
0
LINE
8
BLACK
6
CONTINUOUS
10
4.590827992125984
20
-5.7330048425196853
11
4.5926021259842518
21
-5.7341450393700786
0
LINE
8
BLACK
6
CONTINUOUS
10
4.5926021259842518
20
-5.7341450393700786
11
4.5961878346456695
21
-5.7377307480314963
0
LINE
8
BLACK
6
CONTINUOUS
10
4.5961878346456695
20
-5.7377307480314963
11
4.5963931889763776
21
-5.7379488976377955
0
LINE
8
BLACK
6
CONTINUOUS
10
4.5963931889763776
20
-5.7379488976377955
11
4.5979812598425198
21
-5.7397414173228345
0
LINE
8
BLACK
6
CONTINUOUS
10
4.5979812598425198
20
-5.7397414173228345
11
4.5979813779527561
21
-5.7397415354330708
0
LINE
8
BLACK
6
CONTINUOUS
10
4.5979813779527561
20
-5.7397415354330708
11
4.5999514960629924
21
-5.7411014173228345
0
LINE
8
BLACK
6
CONTINUOUS
10
4.5999514960629924
20
-5.7411014173228345
11
4.6001928740157476
21
-5.7412790157480318
0
LINE
8
BLACK
6
CONTINUOUS
10
4.6001928740157476
20
-5.7412790157480318
11
4.6020777165354332
21
-5.7427557086614174
0
LINE
8
BLACK
6
CONTINUOUS
10
4.6020777165354332
20
-5.7427557086614174
11
4.6024437007874015
21
-5.7429203937007873
0
LINE
8
BLACK
6
CONTINUOUS
10
4.6024437007874015
20
-5.7429203937007873
11
4.6032257874015743
21
-5.7433615354330705
0
LINE
8
BLACK
6
CONTINUOUS
10
4.6032257874015743
20
-5.7433615354330705
11
4.6035559055118105
21
-5.7435894094488189
0
LINE
8
BLACK
6
CONTINUOUS
10
4.6035559055118105
20
-5.7435894094488189
11
4.603555984251968
21
-5.7435894488188977
0
LINE
8
BLACK
6
CONTINUOUS
10
4.603555984251968
20
-5.7435894488188977
11
4.6035561023622042
21
-5.7435895275590552
0
LINE
8
BLACK
6
CONTINUOUS
10
4.6035561023622042
20
-5.7435895275590552
11
4.6035562598425193
21
-5.7435895669291339
0
LINE
8
BLACK
6
CONTINUOUS
10
4.6035562598425193
20
-5.7435895669291339
11
4.6035563779527555
21
-5.7435896456692914
0
LINE
8
BLACK
6
CONTINUOUS
10
4.6035563779527555
20
-5.7435896456692914
11
4.6057943307086617
21
-5.7444383858267711
0
LINE
8
BLACK
6
CONTINUOUS
10
4.6057943307086617
20
-5.7444383858267711
11
4.6060711811023625
21
-5.7445530314960624
0
LINE
8
BLACK
6
CONTINUOUS
10
4.6060711811023625
20
-5.7445530314960624
11
4.6063509842519688
21
-5.7446789370078735
0
LINE
8
BLACK
6
CONTINUOUS
10
4.6063509842519688
20
-5.7446789370078735
11
4.6082547637795273
21
-5.7455357874015744
0
LINE
8
BLACK
6
CONTINUOUS
10
4.6082547637795273
20
-5.7455357874015744
11
4.6082760629921262
21
-5.7455396850393701
0
LINE
8
BLACK
6
CONTINUOUS
10
4.6082760629921262
20
-5.7455396850393701
11
4.6082901574803152
21
-5.7455467716535429
0
LINE
8
BLACK
6
CONTINUOUS
10
4.6082901574803152
20
-5.7455467716535429
11
4.6085412598425197
21
-5.7456250393700783
0
LINE
8
BLACK
6
CONTINUOUS
10
4.6085412598425197
20
-5.7456250393700783
11
4.6085282283464561
21
-5.7456667716535428
0
LINE
8
BLACK
6
CONTINUOUS
10
4.6085282283464561
20
-5.7456667716535428
11
4.6107720866141735
21
-5.7467976771653539
0
LINE
8
BLACK
6
CONTINUOUS
10
4.6107720866141735
20
-5.7467976771653539
11
4.612191771653543
21
-5.7492054330708662
0
LINE
8
BLACK
6
CONTINUOUS
10
4.612191771653543
20
-5.7492054330708662
11
4.6123425196850389
21
-5.75041905511811
0
LINE
8
BLACK
6
CONTINUOUS
10
4.6123425196850389
20
-5.75041905511811
11
4.6123425196850389
21
-5.7506247637795278
0
LINE
8
BLACK
6
CONTINUOUS
10
4.6123425196850389
20
-5.7506247637795278
11
4.6125987795275591
21
-5.753008503937008
0
LINE
8
BLACK
6
CONTINUOUS
10
4.6125987795275591
20
-5.753008503937008
11
4.6125988582677167
21
-5.753008818897638
0
LINE
8
BLACK
6
CONTINUOUS
10
4.6125988582677167
20
-5.753008818897638
11
4.6146106299212599
21
-5.7584024409448817
0
LINE
8
BLACK
6
CONTINUOUS
10
4.6146106299212599
20
-5.7584024409448817
11
4.6146107086614174
21
-5.7584026377952755
0
LINE
8
BLACK
6
CONTINUOUS
10
4.6146107086614174
20
-5.7584026377952755
11
4.6180605905511811
21
-5.7630110629921258
0
LINE
8
BLACK
6
CONTINUOUS
10
4.6180605905511811
20
-5.7630110629921258
11
4.6203678346456689
21
-5.7647383070866143
0
LINE
8
BLACK
6
CONTINUOUS
10
4.6203678346456689
20
-5.7647383070866143
11
4.6220428740157482
21
-5.7669759448818896
0
LINE
8
BLACK
6
CONTINUOUS
10
4.6220428740157482
20
-5.7669759448818896
11
4.6222422440944877
21
-5.7697639370078742
0
LINE
8
BLACK
6
CONTINUOUS
10
4.6222422440944877
20
-5.7697639370078742
11
4.6209026771653541
21
-5.7722171653543306
0
LINE
8
BLACK
6
CONTINUOUS
10
4.6209026771653541
20
-5.7722171653543306
11
4.6203678346456689
21
-5.7726805905511807
0
LINE
8
BLACK
6
CONTINUOUS
10
4.6203678346456689
20
-5.7726805905511807
11
4.6180605905511811
21
-5.7744077952755903
0
LINE
8
BLACK
6
CONTINUOUS
10
4.6180605905511811
20
-5.7744077952755903
11
4.6146107086614174
21
-5.7790162204724407
0
LINE
8
BLACK
6
CONTINUOUS
10
4.6146107086614174
20
-5.7790162204724407
11
4.6146106299212599
21
-5.7790164173228344
0
LINE
8
BLACK
6
CONTINUOUS
10
4.6146106299212599
20
-5.7790164173228344
11
4.6125988582677167
21
-5.784410039370079
0
LINE
8
BLACK
6
CONTINUOUS
10
4.6125988582677167
20
-5.784410039370079
11
4.6125987795275591
21
-5.7844103543307082
0
LINE
8
BLACK
6
CONTINUOUS
10
4.6125987795275591
20
-5.7844103543307082
11
4.6123425196850389
21
-5.7867940944881893
0
LINE
8
BLACK
6
CONTINUOUS
10
4.6123425196850389
20
-5.7867940944881893
11
4.6123425196850389
21
-5.8506247637795274
0
LINE
8
BLACK
6
CONTINUOUS
10
4.6123425196850389
20
-5.8506247637795274
11
4.6125987795275591
21
-5.8530085039370077
0
LINE
8
BLACK
6
CONTINUOUS
10
4.6125987795275591
20
-5.8530085039370077
11
4.6125988582677167
21
-5.8530088188976377
0
LINE
8
BLACK
6
CONTINUOUS
10
4.6125988582677167
20
-5.8530088188976377
11
4.6146106299212599
21
-5.8584024409448814
0
LINE
8
BLACK
6
CONTINUOUS
10
4.6146106299212599
20
-5.8584024409448814
11
4.6146107086614174
21
-5.8584026377952751
0
LINE
8
BLACK
6
CONTINUOUS
10
4.6146107086614174
20
-5.8584026377952751
11
4.6180605511811024
21
-5.8630110629921255
0
LINE
8
BLACK
6
CONTINUOUS
10
4.6180605511811024
20
-5.8630110629921255
11
4.6226689763779527
21
-5.8664609055118113
0
LINE
8
BLACK
6
CONTINUOUS
10
4.6226689763779527
20
-5.8664609055118113
11
4.6226690551181102
21
-5.8664609448818901
0
LINE
8
BLACK
6
CONTINUOUS
10
4.6226690551181102
20
-5.8664609448818901
11
4.6226691338582677
21
-5.8664609842519679
0
LINE
8
BLACK
6
CONTINUOUS
10
4.6226691338582677
20
-5.8664609842519679
11
4.6248194881889759
21
-5.867263031496063
0
LINE
8
BLACK
6
CONTINUOUS
10
4.6248194881889759
20
-5.867263031496063
11
4.6280627952755902
21
-5.8684727559055121
0
LINE
8
BLACK
6
CONTINUOUS
10
4.6280627952755902
20
-5.8684727559055121
11
4.6280631102362202
21
-5.8684728346456696
0
LINE
8
BLACK
6
CONTINUOUS
10
4.6280631102362202
20
-5.8684728346456696
11
4.6304468503937004
21
-5.8687290944881889
0
LINE
8
BLACK
6
CONTINUOUS
10
4.6304468503937004
20
-5.8687290944881889
11
4.6304470472440942
21
-5.8687290944881889
0
LINE
8
BLACK
6
CONTINUOUS
10
4.6304470472440942
20
-5.8687290944881889
11
4.6304473228346454
21
-5.8687291338582677
0
LINE
8
BLACK
6
CONTINUOUS
10
4.6304473228346454
20
-5.8687291338582677
11
4.630447559055118
21
-5.8687291338582677
0
LINE
8
BLACK
6
CONTINUOUS
10
4.630447559055118
20
-5.8687291338582677
11
4.6942768503937007
21
-5.8687291338582677
0
LINE
8
BLACK
6
CONTINUOUS
10
4.6942768503937007
20
-5.8687291338582677
11
4.6942770866141732
21
-5.8687291338582677
0
LINE
8
BLACK
6
CONTINUOUS
10
4.6942770866141732
20
-5.8687291338582677
11
4.6942773622047245
21
-5.8687290944881889
0
LINE
8
BLACK
6
CONTINUOUS
10
4.6942773622047245
20
-5.8687290944881889
11
4.6942775196850395
21
-5.8687290944881889
0
LINE
8
BLACK
6
CONTINUOUS
10
4.6942775196850395
20
-5.8687290944881889
11
4.6966612598425197
21
-5.8684728346456696
0
LINE
8
BLACK
6
CONTINUOUS
10
4.6966612598425197
20
-5.8684728346456696
11
4.696661377952756
21
-5.8684727952755908
0
LINE
8
BLACK
6
CONTINUOUS
10
4.696661377952756
20
-5.8684727952755908
11
4.6966614566929135
21
-5.8684727952755908
0
LINE
8
BLACK
6
CONTINUOUS
10
4.6966614566929135
20
-5.8684727952755908
11
4.6969887007874016
21
-5.8683507480314958
0
LINE
8
BLACK
6
CONTINUOUS
10
4.6969887007874016
20
-5.8683507480314958
11
4.6974033464566931
21
-5.8681960629921255
0
LINE
8
BLACK
6
CONTINUOUS
10
4.6974033464566931
20
-5.8681960629921255
11
4.7020552755905509
21
-5.8664609842519679
0
LINE
8
BLACK
6
CONTINUOUS
10
4.7020552755905509
20
-5.8664609842519679
11
4.7066638188976375
21
-5.8630110629921255
0
LINE
8
BLACK
6
CONTINUOUS
10
4.7066638188976375
20
-5.8630110629921255
11
4.7083990551181101
21
-5.8606930708661418
0
LINE
8
BLACK
6
CONTINUOUS
10
4.7083990551181101
20
-5.8606930708661418
11
4.7101136614173225
21
-5.8584026377952751
0
LINE
8
BLACK
6
CONTINUOUS
10
4.7101136614173225
20
-5.8584026377952751
11
4.7101136614173225
21
-5.8584025984251964
0
LINE
8
BLACK
6
CONTINUOUS
10
4.7101136614173225
20
-5.8584025984251964
11
4.71011374015748
21
-5.8584025196850389
0
LINE
8
BLACK
6
CONTINUOUS
10
4.71011374015748
20
-5.8584025196850389
11
4.712125551181102
21
-5.8530087007874014
0
LINE
8
BLACK
6
CONTINUOUS
10
4.712125551181102
20
-5.8530087007874014
11
4.7121356692913388
21
-5.8529148818897641
0
LINE
8
BLACK
6
CONTINUOUS
10
4.7121356692913388
20
-5.8529148818897641
11
4.7123818503937009
21
-5.8506247637795274
0
LINE
8
BLACK
6
CONTINUOUS
10
4.7123818503937009
20
-5.8506247637795274
11
4.7123818897637797
21
-5.8506240944881887
0
LINE
8
BLACK
6
CONTINUOUS
10
4.7123818897637797
20
-5.8506240944881887
11
4.7123818897637797
21
-5.7867947637795272
0
LINE
8
BLACK
6
CONTINUOUS
10
4.7123818897637797
20
-5.7867947637795272
11
4.7123818503937009
21
-5.7867940944881893
0
LINE
8
BLACK
6
CONTINUOUS
10
4.7123818503937009
20
-5.7867940944881893
11
4.7121255905511807
21
-5.7844103543307082
0
LINE
8
BLACK
6
CONTINUOUS
10
4.7121255905511807
20
-5.7844103543307082
11
4.7121255118110232
21
-5.784410039370079
0
LINE
8
BLACK
6
CONTINUOUS
10
4.7121255118110232
20
-5.784410039370079
11
4.71011374015748
21
-5.7790164173228344
0
LINE
8
BLACK
6
CONTINUOUS
10
4.71011374015748
20
-5.7790164173228344
11
4.7101136614173225
21
-5.7790162204724407
0
LINE
8
BLACK
6
CONTINUOUS
10
4.7101136614173225
20
-5.7790162204724407
11
4.7066638188976375
21
-5.7744077952755903
0
LINE
8
BLACK
6
CONTINUOUS
10
4.7066638188976375
20
-5.7744077952755903
11
4.7043565748031497
21
-5.7726806299212594
0
LINE
8
BLACK
6
CONTINUOUS
10
4.7043565748031497
20
-5.7726806299212594
11
4.7026814960629917
21
-5.7704429921259841
0
LINE
8
BLACK
6
CONTINUOUS
10
4.7026814960629917
20
-5.7704429921259841
11
4.7024821259842522
21
-5.7676549606299208
0
LINE
8
BLACK
6
CONTINUOUS
10
4.7024821259842522
20
-5.7676549606299208
11
4.7038216929133858
21
-5.7652017322834643
0
LINE
8
BLACK
6
CONTINUOUS
10
4.7038216929133858
20
-5.7652017322834643
11
4.7043565748031497
21
-5.7647382677165355
0
LINE
8
BLACK
6
CONTINUOUS
10
4.7043565748031497
20
-5.7647382677165355
11
4.7066638188976375
21
-5.7630110629921258
0
LINE
8
BLACK
6
CONTINUOUS
10
4.7066638188976375
20
-5.7630110629921258
11
4.7083910236220472
21
-5.7607038188976381
0
LINE
8
BLACK
6
CONTINUOUS
10
4.7083910236220472
20
-5.7607038188976381
11
4.7106286614173225
21
-5.75902874015748
0
LINE
8
BLACK
6
CONTINUOUS
10
4.7106286614173225
20
-5.75902874015748
11
4.7134166929133858
21
-5.7588293700787396
0
LINE
8
BLACK
6
CONTINUOUS
10
4.7134166929133858
20
-5.7588293700787396
11
4.7158699212598423
21
-5.7601689370078741
0
LINE
8
BLACK
6
CONTINUOUS
10
4.7158699212598423
20
-5.7601689370078741
11
4.716333385826772
21
-5.7607038188976381
0
LINE
8
BLACK
6
CONTINUOUS
10
4.716333385826772
20
-5.7607038188976381
11
4.718060551181102
21
-5.7630110629921258
0
LINE
8
BLACK
6
CONTINUOUS
10
4.718060551181102
20
-5.7630110629921258
11
4.7226689763779524
21
-5.7664609055118108
0
LINE
8
BLACK
6
CONTINUOUS
10
4.7226689763779524
20
-5.7664609055118108
11
4.7226690551181099
21
-5.7664609448818895
0
LINE
8
BLACK
6
CONTINUOUS
10
4.7226690551181099
20
-5.7664609448818895
11
4.7226691338582674
21
-5.7664609842519683
0
LINE
8
BLACK
6
CONTINUOUS
10
4.7226691338582674
20
-5.7664609842519683
11
4.7248194881889765
21
-5.7672630314960625
0
LINE
8
BLACK
6
CONTINUOUS
10
4.7248194881889765
20
-5.7672630314960625
11
4.7280627952755907
21
-5.7684727559055116
0
LINE
8
BLACK
6
CONTINUOUS
10
4.7280627952755907
20
-5.7684727559055116
11
4.7280631102362207
21
-5.7684728346456691
0
LINE
8
BLACK
6
CONTINUOUS
10
4.7280631102362207
20
-5.7684728346456691
11
4.7304468503937009
21
-5.7687290944881893
0
LINE
8
BLACK
6
CONTINUOUS
10
4.7304468503937009
20
-5.7687290944881893
11
4.7304470472440947
21
-5.7687290944881893
0
LINE
8
BLACK
6
CONTINUOUS
10
4.7304470472440947
20
-5.7687290944881893
11
4.730447322834646
21
-5.768729133858268
0
LINE
8
BLACK
6
CONTINUOUS
10
4.730447322834646
20
-5.768729133858268
11
4.7304475590551176
21
-5.768729133858268
0
LINE
8
BLACK
6
CONTINUOUS
10
4.7304475590551176
20
-5.768729133858268
11
4.7942768503937003
21
-5.768729133858268
0
LINE
8
BLACK
6
CONTINUOUS
10
4.7942768503937003
20
-5.768729133858268
11
4.7942770866141728
21
-5.768729133858268
0
LINE
8
BLACK
6
CONTINUOUS
10
4.7942770866141728
20
-5.768729133858268
11
4.7942773622047241
21
-5.7687290944881893
0
LINE
8
BLACK
6
CONTINUOUS
10
4.7942773622047241
20
-5.7687290944881893
11
4.7942775196850391
21
-5.7687290944881893
0
LINE
8
BLACK
6
CONTINUOUS
10
4.7942775196850391
20
-5.7687290944881893
11
4.7966612598425193
21
-5.7684728346456691
0
LINE
8
BLACK
6
CONTINUOUS
10
4.7966612598425193
20
-5.7684728346456691
11
4.7966613779527556
21
-5.7684727952755903
0
LINE
8
BLACK
6
CONTINUOUS
10
4.7966613779527556
20
-5.7684727952755903
11
4.7966614566929131
21
-5.7684727952755903
0
LINE
8
BLACK
6
CONTINUOUS
10
4.7966614566929131
20
-5.7684727952755903
11
4.7969887007874012
21
-5.7683507480314962
0
LINE
8
BLACK
6
CONTINUOUS
10
4.7969887007874012
20
-5.7683507480314962
11
4.7974033464566928
21
-5.7681960629921258
0
LINE
8
BLACK
6
CONTINUOUS
10
4.7974033464566928
20
-5.7681960629921258
11
4.8020552755905515
21
-5.7664609842519683
0
LINE
8
BLACK
6
CONTINUOUS
10
4.8020552755905515
20
-5.7664609842519683
11
4.8043565748031494
21
-5.7647382677165355
0
LINE
8
BLACK
6
CONTINUOUS
10
4.8043565748031494
20
-5.7647382677165355
11
4.8066638188976381
21
-5.7630110629921258
0
LINE
8
BLACK
6
CONTINUOUS
10
4.8066638188976381
20
-5.7630110629921258
11
4.810113661417323
21
-5.7584026377952755
0
LINE
8
BLACK
6
CONTINUOUS
10
4.810113661417323
20
-5.7584026377952755
11
4.810113661417323
21
-5.7584025984251968
0
LINE
8
BLACK
6
CONTINUOUS
10
4.810113661417323
20
-5.7584025984251968
11
4.8101137401574805
21
-5.7584025196850392
0
LINE
8
BLACK
6
CONTINUOUS
10
4.8101137401574805
20
-5.7584025196850392
11
4.8119581889763783
21
-5.7534574015748028
0
LINE
8
BLACK
6
CONTINUOUS
10
4.8119581889763783
20
-5.7534574015748028
11
4.8121255118110238
21
-5.753008818897638
0
LINE
8
BLACK
6
CONTINUOUS
10
4.8121255118110238
20
-5.753008818897638
11
4.8121255905511813
21
-5.753008503937008
0
LINE
8
BLACK
6
CONTINUOUS
10
4.8121255905511813
20
-5.753008503937008
11
4.8123818503937006
21
-5.7506247637795278
0
LINE
8
BLACK
6
CONTINUOUS
10
4.8123818503937006
20
-5.7506247637795278
11
4.8123818897637793
21
-5.750624094488189
0
LINE
8
BLACK
6
CONTINUOUS
10
4.8123818897637793
20
-5.750624094488189
11
4.8123818897637793
21
-5.75041905511811
0
LINE
8
BLACK
6
CONTINUOUS
10
4.8123818897637793
20
-5.75041905511811
11
4.8131693700787404
21
-5.7477371259842522
0
LINE
8
BLACK
6
CONTINUOUS
10
4.8131693700787404
20
-5.7477371259842522
11
4.8152818110236222
21
-5.745906692913386
0
LINE
8
BLACK
6
CONTINUOUS
10
4.8152818110236222
20
-5.745906692913386
11
4.816448818897638
21
-5.7455396062992126
0
LINE
8
BLACK
6
CONTINUOUS
10
4.816448818897638
20
-5.7455396062992126
11
4.8164541732283466
21
-5.745538582677165
0
LINE
8
BLACK
6
CONTINUOUS
10
4.8164541732283466
20
-5.745538582677165
11
4.816469645669291
21
-5.7455357874015744
0
LINE
8
BLACK
6
CONTINUOUS
10
4.816469645669291
20
-5.7455357874015744
11
4.8186534251968505
21
-5.7445528740157483
0
LINE
8
BLACK
6
CONTINUOUS
10
4.8186534251968505
20
-5.7445528740157483
11
4.8189292125984249
21
-5.7444386614173224
0
LINE
8
BLACK
6
CONTINUOUS
10
4.8189292125984249
20
-5.7444386614173224
11
4.821168307086614
21
-5.7435895275590552
0
LINE
8
BLACK
6
CONTINUOUS
10
4.821168307086614
20
-5.7435895275590552
11
4.8214986614173228
21
-5.743361456692913
0
LINE
8
BLACK
6
CONTINUOUS
10
4.8214986614173228
20
-5.743361456692913
11
4.8222803937007876
21
-5.7429205118110236
0
LINE
8
BLACK
6
CONTINUOUS
10
4.8222803937007876
20
-5.7429205118110236
11
4.822646692913386
21
-5.7427557086614174
0
LINE
8
BLACK
6
CONTINUOUS
10
4.822646692913386
20
-5.7427557086614174
11
4.824533070866142
21
-5.7412777559055117
0
LINE
8
BLACK
6
CONTINUOUS
10
4.824533070866142
20
-5.7412777559055117
11
4.824771456692913
21
-5.7411023622047246
0
LINE
8
BLACK
6
CONTINUOUS
10
4.824771456692913
20
-5.7411023622047246
11
4.8267430314960631
21
-5.7397415354330708
0
LINE
8
BLACK
6
CONTINUOUS
10
4.8267430314960631
20
-5.7397415354330708
11
4.8267560629921258
21
-5.7397268503937005
0
LINE
8
BLACK
6
CONTINUOUS
10
4.8267560629921258
20
-5.7397268503937005
11
4.8268833070866144
21
-5.7395831496062995
0
LINE
8
BLACK
6
CONTINUOUS
10
4.8268833070866144
20
-5.7395831496062995
11
4.8283314173228344
21
-5.7379485039370079
0
LINE
8
BLACK
6
CONTINUOUS
10
4.8283314173228344
20
-5.7379485039370079
11
4.8285355118110234
21
-5.7377317322834642
0
LINE
8
BLACK
6
CONTINUOUS
10
4.8285355118110234
20
-5.7377317322834642
11
4.829956929133858
21
-5.7363103149606296
0
LINE
8
BLACK
6
CONTINUOUS
10
4.829956929133858
20
-5.7363103149606296
11
4.8324100787401569
21
-5.7349707874015747
0
LINE
8
BLACK
6
CONTINUOUS
10
4.8324100787401569
20
-5.7349707874015747
11
4.8351980708661415
21
-5.7351701968503939
0
LINE
8
BLACK
6
CONTINUOUS
10
4.8351980708661415
20
-5.7351701968503939
11
4.8369722047244093
21
-5.7363103937007871
0
LINE
8
BLACK
6
CONTINUOUS
10
4.8369722047244093
20
-5.7363103937007871
11
4.8426445275590551
21
-5.7419827165354329
0
LINE
8
BLACK
6
CONTINUOUS
10
4.8426445275590551
20
-5.7419827165354329
11
4.8428498818897641
21
-5.7422008661417321
0
LINE
8
BLACK
6
CONTINUOUS
10
4.8428498818897641
20
-5.7422008661417321
11
4.8444379527559054
21
-5.7439933858267711
0
LINE
8
BLACK
6
CONTINUOUS
10
4.8444379527559054
20
-5.7439933858267711
11
4.8444380708661416
21
-5.7439935039370074
0
LINE
8
BLACK
6
CONTINUOUS
10
4.8444380708661416
20
-5.7439935039370074
11
4.8464081889763779
21
-5.7453533858267711
0
LINE
8
BLACK
6
CONTINUOUS
10
4.8464081889763779
20
-5.7453533858267711
11
4.8466495669291341
21
-5.7455309842519684
0
LINE
8
BLACK
6
CONTINUOUS
10
4.8466495669291341
20
-5.7455309842519684
11
4.8485344094488187
21
-5.747007677165354
0
LINE
8
BLACK
6
CONTINUOUS
10
4.8485344094488187
20
-5.747007677165354
11
4.8489003937007871
21
-5.7471723622047239
0
LINE
8
BLACK
6
CONTINUOUS
10
4.8489003937007871
20
-5.7471723622047239
11
4.8496824803149607
21
-5.747613503937008
0
LINE
8
BLACK
6
CONTINUOUS
10
4.8496824803149607
20
-5.747613503937008
11
4.8500125984251969
21
-5.7478413779527555
0
LINE
8
BLACK
6
CONTINUOUS
10
4.8500125984251969
20
-5.7478413779527555
11
4.8500126771653544
21
-5.7478414173228343
0
LINE
8
BLACK
6
CONTINUOUS
10
4.8500126771653544
20
-5.7478414173228343
11
4.8500127952755907
21
-5.7478414960629918
0
LINE
8
BLACK
6
CONTINUOUS
10
4.8500127952755907
20
-5.7478414960629918
11
4.8500129527559057
21
-5.7478415354330705
0
LINE
8
BLACK
6
CONTINUOUS
10
4.8500129527559057
20
-5.7478415354330705
11
4.850013070866142
21
-5.747841614173228
0
LINE
8
BLACK
6
CONTINUOUS
10
4.850013070866142
20
-5.747841614173228
11
4.8522510236220473
21
-5.7486903543307086
0
LINE
8
BLACK
6
CONTINUOUS
10
4.8522510236220473
20
-5.7486903543307086
11
4.852527874015748
21
-5.7488049999999999
0
LINE
8
BLACK
6
CONTINUOUS
10
4.852527874015748
20
-5.7488049999999999
11
4.8547114566929137
21
-5.7497877559055119
0
LINE
8
BLACK
6
CONTINUOUS
10
4.8547114566929137
20
-5.7497877559055119
11
4.8547327559055118
21
-5.7497916535433067
0
LINE
8
BLACK
6
CONTINUOUS
10
4.8547327559055118
20
-5.7497916535433067
11
4.8547468503937008
21
-5.7497987401574804
0
LINE
8
BLACK
6
CONTINUOUS
10
4.8547468503937008
20
-5.7497987401574804
11
4.8549979527559053
21
-5.7498770078740158
0
LINE
8
BLACK
6
CONTINUOUS
10
4.8549979527559053
20
-5.7498770078740158
11
4.8549849212598426
21
-5.7499187401574803
0
LINE
8
BLACK
6
CONTINUOUS
10
4.8549849212598426
20
-5.7499187401574803
11
4.857228779527559
21
-5.7510496456692914
0
LINE
8
BLACK
6
CONTINUOUS
10
4.857228779527559
20
-5.7510496456692914
11
4.8586484645669294
21
-5.7534574015748028
0
LINE
8
BLACK
6
CONTINUOUS
10
4.8586484645669294
20
-5.7534574015748028
11
4.8587992125984254
21
-5.7546710236220475
0
LINE
8
BLACK
6
CONTINUOUS
10
4.8587992125984254
20
-5.7546710236220475
11
4.8587992125984254
21
-5.7548767322834644
0
LINE
8
BLACK
6
CONTINUOUS
10
4.8587992125984254
20
-5.7548767322834644
11
4.8590554724409447
21
-5.7572604724409446
0
LINE
8
BLACK
6
CONTINUOUS
10
4.8590554724409447
20
-5.7572604724409446
11
4.8590555511811022
21
-5.7572607874015747
0
LINE
8
BLACK
6
CONTINUOUS
10
4.8590555511811022
20
-5.7572607874015747
11
4.8610673228346455
21
-5.7626544094488183
0
LINE
8
BLACK
6
CONTINUOUS
10
4.8610673228346455
20
-5.7626544094488183
11
4.861067401574803
21
-5.7626546062992121
0
LINE
8
BLACK
6
CONTINUOUS
10
4.861067401574803
20
-5.7626546062992121
11
4.8645172834645667
21
-5.7672630314960625
0
LINE
8
BLACK
6
CONTINUOUS
10
4.8645172834645667
20
-5.7672630314960625
11
4.8668245275590554
21
-5.7689902755905509
0
LINE
8
BLACK
6
CONTINUOUS
10
4.8668245275590554
20
-5.7689902755905509
11
4.8684995669291338
21
-5.7712279133858271
0
LINE
8
BLACK
6
CONTINUOUS
10
4.8684995669291338
20
-5.7712279133858271
11
4.8686989370078742
21
-5.7740159055118108
0
LINE
8
BLACK
6
CONTINUOUS
10
4.8686989370078742
20
-5.7740159055118108
11
4.8673593700787396
21
-5.7764691338582672
0
LINE
8
BLACK
6
CONTINUOUS
10
4.8673593700787396
20
-5.7764691338582672
11
4.8668245275590554
21
-5.7769325590551182
0
LINE
8
BLACK
6
CONTINUOUS
10
4.8668245275590554
20
-5.7769325590551182
11
4.8645172834645667
21
-5.7786597637795278
0
LINE
8
BLACK
6
CONTINUOUS
10
4.8645172834645667
20
-5.7786597637795278
11
4.861067401574803
21
-5.7832681889763782
0
LINE
8
BLACK
6
CONTINUOUS
10
4.861067401574803
20
-5.7832681889763782
11
4.8610673228346455
21
-5.7832683858267719
0
LINE
8
BLACK
6
CONTINUOUS
10
4.8610673228346455
20
-5.7832683858267719
11
4.8590555511811022
21
-5.7886620078740156
0
LINE
8
BLACK
6
CONTINUOUS
10
4.8590555511811022
20
-5.7886620078740156
11
4.8590554724409447
21
-5.7886623228346457
0
LINE
8
BLACK
6
CONTINUOUS
10
4.8590554724409447
20
-5.7886623228346457
11
4.8587992125984254
21
-5.7910460629921259
0
LINE
8
BLACK
6
CONTINUOUS
10
4.8587992125984254
20
-5.7910460629921259
11
4.8587992125984254
21
-5.8548767322834641
0
LINE
8
BLACK
6
CONTINUOUS
10
4.8587992125984254
20
-5.8548767322834641
11
4.8590554724409447
21
-5.8572604724409452
0
LINE
8
BLACK
6
CONTINUOUS
10
4.8590554724409447
20
-5.8572604724409452
11
4.8590555511811022
21
-5.8572607874015743
0
LINE
8
BLACK
6
CONTINUOUS
10
4.8590555511811022
20
-5.8572607874015743
11
4.8610673228346455
21
-5.8626544094488189
0
LINE
8
BLACK
6
CONTINUOUS
10
4.8610673228346455
20
-5.8626544094488189
11
4.861067401574803
21
-5.8626546062992126
0
LINE
8
BLACK
6
CONTINUOUS
10
4.861067401574803
20
-5.8626546062992126
11
4.8645172440944879
21
-5.867263031496063
0
LINE
8
BLACK
6
CONTINUOUS
10
4.8645172440944879
20
-5.867263031496063
11
4.8691256692913383
21
-5.8707128740157479
0
LINE
8
BLACK
6
CONTINUOUS
10
4.8691256692913383
20
-5.8707128740157479
11
4.8691257480314958
21
-5.8707129133858267
0
LINE
8
BLACK
6
CONTINUOUS
10
4.8691257480314958
20
-5.8707129133858267
11
4.8691258267716533
21
-5.8707129527559054
0
LINE
8
BLACK
6
CONTINUOUS
10
4.8691258267716533
20
-5.8707129527559054
11
4.8714517716535433
21
-5.8715804724409448
0
LINE
8
BLACK
6
CONTINUOUS
10
4.8714517716535433
20
-5.8715804724409448
11
4.8745194881889766
21
-5.8727247244094487
0
LINE
8
BLACK
6
CONTINUOUS
10
4.8745194881889766
20
-5.8727247244094487
11
4.8745198031496058
21
-5.8727248031496062
0
LINE
8
BLACK
6
CONTINUOUS
10
4.8745198031496058
20
-5.8727248031496062
11
4.8769035433070869
21
-5.8729810629921255
0
LINE
8
BLACK
6
CONTINUOUS
10
4.8769035433070869
20
-5.8729810629921255
11
4.8769037401574806
21
-5.8729810629921255
0
LINE
8
BLACK
6
CONTINUOUS
10
4.8769037401574806
20
-5.8729810629921255
11
4.876904015748031
21
-5.8729811023622043
0
LINE
8
BLACK
6
CONTINUOUS
10
4.876904015748031
20
-5.8729811023622043
11
4.8769042519685035
21
-5.8729811023622043
0
LINE
8
BLACK
6
CONTINUOUS
10
4.8769042519685035
20
-5.8729811023622043
11
4.9407335433070863
21
-5.8729811023622043
0
LINE
8
BLACK
6
CONTINUOUS
10
4.9407335433070863
20
-5.8729811023622043
11
4.9407337795275588
21
-5.8729811023622043
0
LINE
8
BLACK
6
CONTINUOUS
10
4.9407337795275588
20
-5.8729811023622043
11
4.94073405511811
21
-5.8729810629921255
0
LINE
8
BLACK
6
CONTINUOUS
10
4.94073405511811
20
-5.8729810629921255
11
4.940734212598425
21
-5.8729810629921255
0
LINE
8
BLACK
6
CONTINUOUS
10
4.940734212598425
20
-5.8729810629921255
11
4.9431179527559053
21
-5.8727248031496062
0
LINE
8
BLACK
6
CONTINUOUS
10
4.9431179527559053
20
-5.8727248031496062
11
4.9431180708661415
21
-5.8727247637795275
0
LINE
8
BLACK
6
CONTINUOUS
10
4.9431180708661415
20
-5.8727247637795275
11
4.943118149606299
21
-5.8727247637795275
0
LINE
8
BLACK
6
CONTINUOUS
10
4.943118149606299
20
-5.8727247637795275
11
4.9485119685039365
21
-5.8707129527559054
0
LINE
8
BLACK
6
CONTINUOUS
10
4.9485119685039365
20
-5.8707129527559054
11
4.9486376377952759
21
-5.8706188976377955
0
LINE
8
BLACK
6
CONTINUOUS
10
4.9486376377952759
20
-5.8706188976377955
11
4.9531205118110231
21
-5.867263031496063
0
LINE
8
BLACK
6
CONTINUOUS
10
4.9531205118110231
20
-5.867263031496063
11
4.9565703543307089
21
-5.8626546062992126
0
LINE
8
BLACK
6
CONTINUOUS
10
4.9565703543307089
20
-5.8626546062992126
11
4.9565703543307089
21
-5.8626545669291339
0
LINE
8
BLACK
6
CONTINUOUS
10
4.9565703543307089
20
-5.8626545669291339
11
4.9565704330708664
21
-5.8626544881889764
0
LINE
8
BLACK
6
CONTINUOUS
10
4.9565704330708664
20
-5.8626544881889764
11
4.9585822440944884
21
-5.857260669291338
0
LINE
8
BLACK
6
CONTINUOUS
10
4.9585822440944884
20
-5.857260669291338
11
4.958836220472441
21
-5.8548984645669293
0
LINE
8
BLACK
6
CONTINUOUS
10
4.958836220472441
20
-5.8548984645669293
11
4.9588385433070865
21
-5.8548767322834641
0
LINE
8
BLACK
6
CONTINUOUS
10
4.9588385433070865
20
-5.8548767322834641
11
4.9588385826771653
21
-5.8548760629921262
0
LINE
8
BLACK
6
CONTINUOUS
10
4.9588385826771653
20
-5.8548760629921262
11
4.9588385826771653
21
-5.7910467322834647
0
LINE
8
BLACK
6
CONTINUOUS
10
4.9588385826771653
20
-5.7910467322834647
11
4.9588385433070865
21
-5.7910460629921259
0
LINE
8
BLACK
6
CONTINUOUS
10
4.9588385433070865
20
-5.7910460629921259
11
4.9585822834645672
21
-5.7886623228346457
0
LINE
8
BLACK
6
CONTINUOUS
10
4.9585822834645672
20
-5.7886623228346457
11
4.9585822047244097
21
-5.7886620078740156
0
LINE
8
BLACK
6
CONTINUOUS
10
4.9585822047244097
20
-5.7886620078740156
11
4.9569963779527555
21
-5.7844103543307082
0
LINE
8
BLACK
6
CONTINUOUS
10
4.9569963779527555
20
-5.7844103543307082
11
4.9565704330708664
21
-5.7832683464566932
0
LINE
8
BLACK
6
CONTINUOUS
10
4.9565704330708664
20
-5.7832683464566932
11
4.9565703937007877
21
-5.7832682677165357
0
LINE
8
BLACK
6
CONTINUOUS
10
4.9565703937007877
20
-5.7832682677165357
11
4.9565703543307089
21
-5.7832681889763782
0
LINE
8
BLACK
6
CONTINUOUS
10
4.9565703543307089
20
-5.7832681889763782
11
4.9531205118110231
21
-5.7786597637795278
0
LINE
8
BLACK
6
CONTINUOUS
10
4.9531205118110231
20
-5.7786597637795278
11
4.9508132677165353
21
-5.7769325984251969
0
LINE
8
BLACK
6
CONTINUOUS
10
4.9508132677165353
20
-5.7769325984251969
11
4.9491381889763781
21
-5.7746949606299207
0
LINE
8
BLACK
6
CONTINUOUS
10
4.9491381889763781
20
-5.7746949606299207
11
4.9489388188976378
21
-5.7719069291338583
0
LINE
8
BLACK
6
CONTINUOUS
10
4.9489388188976378
20
-5.7719069291338583
11
4.9502783858267714
21
-5.7694537007874018
0
LINE
8
BLACK
6
CONTINUOUS
10
4.9502783858267714
20
-5.7694537007874018
11
4.9508132677165353
21
-5.7689902362204721
0
LINE
8
BLACK
6
CONTINUOUS
10
4.9508132677165353
20
-5.7689902362204721
11
4.9531205118110231
21
-5.7672630314960625
0
LINE
8
BLACK
6
CONTINUOUS
10
4.9531205118110231
20
-5.7672630314960625
11
4.9548477165354328
21
-5.7649557874015747
0
LINE
8
BLACK
6
CONTINUOUS
10
4.9548477165354328
20
-5.7649557874015747
11
4.957085354330709
21
-5.7632807086614175
0
LINE
8
BLACK
6
CONTINUOUS
10
4.957085354330709
20
-5.7632807086614175
11
4.9598733858267714
21
-5.7630813385826771
0
LINE
8
BLACK
6
CONTINUOUS
10
4.9598733858267714
20
-5.7630813385826771
11
4.9623266141732278
21
-5.7644209055118107
0
LINE
8
BLACK
6
CONTINUOUS
10
4.9623266141732278
20
-5.7644209055118107
11
4.9627900787401575
21
-5.7649557874015747
0
LINE
8
BLACK
6
CONTINUOUS
10
4.9627900787401575
20
-5.7649557874015747
11
4.9645172440944885
21
-5.7672630314960625
0
LINE
8
BLACK
6
CONTINUOUS
10
4.9645172440944885
20
-5.7672630314960625
11
4.9691256692913388
21
-5.7707128740157483
0
LINE
8
BLACK
6
CONTINUOUS
10
4.9691256692913388
20
-5.7707128740157483
11
4.9691257480314963
21
-5.770712913385827
0
LINE
8
BLACK
6
CONTINUOUS
10
4.9691257480314963
20
-5.770712913385827
11
4.9691258267716538
21
-5.7707129527559058
0
LINE
8
BLACK
6
CONTINUOUS
10
4.9691258267716538
20
-5.7707129527559058
11
4.9705299212598426
21
-5.7712366535433066
0
LINE
8
BLACK
6
CONTINUOUS
10
4.9705299212598426
20
-5.7712366535433066
11
4.9745194881889763
21
-5.7727247244094491
0
LINE
8
BLACK
6
CONTINUOUS
10
4.9745194881889763
20
-5.7727247244094491
11
4.9745198031496063
21
-5.7727248031496066
0
LINE
8
BLACK
6
CONTINUOUS
10
4.9745198031496063
20
-5.7727248031496066
11
4.9769035433070865
21
-5.7729810629921259
0
LINE
8
BLACK
6
CONTINUOUS
10
4.9769035433070865
20
-5.7729810629921259
11
4.9769037401574803
21
-5.7729810629921259
0
LINE
8
BLACK
6
CONTINUOUS
10
4.9769037401574803
20
-5.7729810629921259
11
4.9769040157480315
21
-5.7729811023622046
0
LINE
8
BLACK
6
CONTINUOUS
10
4.9769040157480315
20
-5.7729811023622046
11
4.9769042519685041
21
-5.7729811023622046
0
LINE
8
BLACK
6
CONTINUOUS
10
4.9769042519685041
20
-5.7729811023622046
11
5.0407335433070868
21
-5.7729811023622046
0
LINE
8
BLACK
6
CONTINUOUS
10
5.0407335433070868
20
-5.7729811023622046
11
5.0407337795275593
21
-5.7729811023622046
0
LINE
8
BLACK
6
CONTINUOUS
10
5.0407337795275593
20
-5.7729811023622046
11
5.0407340551181097
21
-5.7729810629921259
0
LINE
8
BLACK
6
CONTINUOUS
10
5.0407340551181097
20
-5.7729810629921259
11
5.0407342125984247
21
-5.7729810629921259
0
LINE
8
BLACK
6
CONTINUOUS
10
5.0407342125984247
20
-5.7729810629921259
11
5.0431179527559058
21
-5.7727248031496066
0
LINE
8
BLACK
6
CONTINUOUS
10
5.0431179527559058
20
-5.7727248031496066
11
5.0431180708661421
21
-5.7727247637795278
0
LINE
8
BLACK
6
CONTINUOUS
10
5.0431180708661421
20
-5.7727247637795278
11
5.0431181496062987
21
-5.7727247637795278
0
LINE
8
BLACK
6
CONTINUOUS
10
5.0431181496062987
20
-5.7727247637795278
11
5.0432364960629918
21
-5.7726806299212594
0
LINE
8
BLACK
6
CONTINUOUS
10
5.0432364960629918
20
-5.7726806299212594
11
5.0449151968503934
21
-5.7720544881889762
0
LINE
8
BLACK
6
CONTINUOUS
10
5.0449151968503934
20
-5.7720544881889762
11
5.048511968503937
21
-5.7707129527559058
0
LINE
8
BLACK
6
CONTINUOUS
10
5.048511968503937
20
-5.7707129527559058
11
5.0486376377952755
21
-5.770618897637795
0
LINE
8
BLACK
6
CONTINUOUS
10
5.0486376377952755
20
-5.770618897637795
11
5.0531205118110236
21
-5.7672630314960625
0
LINE
8
BLACK
6
CONTINUOUS
10
5.0531205118110236
20
-5.7672630314960625
11
5.0565703543307086
21
-5.7626546062992121
0
LINE
8
BLACK
6
CONTINUOUS
10
5.0565703543307086
20
-5.7626546062992121
11
5.0565703543307086
21
-5.7626545669291334
0
LINE
8
BLACK
6
CONTINUOUS
10
5.0565703543307086
20
-5.7626545669291334
11
5.0565704330708661
21
-5.7626544881889759
0
LINE
8
BLACK
6
CONTINUOUS
10
5.0565704330708661
20
-5.7626544881889759
11
5.0585822440944881
21
-5.7572606692913384
0
LINE
8
BLACK
6
CONTINUOUS
10
5.0585822440944881
20
-5.7572606692913384
11
5.0588362204724406
21
-5.7548984645669288
0
LINE
8
BLACK
6
CONTINUOUS
10
5.0588362204724406
20
-5.7548984645669288
11
5.0588385433070862
21
-5.7548767322834644
0
LINE
8
BLACK
6
CONTINUOUS
10
5.0588385433070862
20
-5.7548767322834644
11
5.0588385826771649
21
-5.7548760629921256
0
LINE
8
BLACK
6
CONTINUOUS
10
5.0588385826771649
20
-5.7548760629921256
11
5.0588385826771649
21
-5.7546710236220475
0
LINE
8
BLACK
6
CONTINUOUS
10
5.0588385826771649
20
-5.7546710236220475
11
5.0596260629921259
21
-5.7519890944881888
0
LINE
8
BLACK
6
CONTINUOUS
10
5.0596260629921259
20
-5.7519890944881888
11
5.0617385039370077
21
-5.7501586614173226
0
LINE
8
BLACK
6
CONTINUOUS
10
5.0617385039370077
20
-5.7501586614173226
11
5.0629055118110236
21
-5.7497915748031492
0
LINE
8
BLACK
6
CONTINUOUS
10
5.0629055118110236
20
-5.7497915748031492
11
5.0629108661417321
21
-5.7497905511811025
0
LINE
8
BLACK
6
CONTINUOUS
10
5.0629108661417321
20
-5.7497905511811025
11
5.0629263385826775
21
-5.7497877559055119
0
LINE
8
BLACK
6
CONTINUOUS
10
5.0629263385826775
20
-5.7497877559055119
11
5.065110118110236
21
-5.7488048425196849
0
LINE
8
BLACK
6
CONTINUOUS
10
5.065110118110236
20
-5.7488048425196849
11
5.0653859055118113
21
-5.7486906299212599
0
LINE
8
BLACK
6
CONTINUOUS
10
5.0653859055118113
20
-5.7486906299212599
11
5.0676249999999996
21
-5.7478414960629918
0
LINE
8
BLACK
6
CONTINUOUS
10
5.0676249999999996
20
-5.7478414960629918
11
5.0679553543307083
21
-5.7476134251968505
0
LINE
8
BLACK
6
CONTINUOUS
10
5.0679553543307083
20
-5.7476134251968505
11
5.0687370866141732
21
-5.7471724803149602
0
LINE
8
BLACK
6
CONTINUOUS
10
5.0687370866141732
20
-5.7471724803149602
11
5.0691033858267716
21
-5.747007677165354
0
LINE
8
BLACK
6
CONTINUOUS
10
5.0691033858267716
20
-5.747007677165354
11
5.0709897637795276
21
-5.7455297244094483
0
LINE
8
BLACK
6
CONTINUOUS
10
5.0709897637795276
20
-5.7455297244094483
11
5.0712281496062994
21
-5.7453543307086612
0
LINE
8
BLACK
6
CONTINUOUS
10
5.0712281496062994
20
-5.7453543307086612
11
5.0731997244094487
21
-5.7439935039370074
0
LINE
8
BLACK
6
CONTINUOUS
10
5.0731997244094487
20
-5.7439935039370074
11
5.0747884645669288
21
-5.7422001181102358
0
LINE
8
BLACK
6
CONTINUOUS
10
5.0747884645669288
20
-5.7422001181102358
11
5.0749925984251965
21
-5.7419833070866142
0
LINE
8
BLACK
6
CONTINUOUS
10
5.0749925984251965
20
-5.7419833070866142
11
5.084021889763779
21
-5.7329540157480317
0
LINE
8
BLACK
6
CONTINUOUS
10
5.084021889763779
20
-5.7329540157480317
11
5.0842392125984253
21
-5.7327494488188977
0
LINE
8
BLACK
6
CONTINUOUS
10
5.0842392125984253
20
-5.7327494488188977
11
5.0844382283464569
21
-5.7325731496062993
0
LINE
8
BLACK
6
CONTINUOUS
10
5.0844382283464569
20
-5.7325731496062993
11
5.0869677165354332
21
-5.7313840551181103
0
LINE
8
BLACK
6
CONTINUOUS
10
5.0869677165354332
20
-5.7313840551181103
11
5.0897386614173223
21
-5.7317512992125987
0
LINE
8
BLACK
6
CONTINUOUS
10
5.0897386614173223
20
-5.7317512992125987
11
5.0912355118110231
21
-5.7327784251968499
0
LINE
8
BLACK
6
CONTINUOUS
10
5.0912355118110231
20
-5.7327784251968499
11
5.0961878346456695
21
-5.7377307480314963
0
LINE
8
BLACK
6
CONTINUOUS
10
5.0961878346456695
20
-5.7377307480314963
11
5.0963931889763776
21
-5.7379488976377955
0
LINE
8
BLACK
6
CONTINUOUS
10
5.0963931889763776
20
-5.7379488976377955
11
5.0979812598425198
21
-5.7397414173228345
0
LINE
8
BLACK
6
CONTINUOUS
10
5.0979812598425198
20
-5.7397414173228345
11
5.0979813779527561
21
-5.7397415354330708
0
LINE
8
BLACK
6
CONTINUOUS
10
5.0979813779527561
20
-5.7397415354330708
11
5.0999514960629924
21
-5.7411014173228345
0
LINE
8
BLACK
6
CONTINUOUS
10
5.0999514960629924
20
-5.7411014173228345
11
5.1001928740157476
21
-5.7412790157480318
0
LINE
8
BLACK
6
CONTINUOUS
10
5.1001928740157476
20
-5.7412790157480318
11
5.1020777165354332
21
-5.7427557086614174
0
LINE
8
BLACK
6
CONTINUOUS
10
5.1020777165354332
20
-5.7427557086614174
11
5.1024437007874015
21
-5.7429203937007873
0
LINE
8
BLACK
6
CONTINUOUS
10
5.1024437007874015
20
-5.7429203937007873
11
5.1032257874015743
21
-5.7433615354330705
0
LINE
8
BLACK
6
CONTINUOUS
10
5.1032257874015743
20
-5.7433615354330705
11
5.1035559055118105
21
-5.7435894094488189
0
LINE
8
BLACK
6
CONTINUOUS
10
5.1035559055118105
20
-5.7435894094488189
11
5.103555984251968
21
-5.7435894488188977
0
LINE
8
BLACK
6
CONTINUOUS
10
5.103555984251968
20
-5.7435894488188977
11
5.1035561023622042
21
-5.7435895275590552
0
LINE
8
BLACK
6
CONTINUOUS
10
5.1035561023622042
20
-5.7435895275590552
11
5.1035562598425193
21
-5.7435895669291339
0
LINE
8
BLACK
6
CONTINUOUS
10
5.1035562598425193
20
-5.7435895669291339
11
5.1035563779527555
21
-5.7435896456692914
0
LINE
8
BLACK
6
CONTINUOUS
10
5.1035563779527555
20
-5.7435896456692914
11
5.1057943307086617
21
-5.7444383858267711
0
LINE
8
BLACK
6
CONTINUOUS
10
5.1057943307086617
20
-5.7444383858267711
11
5.1060711811023625
21
-5.7445530314960624
0
LINE
8
BLACK
6
CONTINUOUS
10
5.1060711811023625
20
-5.7445530314960624
11
5.1063509842519688
21
-5.7446789370078735
0
LINE
8
BLACK
6
CONTINUOUS
10
5.1063509842519688
20
-5.7446789370078735
11
5.1082547637795273
21
-5.7455357874015744
0
LINE
8
BLACK
6
CONTINUOUS
10
5.1082547637795273
20
-5.7455357874015744
11
5.1082760629921262
21
-5.7455396850393701
0
LINE
8
BLACK
6
CONTINUOUS
10
5.1082760629921262
20
-5.7455396850393701
11
5.1082901574803152
21
-5.7455467716535429
0
LINE
8
BLACK
6
CONTINUOUS
10
5.1082901574803152
20
-5.7455467716535429
11
5.1085412598425197
21
-5.7456250393700783
0
LINE
8
BLACK
6
CONTINUOUS
10
5.1085412598425197
20
-5.7456250393700783
11
5.1085282283464561
21
-5.7456667716535428
0
LINE
8
BLACK
6
CONTINUOUS
10
5.1085282283464561
20
-5.7456667716535428
11
5.1107720866141735
21
-5.7467976771653539
0
LINE
8
BLACK
6
CONTINUOUS
10
5.1107720866141735
20
-5.7467976771653539
11
5.112191771653543
21
-5.7492054330708662
0
LINE
8
BLACK
6
CONTINUOUS
10
5.112191771653543
20
-5.7492054330708662
11
5.1123425196850389
21
-5.75041905511811
0
LINE
8
BLACK
6
CONTINUOUS
10
5.1123425196850389
20
-5.75041905511811
11
5.1123425196850389
21
-5.7506247637795278
0
LINE
8
BLACK
6
CONTINUOUS
10
5.1123425196850389
20
-5.7506247637795278
11
5.1125987795275591
21
-5.753008503937008
0
LINE
8
BLACK
6
CONTINUOUS
10
5.1125987795275591
20
-5.753008503937008
11
5.1125988582677167
21
-5.753008818897638
0
LINE
8
BLACK
6
CONTINUOUS
10
5.1125988582677167
20
-5.753008818897638
11
5.1146106299212599
21
-5.7584024409448817
0
LINE
8
BLACK
6
CONTINUOUS
10
5.1146106299212599
20
-5.7584024409448817
11
5.1146107086614174
21
-5.7584026377952755
0
LINE
8
BLACK
6
CONTINUOUS
10
5.1146107086614174
20
-5.7584026377952755
11
5.1180605905511811
21
-5.7630110629921258
0
LINE
8
BLACK
6
CONTINUOUS
10
5.1180605905511811
20
-5.7630110629921258
11
5.1203678346456689
21
-5.7647383070866143
0
LINE
8
BLACK
6
CONTINUOUS
10
5.1203678346456689
20
-5.7647383070866143
11
5.1220428740157482
21
-5.7669759448818896
0
LINE
8
BLACK
6
CONTINUOUS
10
5.1220428740157482
20
-5.7669759448818896
11
5.1222422440944877
21
-5.7697639370078742
0
LINE
8
BLACK
6
CONTINUOUS
10
5.1222422440944877
20
-5.7697639370078742
11
5.1209026771653541
21
-5.7722171653543306
0
LINE
8
BLACK
6
CONTINUOUS
10
5.1209026771653541
20
-5.7722171653543306
11
5.1203678346456689
21
-5.7726805905511807
0
LINE
8
BLACK
6
CONTINUOUS
10
5.1203678346456689
20
-5.7726805905511807
11
5.1180605905511811
21
-5.7744077952755903
0
LINE
8
BLACK
6
CONTINUOUS
10
5.1180605905511811
20
-5.7744077952755903
11
5.1146107086614174
21
-5.7790162204724407
0
LINE
8
BLACK
6
CONTINUOUS
10
5.1146107086614174
20
-5.7790162204724407
11
5.1146106299212599
21
-5.7790164173228344
0
LINE
8
BLACK
6
CONTINUOUS
10
5.1146106299212599
20
-5.7790164173228344
11
5.1125988582677167
21
-5.784410039370079
0
LINE
8
BLACK
6
CONTINUOUS
10
5.1125988582677167
20
-5.784410039370079
11
5.1125987795275591
21
-5.7844103543307082
0
LINE
8
BLACK
6
CONTINUOUS
10
5.1125987795275591
20
-5.7844103543307082
11
5.1123425196850389
21
-5.7867940944881893
0
LINE
8
BLACK
6
CONTINUOUS
10
5.1123425196850389
20
-5.7867940944881893
11
5.1123425196850389
21
-5.8506247637795274
0
LINE
8
BLACK
6
CONTINUOUS
10
5.1123425196850389
20
-5.8506247637795274
11
5.1125987795275591
21
-5.8530085039370077
0
LINE
8
BLACK
6
CONTINUOUS
10
5.1125987795275591
20
-5.8530085039370077
11
5.1125988582677167
21
-5.8530088188976377
0
LINE
8
BLACK
6
CONTINUOUS
10
5.1125988582677167
20
-5.8530088188976377
11
5.1146106299212599
21
-5.8584024409448814
0
LINE
8
BLACK
6
CONTINUOUS
10
5.1146106299212599
20
-5.8584024409448814
11
5.1146107086614174
21
-5.8584026377952751
0
LINE
8
BLACK
6
CONTINUOUS
10
5.1146107086614174
20
-5.8584026377952751
11
5.1180605511811024
21
-5.8630110629921255
0
LINE
8
BLACK
6
CONTINUOUS
10
5.1180605511811024
20
-5.8630110629921255
11
5.1226689763779527
21
-5.8664609055118113
0
LINE
8
BLACK
6
CONTINUOUS
10
5.1226689763779527
20
-5.8664609055118113
11
5.1226690551181102
21
-5.8664609448818901
0
LINE
8
BLACK
6
CONTINUOUS
10
5.1226690551181102
20
-5.8664609448818901
11
5.1226691338582677
21
-5.8664609842519679
0
LINE
8
BLACK
6
CONTINUOUS
10
5.1226691338582677
20
-5.8664609842519679
11
5.1248194881889759
21
-5.867263031496063
0
LINE
8
BLACK
6
CONTINUOUS
10
5.1248194881889759
20
-5.867263031496063
11
5.1280627952755902
21
-5.8684727559055121
0
LINE
8
BLACK
6
CONTINUOUS
10
5.1280627952755902
20
-5.8684727559055121
11
5.1280631102362202
21
-5.8684728346456696
0
LINE
8
BLACK
6
CONTINUOUS
10
5.1280631102362202
20
-5.8684728346456696
11
5.1304468503937004
21
-5.8687290944881889
0
LINE
8
BLACK
6
CONTINUOUS
10
5.1304468503937004
20
-5.8687290944881889
11
5.1304470472440942
21
-5.8687290944881889
0
LINE
8
BLACK
6
CONTINUOUS
10
5.1304470472440942
20
-5.8687290944881889
11
5.1304473228346454
21
-5.8687291338582677
0
LINE
8
BLACK
6
CONTINUOUS
10
5.1304473228346454
20
-5.8687291338582677
11
5.130447559055118
21
-5.8687291338582677
0
LINE
8
BLACK
6
CONTINUOUS
10
5.130447559055118
20
-5.8687291338582677
11
5.1942768503937007
21
-5.8687291338582677
0
LINE
8
BLACK
6
CONTINUOUS
10
5.1942768503937007
20
-5.8687291338582677
11
5.1942770866141732
21
-5.8687291338582677
0
LINE
8
BLACK
6
CONTINUOUS
10
5.1942770866141732
20
-5.8687291338582677
11
5.1942773622047245
21
-5.8687290944881889
0
LINE
8
BLACK
6
CONTINUOUS
10
5.1942773622047245
20
-5.8687290944881889
11
5.1942775196850395
21
-5.8687290944881889
0
LINE
8
BLACK
6
CONTINUOUS
10
5.1942775196850395
20
-5.8687290944881889
11
5.1966612598425197
21
-5.8684728346456696
0
LINE
8
BLACK
6
CONTINUOUS
10
5.1966612598425197
20
-5.8684728346456696
11
5.196661377952756
21
-5.8684727952755908
0
LINE
8
BLACK
6
CONTINUOUS
10
5.196661377952756
20
-5.8684727952755908
11
5.1966614566929135
21
-5.8684727952755908
0
LINE
8
BLACK
6
CONTINUOUS
10
5.1966614566929135
20
-5.8684727952755908
11
5.1969887007874016
21
-5.8683507480314958
0
LINE
8
BLACK
6
CONTINUOUS
10
5.1969887007874016
20
-5.8683507480314958
11
5.1974033464566931
21
-5.8681960629921255
0
LINE
8
BLACK
6
CONTINUOUS
10
5.1974033464566931
20
-5.8681960629921255
11
5.2020552755905509
21
-5.8664609842519679
0
LINE
8
BLACK
6
CONTINUOUS
10
5.2020552755905509
20
-5.8664609842519679
11
5.2066638188976375
21
-5.8630110629921255
0
LINE
8
BLACK
6
CONTINUOUS
10
5.2066638188976375
20
-5.8630110629921255
11
5.2083990551181101
21
-5.8606930708661418
0
LINE
8
BLACK
6
CONTINUOUS
10
5.2083990551181101
20
-5.8606930708661418
11
5.2101136614173225
21
-5.8584026377952751
0
LINE
8
BLACK
6
CONTINUOUS
10
5.2101136614173225
20
-5.8584026377952751
11
5.2101136614173225
21
-5.8584025984251964
0
LINE
8
BLACK
6
CONTINUOUS
10
5.2101136614173225
20
-5.8584025984251964
11
5.21011374015748
21
-5.8584025196850389
0
LINE
8
BLACK
6
CONTINUOUS
10
5.21011374015748
20
-5.8584025196850389
11
5.212125551181102
21
-5.8530087007874014
0
LINE
8
BLACK
6
CONTINUOUS
10
5.212125551181102
20
-5.8530087007874014
11
5.2121356692913388
21
-5.8529148818897641
0
LINE
8
BLACK
6
CONTINUOUS
10
5.2121356692913388
20
-5.8529148818897641
11
5.2123818503937009
21
-5.8506247637795274
0
LINE
8
BLACK
6
CONTINUOUS
10
5.2123818503937009
20
-5.8506247637795274
11
5.2123818897637797
21
-5.8506240944881887
0
LINE
8
BLACK
6
CONTINUOUS
10
5.2123818897637797
20
-5.8506240944881887
11
5.2123818897637797
21
-5.7867947637795272
0
LINE
8
BLACK
6
CONTINUOUS
10
5.2123818897637797
20
-5.7867947637795272
11
5.2123818503937009
21
-5.7867940944881893
0
LINE
8
BLACK
6
CONTINUOUS
10
5.2123818503937009
20
-5.7867940944881893
11
5.2121255905511807
21
-5.7844103543307082
0
LINE
8
BLACK
6
CONTINUOUS
10
5.2121255905511807
20
-5.7844103543307082
11
5.2121255118110232
21
-5.784410039370079
0
LINE
8
BLACK
6
CONTINUOUS
10
5.2121255118110232
20
-5.784410039370079
11
5.21011374015748
21
-5.7790164173228344
0
LINE
8
BLACK
6
CONTINUOUS
10
5.21011374015748
20
-5.7790164173228344
11
5.2101136614173225
21
-5.7790162204724407
0
LINE
8
BLACK
6
CONTINUOUS
10
5.2101136614173225
20
-5.7790162204724407
11
5.2066638188976375
21
-5.7744077952755903
0
LINE
8
BLACK
6
CONTINUOUS
10
5.2066638188976375
20
-5.7744077952755903
11
5.2043565748031497
21
-5.7726806299212594
0
LINE
8
BLACK
6
CONTINUOUS
10
5.2043565748031497
20
-5.7726806299212594
11
5.2026814960629917
21
-5.7704429921259841
0
LINE
8
BLACK
6
CONTINUOUS
10
5.2026814960629917
20
-5.7704429921259841
11
5.2024821259842522
21
-5.7676549606299208
0
LINE
8
BLACK
6
CONTINUOUS
10
5.2024821259842522
20
-5.7676549606299208
11
5.2038216929133858
21
-5.7652017322834643
0
LINE
8
BLACK
6
CONTINUOUS
10
5.2038216929133858
20
-5.7652017322834643
11
5.2043565748031497
21
-5.7647382677165355
0
LINE
8
BLACK
6
CONTINUOUS
10
5.2043565748031497
20
-5.7647382677165355
11
5.2066638188976375
21
-5.7630110629921258
0
LINE
8
BLACK
6
CONTINUOUS
10
5.2066638188976375
20
-5.7630110629921258
11
5.2083910236220472
21
-5.7607038188976381
0
LINE
8
BLACK
6
CONTINUOUS
10
5.2083910236220472
20
-5.7607038188976381
11
5.2106286614173225
21
-5.75902874015748
0
LINE
8
BLACK
6
CONTINUOUS
10
5.2106286614173225
20
-5.75902874015748
11
5.2134166929133858
21
-5.7588293700787396
0
LINE
8
BLACK
6
CONTINUOUS
10
5.2134166929133858
20
-5.7588293700787396
11
5.2158699212598423
21
-5.7601689370078741
0
LINE
8
BLACK
6
CONTINUOUS
10
5.2158699212598423
20
-5.7601689370078741
11
5.216333385826772
21
-5.7607038188976381
0
LINE
8
BLACK
6
CONTINUOUS
10
5.216333385826772
20
-5.7607038188976381
11
5.218060551181102
21
-5.7630110629921258
0
LINE
8
BLACK
6
CONTINUOUS
10
5.218060551181102
20
-5.7630110629921258
11
5.2226689763779524
21
-5.7664609055118108
0
LINE
8
BLACK
6
CONTINUOUS
10
5.2226689763779524
20
-5.7664609055118108
11
5.2226690551181099
21
-5.7664609448818895
0
LINE
8
BLACK
6
CONTINUOUS
10
5.2226690551181099
20
-5.7664609448818895
11
5.2226691338582674
21
-5.7664609842519683
0
LINE
8
BLACK
6
CONTINUOUS
10
5.2226691338582674
20
-5.7664609842519683
11
5.2248194881889765
21
-5.7672630314960625
0
LINE
8
BLACK
6
CONTINUOUS
10
5.2248194881889765
20
-5.7672630314960625
11
5.2280627952755907
21
-5.7684727559055116
0
LINE
8
BLACK
6
CONTINUOUS
10
5.2280627952755907
20
-5.7684727559055116
11
5.2280631102362207
21
-5.7684728346456691
0
LINE
8
BLACK
6
CONTINUOUS
10
5.2280631102362207
20
-5.7684728346456691
11
5.2304468503937009
21
-5.7687290944881893
0
LINE
8
BLACK
6
CONTINUOUS
10
5.2304468503937009
20
-5.7687290944881893
11
5.2304470472440947
21
-5.7687290944881893
0
LINE
8
BLACK
6
CONTINUOUS
10
5.2304470472440947
20
-5.7687290944881893
11
5.230447322834646
21
-5.768729133858268
0
LINE
8
BLACK
6
CONTINUOUS
10
5.230447322834646
20
-5.768729133858268
11
5.2304475590551176
21
-5.768729133858268
0
LINE
8
BLACK
6
CONTINUOUS
10
5.2304475590551176
20
-5.768729133858268
11
5.2942768503937003
21
-5.768729133858268
0
LINE
8
BLACK
6
CONTINUOUS
10
5.2942768503937003
20
-5.768729133858268
11
5.2942770866141728
21
-5.768729133858268
0
LINE
8
BLACK
6
CONTINUOUS
10
5.2942770866141728
20
-5.768729133858268
11
5.2942773622047241
21
-5.7687290944881893
0
LINE
8
BLACK
6
CONTINUOUS
10
5.2942773622047241
20
-5.7687290944881893
11
5.2942775196850391
21
-5.7687290944881893
0
LINE
8
BLACK
6
CONTINUOUS
10
5.2942775196850391
20
-5.7687290944881893
11
5.2966612598425193
21
-5.7684728346456691
0
LINE
8
BLACK
6
CONTINUOUS
10
5.2966612598425193
20
-5.7684728346456691
11
5.2966613779527556
21
-5.7684727952755903
0
LINE
8
BLACK
6
CONTINUOUS
10
5.2966613779527556
20
-5.7684727952755903
11
5.2966614566929131
21
-5.7684727952755903
0
LINE
8
BLACK
6
CONTINUOUS
10
5.2966614566929131
20
-5.7684727952755903
11
5.2969887007874012
21
-5.7683507480314962
0
LINE
8
BLACK
6
CONTINUOUS
10
5.2969887007874012
20
-5.7683507480314962
11
5.2974033464566928
21
-5.7681960629921258
0
LINE
8
BLACK
6
CONTINUOUS
10
5.2974033464566928
20
-5.7681960629921258
11
5.3020552755905515
21
-5.7664609842519683
0
LINE
8
BLACK
6
CONTINUOUS
10
5.3020552755905515
20
-5.7664609842519683
11
5.3043565748031494
21
-5.7647382677165355
0
LINE
8
BLACK
6
CONTINUOUS
10
5.3043565748031494
20
-5.7647382677165355
11
5.3066638188976381
21
-5.7630110629921258
0
LINE
8
BLACK
6
CONTINUOUS
10
5.3066638188976381
20
-5.7630110629921258
11
5.310113661417323
21
-5.7584026377952755
0
LINE
8
BLACK
6
CONTINUOUS
10
5.310113661417323
20
-5.7584026377952755
11
5.310113661417323
21
-5.7584025984251968
0
LINE
8
BLACK
6
CONTINUOUS
10
5.310113661417323
20
-5.7584025984251968
11
5.3101137401574805
21
-5.7584025196850392
0
LINE
8
BLACK
6
CONTINUOUS
10
5.3101137401574805
20
-5.7584025196850392
11
5.3119581889763774
21
-5.7534574015748028
0
LINE
8
BLACK
6
CONTINUOUS
10
5.3119581889763774
20
-5.7534574015748028
11
5.3121255118110238
21
-5.753008818897638
0
LINE
8
BLACK
6
CONTINUOUS
10
5.3121255118110238
20
-5.753008818897638
11
5.3121255905511813
21
-5.753008503937008
0
LINE
8
BLACK
6
CONTINUOUS
10
5.3121255905511813
20
-5.753008503937008
11
5.3123818503937006
21
-5.7506247637795278
0
LINE
8
BLACK
6
CONTINUOUS
10
5.3123818503937006
20
-5.7506247637795278
11
5.3123818897637793
21
-5.750624094488189
0
LINE
8
BLACK
6
CONTINUOUS
10
5.3123818897637793
20
-5.750624094488189
11
5.3123818897637793
21
-5.75041905511811
0
LINE
8
BLACK
6
CONTINUOUS
10
5.3123818897637793
20
-5.75041905511811
11
5.3131693700787404
21
-5.7477371259842522
0
LINE
8
BLACK
6
CONTINUOUS
10
5.3131693700787404
20
-5.7477371259842522
11
5.3152818110236222
21
-5.745906692913386
0
LINE
8
BLACK
6
CONTINUOUS
10
5.3152818110236222
20
-5.745906692913386
11
5.316448818897638
21
-5.7455396062992126
0
LINE
8
BLACK
6
CONTINUOUS
10
5.316448818897638
20
-5.7455396062992126
11
5.3164541732283466
21
-5.745538582677165
0
LINE
8
BLACK
6
CONTINUOUS
10
5.3164541732283466
20
-5.745538582677165
11
5.316469645669291
21
-5.7455357874015744
0
LINE
8
BLACK
6
CONTINUOUS
10
5.316469645669291
20
-5.7455357874015744
11
5.3186534251968505
21
-5.7445528740157483
0
LINE
8
BLACK
6
CONTINUOUS
10
5.3186534251968505
20
-5.7445528740157483
11
5.3189292125984249
21
-5.7444386614173224
0
LINE
8
BLACK
6
CONTINUOUS
10
5.3189292125984249
20
-5.7444386614173224
11
5.321168307086614
21
-5.7435895275590552
0
LINE
8
BLACK
6
CONTINUOUS
10
5.321168307086614
20
-5.7435895275590552
11
5.3214986614173228
21
-5.743361456692913
0
LINE
8
BLACK
6
CONTINUOUS
10
5.3214986614173228
20
-5.743361456692913
11
5.3222803937007876
21
-5.7429205118110236
0
LINE
8
BLACK
6
CONTINUOUS
10
5.3222803937007876
20
-5.7429205118110236
11
5.322646692913386
21
-5.7427557086614174
0
LINE
8
BLACK
6
CONTINUOUS
10
5.322646692913386
20
-5.7427557086614174
11
5.324533070866142
21
-5.7412777559055117
0
LINE
8
BLACK
6
CONTINUOUS
10
5.324533070866142
20
-5.7412777559055117
11
5.324771456692913
21
-5.7411023622047246
0
LINE
8
BLACK
6
CONTINUOUS
10
5.324771456692913
20
-5.7411023622047246
11
5.3267430314960631
21
-5.7397415354330708
0
LINE
8
BLACK
6
CONTINUOUS
10
5.3267430314960631
20
-5.7397415354330708
11
5.3283311417322832
21
-5.7379488976377955
0
LINE
8
BLACK
6
CONTINUOUS
10
5.3283311417322832
20
-5.7379488976377955
11
5.3285355511811021
21
-5.7377316929133855
0
LINE
8
BLACK
6
CONTINUOUS
10
5.3285355511811021
20
-5.7377316929133855
11
5.3338545669291335
21
-5.7324127165354328
0
LINE
8
BLACK
6
CONTINUOUS
10
5.3338545669291335
20
-5.7324127165354328
11
5.3363077559055121
21
-5.731073188976378
0
LINE
8
BLACK
6
CONTINUOUS
10
5.3363077559055121
20
-5.731073188976378
11
5.3390957874015745
21
-5.7312725984251971
0
LINE
8
BLACK
6
CONTINUOUS
10
5.3390957874015745
20
-5.7312725984251971
11
5.3408698818897635
21
-5.7324127952755903
0
LINE
8
BLACK
6
CONTINUOUS
10
5.3408698818897635
20
-5.7324127952755903
11
5.3461878346456695
21
-5.7377307480314963
0
LINE
8
BLACK
6
CONTINUOUS
10
5.3461878346456695
20
-5.7377307480314963
11
5.3463931889763776
21
-5.7379488976377955
0
LINE
8
BLACK
6
CONTINUOUS
10
5.3463931889763776
20
-5.7379488976377955
11
5.3479812598425198
21
-5.7397414173228345
0
LINE
8
BLACK
6
CONTINUOUS
10
5.3479812598425198
20
-5.7397414173228345
11
5.3479813779527561
21
-5.7397415354330708
0
LINE
8
BLACK
6
CONTINUOUS
10
5.3479813779527561
20
-5.7397415354330708
11
5.3499514960629924
21
-5.7411014173228345
0
LINE
8
BLACK
6
CONTINUOUS
10
5.3499514960629924
20
-5.7411014173228345
11
5.3501928740157476
21
-5.7412790157480318
0
LINE
8
BLACK
6
CONTINUOUS
10
5.3501928740157476
20
-5.7412790157480318
11
5.3520777165354332
21
-5.7427557086614174
0
LINE
8
BLACK
6
CONTINUOUS
10
5.3520777165354332
20
-5.7427557086614174
11
5.3524437007874015
21
-5.7429203937007873
0
LINE
8
BLACK
6
CONTINUOUS
10
5.3524437007874015
20
-5.7429203937007873
11
5.3532257874015743
21
-5.7433615354330705
0
LINE
8
BLACK
6
CONTINUOUS
10
5.3532257874015743
20
-5.7433615354330705
11
5.3535559055118105
21
-5.7435894094488189
0
LINE
8
BLACK
6
CONTINUOUS
10
5.3535559055118105
20
-5.7435894094488189
11
5.353555984251968
21
-5.7435894488188977
0
LINE
8
BLACK
6
CONTINUOUS
10
5.353555984251968
20
-5.7435894488188977
11
5.3535561023622042
21
-5.7435895275590552
0
LINE
8
BLACK
6
CONTINUOUS
10
5.3535561023622042
20
-5.7435895275590552
11
5.3535562598425193
21
-5.7435895669291339
0
LINE
8
BLACK
6
CONTINUOUS
10
5.3535562598425193
20
-5.7435895669291339
11
5.3535563779527555
21
-5.7435896456692914
0
LINE
8
BLACK
6
CONTINUOUS
10
5.3535563779527555
20
-5.7435896456692914
11
5.3557943307086617
21
-5.7444383858267711
0
LINE
8
BLACK
6
CONTINUOUS
10
5.3557943307086617
20
-5.7444383858267711
11
5.3560711811023625
21
-5.7445530314960624
0
LINE
8
BLACK
6
CONTINUOUS
10
5.3560711811023625
20
-5.7445530314960624
11
5.3563509842519688
21
-5.7446789370078735
0
LINE
8
BLACK
6
CONTINUOUS
10
5.3563509842519688
20
-5.7446789370078735
11
5.3582547637795273
21
-5.7455357874015744
0
LINE
8
BLACK
6
CONTINUOUS
10
5.3582547637795273
20
-5.7455357874015744
11
5.3582760629921262
21
-5.7455396850393701
0
LINE
8
BLACK
6
CONTINUOUS
10
5.3582760629921262
20
-5.7455396850393701
11
5.3582901574803152
21
-5.7455467716535429
0
LINE
8
BLACK
6
CONTINUOUS
10
5.3582901574803152
20
-5.7455467716535429
11
5.3585412598425197
21
-5.7456250393700783
0
LINE
8
BLACK
6
CONTINUOUS
10
5.3585412598425197
20
-5.7456250393700783
11
5.3585282283464561
21
-5.7456667716535428
0
LINE
8
BLACK
6
CONTINUOUS
10
5.3585282283464561
20
-5.7456667716535428
11
5.3607720866141735
21
-5.7467976771653539
0
LINE
8
BLACK
6
CONTINUOUS
10
5.3607720866141735
20
-5.7467976771653539
11
5.362191771653543
21
-5.7492054330708662
0
LINE
8
BLACK
6
CONTINUOUS
10
5.362191771653543
20
-5.7492054330708662
11
5.3623425196850389
21
-5.75041905511811
0
LINE
8
BLACK
6
CONTINUOUS
10
5.3623425196850389
20
-5.75041905511811
11
5.3623425196850389
21
-5.7506247637795278
0
LINE
8
BLACK
6
CONTINUOUS
10
5.3623425196850389
20
-5.7506247637795278
11
5.3625987795275591
21
-5.753008503937008
0
LINE
8
BLACK
6
CONTINUOUS
10
5.3625987795275591
20
-5.753008503937008
11
5.3625988582677167
21
-5.753008818897638
0
LINE
8
BLACK
6
CONTINUOUS
10
5.3625988582677167
20
-5.753008818897638
11
5.3646106299212599
21
-5.7584024409448817
0
LINE
8
BLACK
6
CONTINUOUS
10
5.3646106299212599
20
-5.7584024409448817
11
5.3646107086614174
21
-5.7584026377952755
0
LINE
8
BLACK
6
CONTINUOUS
10
5.3646107086614174
20
-5.7584026377952755
11
5.3680605905511811
21
-5.7630110629921258
0
LINE
8
BLACK
6
CONTINUOUS
10
5.3680605905511811
20
-5.7630110629921258
11
5.3703678346456689
21
-5.7647383070866143
0
LINE
8
BLACK
6
CONTINUOUS
10
5.3703678346456689
20
-5.7647383070866143
11
5.3720428740157482
21
-5.7669759448818896
0
LINE
8
BLACK
6
CONTINUOUS
10
5.3720428740157482
20
-5.7669759448818896
11
5.3722422440944877
21
-5.7697639370078742
0
LINE
8
BLACK
6
CONTINUOUS
10
5.3722422440944877
20
-5.7697639370078742
11
5.3709026771653541
21
-5.7722171653543306
0
LINE
8
BLACK
6
CONTINUOUS
10
5.3709026771653541
20
-5.7722171653543306
11
5.3703678346456689
21
-5.7726805905511807
0
LINE
8
BLACK
6
CONTINUOUS
10
5.3703678346456689
20
-5.7726805905511807
11
5.3680605905511811
21
-5.7744077952755903
0
LINE
8
BLACK
6
CONTINUOUS
10
5.3680605905511811
20
-5.7744077952755903
11
5.3646107086614174
21
-5.7790162204724407
0
LINE
8
BLACK
6
CONTINUOUS
10
5.3646107086614174
20
-5.7790162204724407
11
5.3646106299212599
21
-5.7790164173228344
0
LINE
8
BLACK
6
CONTINUOUS
10
5.3646106299212599
20
-5.7790164173228344
11
5.3625988582677167
21
-5.784410039370079
0
LINE
8
BLACK
6
CONTINUOUS
10
5.3625988582677167
20
-5.784410039370079
11
5.3625987795275591
21
-5.7844103543307082
0
LINE
8
BLACK
6
CONTINUOUS
10
5.3625987795275591
20
-5.7844103543307082
11
5.3623425196850389
21
-5.7867940944881893
0
LINE
8
BLACK
6
CONTINUOUS
10
5.3623425196850389
20
-5.7867940944881893
11
5.3623425196850389
21
-5.8506247637795274
0
LINE
8
BLACK
6
CONTINUOUS
10
5.3623425196850389
20
-5.8506247637795274
11
5.3625987795275591
21
-5.8530085039370077
0
LINE
8
BLACK
6
CONTINUOUS
10
5.3625987795275591
20
-5.8530085039370077
11
5.3625988582677167
21
-5.8530088188976377
0
LINE
8
BLACK
6
CONTINUOUS
10
5.3625988582677167
20
-5.8530088188976377
11
5.3646106299212599
21
-5.8584024409448814
0
LINE
8
BLACK
6
CONTINUOUS
10
5.3646106299212599
20
-5.8584024409448814
11
5.3646107086614174
21
-5.8584026377952751
0
LINE
8
BLACK
6
CONTINUOUS
10
5.3646107086614174
20
-5.8584026377952751
11
5.3680605511811024
21
-5.8630110629921255
0
LINE
8
BLACK
6
CONTINUOUS
10
5.3680605511811024
20
-5.8630110629921255
11
5.3726689763779527
21
-5.8664609055118113
0
LINE
8
BLACK
6
CONTINUOUS
10
5.3726689763779527
20
-5.8664609055118113
11
5.3726690551181102
21
-5.8664609448818901
0
LINE
8
BLACK
6
CONTINUOUS
10
5.3726690551181102
20
-5.8664609448818901
11
5.3726691338582677
21
-5.8664609842519679
0
LINE
8
BLACK
6
CONTINUOUS
10
5.3726691338582677
20
-5.8664609842519679
11
5.3748194881889759
21
-5.867263031496063
0
LINE
8
BLACK
6
CONTINUOUS
10
5.3748194881889759
20
-5.867263031496063
11
5.3780627952755902
21
-5.8684727559055121
0
LINE
8
BLACK
6
CONTINUOUS
10
5.3780627952755902
20
-5.8684727559055121
11
5.3780631102362202
21
-5.8684728346456696
0
LINE
8
BLACK
6
CONTINUOUS
10
5.3780631102362202
20
-5.8684728346456696
11
5.3804468503937004
21
-5.8687290944881889
0
LINE
8
BLACK
6
CONTINUOUS
10
5.3804468503937004
20
-5.8687290944881889
11
5.3804470472440942
21
-5.8687290944881889
0
LINE
8
BLACK
6
CONTINUOUS
10
5.3804470472440942
20
-5.8687290944881889
11
5.3804473228346454
21
-5.8687291338582677
0
LINE
8
BLACK
6
CONTINUOUS
10
5.3804473228346454
20
-5.8687291338582677
11
5.380447559055118
21
-5.8687291338582677
0
LINE
8
BLACK
6
CONTINUOUS
10
5.380447559055118
20
-5.8687291338582677
11
5.4442768503937007
21
-5.8687291338582677
0
LINE
8
BLACK
6
CONTINUOUS
10
5.4442768503937007
20
-5.8687291338582677
11
5.4442770866141732
21
-5.8687291338582677
0
LINE
8
BLACK
6
CONTINUOUS
10
5.4442770866141732
20
-5.8687291338582677
11
5.4442773622047245
21
-5.8687290944881889
0
LINE
8
BLACK
6
CONTINUOUS
10
5.4442773622047245
20
-5.8687290944881889
11
5.4442775196850395
21
-5.8687290944881889
0
LINE
8
BLACK
6
CONTINUOUS
10
5.4442775196850395
20
-5.8687290944881889
11
5.4466612598425197
21
-5.8684728346456696
0
LINE
8
BLACK
6
CONTINUOUS
10
5.4466612598425197
20
-5.8684728346456696
11
5.446661377952756
21
-5.8684727952755908
0
LINE
8
BLACK
6
CONTINUOUS
10
5.446661377952756
20
-5.8684727952755908
11
5.4466614566929135
21
-5.8684727952755908
0
LINE
8
BLACK
6
CONTINUOUS
10
5.4466614566929135
20
-5.8684727952755908
11
5.4469887007874016
21
-5.8683507480314958
0
LINE
8
BLACK
6
CONTINUOUS
10
5.4469887007874016
20
-5.8683507480314958
11
5.4474033464566931
21
-5.8681960629921255
0
LINE
8
BLACK
6
CONTINUOUS
10
5.4474033464566931
20
-5.8681960629921255
11
5.4520552755905509
21
-5.8664609842519679
0
LINE
8
BLACK
6
CONTINUOUS
10
5.4520552755905509
20
-5.8664609842519679
11
5.4566638188976375
21
-5.8630110629921255
0
LINE
8
BLACK
6
CONTINUOUS
10
5.4566638188976375
20
-5.8630110629921255
11
5.4583990551181101
21
-5.8606930708661418
0
LINE
8
BLACK
6
CONTINUOUS
10
5.4583990551181101
20
-5.8606930708661418
11
5.4601136614173225
21
-5.8584026377952751
0
LINE
8
BLACK
6
CONTINUOUS
10
5.4601136614173225
20
-5.8584026377952751
11
5.4601136614173225
21
-5.8584025984251964
0
LINE
8
BLACK
6
CONTINUOUS
10
5.4601136614173225
20
-5.8584025984251964
11
5.46011374015748
21
-5.8584025196850389
0
LINE
8
BLACK
6
CONTINUOUS
10
5.46011374015748
20
-5.8584025196850389
11
5.462125551181102
21
-5.8530087007874014
0
LINE
8
BLACK
6
CONTINUOUS
10
5.462125551181102
20
-5.8530087007874014
11
5.4621356692913388
21
-5.8529148818897641
0
LINE
8
BLACK
6
CONTINUOUS
10
5.4621356692913388
20
-5.8529148818897641
11
5.4623818503937009
21
-5.8506247637795274
0
LINE
8
BLACK
6
CONTINUOUS
10
5.4623818503937009
20
-5.8506247637795274
11
5.4623818897637797
21
-5.8506240944881887
0
LINE
8
BLACK
6
CONTINUOUS
10
5.4623818897637797
20
-5.8506240944881887
11
5.4623818897637797
21
-5.7867947637795272
0
LINE
8
BLACK
6
CONTINUOUS
10
5.4623818897637797
20
-5.7867947637795272
11
5.4623818503937009
21
-5.7867940944881893
0
LINE
8
BLACK
6
CONTINUOUS
10
5.4623818503937009
20
-5.7867940944881893
11
5.4621255905511807
21
-5.7844103543307082
0
LINE
8
BLACK
6
CONTINUOUS
10
5.4621255905511807
20
-5.7844103543307082
11
5.4621255118110232
21
-5.784410039370079
0
LINE
8
BLACK
6
CONTINUOUS
10
5.4621255118110232
20
-5.784410039370079
11
5.46011374015748
21
-5.7790164173228344
0
LINE
8
BLACK
6
CONTINUOUS
10
5.46011374015748
20
-5.7790164173228344
11
5.4601136614173225
21
-5.7790162204724407
0
LINE
8
BLACK
6
CONTINUOUS
10
5.4601136614173225
20
-5.7790162204724407
11
5.4566638188976375
21
-5.7744077952755903
0
LINE
8
BLACK
6
CONTINUOUS
10
5.4566638188976375
20
-5.7744077952755903
11
5.4543565748031497
21
-5.7726806299212594
0
LINE
8
BLACK
6
CONTINUOUS
10
5.4543565748031497
20
-5.7726806299212594
11
5.4526814960629917
21
-5.7704429921259841
0
LINE
8
BLACK
6
CONTINUOUS
10
5.4526814960629917
20
-5.7704429921259841
11
5.4524821259842522
21
-5.7676549606299208
0
LINE
8
BLACK
6
CONTINUOUS
10
5.4524821259842522
20
-5.7676549606299208
11
5.4538216929133858
21
-5.7652017322834643
0
LINE
8
BLACK
6
CONTINUOUS
10
5.4538216929133858
20
-5.7652017322834643
11
5.4543565748031497
21
-5.7647382677165355
0
LINE
8
BLACK
6
CONTINUOUS
10
5.4543565748031497
20
-5.7647382677165355
11
5.4566638188976375
21
-5.7630110629921258
0
LINE
8
BLACK
6
CONTINUOUS
10
5.4566638188976375
20
-5.7630110629921258
11
5.4583910236220472
21
-5.7607038188976381
0
LINE
8
BLACK
6
CONTINUOUS
10
5.4583910236220472
20
-5.7607038188976381
11
5.4606286614173225
21
-5.75902874015748
0
LINE
8
BLACK
6
CONTINUOUS
10
5.4606286614173225
20
-5.75902874015748
11
5.4634166929133858
21
-5.7588293700787396
0
LINE
8
BLACK
6
CONTINUOUS
10
5.4634166929133858
20
-5.7588293700787396
11
5.4658699212598423
21
-5.7601689370078741
0
LINE
8
BLACK
6
CONTINUOUS
10
5.4658699212598423
20
-5.7601689370078741
11
5.4663333858267711
21
-5.7607038188976381
0
LINE
8
BLACK
6
CONTINUOUS
10
5.4663333858267711
20
-5.7607038188976381
11
5.468060551181102
21
-5.7630110629921258
0
LINE
8
BLACK
6
CONTINUOUS
10
5.468060551181102
20
-5.7630110629921258
11
5.4726689763779524
21
-5.7664609055118108
0
LINE
8
BLACK
6
CONTINUOUS
10
5.4726689763779524
20
-5.7664609055118108
11
5.4726690551181099
21
-5.7664609448818895
0
LINE
8
BLACK
6
CONTINUOUS
10
5.4726690551181099
20
-5.7664609448818895
11
5.4726691338582674
21
-5.7664609842519683
0
LINE
8
BLACK
6
CONTINUOUS
10
5.4726691338582674
20
-5.7664609842519683
11
5.4748194881889765
21
-5.7672630314960625
0
LINE
8
BLACK
6
CONTINUOUS
10
5.4748194881889765
20
-5.7672630314960625
11
5.4780627952755907
21
-5.7684727559055116
0
LINE
8
BLACK
6
CONTINUOUS
10
5.4780627952755907
20
-5.7684727559055116
11
5.4780631102362207
21
-5.7684728346456691
0
LINE
8
BLACK
6
CONTINUOUS
10
5.4780631102362207
20
-5.7684728346456691
11
5.4804468503937009
21
-5.7687290944881893
0
LINE
8
BLACK
6
CONTINUOUS
10
5.4804468503937009
20
-5.7687290944881893
11
5.4804470472440947
21
-5.7687290944881893
0
LINE
8
BLACK
6
CONTINUOUS
10
5.4804470472440947
20
-5.7687290944881893
11
5.480447322834646
21
-5.768729133858268
0
LINE
8
BLACK
6
CONTINUOUS
10
5.480447322834646
20
-5.768729133858268
11
5.4804475590551176
21
-5.768729133858268
0
LINE
8
BLACK
6
CONTINUOUS
10
5.4804475590551176
20
-5.768729133858268
11
5.5442768503937003
21
-5.768729133858268
0
LINE
8
BLACK
6
CONTINUOUS
10
5.5442768503937003
20
-5.768729133858268
11
5.5442770866141728
21
-5.768729133858268
0
LINE
8
BLACK
6
CONTINUOUS
10
5.5442770866141728
20
-5.768729133858268
11
5.5442773622047241
21
-5.7687290944881893
0
LINE
8
BLACK
6
CONTINUOUS
10
5.5442773622047241
20
-5.7687290944881893
11
5.5442775196850391
21
-5.7687290944881893
0
LINE
8
BLACK
6
CONTINUOUS
10
5.5442775196850391
20
-5.7687290944881893
11
5.5466612598425193
21
-5.7684728346456691
0
LINE
8
BLACK
6
CONTINUOUS
10
5.5466612598425193
20
-5.7684728346456691
11
5.5466613779527556
21
-5.7684727952755903
0
LINE
8
BLACK
6
CONTINUOUS
10
5.5466613779527556
20
-5.7684727952755903
11
5.5466614566929131
21
-5.7684727952755903
0
LINE
8
BLACK
6
CONTINUOUS
10
5.5466614566929131
20
-5.7684727952755903
11
5.5469887007874012
21
-5.7683507480314962
0
LINE
8
BLACK
6
CONTINUOUS
10
5.5469887007874012
20
-5.7683507480314962
11
5.5474033464566928
21
-5.7681960629921258
0
LINE
8
BLACK
6
CONTINUOUS
10
5.5474033464566928
20
-5.7681960629921258
11
5.5520552755905515
21
-5.7664609842519683
0
LINE
8
BLACK
6
CONTINUOUS
10
5.5520552755905515
20
-5.7664609842519683
11
5.5543565748031494
21
-5.7647382677165355
0
LINE
8
BLACK
6
CONTINUOUS
10
5.5543565748031494
20
-5.7647382677165355
11
5.5566638188976381
21
-5.7630110629921258
0
LINE
8
BLACK
6
CONTINUOUS
10
5.5566638188976381
20
-5.7630110629921258
11
5.560113661417323
21
-5.7584026377952755
0
LINE
8
BLACK
6
CONTINUOUS
10
5.560113661417323
20
-5.7584026377952755
11
5.560113661417323
21
-5.7584025984251968
0
LINE
8
BLACK
6
CONTINUOUS
10
5.560113661417323
20
-5.7584025984251968
11
5.5601137401574805
21
-5.7584025196850392
0
LINE
8
BLACK
6
CONTINUOUS
10
5.5601137401574805
20
-5.7584025196850392
11
5.5619581889763774
21
-5.7534574015748028
0
LINE
8
BLACK
6
CONTINUOUS
10
5.5619581889763774
20
-5.7534574015748028
11
5.5621255118110238
21
-5.753008818897638
0
LINE
8
BLACK
6
CONTINUOUS
10
5.5621255118110238
20
-5.753008818897638
11
5.5621255905511813
21
-5.753008503937008
0
LINE
8
BLACK
6
CONTINUOUS
10
5.5621255905511813
20
-5.753008503937008
11
5.5623818503937006
21
-5.7506247637795278
0
LINE
8
BLACK
6
CONTINUOUS
10
5.5623818503937006
20
-5.7506247637795278
11
5.5623818897637793
21
-5.750624094488189
0
LINE
8
BLACK
6
CONTINUOUS
10
5.5623818897637793
20
-5.750624094488189
11
5.5623818897637793
21
-5.75041905511811
0
LINE
8
BLACK
6
CONTINUOUS
10
5.5623818897637793
20
-5.75041905511811
11
5.5631693700787404
21
-5.7477371259842522
0
LINE
8
BLACK
6
CONTINUOUS
10
5.5631693700787404
20
-5.7477371259842522
11
5.5652818110236222
21
-5.745906692913386
0
LINE
8
BLACK
6
CONTINUOUS
10
5.5652818110236222
20
-5.745906692913386
11
5.566448818897638
21
-5.7455396062992126
0
LINE
8
BLACK
6
CONTINUOUS
10
5.566448818897638
20
-5.7455396062992126
11
5.5664541732283466
21
-5.745538582677165
0
LINE
8
BLACK
6
CONTINUOUS
10
5.5664541732283466
20
-5.745538582677165
11
5.566469645669291
21
-5.7455357874015744
0
LINE
8
BLACK
6
CONTINUOUS
10
5.566469645669291
20
-5.7455357874015744
11
5.5686534251968505
21
-5.7445528740157483
0
LINE
8
BLACK
6
CONTINUOUS
10
5.5686534251968505
20
-5.7445528740157483
11
5.5689292125984249
21
-5.7444386614173224
0
LINE
8
BLACK
6
CONTINUOUS
10
5.5689292125984249
20
-5.7444386614173224
11
5.571168307086614
21
-5.7435895275590552
0
LINE
8
BLACK
6
CONTINUOUS
10
5.571168307086614
20
-5.7435895275590552
11
5.5714986614173228
21
-5.743361456692913
0
LINE
8
BLACK
6
CONTINUOUS
10
5.5714986614173228
20
-5.743361456692913
11
5.5722803937007876
21
-5.7429205118110236
0
LINE
8
BLACK
6
CONTINUOUS
10
5.5722803937007876
20
-5.7429205118110236
11
5.572646692913386
21
-5.7427557086614174
0
LINE
8
BLACK
6
CONTINUOUS
10
5.572646692913386
20
-5.7427557086614174
11
5.574533070866142
21
-5.7412777559055117
0
LINE
8
BLACK
6
CONTINUOUS
10
5.574533070866142
20
-5.7412777559055117
11
5.574771456692913
21
-5.7411023622047246
0
LINE
8
BLACK
6
CONTINUOUS
10
5.574771456692913
20
-5.7411023622047246
11
5.5767430314960631
21
-5.7397415354330708
0
LINE
8
BLACK
6
CONTINUOUS
10
5.5767430314960631
20
-5.7397415354330708
11
5.5783316929133857
21
-5.7379482283464567
0
LINE
8
BLACK
6
CONTINUOUS
10
5.5783316929133857
20
-5.7379482283464567
11
5.5785352362204721
21
-5.7377320078740155
0
LINE
8
BLACK
6
CONTINUOUS
10
5.5785352362204721
20
-5.7377320078740155
11
5.5838545669291335
21
-5.7324127165354328
0
LINE
8
BLACK
6
CONTINUOUS
10
5.5838545669291335
20
-5.7324127165354328
11
5.5863077559055121
21
-5.731073188976378
0
LINE
8
BLACK
6
CONTINUOUS
10
5.5863077559055121
20
-5.731073188976378
11
5.5890957874015745
21
-5.7312725984251971
0
LINE
8
BLACK
6
CONTINUOUS
10
5.5890957874015745
20
-5.7312725984251971
11
5.5908698818897635
21
-5.7324127952755903
0
LINE
8
BLACK
6
CONTINUOUS
10
5.5908698818897635
20
-5.7324127952755903
11
5.5961878346456695
21
-5.7377307480314963
0
LINE
8
BLACK
6
CONTINUOUS
10
5.5961878346456695
20
-5.7377307480314963
11
5.5963931889763776
21
-5.7379488976377955
0
LINE
8
BLACK
6
CONTINUOUS
10
5.5963931889763776
20
-5.7379488976377955
11
5.5979812598425198
21
-5.7397414173228345
0
LINE
8
BLACK
6
CONTINUOUS
10
5.5979812598425198
20
-5.7397414173228345
11
5.5979813779527561
21
-5.7397415354330708
0
LINE
8
BLACK
6
CONTINUOUS
10
5.5979813779527561
20
-5.7397415354330708
11
5.5999514960629924
21
-5.7411014173228345
0
LINE
8
BLACK
6
CONTINUOUS
10
5.5999514960629924
20
-5.7411014173228345
11
5.6001928740157476
21
-5.7412790157480318
0
LINE
8
BLACK
6
CONTINUOUS
10
5.6001928740157476
20
-5.7412790157480318
11
5.6020777165354332
21
-5.7427557086614174
0
LINE
8
BLACK
6
CONTINUOUS
10
5.6020777165354332
20
-5.7427557086614174
11
5.6024437007874015
21
-5.7429203937007873
0
LINE
8
BLACK
6
CONTINUOUS
10
5.6024437007874015
20
-5.7429203937007873
11
5.6032257874015743
21
-5.7433615354330705
0
LINE
8
BLACK
6
CONTINUOUS
10
5.6032257874015743
20
-5.7433615354330705
11
5.6035559055118105
21
-5.7435894094488189
0
LINE
8
BLACK
6
CONTINUOUS
10
5.6035559055118105
20
-5.7435894094488189
11
5.603555984251968
21
-5.7435894488188977
0
LINE
8
BLACK
6
CONTINUOUS
10
5.603555984251968
20
-5.7435894488188977
11
5.6035561023622042
21
-5.7435895275590552
0
LINE
8
BLACK
6
CONTINUOUS
10
5.6035561023622042
20
-5.7435895275590552
11
5.6035562598425193
21
-5.7435895669291339
0
LINE
8
BLACK
6
CONTINUOUS
10
5.6035562598425193
20
-5.7435895669291339
11
5.6035563779527555
21
-5.7435896456692914
0
LINE
8
BLACK
6
CONTINUOUS
10
5.6035563779527555
20
-5.7435896456692914
11
5.6057943307086617
21
-5.7444383858267711
0
LINE
8
BLACK
6
CONTINUOUS
10
5.6057943307086617
20
-5.7444383858267711
11
5.6060711811023625
21
-5.7445530314960624
0
LINE
8
BLACK
6
CONTINUOUS
10
5.6060711811023625
20
-5.7445530314960624
11
5.6063509842519688
21
-5.7446789370078735
0
LINE
8
BLACK
6
CONTINUOUS
10
5.6063509842519688
20
-5.7446789370078735
11
5.6082547637795273
21
-5.7455357874015744
0
LINE
8
BLACK
6
CONTINUOUS
10
5.6082547637795273
20
-5.7455357874015744
11
5.6082760629921262
21
-5.7455396850393701
0
LINE
8
BLACK
6
CONTINUOUS
10
5.6082760629921262
20
-5.7455396850393701
11
5.6082901574803152
21
-5.7455467716535429
0
LINE
8
BLACK
6
CONTINUOUS
10
5.6082901574803152
20
-5.7455467716535429
11
5.6085412598425197
21
-5.7456250393700783
0
LINE
8
BLACK
6
CONTINUOUS
10
5.6085412598425197
20
-5.7456250393700783
11
5.6085282283464561
21
-5.7456667716535428
0
LINE
8
BLACK
6
CONTINUOUS
10
5.6085282283464561
20
-5.7456667716535428
11
5.6107720866141735
21
-5.7467976771653539
0
LINE
8
BLACK
6
CONTINUOUS
10
5.6107720866141735
20
-5.7467976771653539
11
5.612191771653543
21
-5.7492054330708662
0
LINE
8
BLACK
6
CONTINUOUS
10
5.612191771653543
20
-5.7492054330708662
11
5.6123425196850389
21
-5.75041905511811
0
LINE
8
BLACK
6
CONTINUOUS
10
5.6123425196850389
20
-5.75041905511811
11
5.6123425196850389
21
-5.7506247637795278
0
LINE
8
BLACK
6
CONTINUOUS
10
5.6123425196850389
20
-5.7506247637795278
11
5.6125987795275591
21
-5.753008503937008
0
LINE
8
BLACK
6
CONTINUOUS
10
5.6125987795275591
20
-5.753008503937008
11
5.6125988582677167
21
-5.753008818897638
0
LINE
8
BLACK
6
CONTINUOUS
10
5.6125988582677167
20
-5.753008818897638
11
5.6146106299212599
21
-5.7584024409448817
0
LINE
8
BLACK
6
CONTINUOUS
10
5.6146106299212599
20
-5.7584024409448817
11
5.6146107086614174
21
-5.7584026377952755
0
LINE
8
BLACK
6
CONTINUOUS
10
5.6146107086614174
20
-5.7584026377952755
11
5.6180605905511811
21
-5.7630110629921258
0
LINE
8
BLACK
6
CONTINUOUS
10
5.6180605905511811
20
-5.7630110629921258
11
5.6203678346456689
21
-5.7647383070866143
0
LINE
8
BLACK
6
CONTINUOUS
10
5.6203678346456689
20
-5.7647383070866143
11
5.6220428740157482
21
-5.7669759448818896
0
LINE
8
BLACK
6
CONTINUOUS
10
5.6220428740157482
20
-5.7669759448818896
11
5.6222422440944877
21
-5.7697639370078742
0
LINE
8
BLACK
6
CONTINUOUS
10
5.6222422440944877
20
-5.7697639370078742
11
5.6209026771653541
21
-5.7722171653543306
0
LINE
8
BLACK
6
CONTINUOUS
10
5.6209026771653541
20
-5.7722171653543306
11
5.6203678346456689
21
-5.7726805905511807
0
LINE
8
BLACK
6
CONTINUOUS
10
5.6203678346456689
20
-5.7726805905511807
11
5.6180605905511811
21
-5.7744077952755903
0
LINE
8
BLACK
6
CONTINUOUS
10
5.6180605905511811
20
-5.7744077952755903
11
5.6146107086614174
21
-5.7790162204724407
0
LINE
8
BLACK
6
CONTINUOUS
10
5.6146107086614174
20
-5.7790162204724407
11
5.6146106299212599
21
-5.7790164173228344
0
LINE
8
BLACK
6
CONTINUOUS
10
5.6146106299212599
20
-5.7790164173228344
11
5.6125988582677167
21
-5.784410039370079
0
LINE
8
BLACK
6
CONTINUOUS
10
5.6125988582677167
20
-5.784410039370079
11
5.6125987795275591
21
-5.7844103543307082
0
LINE
8
BLACK
6
CONTINUOUS
10
5.6125987795275591
20
-5.7844103543307082
11
5.6123425196850389
21
-5.7867940944881893
0
LINE
8
BLACK
6
CONTINUOUS
10
5.6123425196850389
20
-5.7867940944881893
11
5.6123425196850389
21
-5.8506247637795274
0
LINE
8
BLACK
6
CONTINUOUS
10
5.6123425196850389
20
-5.8506247637795274
11
5.6125987795275591
21
-5.8530085039370077
0
LINE
8
BLACK
6
CONTINUOUS
10
5.6125987795275591
20
-5.8530085039370077
11
5.6125988582677167
21
-5.8530088188976377
0
LINE
8
BLACK
6
CONTINUOUS
10
5.6125988582677167
20
-5.8530088188976377
11
5.6146106299212599
21
-5.8584024409448814
0
LINE
8
BLACK
6
CONTINUOUS
10
5.6146106299212599
20
-5.8584024409448814
11
5.6146107086614174
21
-5.8584026377952751
0
LINE
8
BLACK
6
CONTINUOUS
10
5.6146107086614174
20
-5.8584026377952751
11
5.6180605511811024
21
-5.8630110629921255
0
LINE
8
BLACK
6
CONTINUOUS
10
5.6180605511811024
20
-5.8630110629921255
11
5.6226689763779527
21
-5.8664609055118113
0
LINE
8
BLACK
6
CONTINUOUS
10
5.6226689763779527
20
-5.8664609055118113
11
5.6226690551181102
21
-5.8664609448818901
0
LINE
8
BLACK
6
CONTINUOUS
10
5.6226690551181102
20
-5.8664609448818901
11
5.6226691338582677
21
-5.8664609842519679
0
LINE
8
BLACK
6
CONTINUOUS
10
5.6226691338582677
20
-5.8664609842519679
11
5.6248194881889759
21
-5.867263031496063
0
LINE
8
BLACK
6
CONTINUOUS
10
5.6248194881889759
20
-5.867263031496063
11
5.6280627952755902
21
-5.8684727559055121
0
LINE
8
BLACK
6
CONTINUOUS
10
5.6280627952755902
20
-5.8684727559055121
11
5.6280631102362202
21
-5.8684728346456696
0
LINE
8
BLACK
6
CONTINUOUS
10
5.6280631102362202
20
-5.8684728346456696
11
5.6304468503937004
21
-5.8687290944881889
0
LINE
8
BLACK
6
CONTINUOUS
10
5.6304468503937004
20
-5.8687290944881889
11
5.6304470472440942
21
-5.8687290944881889
0
LINE
8
BLACK
6
CONTINUOUS
10
5.6304470472440942
20
-5.8687290944881889
11
5.6304473228346454
21
-5.8687291338582677
0
LINE
8
BLACK
6
CONTINUOUS
10
5.6304473228346454
20
-5.8687291338582677
11
5.630447559055118
21
-5.8687291338582677
0
LINE
8
BLACK
6
CONTINUOUS
10
5.630447559055118
20
-5.8687291338582677
11
5.6942768503937007
21
-5.8687291338582677
0
LINE
8
BLACK
6
CONTINUOUS
10
5.6942768503937007
20
-5.8687291338582677
11
5.6942770866141732
21
-5.8687291338582677
0
LINE
8
BLACK
6
CONTINUOUS
10
5.6942770866141732
20
-5.8687291338582677
11
5.6942773622047245
21
-5.8687290944881889
0
LINE
8
BLACK
6
CONTINUOUS
10
5.6942773622047245
20
-5.8687290944881889
11
5.6942775196850395
21
-5.8687290944881889
0
LINE
8
BLACK
6
CONTINUOUS
10
5.6942775196850395
20
-5.8687290944881889
11
5.6966612598425197
21
-5.8684728346456696
0
LINE
8
BLACK
6
CONTINUOUS
10
5.6966612598425197
20
-5.8684728346456696
11
5.696661377952756
21
-5.8684727952755908
0
LINE
8
BLACK
6
CONTINUOUS
10
5.696661377952756
20
-5.8684727952755908
11
5.6966614566929135
21
-5.8684727952755908
0
LINE
8
BLACK
6
CONTINUOUS
10
5.6966614566929135
20
-5.8684727952755908
11
5.6969887007874016
21
-5.8683507480314958
0
LINE
8
BLACK
6
CONTINUOUS
10
5.6969887007874016
20
-5.8683507480314958
11
5.6974033464566931
21
-5.8681960629921255
0
LINE
8
BLACK
6
CONTINUOUS
10
5.6974033464566931
20
-5.8681960629921255
11
5.7020552755905509
21
-5.8664609842519679
0
LINE
8
BLACK
6
CONTINUOUS
10
5.7020552755905509
20
-5.8664609842519679
11
5.7066638188976375
21
-5.8630110629921255
0
LINE
8
BLACK
6
CONTINUOUS
10
5.7066638188976375
20
-5.8630110629921255
11
5.7083990551181101
21
-5.8606930708661418
0
LINE
8
BLACK
6
CONTINUOUS
10
5.7083990551181101
20
-5.8606930708661418
11
5.7101136614173225
21
-5.8584026377952751
0
LINE
8
BLACK
6
CONTINUOUS
10
5.7101136614173225
20
-5.8584026377952751
11
5.7101136614173225
21
-5.8584025984251964
0
LINE
8
BLACK
6
CONTINUOUS
10
5.7101136614173225
20
-5.8584025984251964
11
5.71011374015748
21
-5.8584025196850389
0
LINE
8
BLACK
6
CONTINUOUS
10
5.71011374015748
20
-5.8584025196850389
11
5.712125551181102
21
-5.8530087007874014
0
LINE
8
BLACK
6
CONTINUOUS
10
5.712125551181102
20
-5.8530087007874014
11
5.7121356692913388
21
-5.8529148818897641
0
LINE
8
BLACK
6
CONTINUOUS
10
5.7121356692913388
20
-5.8529148818897641
11
5.7123818503937009
21
-5.8506247637795274
0
LINE
8
BLACK
6
CONTINUOUS
10
5.7123818503937009
20
-5.8506247637795274
11
5.7123818897637797
21
-5.8506240944881887
0
LINE
8
BLACK
6
CONTINUOUS
10
5.7123818897637797
20
-5.8506240944881887
11
5.7123818897637797
21
-5.7867947637795272
0
LINE
8
BLACK
6
CONTINUOUS
10
5.7123818897637797
20
-5.7867947637795272
11
5.7123818503937009
21
-5.7867940944881893
0
LINE
8
BLACK
6
CONTINUOUS
10
5.7123818503937009
20
-5.7867940944881893
11
5.7121255905511807
21
-5.7844103543307082
0
LINE
8
BLACK
6
CONTINUOUS
10
5.7121255905511807
20
-5.7844103543307082
11
5.7121255118110232
21
-5.784410039370079
0
LINE
8
BLACK
6
CONTINUOUS
10
5.7121255118110232
20
-5.784410039370079
11
5.71011374015748
21
-5.7790164173228344
0
LINE
8
BLACK
6
CONTINUOUS
10
5.71011374015748
20
-5.7790164173228344
11
5.7101136614173225
21
-5.7790162204724407
0
LINE
8
BLACK
6
CONTINUOUS
10
5.7101136614173225
20
-5.7790162204724407
11
5.7066638188976375
21
-5.7744077952755903
0
LINE
8
BLACK
6
CONTINUOUS
10
5.7066638188976375
20
-5.7744077952755903
11
5.7043565748031497
21
-5.7726806299212594
0
LINE
8
BLACK
6
CONTINUOUS
10
5.7043565748031497
20
-5.7726806299212594
11
5.7026814960629917
21
-5.7704429921259841
0
LINE
8
BLACK
6
CONTINUOUS
10
5.7026814960629917
20
-5.7704429921259841
11
5.7024821259842522
21
-5.7676549606299208
0
LINE
8
BLACK
6
CONTINUOUS
10
5.7024821259842522
20
-5.7676549606299208
11
5.7038216929133858
21
-5.7652017322834643
0
LINE
8
BLACK
6
CONTINUOUS
10
5.7038216929133858
20
-5.7652017322834643
11
5.7043565748031497
21
-5.7647382677165355
0
LINE
8
BLACK
6
CONTINUOUS
10
5.7043565748031497
20
-5.7647382677165355
11
5.7066638188976375
21
-5.7630110629921258
0
LINE
8
BLACK
6
CONTINUOUS
10
5.7066638188976375
20
-5.7630110629921258
11
5.7083910236220472
21
-5.7607038188976381
0
LINE
8
BLACK
6
CONTINUOUS
10
5.7083910236220472
20
-5.7607038188976381
11
5.7106286614173225
21
-5.75902874015748
0
LINE
8
BLACK
6
CONTINUOUS
10
5.7106286614173225
20
-5.75902874015748
11
5.7134166929133858
21
-5.7588293700787396
0
LINE
8
BLACK
6
CONTINUOUS
10
5.7134166929133858
20
-5.7588293700787396
11
5.7158699212598423
21
-5.7601689370078741
0
LINE
8
BLACK
6
CONTINUOUS
10
5.7158699212598423
20
-5.7601689370078741
11
5.7163333858267711
21
-5.7607038188976381
0
LINE
8
BLACK
6
CONTINUOUS
10
5.7163333858267711
20
-5.7607038188976381
11
5.718060551181102
21
-5.7630110629921258
0
LINE
8
BLACK
6
CONTINUOUS
10
5.718060551181102
20
-5.7630110629921258
11
5.7226689763779524
21
-5.7664609055118108
0
LINE
8
BLACK
6
CONTINUOUS
10
5.7226689763779524
20
-5.7664609055118108
11
5.7226690551181099
21
-5.7664609448818895
0
LINE
8
BLACK
6
CONTINUOUS
10
5.7226690551181099
20
-5.7664609448818895
11
5.7226691338582674
21
-5.7664609842519683
0
LINE
8
BLACK
6
CONTINUOUS
10
5.7226691338582674
20
-5.7664609842519683
11
5.7248194881889765
21
-5.7672630314960625
0
LINE
8
BLACK
6
CONTINUOUS
10
5.7248194881889765
20
-5.7672630314960625
11
5.7280627952755907
21
-5.7684727559055116
0
LINE
8
BLACK
6
CONTINUOUS
10
5.7280627952755907
20
-5.7684727559055116
11
5.7280631102362207
21
-5.7684728346456691
0
LINE
8
BLACK
6
CONTINUOUS
10
5.7280631102362207
20
-5.7684728346456691
11
5.7304468503937009
21
-5.7687290944881893
0
LINE
8
BLACK
6
CONTINUOUS
10
5.7304468503937009
20
-5.7687290944881893
11
5.7304470472440947
21
-5.7687290944881893
0
LINE
8
BLACK
6
CONTINUOUS
10
5.7304470472440947
20
-5.7687290944881893
11
5.730447322834646
21
-5.768729133858268
0
LINE
8
BLACK
6
CONTINUOUS
10
5.730447322834646
20
-5.768729133858268
11
5.7304475590551176
21
-5.768729133858268
0
LINE
8
BLACK
6
CONTINUOUS
10
5.7304475590551176
20
-5.768729133858268
11
5.7942768503937003
21
-5.768729133858268
0
LINE
8
BLACK
6
CONTINUOUS
10
5.7942768503937003
20
-5.768729133858268
11
5.7942770866141728
21
-5.768729133858268
0
LINE
8
BLACK
6
CONTINUOUS
10
5.7942770866141728
20
-5.768729133858268
11
5.7942773622047241
21
-5.7687290944881893
0
LINE
8
BLACK
6
CONTINUOUS
10
5.7942773622047241
20
-5.7687290944881893
11
5.7942775196850391
21
-5.7687290944881893
0
LINE
8
BLACK
6
CONTINUOUS
10
5.7942775196850391
20
-5.7687290944881893
11
5.7966612598425193
21
-5.7684728346456691
0
LINE
8
BLACK
6
CONTINUOUS
10
5.7966612598425193
20
-5.7684728346456691
11
5.7966613779527556
21
-5.7684727952755903
0
LINE
8
BLACK
6
CONTINUOUS
10
5.7966613779527556
20
-5.7684727952755903
11
5.7966614566929131
21
-5.7684727952755903
0
LINE
8
BLACK
6
CONTINUOUS
10
5.7966614566929131
20
-5.7684727952755903
11
5.7969887007874012
21
-5.7683507480314962
0
LINE
8
BLACK
6
CONTINUOUS
10
5.7969887007874012
20
-5.7683507480314962
11
5.7974033464566928
21
-5.7681960629921258
0
LINE
8
BLACK
6
CONTINUOUS
10
5.7974033464566928
20
-5.7681960629921258
11
5.8020552755905515
21
-5.7664609842519683
0
LINE
8
BLACK
6
CONTINUOUS
10
5.8020552755905515
20
-5.7664609842519683
11
5.8043565748031494
21
-5.7647382677165355
0
LINE
8
BLACK
6
CONTINUOUS
10
5.8043565748031494
20
-5.7647382677165355
11
5.8066638188976381
21
-5.7630110629921258
0
LINE
8
BLACK
6
CONTINUOUS
10
5.8066638188976381
20
-5.7630110629921258
11
5.810113661417323
21
-5.7584026377952755
0
LINE
8
BLACK
6
CONTINUOUS
10
5.810113661417323
20
-5.7584026377952755
11
5.810113661417323
21
-5.7584025984251968
0
LINE
8
BLACK
6
CONTINUOUS
10
5.810113661417323
20
-5.7584025984251968
11
5.8101137401574805
21
-5.7584025196850392
0
LINE
8
BLACK
6
CONTINUOUS
10
5.8101137401574805
20
-5.7584025196850392
11
5.8119581889763774
21
-5.7534574015748028
0
LINE
8
BLACK
6
CONTINUOUS
10
5.8119581889763774
20
-5.7534574015748028
11
5.8121255118110238
21
-5.753008818897638
0
LINE
8
BLACK
6
CONTINUOUS
10
5.8121255118110238
20
-5.753008818897638
11
5.8121255905511813
21
-5.753008503937008
0
LINE
8
BLACK
6
CONTINUOUS
10
5.8121255905511813
20
-5.753008503937008
11
5.8123818503937006
21
-5.7506247637795278
0
LINE
8
BLACK
6
CONTINUOUS
10
5.8123818503937006
20
-5.7506247637795278
11
5.8123818897637793
21
-5.750624094488189
0
LINE
8
BLACK
6
CONTINUOUS
10
5.8123818897637793
20
-5.750624094488189
11
5.8123818897637793
21
-5.75041905511811
0
LINE
8
BLACK
6
CONTINUOUS
10
5.8123818897637793
20
-5.75041905511811
11
5.8131693700787404
21
-5.7477371259842522
0
LINE
8
BLACK
6
CONTINUOUS
10
5.8131693700787404
20
-5.7477371259842522
11
5.8152818110236222
21
-5.745906692913386
0
LINE
8
BLACK
6
CONTINUOUS
10
5.8152818110236222
20
-5.745906692913386
11
5.816448818897638
21
-5.7455396062992126
0
LINE
8
BLACK
6
CONTINUOUS
10
5.816448818897638
20
-5.7455396062992126
11
5.8164541732283466
21
-5.745538582677165
0
LINE
8
BLACK
6
CONTINUOUS
10
5.8164541732283466
20
-5.745538582677165
11
5.816469645669291
21
-5.7455357874015744
0
LINE
8
BLACK
6
CONTINUOUS
10
5.816469645669291
20
-5.7455357874015744
11
5.8186534251968505
21
-5.7445528740157483
0
LINE
8
BLACK
6
CONTINUOUS
10
5.8186534251968505
20
-5.7445528740157483
11
5.8189292125984249
21
-5.7444386614173224
0
LINE
8
BLACK
6
CONTINUOUS
10
5.8189292125984249
20
-5.7444386614173224
11
5.821168307086614
21
-5.7435895275590552
0
LINE
8
BLACK
6
CONTINUOUS
10
5.821168307086614
20
-5.7435895275590552
11
5.8214986614173228
21
-5.743361456692913
0
LINE
8
BLACK
6
CONTINUOUS
10
5.8214986614173228
20
-5.743361456692913
11
5.8222803937007876
21
-5.7429205118110236
0
LINE
8
BLACK
6
CONTINUOUS
10
5.8222803937007876
20
-5.7429205118110236
11
5.822646692913386
21
-5.7427557086614174
0
LINE
8
BLACK
6
CONTINUOUS
10
5.822646692913386
20
-5.7427557086614174
11
5.824533070866142
21
-5.7412777559055117
0
LINE
8
BLACK
6
CONTINUOUS
10
5.824533070866142
20
-5.7412777559055117
11
5.824771456692913
21
-5.7411023622047246
0
LINE
8
BLACK
6
CONTINUOUS
10
5.824771456692913
20
-5.7411023622047246
11
5.8267430314960631
21
-5.7397415354330708
0
LINE
8
BLACK
6
CONTINUOUS
10
5.8267430314960631
20
-5.7397415354330708
11
5.8283314566929132
21
-5.7379485039370079
0
LINE
8
BLACK
6
CONTINUOUS
10
5.8283314566929132
20
-5.7379485039370079
11
5.8285359448818896
21
-5.7377313385826767
0
LINE
8
BLACK
6
CONTINUOUS
10
5.8285359448818896
20
-5.7377313385826767
11
5.8386423622047241
21
-5.7276249212598422
0
LINE
8
BLACK
6
CONTINUOUS
10
5.8386423622047241
20
-5.7276249212598422
11
5.8410955511811018
21
-5.7262853937007874
0
LINE
8
BLACK
6
CONTINUOUS
10
5.8410955511811018
20
-5.7262853937007874
11
5.8438835826771651
21
-5.7264848031496065
0
LINE
8
BLACK
6
CONTINUOUS
10
5.8438835826771651
20
-5.7264848031496065
11
5.8456576771653541
21
-5.7276249999999997
0
LINE
8
BLACK
6
CONTINUOUS
10
5.8456576771653541
20
-5.7276249999999997
11
5.8584405905511812
21
-5.7404079133858268
0
LINE
8
BLACK
6
CONTINUOUS
10
5.8584405905511812
20
-5.7404079133858268
11
5.858645984251968
21
-5.740626062992126
0
LINE
8
BLACK
6
CONTINUOUS
10
5.858645984251968
20
-5.740626062992126
11
5.8595365354330706
21
-5.7416312992125986
0
LINE
8
BLACK
6
CONTINUOUS
10
5.8595365354330706
20
-5.7416312992125986
11
5.8597327559055117
21
-5.7418527559055113
0
LINE
8
BLACK
6
CONTINUOUS
10
5.8597327559055117
20
-5.7418527559055113
11
5.8609217716535431
21
-5.7443824015748026
0
LINE
8
BLACK
6
CONTINUOUS
10
5.8609217716535431
20
-5.7443824015748026
11
5.8609803149606297
21
-5.7451422834645669
0
LINE
8
BLACK
6
CONTINUOUS
10
5.8609803149606297
20
-5.7451422834645669
11
5.8609803149606297
21
-5.7529153149606298
0
LINE
8
BLACK
6
CONTINUOUS
10
5.8609803149606297
20
-5.7529153149606298
11
5.8612365748031499
21
-5.75529905511811
0
LINE
8
BLACK
6
CONTINUOUS
10
5.8612365748031499
20
-5.75529905511811
11
5.8612366535433074
21
-5.75529937007874
0
LINE
8
BLACK
6
CONTINUOUS
10
5.8612366535433074
20
-5.75529937007874
11
5.8632484251968506
21
-5.7606929921259837
0
LINE
8
BLACK
6
CONTINUOUS
10
5.8632484251968506
20
-5.7606929921259837
11
5.8632485039370081
21
-5.7606931889763775
0
LINE
8
BLACK
6
CONTINUOUS
10
5.8632485039370081
20
-5.7606931889763775
11
5.8666983858267718
21
-5.7653016141732278
0
LINE
8
BLACK
6
CONTINUOUS
10
5.8666983858267718
20
-5.7653016141732278
11
5.8690056299212596
21
-5.7670288582677163
0
LINE
8
BLACK
6
CONTINUOUS
10
5.8690056299212596
20
-5.7670288582677163
11
5.870680669291338
21
-5.7692664960629916
0
LINE
8
BLACK
6
CONTINUOUS
10
5.870680669291338
20
-5.7692664960629916
11
5.8708800393700784
21
-5.7720544881889762
0
LINE
8
BLACK
6
CONTINUOUS
10
5.8708800393700784
20
-5.7720544881889762
11
5.8695404724409448
21
-5.7745077165354326
0
LINE
8
BLACK
6
CONTINUOUS
10
5.8695404724409448
20
-5.7745077165354326
11
5.8690056299212596
21
-5.7749711417322835
0
LINE
8
BLACK
6
CONTINUOUS
10
5.8690056299212596
20
-5.7749711417322835
11
5.8666983858267718
21
-5.7766983464566932
0
LINE
8
BLACK
6
CONTINUOUS
10
5.8666983858267718
20
-5.7766983464566932
11
5.8632485039370081
21
-5.7813067716535436
0
LINE
8
BLACK
6
CONTINUOUS
10
5.8632485039370081
20
-5.7813067716535436
11
5.8632484251968506
21
-5.7813069685039364
0
LINE
8
BLACK
6
CONTINUOUS
10
5.8632484251968506
20
-5.7813069685039364
11
5.8612366535433074
21
-5.786700590551181
0
LINE
8
BLACK
6
CONTINUOUS
10
5.8612366535433074
20
-5.786700590551181
11
5.8612365748031499
21
-5.786700905511811
0
LINE
8
BLACK
6
CONTINUOUS
10
5.8612365748031499
20
-5.786700905511811
11
5.8609803149606297
21
-5.7890846456692913
0
LINE
8
BLACK
6
CONTINUOUS
10
5.8609803149606297
20
-5.7890846456692913
11
5.8609803149606297
21
-5.8529153149606294
0
LINE
8
BLACK
6
CONTINUOUS
10
5.8609803149606297
20
-5.8529153149606294
11
5.8612365748031499
21
-5.8552990551181097
0
LINE
8
BLACK
6
CONTINUOUS
10
5.8612365748031499
20
-5.8552990551181097
11
5.8612366535433074
21
-5.8552993700787397
0
LINE
8
BLACK
6
CONTINUOUS
10
5.8612366535433074
20
-5.8552993700787397
11
5.8632484251968506
21
-5.8606929921259843
0
LINE
8
BLACK
6
CONTINUOUS
10
5.8632484251968506
20
-5.8606929921259843
11
5.8632485039370081
21
-5.860693188976378
0
LINE
8
BLACK
6
CONTINUOUS
10
5.8632485039370081
20
-5.860693188976378
11
5.8666983464566931
21
-5.8653016141732284
0
LINE
8
BLACK
6
CONTINUOUS
10
5.8666983464566931
20
-5.8653016141732284
11
5.8713067716535434
21
-5.8687514566929133
0
LINE
8
BLACK
6
CONTINUOUS
10
5.8713067716535434
20
-5.8687514566929133
11
5.8713068503937009
21
-5.8687514960629921
0
LINE
8
BLACK
6
CONTINUOUS
10
5.8713068503937009
20
-5.8687514960629921
11
5.8713069291338584
21
-5.8687515354330708
0
LINE
8
BLACK
6
CONTINUOUS
10
5.8713069291338584
20
-5.8687515354330708
11
5.8736328740157475
21
-5.8696190551181102
0
LINE
8
BLACK
6
CONTINUOUS
10
5.8736328740157475
20
-5.8696190551181102
11
5.8767005905511809
21
-5.8707633070866141
0
LINE
8
BLACK
6
CONTINUOUS
10
5.8767005905511809
20
-5.8707633070866141
11
5.8767009055118109
21
-5.8707633858267716
0
LINE
8
BLACK
6
CONTINUOUS
10
5.8767009055118109
20
-5.8707633858267716
11
5.8790846456692911
21
-5.8710196456692909
0
LINE
8
BLACK
6
CONTINUOUS
10
5.8790846456692911
20
-5.8710196456692909
11
5.8790848425196849
21
-5.8710196456692909
0
LINE
8
BLACK
6
CONTINUOUS
10
5.8790848425196849
20
-5.8710196456692909
11
5.8790851181102362
21
-5.8710196850393697
0
LINE
8
BLACK
6
CONTINUOUS
10
5.8790851181102362
20
-5.8710196850393697
11
5.8790853543307087
21
-5.8710196850393697
0
LINE
8
BLACK
6
CONTINUOUS
10
5.8790853543307087
20
-5.8710196850393697
11
5.9429146456692914
21
-5.8710196850393697
0
LINE
8
BLACK
6
CONTINUOUS
10
5.9429146456692914
20
-5.8710196850393697
11
5.9429148818897639
21
-5.8710196850393697
0
LINE
8
BLACK
6
CONTINUOUS
10
5.9429148818897639
20
-5.8710196850393697
11
5.9429151574803152
21
-5.8710196456692909
0
LINE
8
BLACK
6
CONTINUOUS
10
5.9429151574803152
20
-5.8710196456692909
11
5.9429153149606302
21
-5.8710196456692909
0
LINE
8
BLACK
6
CONTINUOUS
10
5.9429153149606302
20
-5.8710196456692909
11
5.9452990551181104
21
-5.8707633858267716
0
LINE
8
BLACK
6
CONTINUOUS
10
5.9452990551181104
20
-5.8707633858267716
11
5.9452991732283467
21
-5.8707633464566928
0
LINE
8
BLACK
6
CONTINUOUS
10
5.9452991732283467
20
-5.8707633464566928
11
5.9452992519685042
21
-5.8707633464566928
0
LINE
8
BLACK
6
CONTINUOUS
10
5.9452992519685042
20
-5.8707633464566928
11
5.9506930708661416
21
-5.8687515354330708
0
LINE
8
BLACK
6
CONTINUOUS
10
5.9506930708661416
20
-5.8687515354330708
11
5.9507230708661414
21
-5.8687290944881889
0
LINE
8
BLACK
6
CONTINUOUS
10
5.9507230708661414
20
-5.8687290944881889
11
5.9553016141732282
21
-5.8653016141732284
0
LINE
8
BLACK
6
CONTINUOUS
10
5.9553016141732282
20
-5.8653016141732284
11
5.9587514566929132
21
-5.860693188976378
0
LINE
8
BLACK
6
CONTINUOUS
10
5.9587514566929132
20
-5.860693188976378
11
5.9587514566929132
21
-5.8606931496062993
0
LINE
8
BLACK
6
CONTINUOUS
10
5.9587514566929132
20
-5.8606931496062993
11
5.9587515354330707
21
-5.8606930708661418
0
LINE
8
BLACK
6
CONTINUOUS
10
5.9587515354330707
20
-5.8606930708661418
11
5.9607633464566927
21
-5.8552992519685034
0
LINE
8
BLACK
6
CONTINUOUS
10
5.9607633464566927
20
-5.8552992519685034
11
5.9608064566929135
21
-5.8548985826771656
0
LINE
8
BLACK
6
CONTINUOUS
10
5.9608064566929135
20
-5.8548985826771656
11
5.9610196456692908
21
-5.8529153149606294
0
LINE
8
BLACK
6
CONTINUOUS
10
5.9610196456692908
20
-5.8529153149606294
11
5.9610196850393695
21
-5.8529146456692915
0
LINE
8
BLACK
6
CONTINUOUS
10
5.9610196850393695
20
-5.8529146456692915
11
5.9610196850393695
21
-5.7890853149606301
0
LINE
8
BLACK
6
CONTINUOUS
10
5.9610196850393695
20
-5.7890853149606301
11
5.9610196456692908
21
-5.7890846456692913
0
LINE
8
BLACK
6
CONTINUOUS
10
5.9610196456692908
20
-5.7890846456692913
11
5.9607633858267715
21
-5.786700905511811
0
LINE
8
BLACK
6
CONTINUOUS
10
5.9607633858267715
20
-5.786700905511811
11
5.9607633070866139
21
-5.786700590551181
0
LINE
8
BLACK
6
CONTINUOUS
10
5.9607633070866139
20
-5.786700590551181
11
5.9587515354330707
21
-5.7813069685039364
0
LINE
8
BLACK
6
CONTINUOUS
10
5.9587515354330707
20
-5.7813069685039364
11
5.9587514566929132
21
-5.7813067716535436
0
LINE
8
BLACK
6
CONTINUOUS
10
5.9587514566929132
20
-5.7813067716535436
11
5.9553016141732282
21
-5.7766983464566932
0
LINE
8
BLACK
6
CONTINUOUS
10
5.9553016141732282
20
-5.7766983464566932
11
5.9529943700787404
21
-5.7749711811023623
0
LINE
8
BLACK
6
CONTINUOUS
10
5.9529943700787404
20
-5.7749711811023623
11
5.9513192913385824
21
-5.7727335433070861
0
LINE
8
BLACK
6
CONTINUOUS
10
5.9513192913385824
20
-5.7727335433070861
11
5.951119921259842
21
-5.7699455118110237
0
LINE
8
BLACK
6
CONTINUOUS
10
5.951119921259842
20
-5.7699455118110237
11
5.9524594881889765
21
-5.7674922834645672
0
LINE
8
BLACK
6
CONTINUOUS
10
5.9524594881889765
20
-5.7674922834645672
11
5.9529943700787404
21
-5.7670288188976375
0
LINE
8
BLACK
6
CONTINUOUS
10
5.9529943700787404
20
-5.7670288188976375
11
5.9553016141732282
21
-5.7653016141732278
0
LINE
8
BLACK
6
CONTINUOUS
10
5.9553016141732282
20
-5.7653016141732278
11
5.9570288188976379
21
-5.76299437007874
0
LINE
8
BLACK
6
CONTINUOUS
10
5.9570288188976379
20
-5.76299437007874
11
5.9592664566929132
21
-5.7613192913385829
0
LINE
8
BLACK
6
CONTINUOUS
10
5.9592664566929132
20
-5.7613192913385829
11
5.9620544881889765
21
-5.7611199212598425
0
LINE
8
BLACK
6
CONTINUOUS
10
5.9620544881889765
20
-5.7611199212598425
11
5.964507716535433
21
-5.7624594881889761
0
LINE
8
BLACK
6
CONTINUOUS
10
5.964507716535433
20
-5.7624594881889761
11
5.9649711811023618
21
-5.76299437007874
0
LINE
8
BLACK
6
CONTINUOUS
10
5.9649711811023618
20
-5.76299437007874
11
5.9666983464566927
21
-5.7653016141732278
0
LINE
8
BLACK
6
CONTINUOUS
10
5.9666983464566927
20
-5.7653016141732278
11
5.9713067716535431
21
-5.7687514566929137
0
LINE
8
BLACK
6
CONTINUOUS
10
5.9713067716535431
20
-5.7687514566929137
11
5.9713068503937006
21
-5.7687514960629924
0
LINE
8
BLACK
6
CONTINUOUS
10
5.9713068503937006
20
-5.7687514960629924
11
5.9713069291338581
21
-5.7687515354330712
0
LINE
8
BLACK
6
CONTINUOUS
10
5.9713069291338581
20
-5.7687515354330712
11
5.973189488188976
21
-5.7694537007874018
0
LINE
8
BLACK
6
CONTINUOUS
10
5.973189488188976
20
-5.7694537007874018
11
5.9767005905511805
21
-5.7707633070866144
0
LINE
8
BLACK
6
CONTINUOUS
10
5.9767005905511805
20
-5.7707633070866144
11
5.9767009055118105
21
-5.770763385826772
0
LINE
8
BLACK
6
CONTINUOUS
10
5.9767009055118105
20
-5.770763385826772
11
5.9790846456692908
21
-5.7710196456692913
0
LINE
8
BLACK
6
CONTINUOUS
10
5.9790846456692908
20
-5.7710196456692913
11
5.9790848425196845
21
-5.7710196456692913
0
LINE
8
BLACK
6
CONTINUOUS
10
5.9790848425196845
20
-5.7710196456692913
11
5.9790851181102358
21
-5.77101968503937
0
LINE
8
BLACK
6
CONTINUOUS
10
5.9790851181102358
20
-5.77101968503937
11
5.9790853543307083
21
-5.77101968503937
0
LINE
8
BLACK
6
CONTINUOUS
10
5.9790853543307083
20
-5.77101968503937
11
6.042914645669291
21
-5.77101968503937
0
LINE
8
BLACK
6
CONTINUOUS
10
6.042914645669291
20
-5.77101968503937
11
6.0429148818897636
21
-5.77101968503937
0
LINE
8
BLACK
6
CONTINUOUS
10
6.0429148818897636
20
-5.77101968503937
11
6.0429151574803148
21
-5.7710196456692913
0
LINE
8
BLACK
6
CONTINUOUS
10
6.0429151574803148
20
-5.7710196456692913
11
6.0429153149606298
21
-5.7710196456692913
0
LINE
8
BLACK
6
CONTINUOUS
10
6.0429153149606298
20
-5.7710196456692913
11
6.0452990551181101
21
-5.770763385826772
0
LINE
8
BLACK
6
CONTINUOUS
10
6.0452990551181101
20
-5.770763385826772
11
6.0452991732283463
21
-5.7707633464566932
0
LINE
8
BLACK
6
CONTINUOUS
10
6.0452991732283463
20
-5.7707633464566932
11
6.0452992519685038
21
-5.7707633464566932
0
LINE
8
BLACK
6
CONTINUOUS
10
6.0452992519685038
20
-5.7707633464566932
11
6.0457393307086615
21
-5.7705992125984249
0
LINE
8
BLACK
6
CONTINUOUS
10
6.0457393307086615
20
-5.7705992125984249
11
6.0463738976377952
21
-5.7703625196850394
0
LINE
8
BLACK
6
CONTINUOUS
10
6.0463738976377952
20
-5.7703625196850394
11
6.0506930708661413
21
-5.7687515354330712
0
LINE
8
BLACK
6
CONTINUOUS
10
6.0506930708661413
20
-5.7687515354330712
11
6.0507230708661419
21
-5.7687290944881893
0
LINE
8
BLACK
6
CONTINUOUS
10
6.0507230708661419
20
-5.7687290944881893
11
6.0553016141732279
21
-5.7653016141732278
0
LINE
8
BLACK
6
CONTINUOUS
10
6.0553016141732279
20
-5.7653016141732278
11
6.0587514566929128
21
-5.7606931889763775
0
LINE
8
BLACK
6
CONTINUOUS
10
6.0587514566929128
20
-5.7606931889763775
11
6.0587514566929128
21
-5.7606931496062987
0
LINE
8
BLACK
6
CONTINUOUS
10
6.0587514566929128
20
-5.7606931496062987
11
6.0587515354330703
21
-5.7606930708661412
0
LINE
8
BLACK
6
CONTINUOUS
10
6.0587515354330703
20
-5.7606930708661412
11
6.0607633464566923
21
-5.7552992519685038
0
LINE
8
BLACK
6
CONTINUOUS
10
6.0607633464566923
20
-5.7552992519685038
11
6.0608064566929132
21
-5.754898582677165
0
LINE
8
BLACK
6
CONTINUOUS
10
6.0608064566929132
20
-5.754898582677165
11
6.0610196456692913
21
-5.7529153149606298
0
LINE
8
BLACK
6
CONTINUOUS
10
6.0610196456692913
20
-5.7529153149606298
11
6.0610196850393701
21
-5.752914645669291
0
LINE
8
BLACK
6
CONTINUOUS
10
6.0610196850393701
20
-5.752914645669291
11
6.0610196850393701
21
-5.6890853149606295
0
LINE
8
BLACK
6
CONTINUOUS
10
6.0610196850393701
20
-5.6890853149606295
11
6.0610196456692913
21
-5.6890846456692916
0
LINE
8
BLACK
6
CONTINUOUS
10
6.0610196456692913
20
-5.6890846456692916
11
6.0607633858267711
21
-5.6867009055118105
0
LINE
8
BLACK
6
CONTINUOUS
10
6.0607633858267711
20
-5.6867009055118105
11
6.0607633070866136
21
-5.6867005905511814
0
LINE
8
BLACK
6
CONTINUOUS
10
6.0607633070866136
20
-5.6867005905511814
11
6.0587515354330703
21
-5.6813069685039368
0
LINE
8
BLACK
6
CONTINUOUS
10
6.0587515354330703
20
-5.6813069685039368
11
6.0587514566929128
21
-5.681306771653543
0
LINE
8
BLACK
6
CONTINUOUS
10
6.0587514566929128
20
-5.681306771653543
11
6.0553016141732279
21
-5.6766983464566927
0
LINE
8
BLACK
6
CONTINUOUS
10
6.0553016141732279
20
-5.6766983464566927
11
6.0529943700787401
21
-5.6749711811023618
0
LINE
8
BLACK
6
CONTINUOUS
10
6.0529943700787401
20
-5.6749711811023618
11
6.0513192913385829
21
-5.6727335433070865
0
LINE
8
BLACK
6
CONTINUOUS
10
6.0513192913385829
20
-5.6727335433070865
11
6.0511199212598425
21
-5.6699455118110231
0
LINE
8
BLACK
6
CONTINUOUS
10
6.0511199212598425
20
-5.6699455118110231
11
6.0524594881889762
21
-5.6674922834645667
0
LINE
8
BLACK
6
CONTINUOUS
10
6.0524594881889762
20
-5.6674922834645667
11
6.0529943700787401
21
-5.6670288188976379
0
LINE
8
BLACK
6
CONTINUOUS
10
6.0529943700787401
20
-5.6670288188976379
11
6.0553016141732279
21
-5.6653016141732282
0
LINE
8
BLACK
6
CONTINUOUS
10
6.0553016141732279
20
-5.6653016141732282
11
6.0587514566929128
21
-5.6606931889763779
0
LINE
8
BLACK
6
CONTINUOUS
10
6.0587514566929128
20
-5.6606931889763779
11
6.0587514566929128
21
-5.6606931496062991
0
LINE
8
BLACK
6
CONTINUOUS
10
6.0587514566929128
20
-5.6606931496062991
11
6.0587515354330703
21
-5.6606930708661416
0
LINE
8
BLACK
6
CONTINUOUS
10
6.0587515354330703
20
-5.6606930708661416
11
6.0607633464566923
21
-5.6552992519685041
0
LINE
8
BLACK
6
CONTINUOUS
10
6.0607633464566923
20
-5.6552992519685041
11
6.0608064566929132
21
-5.6548984645669291
0
LINE
8
BLACK
6
CONTINUOUS
10
6.0608064566929132
20
-5.6548984645669291
11
6.0610196456692913
21
-5.6529153149606302
0
LINE
8
BLACK
6
CONTINUOUS
10
6.0610196456692913
20
-5.6529153149606302
11
6.0610196850393701
21
-5.6529146456692914
0
LINE
8
BLACK
6
CONTINUOUS
10
6.0610196850393701
20
-5.6529146456692914
11
6.0610196850393701
21
-5.5890853149606299
0
LINE
8
BLACK
6
CONTINUOUS
10
6.0610196850393701
20
-5.5890853149606299
11
6.0610196456692913
21
-5.5890846456692911
0
LINE
8
BLACK
6
CONTINUOUS
10
6.0610196456692913
20
-5.5890846456692911
11
6.0607633858267711
21
-5.5867009055118109
0
LINE
8
BLACK
6
CONTINUOUS
10
6.0607633858267711
20
-5.5867009055118109
11
6.0607633070866136
21
-5.5867005905511808
0
LINE
8
BLACK
6
CONTINUOUS
10
6.0607633070866136
20
-5.5867005905511808
11
6.0587515354330703
21
-5.5813069685039371
0
LINE
8
BLACK
6
CONTINUOUS
10
6.0587515354330703
20
-5.5813069685039371
11
6.0587514566929128
21
-5.5813067716535434
0
LINE
8
BLACK
6
CONTINUOUS
10
6.0587514566929128
20
-5.5813067716535434
11
6.0553016141732279
21
-5.576698346456693
0
LINE
8
BLACK
6
CONTINUOUS
10
6.0553016141732279
20
-5.576698346456693
11
6.0506931889763775
21
-5.5732485039370081
0
LINE
8
BLACK
6
CONTINUOUS
10
6.0506931889763775
20
-5.5732485039370081
11
6.0506929921259838
21
-5.5732484251968506
0
LINE
8
BLACK
6
CONTINUOUS
10
6.0506929921259838
20
-5.5732484251968506
11
6.0452993700787401
21
-5.5712366535433073
0
LINE
8
BLACK
6
CONTINUOUS
10
6.0452993700787401
20
-5.5712366535433073
11
6.0452990551181101
21
-5.5712365748031498
0
LINE
8
BLACK
6
CONTINUOUS
10
6.0452990551181101
20
-5.5712365748031498
11
6.043324094488189
21
-5.5710242913385821
0
LINE
8
BLACK
6
CONTINUOUS
10
6.043324094488189
20
-5.5710242913385821
11
6.0407417322834647
21
-5.5699546456692914
0
LINE
8
BLACK
6
CONTINUOUS
10
6.0407417322834647
20
-5.5699546456692914
11
6.0391475590551176
21
-5.5676587007874012
0
LINE
8
BLACK
6
CONTINUOUS
10
6.0391475590551176
20
-5.5676587007874012
11
6.0388937007874013
21
-5.566092086614173
0
LINE
8
BLACK
6
CONTINUOUS
10
6.0388937007874013
20
-5.566092086614173
11
6.0388937007874013
21
-5.4628195275590548
0
LINE
8
BLACK
6
CONTINUOUS
10
6.0388937007874013
20
-5.4628195275590548
11
6.0395583070866143
21
-5.4603392125984254
0
LINE
8
BLACK
6
CONTINUOUS
10
6.0395583070866143
20
-5.4603392125984254
11
6.0407065748031492
21
-5.4583503543307081
0
LINE
8
BLACK
6
CONTINUOUS
10
6.0407065748031492
20
-5.4583503543307081
11
6.0428553937007869
21
-5.4546285039370082
0
LINE
8
BLACK
6
CONTINUOUS
10
6.0428553937007869
20
-5.4546285039370082
11
6.0451788188976376
21
-5.4474777952755904
0
LINE
8
BLACK
6
CONTINUOUS
10
6.0451788188976376
20
-5.4474777952755904
11
6.0459647244094485
21
-5.4400003149606295
0
LINE
8
BLACK
6
CONTINUOUS
10
6.0459647244094485
20
-5.4400003149606295
11
6.0451788188976376
21
-5.4325228346456695
0
LINE
8
BLACK
6
CONTINUOUS
10
6.0451788188976376
20
-5.4325228346456695
11
6.0428553937007869
21
-5.4253721259842518
0
LINE
8
BLACK
6
CONTINUOUS
10
6.0428553937007869
20
-5.4253721259842518
11
6.039096062992126
21
-5.4188607874015746
0
LINE
8
BLACK
6
CONTINUOUS
10
6.039096062992126
20
-5.4188607874015746
11
6.0390959842519685
21
-5.4188607086614171
0
LINE
8
BLACK
6
CONTINUOUS
10
6.0390959842519685
20
-5.4188607086614171
11
6.0390958267716535
21
-5.4188604724409446
0
LINE
8
BLACK
6
CONTINUOUS
10
6.0390958267716535
20
-5.4188604724409446
11
6.034065157480315
21
-5.4132733464566929
0
LINE
8
BLACK
6
CONTINUOUS
10
6.034065157480315
20
-5.4132733464566929
11
6.0279823622047246
21
-5.4088539370078736
0
LINE
8
BLACK
6
CONTINUOUS
10
6.0279823622047246
20
-5.4088539370078736
11
6.0211137007874012
21
-5.4057958267716533
0
LINE
8
BLACK
6
CONTINUOUS
10
6.0211137007874012
20
-5.4057958267716533
11
6.0137593307086616
21
-5.4042325984251969
0
LINE
8
BLACK
6
CONTINUOUS
10
6.0137593307086616
20
-5.4042325984251969
11
6.0062406692913388
21
-5.4042325984251969
0
LINE
8
BLACK
6
CONTINUOUS
10
6.0062406692913388
20
-5.4042325984251969
11
5.9988862598425197
21
-5.4057958267716533
0
LINE
8
BLACK
6
CONTINUOUS
10
5.9988862598425197
20
-5.4057958267716533
11
5.9920175984251971
21
-5.4088539370078736
0
LINE
8
BLACK
6
CONTINUOUS
10
5.9920175984251971
20
-5.4088539370078736
11
5.9859348031496058
21
-5.4132733464566929
0
LINE
8
BLACK
6
CONTINUOUS
10
5.9859348031496058
20
-5.4132733464566929
11
5.9809041338582674
21
-5.4188604724409446
0
LINE
8
BLACK
6
CONTINUOUS
10
5.9809041338582674
20
-5.4188604724409446
11
5.9809038582677161
21
-5.4188608661417321
0
LINE
8
BLACK
6
CONTINUOUS
10
5.9809038582677161
20
-5.4188608661417321
11
5.9771447244094489
21
-5.4253718897637793
0
LINE
8
BLACK
6
CONTINUOUS
10
5.9771447244094489
20
-5.4253718897637793
11
5.9771446062992126
21
-5.4253721653543305
0
LINE
8
BLACK
6
CONTINUOUS
10
5.9771446062992126
20
-5.4253721653543305
11
5.9748211417322832
21
-5.4325228346456695
0
LINE
8
BLACK
6
CONTINUOUS
10
5.9748211417322832
20
-5.4325228346456695
11
5.974035275590551
21
-5.4400003149606295
0
LINE
8
BLACK
6
CONTINUOUS
10
5.974035275590551
20
-5.4400003149606295
11
5.9748211417322832
21
-5.4474777559055116
0
LINE
8
BLACK
6
CONTINUOUS
10
5.9748211417322832
20
-5.4474777559055116
11
5.9754951181102358
21
-5.4495519291338583
0
LINE
8
BLACK
6
CONTINUOUS
10
5.9754951181102358
20
-5.4495519291338583
11
5.9771446062992126
21
-5.4546285039370082
0
LINE
8
BLACK
6
CONTINUOUS
10
5.9771446062992126
20
-5.4546285039370082
11
5.9771447244094489
21
-5.454628700787401
0
LINE
8
BLACK
6
CONTINUOUS
10
5.9771447244094489
20
-5.454628700787401
11
5.9809038582677161
21
-5.4611397637795278
0
LINE
8
BLACK
6
CONTINUOUS
10
5.9809038582677161
20
-5.4611397637795278
11
5.9809039370078736
21
-5.4611398425196853
0
LINE
8
BLACK
6
CONTINUOUS
10
5.9809039370078736
20
-5.4611398425196853
11
5.9813637007874014
21
-5.4616504724409447
0
LINE
8
BLACK
6
CONTINUOUS
10
5.9813637007874014
20
-5.4616504724409447
11
5.9818321259842522
21
-5.4621706692913383
0
LINE
8
BLACK
6
CONTINUOUS
10
5.9818321259842522
20
-5.4621706692913383
11
5.9830414566929129
21
-5.4646906299212601
0
LINE
8
BLACK
6
CONTINUOUS
10
5.9830414566929129
20
-5.4646906299212601
11
5.9831062992125981
21
-5.46549
0
LINE
8
BLACK
6
CONTINUOUS
10
5.9831062992125981
20
-5.46549
11
5.9831062992125981
21
-5.566092086614173
0
LINE
8
BLACK
6
CONTINUOUS
10
5.9831062992125981
20
-5.566092086614173
11
5.9823188188976379
21
-5.5687740157480317
0
LINE
8
BLACK
6
CONTINUOUS
10
5.9823188188976379
20
-5.5687740157480317
11
5.9802063779527561
21
-5.5706044488188979
0
LINE
8
BLACK
6
CONTINUOUS
10
5.9802063779527561
20
-5.5706044488188979
11
5.9786759055118113
21
-5.5710242913385821
0
LINE
8
BLACK
6
CONTINUOUS
10
5.9786759055118113
20
-5.5710242913385821
11
5.9767009055118105
21
-5.5712365748031498
0
LINE
8
BLACK
6
CONTINUOUS
10
5.9767009055118105
20
-5.5712365748031498
11
5.9767005905511805
21
-5.5712366535433073
0
LINE
8
BLACK
6
CONTINUOUS
10
5.9767005905511805
20
-5.5712366535433073
11
5.9713069685039368
21
-5.5732484251968506
0
LINE
8
BLACK
6
CONTINUOUS
10
5.9713069685039368
20
-5.5732484251968506
11
5.9713067716535431
21
-5.5732485039370081
0
LINE
8
BLACK
6
CONTINUOUS
10
5.9713067716535431
20
-5.5732485039370081
11
5.9666983464566927
21
-5.5766983858267718
0
LINE
8
BLACK
6
CONTINUOUS
10
5.9666983464566927
20
-5.5766983858267718
11
5.964971141732283
21
-5.5790056299212596
0
LINE
8
BLACK
6
CONTINUOUS
10
5.964971141732283
20
-5.5790056299212596
11
5.9627335039370077
21
-5.5806806692913389
0
LINE
8
BLACK
6
CONTINUOUS
10
5.9627335039370077
20
-5.5806806692913389
11
5.9599455118110232
21
-5.5808800393700784
0
LINE
8
BLACK
6
CONTINUOUS
10
5.9599455118110232
20
-5.5808800393700784
11
5.9574922834645667
21
-5.5795404724409448
0
LINE
8
BLACK
6
CONTINUOUS
10
5.9574922834645667
20
-5.5795404724409448
11
5.9570288582677167
21
-5.5790056299212596
0
LINE
8
BLACK
6
CONTINUOUS
10
5.9570288582677167
20
-5.5790056299212596
11
5.9553016141732282
21
-5.5766983858267718
0
LINE
8
BLACK
6
CONTINUOUS
10
5.9553016141732282
20
-5.5766983858267718
11
5.9506931889763779
21
-5.5732485039370081
0
LINE
8
BLACK
6
CONTINUOUS
10
5.9506931889763779
20
-5.5732485039370081
11
5.9506929921259841
21
-5.5732484251968506
0
LINE
8
BLACK
6
CONTINUOUS
10
5.9506929921259841
20
-5.5732484251968506
11
5.9452993700787404
21
-5.5712366535433073
0
LINE
8
BLACK
6
CONTINUOUS
10
5.9452993700787404
20
-5.5712366535433073
11
5.9452990551181104
21
-5.5712365748031498
0
LINE
8
BLACK
6
CONTINUOUS
10
5.9452990551181104
20
-5.5712365748031498
11
5.9429153149606302
21
-5.5709803149606296
0
LINE
8
BLACK
6
CONTINUOUS
10
5.9429153149606302
20
-5.5709803149606296
11
5.9429148818897639
21
-5.5709803149606296
0
LINE
8
BLACK
6
CONTINUOUS
10
5.9429148818897639
20
-5.5709803149606296
11
5.8902309448818899
21
-5.5709803149606296
0
LINE
8
BLACK
6
CONTINUOUS
10
5.8902309448818899
20
-5.5709803149606296
11
5.8875490157480312
21
-5.5701928346456695
0
LINE
8
BLACK
6
CONTINUOUS
10
5.8875490157480312
20
-5.5701928346456695
11
5.885718582677165
21
-5.5680803937007877
0
LINE
8
BLACK
6
CONTINUOUS
10
5.885718582677165
20
-5.5680803937007877
11
5.8852703149606294
21
-5.5660196850393699
0
LINE
8
BLACK
6
CONTINUOUS
10
5.8852703149606294
20
-5.5660196850393699
11
5.8852703149606294
21
-5.5462059842519684
0
LINE
8
BLACK
6
CONTINUOUS
10
5.8852703149606294
20
-5.5462059842519684
11
5.8855925984251964
21
-5.5444470866141735
0
LINE
8
BLACK
6
CONTINUOUS
10
5.8855925984251964
20
-5.5444470866141735
11
5.8857290944881893
21
-5.5440871259842517
0
LINE
8
BLACK
6
CONTINUOUS
10
5.8857290944881893
20
-5.5440871259842517
11
5.8858436220472443
21
-5.5438106692913385
0
LINE
8
BLACK
6
CONTINUOUS
10
5.8858436220472443
20
-5.5438106692913385
11
5.8862085433070863
21
-5.5429998818897639
0
LINE
8
BLACK
6
CONTINUOUS
10
5.8862085433070863
20
-5.5429998818897639
11
5.8868263385826767
21
-5.5416272834645666
0
LINE
8
BLACK
6
CONTINUOUS
10
5.8868263385826767
20
-5.5416272834645666
11
5.8868987007874019
21
-5.5412321653543302
0
LINE
8
BLACK
6
CONTINUOUS
10
5.8868987007874019
20
-5.5412321653543302
11
5.8871396456692908
21
-5.5403678740157476
0
LINE
8
BLACK
6
CONTINUOUS
10
5.8871396456692908
20
-5.5403678740157476
11
5.8872820866141735
21
-5.5399923228346459
0
LINE
8
BLACK
6
CONTINUOUS
10
5.8872820866141735
20
-5.5399923228346459
11
5.8875708267716531
21
-5.5376141732283459
0
LINE
8
BLACK
6
CONTINUOUS
10
5.8875708267716531
20
-5.5376141732283459
11
5.8876154330708657
21
-5.5373210236220469
0
LINE
8
BLACK
6
CONTINUOUS
10
5.8876154330708657
20
-5.5373210236220469
11
5.8880473228346455
21
-5.5349644094488184
0
LINE
8
BLACK
6
CONTINUOUS
10
5.8880473228346455
20
-5.5349644094488184
11
5.8879027559055119
21
-5.5325742913385829
0
LINE
8
BLACK
6
CONTINUOUS
10
5.8879027559055119
20
-5.5325742913385829
11
5.8878937007874015
21
-5.5322748031496065
0
LINE
8
BLACK
6
CONTINUOUS
10
5.8878937007874015
20
-5.5322748031496065
11
5.8878937007874015
21
-5.4975216535433074
0
LINE
8
BLACK
6
CONTINUOUS
10
5.8878937007874015
20
-5.4975216535433074
11
5.8885582677165349
21
-5.4950413779527558
0
LINE
8
BLACK
6
CONTINUOUS
10
5.8885582677165349
20
-5.4950413779527558
11
5.8909452362204719
21
-5.4909070866141727
0
LINE
8
BLACK
6
CONTINUOUS
10
5.8909452362204719
20
-5.4909070866141727
11
5.8932686614173226
21
-5.4837563779527558
0
LINE
8
BLACK
6
CONTINUOUS
10
5.8932686614173226
20
-5.4837563779527558
11
5.8940545669291335
21
-5.476278897637795
0
LINE
8
BLACK
6
CONTINUOUS
10
5.8940545669291335
20
-5.476278897637795
11
5.8932686614173226
21
-5.4688014173228341
0
LINE
8
BLACK
6
CONTINUOUS
10
5.8932686614173226
20
-5.4688014173228341
11
5.8909452362204719
21
-5.4616507086614172
0
LINE
8
BLACK
6
CONTINUOUS
10
5.8909452362204719
20
-5.4616507086614172
11
5.887185905511811
21
-5.4551393700787401
0
LINE
8
BLACK
6
CONTINUOUS
10
5.887185905511811
20
-5.4551393700787401
11
5.8871858267716535
21
-5.4551392913385826
0
LINE
8
BLACK
6
CONTINUOUS
10
5.8871858267716535
20
-5.4551392913385826
11
5.8871856692913385
21
-5.45513905511811
0
LINE
8
BLACK
6
CONTINUOUS
10
5.8871856692913385
20
-5.45513905511811
11
5.882155
21
-5.4495519291338583
0
LINE
8
BLACK
6
CONTINUOUS
10
5.882155
20
-5.4495519291338583
11
5.8760722047244096
21
-5.4451325196850391
0
LINE
8
BLACK
6
CONTINUOUS
10
5.8760722047244096
20
-5.4451325196850391
11
5.8692035433070862
21
-5.4420744094488187
0
LINE
8
BLACK
6
CONTINUOUS
10
5.8692035433070862
20
-5.4420744094488187
11
5.8618491732283466
21
-5.4405111811023623
0
LINE
8
BLACK
6
CONTINUOUS
10
5.8618491732283466
20
-5.4405111811023623
11
5.8543305118110238
21
-5.4405111811023623
0
LINE
8
BLACK
6
CONTINUOUS
10
5.8543305118110238
20
-5.4405111811023623
11
5.8469761023622047
21
-5.4420744094488187
0
LINE
8
BLACK
6
CONTINUOUS
10
5.8469761023622047
20
-5.4420744094488187
11
5.8401074409448821
21
-5.4451325196850391
0
LINE
8
BLACK
6
CONTINUOUS
10
5.8401074409448821
20
-5.4451325196850391
11
5.8340246456692908
21
-5.4495519291338583
0
LINE
8
BLACK
6
CONTINUOUS
10
5.8340246456692908
20
-5.4495519291338583
11
5.8289939763779524
21
-5.45513905511811
0
LINE
8
BLACK
6
CONTINUOUS
10
5.8289939763779524
20
-5.45513905511811
11
5.8289937007874011
21
-5.4551394488188976
0
LINE
8
BLACK
6
CONTINUOUS
10
5.8289937007874011
20
-5.4551394488188976
11
5.8252345669291339
21
-5.4616504724409447
0
LINE
8
BLACK
6
CONTINUOUS
10
5.8252345669291339
20
-5.4616504724409447
11
5.8252344488188976
21
-5.461650748031496
0
LINE
8
BLACK
6
CONTINUOUS
10
5.8252344488188976
20
-5.461650748031496
11
5.8229109842519682
21
-5.4688014173228341
0
LINE
8
BLACK
6
CONTINUOUS
10
5.8229109842519682
20
-5.4688014173228341
11
5.8228070866141728
21
-5.4697901968503935
0
LINE
8
BLACK
6
CONTINUOUS
10
5.8228070866141728
20
-5.4697901968503935
11
5.8217435826771649
21
-5.4723751181102358
0
LINE
8
BLACK
6
CONTINUOUS
10
5.8217435826771649
20
-5.4723751181102358
11
5.8194513779527561
21
-5.4739746850393702
0
LINE
8
BLACK
6
CONTINUOUS
10
5.8194513779527561
20
-5.4739746850393702
11
5.8178736220472436
21
-5.4742322834645671
0
LINE
8
BLACK
6
CONTINUOUS
10
5.8178736220472436
20
-5.4742322834645671
11
5.8168701968503935
21
-5.4742322834645671
0
LINE
8
BLACK
6
CONTINUOUS
10
5.8168701968503935
20
-5.4742322834645671
11
5.8095157874015744
21
-5.4757955118110235
0
LINE
8
BLACK
6
CONTINUOUS
10
5.8095157874015744
20
-5.4757955118110235
11
5.8026471653543306
21
-5.4788536220472439
0
LINE
8
BLACK
6
CONTINUOUS
10
5.8026471653543306
20
-5.4788536220472439
11
5.7981322834645672
21
-5.4821338582677166
0
LINE
8
BLACK
6
CONTINUOUS
10
5.7981322834645672
20
-5.4821338582677166
11
5.7954997244094484
21
-5.483073149606299
0
LINE
8
BLACK
6
CONTINUOUS
10
5.7954997244094484
20
-5.483073149606299
11
5.792777204724409
21
-5.4824400393700783
0
LINE
8
BLACK
6
CONTINUOUS
10
5.792777204724409
20
-5.4824400393700783
11
5.7908291732283459
21
-5.4804355511811025
0
LINE
8
BLACK
6
CONTINUOUS
10
5.7908291732283459
20
-5.4804355511811025
11
5.7902559055118106
21
-5.4781205905511809
0
LINE
8
BLACK
6
CONTINUOUS
10
5.7902559055118106
20
-5.4781205905511809
11
5.7902559055118106
21
-5.4545375196850392
0
LINE
8
BLACK
6
CONTINUOUS
10
5.7902559055118106
20
-5.4545375196850392
11
5.7909972834645664
21
-5.4520125590551176
0
LINE
8
BLACK
6
CONTINUOUS
10
5.7909972834645664
20
-5.4520125590551176
11
5.7909660629921262
21
-5.4519945275590551
0
LINE
8
BLACK
6
CONTINUOUS
10
5.7909660629921262
20
-5.4519945275590551
11
5.7910403543307085
21
-5.451865748031496
0
LINE
8
BLACK
6
CONTINUOUS
10
5.7910403543307085
20
-5.451865748031496
11
5.7910433858267716
21
-5.4518555905511814
0
LINE
8
BLACK
6
CONTINUOUS
10
5.7910433858267716
20
-5.4518555905511814
11
5.7910619291338579
21
-5.4518284251968501
0
LINE
8
BLACK
6
CONTINUOUS
10
5.7910619291338579
20
-5.4518284251968501
11
5.7910959448818895
21
-5.451769488188976
0
LINE
8
BLACK
6
CONTINUOUS
10
5.7910959448818895
20
-5.451769488188976
11
5.7910960629921258
21
-5.4517693700787397
0
LINE
8
BLACK
6
CONTINUOUS
10
5.7910960629921258
20
-5.4517693700787397
11
5.7948553937007876
21
-5.4452580314960626
0
LINE
8
BLACK
6
CONTINUOUS
10
5.7948553937007876
20
-5.4452580314960626
11
5.7971788188976374
21
-5.4381073228346457
0
LINE
8
BLACK
6
CONTINUOUS
10
5.7971788188976374
20
-5.4381073228346457
11
5.7979647244094483
21
-5.4306298425196848
0
LINE
8
BLACK
6
CONTINUOUS
10
5.7979647244094483
20
-5.4306298425196848
11
5.7971788188976374
21
-5.423152362204724
0
LINE
8
BLACK
6
CONTINUOUS
10
5.7971788188976374
20
-5.423152362204724
11
5.7948553937007876
21
-5.4160016535433071
0
LINE
8
BLACK
6
CONTINUOUS
10
5.7948553937007876
20
-5.4160016535433071
11
5.7910960629921258
21
-5.4094903149606299
0
LINE
8
BLACK
6
CONTINUOUS
10
5.7910960629921258
20
-5.4094903149606299
11
5.791095866141732
21
-5.4094900787401574
0
LINE
8
BLACK
6
CONTINUOUS
10
5.791095866141732
20
-5.4094900787401574
11
5.7910958267716532
21
-5.4094899999999999
0
LINE
8
BLACK
6
CONTINUOUS
10
5.7910958267716532
20
-5.4094899999999999
11
5.7860651574803148
21
-5.4039028740157482
0
LINE
8
BLACK
6
CONTINUOUS
10
5.7860651574803148
20
-5.4039028740157482
11
5.7799823622047244
21
-5.399483464566929
0
LINE
8
BLACK
6
CONTINUOUS
10
5.7799823622047244
20
-5.399483464566929
11
5.7731137007874018
21
-5.3964253543307086
0
LINE
8
BLACK
6
CONTINUOUS
10
5.7731137007874018
20
-5.3964253543307086
11
5.7657593307086614
21
-5.3948621259842522
0
LINE
8
BLACK
6
CONTINUOUS
10
5.7657593307086614
20
-5.3948621259842522
11
5.7582406692913386
21
-5.3948621259842522
0
LINE
8
BLACK
6
CONTINUOUS
10
5.7582406692913386
20
-5.3948621259842522
11
5.7508862598425194
21
-5.3964253543307086
0
LINE
8
BLACK
6
CONTINUOUS
10
5.7508862598425194
20
-5.3964253543307086
11
5.7440175984251969
21
-5.399483464566929
0
LINE
8
BLACK
6
CONTINUOUS
10
5.7440175984251969
20
-5.399483464566929
11
5.7379348031496065
21
-5.4039028740157482
0
LINE
8
BLACK
6
CONTINUOUS
10
5.7379348031496065
20
-5.4039028740157482
11
5.732904133858268
21
-5.4094899999999999
0
LINE
8
BLACK
6
CONTINUOUS
10
5.732904133858268
20
-5.4094899999999999
11
5.7329038582677168
21
-5.4094903937007874
0
LINE
8
BLACK
6
CONTINUOUS
10
5.7329038582677168
20
-5.4094903937007874
11
5.7291447244094487
21
-5.4160014173228346
0
LINE
8
BLACK
6
CONTINUOUS
10
5.7291447244094487
20
-5.4160014173228346
11
5.7291446062992124
21
-5.4160016929133858
0
LINE
8
BLACK
6
CONTINUOUS
10
5.7291446062992124
20
-5.4160016929133858
11
5.726821141732283
21
-5.423152362204724
0
LINE
8
BLACK
6
CONTINUOUS
10
5.726821141732283
20
-5.423152362204724
11
5.7260352755905508
21
-5.4306298425196848
0
LINE
8
BLACK
6
CONTINUOUS
10
5.7260352755905508
20
-5.4306298425196848
11
5.726821141732283
21
-5.438107283464567
0
LINE
8
BLACK
6
CONTINUOUS
10
5.726821141732283
20
-5.438107283464567
11
5.7276022440944878
21
-5.4405111811023623
0
LINE
8
BLACK
6
CONTINUOUS
10
5.7276022440944878
20
-5.4405111811023623
11
5.7291446062992124
21
-5.4452580314960626
0
LINE
8
BLACK
6
CONTINUOUS
10
5.7291446062992124
20
-5.4452580314960626
11
5.7291447244094487
21
-5.4452582283464563
0
LINE
8
BLACK
6
CONTINUOUS
10
5.7291447244094487
20
-5.4452582283464563
11
5.7329038582677168
21
-5.4517692913385822
0
LINE
8
BLACK
6
CONTINUOUS
10
5.7329038582677168
20
-5.4517692913385822
11
5.7329040944881893
21
-5.4517695669291335
0
LINE
8
BLACK
6
CONTINUOUS
10
5.7329040944881893
20
-5.4517695669291335
11
5.733194251968504
21
-5.4520918110236218
0
LINE
8
BLACK
6
CONTINUOUS
10
5.733194251968504
20
-5.4520918110236218
11
5.7344036614173231
21
-5.4546117322834649
0
LINE
8
BLACK
6
CONTINUOUS
10
5.7344036614173231
20
-5.4546117322834649
11
5.7344685039370074
21
-5.4554111811023622
0
LINE
8
BLACK
6
CONTINUOUS
10
5.7344685039370074
20
-5.4554111811023622
11
5.7344685039370074
21
-5.563801535433071
0
LINE
8
BLACK
6
CONTINUOUS
10
5.7344685039370074
20
-5.563801535433071
11
5.7336810236220472
21
-5.5664834645669288
0
LINE
8
BLACK
6
CONTINUOUS
10
5.7336810236220472
20
-5.5664834645669288
11
5.7315685826771654
21
-5.5683138976377951
0
LINE
8
BLACK
6
CONTINUOUS
10
5.7315685826771654
20
-5.5683138976377951
11
5.7300381102362206
21
-5.5687337401574801
0
LINE
8
BLACK
6
CONTINUOUS
10
5.7300381102362206
20
-5.5687337401574801
11
5.7280631102362207
21
-5.5689460236220469
0
LINE
8
BLACK
6
CONTINUOUS
10
5.7280631102362207
20
-5.5689460236220469
11
5.7280627952755907
21
-5.5689461023622044
0
LINE
8
BLACK
6
CONTINUOUS
10
5.7280627952755907
20
-5.5689461023622044
11
5.7226691732283461
21
-5.5709578740157477
0
LINE
8
BLACK
6
CONTINUOUS
10
5.7226691732283461
20
-5.5709578740157477
11
5.7226689763779524
21
-5.5709579527559052
0
LINE
8
BLACK
6
CONTINUOUS
10
5.7226689763779524
20
-5.5709579527559052
11
5.718060551181102
21
-5.5744078346456689
0
LINE
8
BLACK
6
CONTINUOUS
10
5.718060551181102
20
-5.5744078346456689
11
5.7163333464566932
21
-5.5767150787401576
0
LINE
8
BLACK
6
CONTINUOUS
10
5.7163333464566932
20
-5.5767150787401576
11
5.714095708661417
21
-5.578390118110236
0
LINE
8
BLACK
6
CONTINUOUS
10
5.714095708661417
20
-5.578390118110236
11
5.7113077165354333
21
-5.5785894881889764
0
LINE
8
BLACK
6
CONTINUOUS
10
5.7113077165354333
20
-5.5785894881889764
11
5.708854488188976
21
-5.5772499212598428
0
LINE
8
BLACK
6
CONTINUOUS
10
5.708854488188976
20
-5.5772499212598428
11
5.708391062992126
21
-5.5767150787401576
0
LINE
8
BLACK
6
CONTINUOUS
10
5.708391062992126
20
-5.5767150787401576
11
5.7066638188976375
21
-5.5744078346456689
0
LINE
8
BLACK
6
CONTINUOUS
10
5.7066638188976375
20
-5.5744078346456689
11
5.7020553937007872
21
-5.5709579527559052
0
LINE
8
BLACK
6
CONTINUOUS
10
5.7020553937007872
20
-5.5709579527559052
11
5.7020551968503934
21
-5.5709578740157477
0
LINE
8
BLACK
6
CONTINUOUS
10
5.7020551968503934
20
-5.5709578740157477
11
5.6966615748031497
21
-5.5689461023622044
0
LINE
8
BLACK
6
CONTINUOUS
10
5.6966615748031497
20
-5.5689461023622044
11
5.6966612598425197
21
-5.5689460236220469
0
LINE
8
BLACK
6
CONTINUOUS
10
5.6966612598425197
20
-5.5689460236220469
11
5.6942775196850395
21
-5.5686897637795276
0
LINE
8
BLACK
6
CONTINUOUS
10
5.6942775196850395
20
-5.5686897637795276
11
5.6942770866141732
21
-5.5686897637795276
0
LINE
8
BLACK
6
CONTINUOUS
10
5.6942770866141732
20
-5.5686897637795276
11
5.6378543307086613
21
-5.5686897637795276
0
LINE
8
BLACK
6
CONTINUOUS
10
5.6378543307086613
20
-5.5686897637795276
11
5.6351724015748026
21
-5.5679022834645666
0
LINE
8
BLACK
6
CONTINUOUS
10
5.6351724015748026
20
-5.5679022834645666
11
5.6333419685039372
21
-5.5657898425196848
0
LINE
8
BLACK
6
CONTINUOUS
10
5.6333419685039372
20
-5.5657898425196848
11
5.6328937007874016
21
-5.563729133858268
0
LINE
8
BLACK
6
CONTINUOUS
10
5.6328937007874016
20
-5.563729133858268
11
5.6328937007874016
21
-5.4943794094488192
0
LINE
8
BLACK
6
CONTINUOUS
10
5.6328937007874016
20
-5.4943794094488192
11
5.6336811811023617
21
-5.4916974803149605
0
LINE
8
BLACK
6
CONTINUOUS
10
5.6336811811023617
20
-5.4916974803149605
11
5.6339451968503935
21
-5.4913516929133861
0
LINE
8
BLACK
6
CONTINUOUS
10
5.6339451968503935
20
-5.4913516929133861
11
5.633943188976378
21
-5.4913502362204722
0
LINE
8
BLACK
6
CONTINUOUS
10
5.633943188976378
20
-5.4913502362204722
11
5.6340957874015745
21
-5.4911400787401572
0
LINE
8
BLACK
6
CONTINUOUS
10
5.6340957874015745
20
-5.4911400787401572
11
5.6340960629921257
21
-5.4911398425196847
0
LINE
8
BLACK
6
CONTINUOUS
10
5.6340960629921257
20
-5.4911398425196847
11
5.6378553937007876
21
-5.4846285039370075
0
LINE
8
BLACK
6
CONTINUOUS
10
5.6378553937007876
20
-5.4846285039370075
11
5.6401788188976374
21
-5.4774777952755906
0
LINE
8
BLACK
6
CONTINUOUS
10
5.6401788188976374
20
-5.4774777952755906
11
5.6409647244094483
21
-5.4700003149606298
0
LINE
8
BLACK
6
CONTINUOUS
10
5.6409647244094483
20
-5.4700003149606298
11
5.6401788188976374
21
-5.4625228346456689
0
LINE
8
BLACK
6
CONTINUOUS
10
5.6401788188976374
20
-5.4625228346456689
11
5.6378553937007876
21
-5.455372125984252
0
LINE
8
BLACK
6
CONTINUOUS
10
5.6378553937007876
20
-5.455372125984252
11
5.6340960629921257
21
-5.4488607874015749
0
LINE
8
BLACK
6
CONTINUOUS
10
5.6340960629921257
20
-5.4488607874015749
11
5.634095866141732
21
-5.4488605511811024
0
LINE
8
BLACK
6
CONTINUOUS
10
5.634095866141732
20
-5.4488605511811024
11
5.6340958267716532
21
-5.4488604724409448
0
LINE
8
BLACK
6
CONTINUOUS
10
5.6340958267716532
20
-5.4488604724409448
11
5.6290651574803148
21
-5.4432733464566931
0
LINE
8
BLACK
6
CONTINUOUS
10
5.6290651574803148
20
-5.4432733464566931
11
5.6229823622047244
21
-5.4388539370078739
0
LINE
8
BLACK
6
CONTINUOUS
10
5.6229823622047244
20
-5.4388539370078739
11
5.6161137007874018
21
-5.4357958267716535
0
LINE
8
BLACK
6
CONTINUOUS
10
5.6161137007874018
20
-5.4357958267716535
11
5.6087593307086614
21
-5.4342325984251971
0
LINE
8
BLACK
6
CONTINUOUS
10
5.6087593307086614
20
-5.4342325984251971
11
5.6012406692913386
21
-5.4342325984251971
0
LINE
8
BLACK
6
CONTINUOUS
10
5.6012406692913386
20
-5.4342325984251971
11
5.5938862598425194
21
-5.4357958267716535
0
LINE
8
BLACK
6
CONTINUOUS
10
5.5938862598425194
20
-5.4357958267716535
11
5.5870175984251969
21
-5.4388539370078739
0
LINE
8
BLACK
6
CONTINUOUS
10
5.5870175984251969
20
-5.4388539370078739
11
5.5809348031496064
21
-5.4432733464566931
0
LINE
8
BLACK
6
CONTINUOUS
10
5.5809348031496064
20
-5.4432733464566931
11
5.575904133858268
21
-5.4488604724409448
0
LINE
8
BLACK
6
CONTINUOUS
10
5.575904133858268
20
-5.4488604724409448
11
5.5759038582677167
21
-5.4488608661417324
0
LINE
8
BLACK
6
CONTINUOUS
10
5.5759038582677167
20
-5.4488608661417324
11
5.5721447244094486
21
-5.4553718897637795
0
LINE
8
BLACK
6
CONTINUOUS
10
5.5721447244094486
20
-5.4553718897637795
11
5.5721446062992124
21
-5.4553721653543308
0
LINE
8
BLACK
6
CONTINUOUS
10
5.5721446062992124
20
-5.4553721653543308
11
5.5698211417322829
21
-5.4625228346456689
0
LINE
8
BLACK
6
CONTINUOUS
10
5.5698211417322829
20
-5.4625228346456689
11
5.5690573622047239
21
-5.4697901574803147
0
LINE
8
BLACK
6
CONTINUOUS
10
5.5690573622047239
20
-5.4697901574803147
11
5.567993858267716
21
-5.4723750787401571
0
LINE
8
BLACK
6
CONTINUOUS
10
5.567993858267716
20
-5.4723750787401571
11
5.5657016535433073
21
-5.4739746850393702
0
LINE
8
BLACK
6
CONTINUOUS
10
5.5657016535433073
20
-5.4739746850393702
11
5.5641238976377956
21
-5.4742322834645671
0
LINE
8
BLACK
6
CONTINUOUS
10
5.5641238976377956
20
-5.4742322834645671
11
5.5612406692913385
21
-5.4742322834645671
0
LINE
8
BLACK
6
CONTINUOUS
10
5.5612406692913385
20
-5.4742322834645671
11
5.5538862598425194
21
-5.4757955118110235
0
LINE
8
BLACK
6
CONTINUOUS
10
5.5538862598425194
20
-5.4757955118110235
11
5.5472342125984246
21
-5.4787572047244097
0
LINE
8
BLACK
6
CONTINUOUS
10
5.5472342125984246
20
-5.4787572047244097
11
5.5444638582677168
21
-5.4791286220472442
0
LINE
8
BLACK
6
CONTINUOUS
10
5.5444638582677168
20
-5.4791286220472442
11
5.5419324803149603
21
-5.4779433464566925
0
LINE
8
BLACK
6
CONTINUOUS
10
5.5419324803149603
20
-5.4779433464566925
11
5.54044374015748
21
-5.4755776377952756
0
LINE
8
BLACK
6
CONTINUOUS
10
5.54044374015748
20
-5.4755776377952756
11
5.5402559055118106
21
-5.474225433070866
0
LINE
8
BLACK
6
CONTINUOUS
10
5.5402559055118106
20
-5.474225433070866
11
5.5402559055118106
21
-5.4504597637795271
0
LINE
8
BLACK
6
CONTINUOUS
10
5.5402559055118106
20
-5.4504597637795271
11
5.5409205511811024
21
-5.447979409448819
0
LINE
8
BLACK
6
CONTINUOUS
10
5.5409205511811024
20
-5.447979409448819
11
5.5428552755905507
21
-5.4446283858267712
0
LINE
8
BLACK
6
CONTINUOUS
10
5.5428552755905507
20
-5.4446283858267712
11
5.5428552362204719
21
-5.4446283858267712
0
LINE
8
BLACK
6
CONTINUOUS
10
5.5428552362204719
20
-5.4446283858267712
11
5.5428553937007869
21
-5.4446281889763775
0
LINE
8
BLACK
6
CONTINUOUS
10
5.5428553937007869
20
-5.4446281889763775
11
5.5451788188976376
21
-5.4374774803149606
0
LINE
8
BLACK
6
CONTINUOUS
10
5.5451788188976376
20
-5.4374774803149606
11
5.5459647244094485
21
-5.4299999999999997
0
LINE
8
BLACK
6
CONTINUOUS
10
5.5459647244094485
20
-5.4299999999999997
11
5.5451788188976376
21
-5.4225225196850388
0
LINE
8
BLACK
6
CONTINUOUS
10
5.5451788188976376
20
-5.4225225196850388
11
5.5428553937007869
21
-5.415371811023622
0
LINE
8
BLACK
6
CONTINUOUS
10
5.5428553937007869
20
-5.415371811023622
11
5.539096062992126
21
-5.4088604724409448
0
LINE
8
BLACK
6
CONTINUOUS
10
5.539096062992126
20
-5.4088604724409448
11
5.5390959842519685
21
-5.4088603937007873
0
LINE
8
BLACK
6
CONTINUOUS
10
5.5390959842519685
20
-5.4088603937007873
11
5.5390958267716535
21
-5.4088601574803148
0
LINE
8
BLACK
6
CONTINUOUS
10
5.5390958267716535
20
-5.4088601574803148
11
5.534065157480315
21
-5.4032730314960631
0
LINE
8
BLACK
6
CONTINUOUS
10
5.534065157480315
20
-5.4032730314960631
11
5.5279823622047246
21
-5.3988536220472438
0
LINE
8
BLACK
6
CONTINUOUS
10
5.5279823622047246
20
-5.3988536220472438
11
5.5211137007874012
21
-5.3957955118110235
0
LINE
8
BLACK
6
CONTINUOUS
10
5.5211137007874012
20
-5.3957955118110235
11
5.5137593307086616
21
-5.3942322834645671
0
LINE
8
BLACK
6
CONTINUOUS
10
5.5137593307086616
20
-5.3942322834645671
11
5.5062406692913388
21
-5.3942322834645671
0
LINE
8
BLACK
6
CONTINUOUS
10
5.5062406692913388
20
-5.3942322834645671
11
5.4988862598425197
21
-5.3957955118110235
0
LINE
8
BLACK
6
CONTINUOUS
10
5.4988862598425197
20
-5.3957955118110235
11
5.4920175984251971
21
-5.3988536220472438
0
LINE
8
BLACK
6
CONTINUOUS
10
5.4920175984251971
20
-5.3988536220472438
11
5.4859348031496058
21
-5.4032730314960631
0
LINE
8
BLACK
6
CONTINUOUS
10
5.4859348031496058
20
-5.4032730314960631
11
5.4809041338582674
21
-5.4088601574803148
0
LINE
8
BLACK
6
CONTINUOUS
10
5.4809041338582674
20
-5.4088601574803148
11
5.4809038582677161
21
-5.4088605511811023
0
LINE
8
BLACK
6
CONTINUOUS
10
5.4809038582677161
20
-5.4088605511811023
11
5.4783561417322835
21
-5.4132733464566929
0
LINE
8
BLACK
6
CONTINUOUS
10
5.4783561417322835
20
-5.4132733464566929
11
5.4771446062992126
21
-5.415371811023622
0
LINE
8
BLACK
6
CONTINUOUS
10
5.4771446062992126
20
-5.415371811023622
11
5.4769400393700787
21
-5.4160013779527558
0
LINE
8
BLACK
6
CONTINUOUS
10
5.4769400393700787
20
-5.4160013779527558
11
5.4748211417322832
21
-5.4225225196850388
0
LINE
8
BLACK
6
CONTINUOUS
10
5.4748211417322832
20
-5.4225225196850388
11
5.474035275590551
21
-5.4299999999999997
0
LINE
8
BLACK
6
CONTINUOUS
10
5.474035275590551
20
-5.4299999999999997
11
5.4748211417322832
21
-5.4374774409448818
0
LINE
8
BLACK
6
CONTINUOUS
10
5.4748211417322832
20
-5.4374774409448818
11
5.4750258267716534
21
-5.4381073228346457
0
LINE
8
BLACK
6
CONTINUOUS
10
5.4750258267716534
20
-5.4381073228346457
11
5.4771446062992126
21
-5.4446281889763775
0
LINE
8
BLACK
6
CONTINUOUS
10
5.4771446062992126
20
-5.4446281889763775
11
5.4775083464566929
21
-5.4452582283464563
0
LINE
8
BLACK
6
CONTINUOUS
10
5.4775083464566929
20
-5.4452582283464563
11
5.4809039763779523
21
-5.4511396062992121
0
LINE
8
BLACK
6
CONTINUOUS
10
5.4809039763779523
20
-5.4511396062992121
11
5.4824920472440946
21
-5.4529032677165352
0
LINE
8
BLACK
6
CONTINUOUS
10
5.4824920472440946
20
-5.4529032677165352
11
5.4830355905511814
21
-5.4535069685039366
0
LINE
8
BLACK
6
CONTINUOUS
10
5.4830355905511814
20
-5.4535069685039366
11
5.4831942913385827
21
-5.4536831889763775
0
LINE
8
BLACK
6
CONTINUOUS
10
5.4831942913385827
20
-5.4536831889763775
11
5.4844036614173231
21
-5.456203188976378
0
LINE
8
BLACK
6
CONTINUOUS
10
5.4844036614173231
20
-5.456203188976378
11
5.4844685039370074
21
-5.4570025590551179
0
LINE
8
BLACK
6
CONTINUOUS
10
5.4844685039370074
20
-5.4570025590551179
11
5.4844685039370074
21
-5.563801535433071
0
LINE
8
BLACK
6
CONTINUOUS
10
5.4844685039370074
20
-5.563801535433071
11
5.4836810236220472
21
-5.5664834645669288
0
LINE
8
BLACK
6
CONTINUOUS
10
5.4836810236220472
20
-5.5664834645669288
11
5.4815685826771654
21
-5.5683138976377951
0
LINE
8
BLACK
6
CONTINUOUS
10
5.4815685826771654
20
-5.5683138976377951
11
5.4800381102362206
21
-5.5687337401574801
0
LINE
8
BLACK
6
CONTINUOUS
10
5.4800381102362206
20
-5.5687337401574801
11
5.4780631102362207
21
-5.5689460236220469
0
LINE
8
BLACK
6
CONTINUOUS
10
5.4780631102362207
20
-5.5689460236220469
11
5.4780627952755907
21
-5.5689461023622044
0
LINE
8
BLACK
6
CONTINUOUS
10
5.4780627952755907
20
-5.5689461023622044
11
5.4726691732283461
21
-5.5709578740157477
0
LINE
8
BLACK
6
CONTINUOUS
10
5.4726691732283461
20
-5.5709578740157477
11
5.4726689763779524
21
-5.5709579527559052
0
LINE
8
BLACK
6
CONTINUOUS
10
5.4726689763779524
20
-5.5709579527559052
11
5.468060551181102
21
-5.5744078346456689
0
LINE
8
BLACK
6
CONTINUOUS
10
5.468060551181102
20
-5.5744078346456689
11
5.4663333464566932
21
-5.5767150787401576
0
LINE
8
BLACK
6
CONTINUOUS
10
5.4663333464566932
20
-5.5767150787401576
11
5.464095708661417
21
-5.578390118110236
0
LINE
8
BLACK
6
CONTINUOUS
10
5.464095708661417
20
-5.578390118110236
11
5.4613077165354333
21
-5.5785894881889764
0
LINE
8
BLACK
6
CONTINUOUS
10
5.4613077165354333
20
-5.5785894881889764
11
5.458854488188976
21
-5.5772499212598428
0
LINE
8
BLACK
6
CONTINUOUS
10
5.458854488188976
20
-5.5772499212598428
11
5.458391062992126
21
-5.5767150787401576
0
LINE
8
BLACK
6
CONTINUOUS
10
5.458391062992126
20
-5.5767150787401576
11
5.4566638188976375
21
-5.5744078346456689
0
LINE
8
BLACK
6
CONTINUOUS
10
5.4566638188976375
20
-5.5744078346456689
11
5.4520553937007872
21
-5.5709579527559052
0
LINE
8
BLACK
6
CONTINUOUS
10
5.4520553937007872
20
-5.5709579527559052
11
5.4520551968503934
21
-5.5709578740157477
0
LINE
8
BLACK
6
CONTINUOUS
10
5.4520551968503934
20
-5.5709578740157477
11
5.4466615748031497
21
-5.5689461023622044
0
LINE
8
BLACK
6
CONTINUOUS
10
5.4466615748031497
20
-5.5689461023622044
11
5.4466612598425197
21
-5.5689460236220469
0
LINE
8
BLACK
6
CONTINUOUS
10
5.4466612598425197
20
-5.5689460236220469
11
5.4442775196850395
21
-5.5686897637795276
0
LINE
8
BLACK
6
CONTINUOUS
10
5.4442775196850395
20
-5.5686897637795276
11
5.4442770866141732
21
-5.5686897637795276
0
LINE
8
BLACK
6
CONTINUOUS
10
5.4442770866141732
20
-5.5686897637795276
11
5.3868543307086609
21
-5.5686897637795276
0
LINE
8
BLACK
6
CONTINUOUS
10
5.3868543307086609
20
-5.5686897637795276
11
5.3841724015748031
21
-5.5679022834645666
0
LINE
8
BLACK
6
CONTINUOUS
10
5.3841724015748031
20
-5.5679022834645666
11
5.3823419685039369
21
-5.5657898425196848
0
LINE
8
BLACK
6
CONTINUOUS
10
5.3823419685039369
20
-5.5657898425196848
11
5.3818937007874013
21
-5.563729133858268
0
LINE
8
BLACK
6
CONTINUOUS
10
5.3818937007874013
20
-5.563729133858268
11
5.3818937007874013
21
-5.5469253937007874
0
LINE
8
BLACK
6
CONTINUOUS
10
5.3818937007874013
20
-5.5469253937007874
11
5.3822160236220471
21
-5.5451664173228341
0
LINE
8
BLACK
6
CONTINUOUS
10
5.3822160236220471
20
-5.5451664173228341
11
5.3822820866141727
21
-5.5449922440944883
0
LINE
8
BLACK
6
CONTINUOUS
10
5.3822820866141727
20
-5.5449922440944883
11
5.3825708267716532
21
-5.5426141732283467
0
LINE
8
BLACK
6
CONTINUOUS
10
5.3825708267716532
20
-5.5426141732283467
11
5.3826154330708658
21
-5.5423209842519681
0
LINE
8
BLACK
6
CONTINUOUS
10
5.3826154330708658
20
-5.5423209842519681
11
5.3830473228346456
21
-5.5399643700787404
0
LINE
8
BLACK
6
CONTINUOUS
10
5.3830473228346456
20
-5.5399643700787404
11
5.382902755905512
21
-5.5375744881889766
0
LINE
8
BLACK
6
CONTINUOUS
10
5.382902755905512
20
-5.5375744881889766
11
5.3828937007874016
21
-5.5372749606299214
0
LINE
8
BLACK
6
CONTINUOUS
10
5.3828937007874016
20
-5.5372749606299214
11
5.3828937007874016
21
-5.4943790944881892
0
LINE
8
BLACK
6
CONTINUOUS
10
5.3828937007874016
20
-5.4943790944881892
11
5.3836811811023617
21
-5.4916971653543305
0
LINE
8
BLACK
6
CONTINUOUS
10
5.3836811811023617
20
-5.4916971653543305
11
5.3839451968503935
21
-5.4913513779527561
0
LINE
8
BLACK
6
CONTINUOUS
10
5.3839451968503935
20
-5.4913513779527561
11
5.383943188976378
21
-5.4913499212598422
0
LINE
8
BLACK
6
CONTINUOUS
10
5.383943188976378
20
-5.4913499212598422
11
5.384095866141732
21
-5.4911397244094484
0
LINE
8
BLACK
6
CONTINUOUS
10
5.384095866141732
20
-5.4911397244094484
11
5.3840960629921257
21
-5.4911395275590547
0
LINE
8
BLACK
6
CONTINUOUS
10
5.3840960629921257
20
-5.4911395275590547
11
5.3878553937007876
21
-5.4846281889763775
0
LINE
8
BLACK
6
CONTINUOUS
10
5.3878553937007876
20
-5.4846281889763775
11
5.3901788188976374
21
-5.4774774803149606
0
LINE
8
BLACK
6
CONTINUOUS
10
5.3901788188976374
20
-5.4774774803149606
11
5.3909647244094483
21
-5.4699999999999998
0
LINE
8
BLACK
6
CONTINUOUS
10
5.3909647244094483
20
-5.4699999999999998
11
5.3901788188976374
21
-5.4625225196850389
0
LINE
8
BLACK
6
CONTINUOUS
10
5.3901788188976374
20
-5.4625225196850389
11
5.3878553937007876
21
-5.455371811023622
0
LINE
8
BLACK
6
CONTINUOUS
10
5.3878553937007876
20
-5.455371811023622
11
5.3840960629921257
21
-5.4488604724409448
0
LINE
8
BLACK
6
CONTINUOUS
10
5.3840960629921257
20
-5.4488604724409448
11
5.3840959842519682
21
-5.4488603937007873
0
LINE
8
BLACK
6
CONTINUOUS
10
5.3840959842519682
20
-5.4488603937007873
11
5.3840958267716532
21
-5.4488601574803148
0
LINE
8
BLACK
6
CONTINUOUS
10
5.3840958267716532
20
-5.4488601574803148
11
5.3790651574803148
21
-5.4432730314960631
0
LINE
8
BLACK
6
CONTINUOUS
10
5.3790651574803148
20
-5.4432730314960631
11
5.3729823622047244
21
-5.4388536220472439
0
LINE
8
BLACK
6
CONTINUOUS
10
5.3729823622047244
20
-5.4388536220472439
11
5.3661137007874018
21
-5.4357955118110235
0
LINE
8
BLACK
6
CONTINUOUS
10
5.3661137007874018
20
-5.4357955118110235
11
5.3587593307086614
21
-5.4342322834645671
0
LINE
8
BLACK
6
CONTINUOUS
10
5.3587593307086614
20
-5.4342322834645671
11
5.3512406692913386
21
-5.4342322834645671
0
LINE
8
BLACK
6
CONTINUOUS
10
5.3512406692913386
20
-5.4342322834645671
11
5.3438862598425194
21
-5.4357955118110235
0
LINE
8
BLACK
6
CONTINUOUS
10
5.3438862598425194
20
-5.4357955118110235
11
5.3370175984251969
21
-5.4388536220472439
0
LINE
8
BLACK
6
CONTINUOUS
10
5.3370175984251969
20
-5.4388536220472439
11
5.3309348031496064
21
-5.4432730314960631
0
LINE
8
BLACK
6
CONTINUOUS
10
5.3309348031496064
20
-5.4432730314960631
11
5.325904133858268
21
-5.4488601574803148
0
LINE
8
BLACK
6
CONTINUOUS
10
5.325904133858268
20
-5.4488601574803148
11
5.3259038582677167
21
-5.4488605511811024
0
LINE
8
BLACK
6
CONTINUOUS
10
5.3259038582677167
20
-5.4488605511811024
11
5.3221448031496061
21
-5.4553714566929132
0
LINE
8
BLACK
6
CONTINUOUS
10
5.3221448031496061
20
-5.4553714566929132
11
5.3221446062992124
21
-5.455371811023622
0
LINE
8
BLACK
6
CONTINUOUS
10
5.3221446062992124
20
-5.455371811023622
11
5.3221444881889761
21
-5.4553721653543308
0
LINE
8
BLACK
6
CONTINUOUS
10
5.3221444881889761
20
-5.4553721653543308
11
5.3198211417322829
21
-5.4625225196850389
0
LINE
8
BLACK
6
CONTINUOUS
10
5.3198211417322829
20
-5.4625225196850389
11
5.3190352755905508
21
-5.4700000393700785
0
LINE
8
BLACK
6
CONTINUOUS
10
5.3190352755905508
20
-5.4700000393700785
11
5.3190352755905508
21
-5.4700179921259844
0
LINE
8
BLACK
6
CONTINUOUS
10
5.3190352755905508
20
-5.4700179921259844
11
5.3190323228346452
21
-5.4700279527559053
0
LINE
8
BLACK
6
CONTINUOUS
10
5.3190323228346452
20
-5.4700279527559053
11
5.3190081102362203
21
-5.4702585433070867
0
LINE
8
BLACK
6
CONTINUOUS
10
5.3190081102362203
20
-5.4702585433070867
11
5.3189659448818896
21
-5.4702540944881886
0
LINE
8
BLACK
6
CONTINUOUS
10
5.3189659448818896
20
-5.4702540944881886
11
5.3182477952755907
21
-5.4726999212598422
0
LINE
8
BLACK
6
CONTINUOUS
10
5.3182477952755907
20
-5.4726999212598422
11
5.3161353543307088
21
-5.4745303543307084
0
LINE
8
BLACK
6
CONTINUOUS
10
5.3161353543307088
20
-5.4745303543307084
11
5.3140746456692911
21
-5.4749786220472441
0
LINE
8
BLACK
6
CONTINUOUS
10
5.3140746456692911
20
-5.4749786220472441
11
5.3118701968503936
21
-5.4749786220472441
0
LINE
8
BLACK
6
CONTINUOUS
10
5.3118701968503936
20
-5.4749786220472441
11
5.3045157874015745
21
-5.4765418503937005
0
LINE
8
BLACK
6
CONTINUOUS
10
5.3045157874015745
20
-5.4765418503937005
11
5.301367992125984
21
-5.4779433464566925
0
LINE
8
BLACK
6
CONTINUOUS
10
5.301367992125984
20
-5.4779433464566925
11
5.2976471653543307
21
-5.4795999606299208
0
LINE
8
BLACK
6
CONTINUOUS
10
5.2976471653543307
20
-5.4795999606299208
11
5.2976470866141732
21
-5.4795999606299208
0
LINE
8
BLACK
6
CONTINUOUS
10
5.2976470866141732
20
-5.4795999606299208
11
5.2974096850393702
21
-5.4797057086614176
0
LINE
8
BLACK
6
CONTINUOUS
10
5.2974096850393702
20
-5.4797057086614176
11
5.2973836614173226
21
-5.4796472834645664
0
LINE
8
BLACK
6
CONTINUOUS
10
5.2973836614173226
20
-5.4796472834645664
11
5.2949802755905511
21
-5.4802302362204722
0
LINE
8
BLACK
6
CONTINUOUS
10
5.2949802755905511
20
-5.4802302362204722
11
5.2923389370078739
21
-5.479315905511811
0
LINE
8
BLACK
6
CONTINUOUS
10
5.2923389370078739
20
-5.479315905511811
11
5.2906111811023617
21
-5.4771187401574801
0
LINE
8
BLACK
6
CONTINUOUS
10
5.2906111811023617
20
-5.4771187401574801
11
5.2902559055118106
21
-5.4752752362204724
0
LINE
8
BLACK
6
CONTINUOUS
10
5.2902559055118106
20
-5.4752752362204724
11
5.2902559055118106
21
-5.4504597637795271
0
LINE
8
BLACK
6
CONTINUOUS
10
5.2902559055118106
20
-5.4504597637795271
11
5.2909205511811024
21
-5.447979409448819
0
LINE
8
BLACK
6
CONTINUOUS
10
5.2909205511811024
20
-5.447979409448819
11
5.2928552755905507
21
-5.4446283858267712
0
LINE
8
BLACK
6
CONTINUOUS
10
5.2928552755905507
20
-5.4446283858267712
11
5.2928552362204719
21
-5.4446283858267712
0
LINE
8
BLACK
6
CONTINUOUS
10
5.2928552362204719
20
-5.4446283858267712
11
5.2928553937007869
21
-5.4446281889763775
0
LINE
8
BLACK
6
CONTINUOUS
10
5.2928553937007869
20
-5.4446281889763775
11
5.2951788188976376
21
-5.4374774803149606
0
LINE
8
BLACK
6
CONTINUOUS
10
5.2951788188976376
20
-5.4374774803149606
11
5.2959647244094485
21
-5.4299999999999997
0
LINE
8
BLACK
6
CONTINUOUS
10
5.2959647244094485
20
-5.4299999999999997
11
5.2951788188976376
21
-5.4225225196850388
0
LINE
8
BLACK
6
CONTINUOUS
10
5.2951788188976376
20
-5.4225225196850388
11
5.2928553937007869
21
-5.415371811023622
0
LINE
8
BLACK
6
CONTINUOUS
10
5.2928553937007869
20
-5.415371811023622
11
5.289096062992126
21
-5.4088604724409448
0
LINE
8
BLACK
6
CONTINUOUS
10
5.289096062992126
20
-5.4088604724409448
11
5.2890959842519685
21
-5.4088603937007873
0
LINE
8
BLACK
6
CONTINUOUS
10
5.2890959842519685
20
-5.4088603937007873
11
5.2890958267716535
21
-5.4088601574803148
0
LINE
8
BLACK
6
CONTINUOUS
10
5.2890958267716535
20
-5.4088601574803148
11
5.284065157480315
21
-5.4032730314960631
0
LINE
8
BLACK
6
CONTINUOUS
10
5.284065157480315
20
-5.4032730314960631
11
5.2779823622047246
21
-5.3988536220472438
0
LINE
8
BLACK
6
CONTINUOUS
10
5.2779823622047246
20
-5.3988536220472438
11
5.2711137007874012
21
-5.3957955118110235
0
LINE
8
BLACK
6
CONTINUOUS
10
5.2711137007874012
20
-5.3957955118110235
11
5.2637593307086616
21
-5.3942322834645671
0
LINE
8
BLACK
6
CONTINUOUS
10
5.2637593307086616
20
-5.3942322834645671
11
5.2562406692913388
21
-5.3942322834645671
0
LINE
8
BLACK
6
CONTINUOUS
10
5.2562406692913388
20
-5.3942322834645671
11
5.2488862598425197
21
-5.3957955118110235
0
LINE
8
BLACK
6
CONTINUOUS
10
5.2488862598425197
20
-5.3957955118110235
11
5.2420175984251971
21
-5.3988536220472438
0
LINE
8
BLACK
6
CONTINUOUS
10
5.2420175984251971
20
-5.3988536220472438
11
5.2359348031496058
21
-5.4032730314960631
0
LINE
8
BLACK
6
CONTINUOUS
10
5.2359348031496058
20
-5.4032730314960631
11
5.2309041338582674
21
-5.4088601574803148
0
LINE
8
BLACK
6
CONTINUOUS
10
5.2309041338582674
20
-5.4088601574803148
11
5.2309038582677161
21
-5.4088605511811023
0
LINE
8
BLACK
6
CONTINUOUS
10
5.2309038582677161
20
-5.4088605511811023
11
5.2283561417322835
21
-5.4132733464566929
0
LINE
8
BLACK
6
CONTINUOUS
10
5.2283561417322835
20
-5.4132733464566929
11
5.2271446062992126
21
-5.415371811023622
0
LINE
8
BLACK
6
CONTINUOUS
10
5.2271446062992126
20
-5.415371811023622
11
5.2269400393700787
21
-5.4160013779527558
0
LINE
8
BLACK
6
CONTINUOUS
10
5.2269400393700787
20
-5.4160013779527558
11
5.2248211417322832
21
-5.4225225196850388
0
LINE
8
BLACK
6
CONTINUOUS
10
5.2248211417322832
20
-5.4225225196850388
11
5.224035275590551
21
-5.4299999999999997
0
LINE
8
BLACK
6
CONTINUOUS
10
5.224035275590551
20
-5.4299999999999997
11
5.2248211417322832
21
-5.4374774409448818
0
LINE
8
BLACK
6
CONTINUOUS
10
5.2248211417322832
20
-5.4374774409448818
11
5.2250258267716534
21
-5.4381073228346457
0
LINE
8
BLACK
6
CONTINUOUS
10
5.2250258267716534
20
-5.4381073228346457
11
5.2271446062992126
21
-5.4446281889763775
0
LINE
8
BLACK
6
CONTINUOUS
10
5.2271446062992126
20
-5.4446281889763775
11
5.2275083464566929
21
-5.4452582283464563
0
LINE
8
BLACK
6
CONTINUOUS
10
5.2275083464566929
20
-5.4452582283464563
11
5.2309039763779523
21
-5.4511396062992121
0
LINE
8
BLACK
6
CONTINUOUS
10
5.2309039763779523
20
-5.4511396062992121
11
5.2324920472440946
21
-5.4529032677165352
0
LINE
8
BLACK
6
CONTINUOUS
10
5.2324920472440946
20
-5.4529032677165352
11
5.2330355905511814
21
-5.4535069685039366
0
LINE
8
BLACK
6
CONTINUOUS
10
5.2330355905511814
20
-5.4535069685039366
11
5.2331942913385827
21
-5.4536831889763775
0
LINE
8
BLACK
6
CONTINUOUS
10
5.2331942913385827
20
-5.4536831889763775
11
5.2344036614173231
21
-5.456203188976378
0
LINE
8
BLACK
6
CONTINUOUS
10
5.2344036614173231
20
-5.456203188976378
11
5.2344685039370074
21
-5.4570025590551179
0
LINE
8
BLACK
6
CONTINUOUS
10
5.2344685039370074
20
-5.4570025590551179
11
5.2344685039370074
21
-5.563801535433071
0
LINE
8
BLACK
6
CONTINUOUS
10
5.2344685039370074
20
-5.563801535433071
11
5.2336810236220472
21
-5.5664834645669288
0
LINE
8
BLACK
6
CONTINUOUS
10
5.2336810236220472
20
-5.5664834645669288
11
5.2315685826771654
21
-5.5683138976377951
0
LINE
8
BLACK
6
CONTINUOUS
10
5.2315685826771654
20
-5.5683138976377951
11
5.2300381102362206
21
-5.5687337401574801
0
LINE
8
BLACK
6
CONTINUOUS
10
5.2300381102362206
20
-5.5687337401574801
11
5.2280631102362207
21
-5.5689460236220469
0
LINE
8
BLACK
6
CONTINUOUS
10
5.2280631102362207
20
-5.5689460236220469
11
5.2280627952755907
21
-5.5689461023622044
0
LINE
8
BLACK
6
CONTINUOUS
10
5.2280627952755907
20
-5.5689461023622044
11
5.2226691732283461
21
-5.5709578740157477
0
LINE
8
BLACK
6
CONTINUOUS
10
5.2226691732283461
20
-5.5709578740157477
11
5.2226689763779524
21
-5.5709579527559052
0
LINE
8
BLACK
6
CONTINUOUS
10
5.2226689763779524
20
-5.5709579527559052
11
5.218060551181102
21
-5.5744078346456689
0
LINE
8
BLACK
6
CONTINUOUS
10
5.218060551181102
20
-5.5744078346456689
11
5.2163333464566932
21
-5.5767150787401576
0
LINE
8
BLACK
6
CONTINUOUS
10
5.2163333464566932
20
-5.5767150787401576
11
5.214095708661417
21
-5.578390118110236
0
LINE
8
BLACK
6
CONTINUOUS
10
5.214095708661417
20
-5.578390118110236
11
5.2113077165354333
21
-5.5785894881889764
0
LINE
8
BLACK
6
CONTINUOUS
10
5.2113077165354333
20
-5.5785894881889764
11
5.208854488188976
21
-5.5772499212598428
0
LINE
8
BLACK
6
CONTINUOUS
10
5.208854488188976
20
-5.5772499212598428
11
5.208391062992126
21
-5.5767150787401576
0
LINE
8
BLACK
6
CONTINUOUS
10
5.208391062992126
20
-5.5767150787401576
11
5.2066638188976375
21
-5.5744078346456689
0
LINE
8
BLACK
6
CONTINUOUS
10
5.2066638188976375
20
-5.5744078346456689
11
5.2020553937007872
21
-5.5709579527559052
0
LINE
8
BLACK
6
CONTINUOUS
10
5.2020553937007872
20
-5.5709579527559052
11
5.2020551968503934
21
-5.5709578740157477
0
LINE
8
BLACK
6
CONTINUOUS
10
5.2020551968503934
20
-5.5709578740157477
11
5.1966615748031497
21
-5.5689461023622044
0
LINE
8
BLACK
6
CONTINUOUS
10
5.1966615748031497
20
-5.5689461023622044
11
5.1966612598425197
21
-5.5689460236220469
0
LINE
8
BLACK
6
CONTINUOUS
10
5.1966612598425197
20
-5.5689460236220469
11
5.1942775196850395
21
-5.5686897637795276
0
LINE
8
BLACK
6
CONTINUOUS
10
5.1942775196850395
20
-5.5686897637795276
11
5.1942770866141732
21
-5.5686897637795276
0
LINE
8
BLACK
6
CONTINUOUS
10
5.1942770866141732
20
-5.5686897637795276
11
5.1368543307086609
21
-5.5686897637795276
0
LINE
8
BLACK
6
CONTINUOUS
10
5.1368543307086609
20
-5.5686897637795276
11
5.1341724015748031
21
-5.5679022834645666
0
LINE
8
BLACK
6
CONTINUOUS
10
5.1341724015748031
20
-5.5679022834645666
11
5.1323419685039369
21
-5.5657898425196848
0
LINE
8
BLACK
6
CONTINUOUS
10
5.1323419685039369
20
-5.5657898425196848
11
5.1318937007874013
21
-5.563729133858268
0
LINE
8
BLACK
6
CONTINUOUS
10
5.1318937007874013
20
-5.563729133858268
11
5.1318937007874013
21
-5.5369253937007876
0
LINE
8
BLACK
6
CONTINUOUS
10
5.1318937007874013
20
-5.5369253937007876
11
5.1322160236220471
21
-5.5351664173228343
0
LINE
8
BLACK
6
CONTINUOUS
10
5.1322160236220471
20
-5.5351664173228343
11
5.1322820866141727
21
-5.5349922440944876
0
LINE
8
BLACK
6
CONTINUOUS
10
5.1322820866141727
20
-5.5349922440944876
11
5.1325708267716532
21
-5.532614173228346
0
LINE
8
BLACK
6
CONTINUOUS
10
5.1325708267716532
20
-5.532614173228346
11
5.1326154330708658
21
-5.5323209842519683
0
LINE
8
BLACK
6
CONTINUOUS
10
5.1326154330708658
20
-5.5323209842519683
11
5.1330473228346456
21
-5.5299643700787398
0
LINE
8
BLACK
6
CONTINUOUS
10
5.1330473228346456
20
-5.5299643700787398
11
5.132902755905512
21
-5.5275744881889759
0
LINE
8
BLACK
6
CONTINUOUS
10
5.132902755905512
20
-5.5275744881889759
11
5.1328937007874016
21
-5.5272749606299207
0
LINE
8
BLACK
6
CONTINUOUS
10
5.1328937007874016
20
-5.5272749606299207
11
5.1328937007874016
21
-5.4943790944881892
0
LINE
8
BLACK
6
CONTINUOUS
10
5.1328937007874016
20
-5.4943790944881892
11
5.1336811811023617
21
-5.4916971653543305
0
LINE
8
BLACK
6
CONTINUOUS
10
5.1336811811023617
20
-5.4916971653543305
11
5.1339451968503935
21
-5.4913513779527561
0
LINE
8
BLACK
6
CONTINUOUS
10
5.1339451968503935
20
-5.4913513779527561
11
5.133943188976378
21
-5.4913499212598422
0
LINE
8
BLACK
6
CONTINUOUS
10
5.133943188976378
20
-5.4913499212598422
11
5.134095866141732
21
-5.4911397244094484
0
LINE
8
BLACK
6
CONTINUOUS
10
5.134095866141732
20
-5.4911397244094484
11
5.1340960629921257
21
-5.4911395275590547
0
LINE
8
BLACK
6
CONTINUOUS
10
5.1340960629921257
20
-5.4911395275590547
11
5.1378553937007876
21
-5.4846281889763775
0
LINE
8
BLACK
6
CONTINUOUS
10
5.1378553937007876
20
-5.4846281889763775
11
5.1401788188976374
21
-5.4774774803149606
0
LINE
8
BLACK
6
CONTINUOUS
10
5.1401788188976374
20
-5.4774774803149606
11
5.1409647244094483
21
-5.4699999999999998
0
LINE
8
BLACK
6
CONTINUOUS
10
5.1409647244094483
20
-5.4699999999999998
11
5.1401788188976374
21
-5.4625225196850389
0
LINE
8
BLACK
6
CONTINUOUS
10
5.1401788188976374
20
-5.4625225196850389
11
5.1378553937007876
21
-5.455371811023622
0
LINE
8
BLACK
6
CONTINUOUS
10
5.1378553937007876
20
-5.455371811023622
11
5.1340960629921257
21
-5.4488604724409448
0
LINE
8
BLACK
6
CONTINUOUS
10
5.1340960629921257
20
-5.4488604724409448
11
5.1340959842519682
21
-5.4488603937007873
0
LINE
8
BLACK
6
CONTINUOUS
10
5.1340959842519682
20
-5.4488603937007873
11
5.1340958267716532
21
-5.4488601574803148
0
LINE
8
BLACK
6
CONTINUOUS
10
5.1340958267716532
20
-5.4488601574803148
11
5.1290651574803148
21
-5.4432730314960631
0
LINE
8
BLACK
6
CONTINUOUS
10
5.1290651574803148
20
-5.4432730314960631
11
5.1229823622047244
21
-5.4388536220472439
0
LINE
8
BLACK
6
CONTINUOUS
10
5.1229823622047244
20
-5.4388536220472439
11
5.1161137007874018
21
-5.4357955118110235
0
LINE
8
BLACK
6
CONTINUOUS
10
5.1161137007874018
20
-5.4357955118110235
11
5.1087593307086614
21
-5.4342322834645671
0
LINE
8
BLACK
6
CONTINUOUS
10
5.1087593307086614
20
-5.4342322834645671
11
5.1012406692913386
21
-5.4342322834645671
0
LINE
8
BLACK
6
CONTINUOUS
10
5.1012406692913386
20
-5.4342322834645671
11
5.0938862598425194
21
-5.4357955118110235
0
LINE
8
BLACK
6
CONTINUOUS
10
5.0938862598425194
20
-5.4357955118110235
11
5.0870175984251969
21
-5.4388536220472439
0
LINE
8
BLACK
6
CONTINUOUS
10
5.0870175984251969
20
-5.4388536220472439
11
5.0809348031496064
21
-5.4432730314960631
0
LINE
8
BLACK
6
CONTINUOUS
10
5.0809348031496064
20
-5.4432730314960631
11
5.075904133858268
21
-5.4488601574803148
0
LINE
8
BLACK
6
CONTINUOUS
10
5.075904133858268
20
-5.4488601574803148
11
5.0759038582677167
21
-5.4488605511811024
0
LINE
8
BLACK
6
CONTINUOUS
10
5.0759038582677167
20
-5.4488605511811024
11
5.0721448031496061
21
-5.4553714566929132
0
LINE
8
BLACK
6
CONTINUOUS
10
5.0721448031496061
20
-5.4553714566929132
11
5.0721446062992124
21
-5.455371811023622
0
LINE
8
BLACK
6
CONTINUOUS
10
5.0721446062992124
20
-5.455371811023622
11
5.0721444881889761
21
-5.4553721653543308
0
LINE
8
BLACK
6
CONTINUOUS
10
5.0721444881889761
20
-5.4553721653543308
11
5.0698211417322829
21
-5.4625225196850389
0
LINE
8
BLACK
6
CONTINUOUS
10
5.0698211417322829
20
-5.4625225196850389
11
5.0690573228346452
21
-5.4697901574803147
0
LINE
8
BLACK
6
CONTINUOUS
10
5.0690573228346452
20
-5.4697901574803147
11
5.0679938188976381
21
-5.4723750787401571
0
LINE
8
BLACK
6
CONTINUOUS
10
5.0679938188976381
20
-5.4723750787401571
11
5.0657016141732285
21
-5.4739746850393702
0
LINE
8
BLACK
6
CONTINUOUS
10
5.0657016141732285
20
-5.4739746850393702
11
5.0641238582677168
21
-5.4742322834645671
0
LINE
8
BLACK
6
CONTINUOUS
10
5.0641238582677168
20
-5.4742322834645671
11
5.0612406692913385
21
-5.4742322834645671
0
LINE
8
BLACK
6
CONTINUOUS
10
5.0612406692913385
20
-5.4742322834645671
11
5.0538862598425194
21
-5.4757955118110235
0
LINE
8
BLACK
6
CONTINUOUS
10
5.0538862598425194
20
-5.4757955118110235
11
5.0470175984251968
21
-5.4788536220472439
0
LINE
8
BLACK
6
CONTINUOUS
10
5.0470175984251968
20
-5.4788536220472439
11
5.0445890157480315
21
-5.4806181102362199
0
LINE
8
BLACK
6
CONTINUOUS
10
5.0445890157480315
20
-5.4806181102362199
11
5.0419564173228348
21
-5.481557440944882
0
LINE
8
BLACK
6
CONTINUOUS
10
5.0419564173228348
20
-5.481557440944882
11
5.0392338976377955
21
-5.4809243307086613
0
LINE
8
BLACK
6
CONTINUOUS
10
5.0392338976377955
20
-5.4809243307086613
11
5.0372858661417323
21
-5.4789198425196846
0
LINE
8
BLACK
6
CONTINUOUS
10
5.0372858661417323
20
-5.4789198425196846
11
5.036712598425197
21
-5.4766048818897639
0
LINE
8
BLACK
6
CONTINUOUS
10
5.036712598425197
20
-5.4766048818897639
11
5.036712598425197
21
-5.4552097244094488
0
LINE
8
BLACK
6
CONTINUOUS
10
5.036712598425197
20
-5.4552097244094488
11
5.0375000787401572
21
-5.4525277952755902
0
LINE
8
BLACK
6
CONTINUOUS
10
5.0375000787401572
20
-5.4525277952755902
11
5.0379869291338579
21
-5.4518902362204722
0
LINE
8
BLACK
6
CONTINUOUS
10
5.0379869291338579
20
-5.4518902362204722
11
5.0380960629921256
21
-5.4517690551181097
0
LINE
8
BLACK
6
CONTINUOUS
10
5.0380960629921256
20
-5.4517690551181097
11
5.0418553937007875
21
-5.4452577165354326
0
LINE
8
BLACK
6
CONTINUOUS
10
5.0418553937007875
20
-5.4452577165354326
11
5.0441788188976373
21
-5.4381070078740157
0
LINE
8
BLACK
6
CONTINUOUS
10
5.0441788188976373
20
-5.4381070078740157
11
5.0449647244094491
21
-5.4306295275590548
0
LINE
8
BLACK
6
CONTINUOUS
10
5.0449647244094491
20
-5.4306295275590548
11
5.0441788188976373
21
-5.4231520472440939
0
LINE
8
BLACK
6
CONTINUOUS
10
5.0441788188976373
20
-5.4231520472440939
11
5.0418553937007875
21
-5.4160013385826771
0
LINE
8
BLACK
6
CONTINUOUS
10
5.0418553937007875
20
-5.4160013385826771
11
5.0380960629921256
21
-5.4094899999999999
0
LINE
8
BLACK
6
CONTINUOUS
10
5.0380960629921256
20
-5.4094899999999999
11
5.0380959842519681
21
-5.4094899212598424
0
LINE
8
BLACK
6
CONTINUOUS
10
5.0380959842519681
20
-5.4094899212598424
11
5.0380958267716531
21
-5.4094896850393699
0
LINE
8
BLACK
6
CONTINUOUS
10
5.0380958267716531
20
-5.4094896850393699
11
5.0330651574803147
21
-5.4039025590551182
0
LINE
8
BLACK
6
CONTINUOUS
10
5.0330651574803147
20
-5.4039025590551182
11
5.0269823622047243
21
-5.3994831496062989
0
LINE
8
BLACK
6
CONTINUOUS
10
5.0269823622047243
20
-5.3994831496062989
11
5.0201137007874017
21
-5.3964250393700786
0
LINE
8
BLACK
6
CONTINUOUS
10
5.0201137007874017
20
-5.3964250393700786
11
5.0127593307086613
21
-5.3948618110236222
0
LINE
8
BLACK
6
CONTINUOUS
10
5.0127593307086613
20
-5.3948618110236222
11
5.0052406692913385
21
-5.3948618110236222
0
LINE
8
BLACK
6
CONTINUOUS
10
5.0052406692913385
20
-5.3948618110236222
11
4.9978862598425193
21
-5.3964250393700786
0
LINE
8
BLACK
6
CONTINUOUS
10
4.9978862598425193
20
-5.3964250393700786
11
4.9910175984251968
21
-5.3994831496062989
0
LINE
8
BLACK
6
CONTINUOUS
10
4.9910175984251968
20
-5.3994831496062989
11
4.9849348031496064
21
-5.4039025590551182
0
LINE
8
BLACK
6
CONTINUOUS
10
4.9849348031496064
20
-5.4039025590551182
11
4.9799041338582679
21
-5.4094896850393699
0
LINE
8
BLACK
6
CONTINUOUS
10
4.9799041338582679
20
-5.4094896850393699
11
4.9799038582677166
21
-5.4094900787401574
0
LINE
8
BLACK
6
CONTINUOUS
10
4.9799038582677166
20
-5.4094900787401574
11
4.9765080314960626
21
-5.4153718503937007
0
LINE
8
BLACK
6
CONTINUOUS
10
4.9765080314960626
20
-5.4153718503937007
11
4.9761446062992123
21
-5.4160013385826771
0
LINE
8
BLACK
6
CONTINUOUS
10
4.9761446062992123
20
-5.4160013385826771
11
4.976144488188976
21
-5.4160016929133858
0
LINE
8
BLACK
6
CONTINUOUS
10
4.976144488188976
20
-5.4160016929133858
11
4.9738211417322837
21
-5.4231520472440939
0
LINE
8
BLACK
6
CONTINUOUS
10
4.9738211417322837
20
-5.4231520472440939
11
4.9730352755905507
21
-5.4306295275590548
0
LINE
8
BLACK
6
CONTINUOUS
10
4.9730352755905507
20
-5.4306295275590548
11
4.9738211417322837
21
-5.4381069685039369
0
LINE
8
BLACK
6
CONTINUOUS
10
4.9738211417322837
20
-5.4381069685039369
11
4.9748387401574803
21
-5.4412387401574804
0
LINE
8
BLACK
6
CONTINUOUS
10
4.9748387401574803
20
-5.4412387401574804
11
4.9761446062992123
21
-5.4452577165354326
0
LINE
8
BLACK
6
CONTINUOUS
10
4.9761446062992123
20
-5.4452577165354326
11
4.9761448031496061
21
-5.4452580314960626
0
LINE
8
BLACK
6
CONTINUOUS
10
4.9761448031496061
20
-5.4452580314960626
11
4.9799038976377954
21
-5.451769015748031
0
LINE
8
BLACK
6
CONTINUOUS
10
4.9799038976377954
20
-5.451769015748031
11
4.9799776377952751
21
-5.4518704724409446
0
LINE
8
BLACK
6
CONTINUOUS
10
4.9799776377952751
20
-5.4518704724409446
11
4.9800021259842522
21
-5.4519391338582679
0
LINE
8
BLACK
6
CONTINUOUS
10
4.9800021259842522
20
-5.4519391338582679
11
4.9800339370078737
21
-5.4519942125984251
0
LINE
8
BLACK
6
CONTINUOUS
10
4.9800339370078737
20
-5.4519942125984251
11
4.9800238582677165
21
-5.452
0
LINE
8
BLACK
6
CONTINUOUS
10
4.9800238582677165
20
-5.452
11
4.9809170866141734
21
-5.4545030314960625
0
LINE
8
BLACK
6
CONTINUOUS
10
4.9809170866141734
20
-5.4545030314960625
11
4.9809251968503938
21
-5.4547864566929132
0
LINE
8
BLACK
6
CONTINUOUS
10
4.9809251968503938
20
-5.4547864566929132
11
4.9809251968503938
21
-5.5680535039370076
0
LINE
8
BLACK
6
CONTINUOUS
10
4.9809251968503938
20
-5.5680535039370076
11
4.9801377165354328
21
-5.5707354330708663
0
LINE
8
BLACK
6
CONTINUOUS
10
4.9801377165354328
20
-5.5707354330708663
11
4.978025275590551
21
-5.5725658661417325
0
LINE
8
BLACK
6
CONTINUOUS
10
4.978025275590551
20
-5.5725658661417325
11
4.9764948031496061
21
-5.5729857086614176
0
LINE
8
BLACK
6
CONTINUOUS
10
4.9764948031496061
20
-5.5729857086614176
11
4.9745198031496063
21
-5.5731979921259844
0
LINE
8
BLACK
6
CONTINUOUS
10
4.9745198031496063
20
-5.5731979921259844
11
4.9745194881889763
21
-5.5731980708661419
0
LINE
8
BLACK
6
CONTINUOUS
10
4.9745194881889763
20
-5.5731980708661419
11
4.9691258661417326
21
-5.5752098425196852
0
LINE
8
BLACK
6
CONTINUOUS
10
4.9691258661417326
20
-5.5752098425196852
11
4.9691256692913388
21
-5.5752099212598427
0
LINE
8
BLACK
6
CONTINUOUS
10
4.9691256692913388
20
-5.5752099212598427
11
4.9645172440944885
21
-5.5786598031496064
0
LINE
8
BLACK
6
CONTINUOUS
10
4.9645172440944885
20
-5.5786598031496064
11
4.9627900393700788
21
-5.5809670472440942
0
LINE
8
BLACK
6
CONTINUOUS
10
4.9627900393700788
20
-5.5809670472440942
11
4.9605524015748026
21
-5.5826420866141735
0
LINE
8
BLACK
6
CONTINUOUS
10
4.9605524015748026
20
-5.5826420866141735
11
4.9577644094488189
21
-5.582841456692913
0
LINE
8
BLACK
6
CONTINUOUS
10
4.9577644094488189
20
-5.582841456692913
11
4.9553111811023625
21
-5.5815018897637794
0
LINE
8
BLACK
6
CONTINUOUS
10
4.9553111811023625
20
-5.5815018897637794
11
4.9548477559055115
21
-5.5809670472440942
0
LINE
8
BLACK
6
CONTINUOUS
10
4.9548477559055115
20
-5.5809670472440942
11
4.9531205118110231
21
-5.5786598031496064
0
LINE
8
BLACK
6
CONTINUOUS
10
4.9531205118110231
20
-5.5786598031496064
11
4.9485120866141727
21
-5.5752099212598427
0
LINE
8
BLACK
6
CONTINUOUS
10
4.9485120866141727
20
-5.5752099212598427
11
4.948511889763779
21
-5.5752098425196852
0
LINE
8
BLACK
6
CONTINUOUS
10
4.948511889763779
20
-5.5752098425196852
11
4.9431182677165353
21
-5.5731980708661419
0
LINE
8
BLACK
6
CONTINUOUS
10
4.9431182677165353
20
-5.5731980708661419
11
4.9431179527559053
21
-5.5731979921259844
0
LINE
8
BLACK
6
CONTINUOUS
10
4.9431179527559053
20
-5.5731979921259844
11
4.940734212598425
21
-5.5729417322834642
0
LINE
8
BLACK
6
CONTINUOUS
10
4.940734212598425
20
-5.5729417322834642
11
4.9407337795275588
21
-5.5729417322834642
0
LINE
8
BLACK
6
CONTINUOUS
10
4.9407337795275588
20
-5.5729417322834642
11
4.8878543307086613
21
-5.5729417322834642
0
LINE
8
BLACK
6
CONTINUOUS
10
4.8878543307086613
20
-5.5729417322834642
11
4.8851724015748035
21
-5.5721542519685041
0
LINE
8
BLACK
6
CONTINUOUS
10
4.8851724015748035
20
-5.5721542519685041
11
4.8833419685039372
21
-5.5700418110236223
0
LINE
8
BLACK
6
CONTINUOUS
10
4.8833419685039372
20
-5.5700418110236223
11
4.8828937007874016
21
-5.5679811023622046
0
LINE
8
BLACK
6
CONTINUOUS
10
4.8828937007874016
20
-5.5679811023622046
11
4.8828937007874016
21
-5.4943788582677167
0
LINE
8
BLACK
6
CONTINUOUS
10
4.8828937007874016
20
-5.4943788582677167
11
4.8836811811023617
21
-5.491696929133858
0
LINE
8
BLACK
6
CONTINUOUS
10
4.8836811811023617
20
-5.491696929133858
11
4.8839451968503935
21
-5.4913511417322836
0
LINE
8
BLACK
6
CONTINUOUS
10
4.8839451968503935
20
-5.4913511417322836
11
4.883943188976378
21
-5.4913496850393697
0
LINE
8
BLACK
6
CONTINUOUS
10
4.883943188976378
20
-5.4913496850393697
11
4.8840957874015745
21
-5.4911395275590547
0
LINE
8
BLACK
6
CONTINUOUS
10
4.8840957874015745
20
-5.4911395275590547
11
4.8840960629921257
21
-5.4911392913385821
0
LINE
8
BLACK
6
CONTINUOUS
10
4.8840960629921257
20
-5.4911392913385821
11
4.8878553937007876
21
-5.484627952755905
0
LINE
8
BLACK
6
CONTINUOUS
10
4.8878553937007876
20
-5.484627952755905
11
4.8901788188976374
21
-5.4774772440944881
0
LINE
8
BLACK
6
CONTINUOUS
10
4.8901788188976374
20
-5.4774772440944881
11
4.8909647244094483
21
-5.4699997637795272
0
LINE
8
BLACK
6
CONTINUOUS
10
4.8909647244094483
20
-5.4699997637795272
11
4.8901788188976374
21
-5.4625222834645664
0
LINE
8
BLACK
6
CONTINUOUS
10
4.8901788188976374
20
-5.4625222834645664
11
4.8878553937007876
21
-5.4553715748031495
0
LINE
8
BLACK
6
CONTINUOUS
10
4.8878553937007876
20
-5.4553715748031495
11
4.8840960629921257
21
-5.4488602362204723
0
LINE
8
BLACK
6
CONTINUOUS
10
4.8840960629921257
20
-5.4488602362204723
11
4.8840959842519682
21
-5.4488601574803148
0
LINE
8
BLACK
6
CONTINUOUS
10
4.8840959842519682
20
-5.4488601574803148
11
4.8840958267716532
21
-5.4488599212598423
0
LINE
8
BLACK
6
CONTINUOUS
10
4.8840958267716532
20
-5.4488599212598423
11
4.8790651574803148
21
-5.4432727952755906
0
LINE
8
BLACK
6
CONTINUOUS
10
4.8790651574803148
20
-5.4432727952755906
11
4.8729823622047244
21
-5.4388533858267714
0
LINE
8
BLACK
6
CONTINUOUS
10
4.8729823622047244
20
-5.4388533858267714
11
4.8661137007874018
21
-5.435795275590551
0
LINE
8
BLACK
6
CONTINUOUS
10
4.8661137007874018
20
-5.435795275590551
11
4.8587593307086614
21
-5.4342320472440946
0
LINE
8
BLACK
6
CONTINUOUS
10
4.8587593307086614
20
-5.4342320472440946
11
4.8512406692913386
21
-5.4342320472440946
0
LINE
8
BLACK
6
CONTINUOUS
10
4.8512406692913386
20
-5.4342320472440946
11
4.8438862598425194
21
-5.435795275590551
0
LINE
8
BLACK
6
CONTINUOUS
10
4.8438862598425194
20
-5.435795275590551
11
4.8370175984251969
21
-5.4388533858267714
0
LINE
8
BLACK
6
CONTINUOUS
10
4.8370175984251969
20
-5.4388533858267714
11
4.8309348031496064
21
-5.4432727952755906
0
LINE
8
BLACK
6
CONTINUOUS
10
4.8309348031496064
20
-5.4432727952755906
11
4.825904133858268
21
-5.4488599212598423
0
LINE
8
BLACK
6
CONTINUOUS
10
4.825904133858268
20
-5.4488599212598423
11
4.8259038582677167
21
-5.4488603149606298
0
LINE
8
BLACK
6
CONTINUOUS
10
4.8259038582677167
20
-5.4488603149606298
11
4.8221447244094486
21
-5.455371338582677
0
LINE
8
BLACK
6
CONTINUOUS
10
4.8221447244094486
20
-5.455371338582677
11
4.8221446062992124
21
-5.4553715748031495
0
LINE
8
BLACK
6
CONTINUOUS
10
4.8221446062992124
20
-5.4553715748031495
11
4.8221444094488186
21
-5.4553721653543308
0
LINE
8
BLACK
6
CONTINUOUS
10
4.8221444094488186
20
-5.4553721653543308
11
4.8198211417322829
21
-5.4625222834645664
0
LINE
8
BLACK
6
CONTINUOUS
10
4.8198211417322829
20
-5.4625222834645664
11
4.8195932677165354
21
-5.4646906299212601
0
LINE
8
BLACK
6
CONTINUOUS
10
4.8195932677165354
20
-5.4646906299212601
11
4.8190572834645664
21
-5.4697901968503935
0
LINE
8
BLACK
6
CONTINUOUS
10
4.8190572834645664
20
-5.4697901968503935
11
4.8179938188976381
21
-5.4723750787401571
0
LINE
8
BLACK
6
CONTINUOUS
10
4.8179938188976381
20
-5.4723750787401571
11
4.8157016535433073
21
-5.4739746850393702
0
LINE
8
BLACK
6
CONTINUOUS
10
4.8157016535433073
20
-5.4739746850393702
11
4.8141238582677168
21
-5.4742322834645671
0
LINE
8
BLACK
6
CONTINUOUS
10
4.8141238582677168
20
-5.4742322834645671
11
4.8112406692913385
21
-5.4742322834645671
0
LINE
8
BLACK
6
CONTINUOUS
10
4.8112406692913385
20
-5.4742322834645671
11
4.8038862598425194
21
-5.4757955118110235
0
LINE
8
BLACK
6
CONTINUOUS
10
4.8038862598425194
20
-5.4757955118110235
11
4.7972342125984255
21
-5.4787572047244097
0
LINE
8
BLACK
6
CONTINUOUS
10
4.7972342125984255
20
-5.4787572047244097
11
4.7944638582677168
21
-5.4791286220472442
0
LINE
8
BLACK
6
CONTINUOUS
10
4.7944638582677168
20
-5.4791286220472442
11
4.7919324803149603
21
-5.4779433464566925
0
LINE
8
BLACK
6
CONTINUOUS
10
4.7919324803149603
20
-5.4779433464566925
11
4.79044374015748
21
-5.4755776377952756
0
LINE
8
BLACK
6
CONTINUOUS
10
4.79044374015748
20
-5.4755776377952756
11
4.7902559055118106
21
-5.474225433070866
0
LINE
8
BLACK
6
CONTINUOUS
10
4.7902559055118106
20
-5.474225433070866
11
4.7902559055118106
21
-5.4504597637795271
0
LINE
8
BLACK
6
CONTINUOUS
10
4.7902559055118106
20
-5.4504597637795271
11
4.7909205511811024
21
-5.447979409448819
0
LINE
8
BLACK
6
CONTINUOUS
10
4.7909205511811024
20
-5.447979409448819
11
4.7928552755905507
21
-5.4446283858267712
0
LINE
8
BLACK
6
CONTINUOUS
10
4.7928552755905507
20
-5.4446283858267712
11
4.7928552362204719
21
-5.4446283858267712
0
LINE
8
BLACK
6
CONTINUOUS
10
4.7928552362204719
20
-5.4446283858267712
11
4.7928553937007869
21
-5.4446281889763775
0
LINE
8
BLACK
6
CONTINUOUS
10
4.7928553937007869
20
-5.4446281889763775
11
4.7951788188976376
21
-5.4374774803149606
0
LINE
8
BLACK
6
CONTINUOUS
10
4.7951788188976376
20
-5.4374774803149606
11
4.7959647244094485
21
-5.4299999999999997
0
LINE
8
BLACK
6
CONTINUOUS
10
4.7959647244094485
20
-5.4299999999999997
11
4.7951788188976376
21
-5.4225225196850388
0
LINE
8
BLACK
6
CONTINUOUS
10
4.7951788188976376
20
-5.4225225196850388
11
4.7928553937007869
21
-5.415371811023622
0
LINE
8
BLACK
6
CONTINUOUS
10
4.7928553937007869
20
-5.415371811023622
11
4.789096062992126
21
-5.4088604724409448
0
LINE
8
BLACK
6
CONTINUOUS
10
4.789096062992126
20
-5.4088604724409448
11
4.7890959842519685
21
-5.4088603937007873
0
LINE
8
BLACK
6
CONTINUOUS
10
4.7890959842519685
20
-5.4088603937007873
11
4.7890958267716535
21
-5.4088601574803148
0
LINE
8
BLACK
6
CONTINUOUS
10
4.7890958267716535
20
-5.4088601574803148
11
4.784065157480315
21
-5.4032730314960631
0
LINE
8
BLACK
6
CONTINUOUS
10
4.784065157480315
20
-5.4032730314960631
11
4.7779823622047246
21
-5.3988536220472438
0
LINE
8
BLACK
6
CONTINUOUS
10
4.7779823622047246
20
-5.3988536220472438
11
4.7711137007874012
21
-5.3957955118110235
0
LINE
8
BLACK
6
CONTINUOUS
10
4.7711137007874012
20
-5.3957955118110235
11
4.7637593307086616
21
-5.3942322834645671
0
LINE
8
BLACK
6
CONTINUOUS
10
4.7637593307086616
20
-5.3942322834645671
11
4.7562406692913388
21
-5.3942322834645671
0
LINE
8
BLACK
6
CONTINUOUS
10
4.7562406692913388
20
-5.3942322834645671
11
4.7488862598425197
21
-5.3957955118110235
0
LINE
8
BLACK
6
CONTINUOUS
10
4.7488862598425197
20
-5.3957955118110235
11
4.7420175984251971
21
-5.3988536220472438
0
LINE
8
BLACK
6
CONTINUOUS
10
4.7420175984251971
20
-5.3988536220472438
11
4.7359348031496058
21
-5.4032730314960631
0
LINE
8
BLACK
6
CONTINUOUS
10
4.7359348031496058
20
-5.4032730314960631
11
4.7309041338582674
21
-5.4088601574803148
0
LINE
8
BLACK
6
CONTINUOUS
10
4.7309041338582674
20
-5.4088601574803148
11
4.7309038582677161
21
-5.4088605511811023
0
LINE
8
BLACK
6
CONTINUOUS
10
4.7309038582677161
20
-5.4088605511811023
11
4.7283561417322835
21
-5.4132733464566929
0
LINE
8
BLACK
6
CONTINUOUS
10
4.7283561417322835
20
-5.4132733464566929
11
4.7271446062992126
21
-5.415371811023622
0
LINE
8
BLACK
6
CONTINUOUS
10
4.7271446062992126
20
-5.415371811023622
11
4.7269400393700787
21
-5.4160013779527558
0
LINE
8
BLACK
6
CONTINUOUS
10
4.7269400393700787
20
-5.4160013779527558
11
4.7248211417322832
21
-5.4225225196850388
0
LINE
8
BLACK
6
CONTINUOUS
10
4.7248211417322832
20
-5.4225225196850388
11
4.724035275590551
21
-5.4299999999999997
0
LINE
8
BLACK
6
CONTINUOUS
10
4.724035275590551
20
-5.4299999999999997
11
4.7248211417322832
21
-5.4374774409448818
0
LINE
8
BLACK
6
CONTINUOUS
10
4.7248211417322832
20
-5.4374774409448818
11
4.7250258267716534
21
-5.4381073228346457
0
LINE
8
BLACK
6
CONTINUOUS
10
4.7250258267716534
20
-5.4381073228346457
11
4.7271446062992126
21
-5.4446281889763775
0
LINE
8
BLACK
6
CONTINUOUS
10
4.7271446062992126
20
-5.4446281889763775
11
4.7275083464566929
21
-5.4452582283464563
0
LINE
8
BLACK
6
CONTINUOUS
10
4.7275083464566929
20
-5.4452582283464563
11
4.7309039763779523
21
-5.4511396062992121
0
LINE
8
BLACK
6
CONTINUOUS
10
4.7309039763779523
20
-5.4511396062992121
11
4.7324920472440946
21
-5.4529032677165352
0
LINE
8
BLACK
6
CONTINUOUS
10
4.7324920472440946
20
-5.4529032677165352
11
4.7330355905511814
21
-5.4535069685039366
0
LINE
8
BLACK
6
CONTINUOUS
10
4.7330355905511814
20
-5.4535069685039366
11
4.7331942913385827
21
-5.4536831889763775
0
LINE
8
BLACK
6
CONTINUOUS
10
4.7331942913385827
20
-5.4536831889763775
11
4.7344036614173231
21
-5.456203188976378
0
LINE
8
BLACK
6
CONTINUOUS
10
4.7344036614173231
20
-5.456203188976378
11
4.7344685039370074
21
-5.4570025590551179
0
LINE
8
BLACK
6
CONTINUOUS
10
4.7344685039370074
20
-5.4570025590551179
11
4.7344685039370074
21
-5.563801535433071
0
LINE
8
BLACK
6
CONTINUOUS
10
4.7344685039370074
20
-5.563801535433071
11
4.7336810236220472
21
-5.5664834645669288
0
LINE
8
BLACK
6
CONTINUOUS
10
4.7336810236220472
20
-5.5664834645669288
11
4.7315685826771654
21
-5.5683138976377951
0
LINE
8
BLACK
6
CONTINUOUS
10
4.7315685826771654
20
-5.5683138976377951
11
4.7300381102362206
21
-5.5687337401574801
0
LINE
8
BLACK
6
CONTINUOUS
10
4.7300381102362206
20
-5.5687337401574801
11
4.7280631102362207
21
-5.5689460236220469
0
LINE
8
BLACK
6
CONTINUOUS
10
4.7280631102362207
20
-5.5689460236220469
11
4.7280627952755907
21
-5.5689461023622044
0
LINE
8
BLACK
6
CONTINUOUS
10
4.7280627952755907
20
-5.5689461023622044
11
4.7226691732283461
21
-5.5709578740157477
0
LINE
8
BLACK
6
CONTINUOUS
10
4.7226691732283461
20
-5.5709578740157477
11
4.7226689763779524
21
-5.5709579527559052
0
LINE
8
BLACK
6
CONTINUOUS
10
4.7226689763779524
20
-5.5709579527559052
11
4.718060551181102
21
-5.5744078346456689
0
LINE
8
BLACK
6
CONTINUOUS
10
4.718060551181102
20
-5.5744078346456689
11
4.7163333464566932
21
-5.5767150787401576
0
LINE
8
BLACK
6
CONTINUOUS
10
4.7163333464566932
20
-5.5767150787401576
11
4.714095708661417
21
-5.578390118110236
0
LINE
8
BLACK
6
CONTINUOUS
10
4.714095708661417
20
-5.578390118110236
11
4.7113077165354333
21
-5.5785894881889764
0
LINE
8
BLACK
6
CONTINUOUS
10
4.7113077165354333
20
-5.5785894881889764
11
4.708854488188976
21
-5.5772499212598428
0
LINE
8
BLACK
6
CONTINUOUS
10
4.708854488188976
20
-5.5772499212598428
11
4.708391062992126
21
-5.5767150787401576
0
LINE
8
BLACK
6
CONTINUOUS
10
4.708391062992126
20
-5.5767150787401576
11
4.7066638188976375
21
-5.5744078346456689
0
LINE
8
BLACK
6
CONTINUOUS
10
4.7066638188976375
20
-5.5744078346456689
11
4.7020553937007872
21
-5.5709579527559052
0
LINE
8
BLACK
6
CONTINUOUS
10
4.7020553937007872
20
-5.5709579527559052
11
4.7020551968503934
21
-5.5709578740157477
0
LINE
8
BLACK
6
CONTINUOUS
10
4.7020551968503934
20
-5.5709578740157477
11
4.6966615748031497
21
-5.5689461023622044
0
LINE
8
BLACK
6
CONTINUOUS
10
4.6966615748031497
20
-5.5689461023622044
11
4.6966612598425197
21
-5.5689460236220469
0
LINE
8
BLACK
6
CONTINUOUS
10
4.6966612598425197
20
-5.5689460236220469
11
4.6942775196850395
21
-5.5686897637795276
0
LINE
8
BLACK
6
CONTINUOUS
10
4.6942775196850395
20
-5.5686897637795276
11
4.6942770866141732
21
-5.5686897637795276
0
LINE
8
BLACK
6
CONTINUOUS
10
4.6942770866141732
20
-5.5686897637795276
11
4.6415944488188972
21
-5.5686897637795276
0
LINE
8
BLACK
6
CONTINUOUS
10
4.6415944488188972
20
-5.5686897637795276
11
4.6389125196850394
21
-5.5679022834645666
0
LINE
8
BLACK
6
CONTINUOUS
10
4.6389125196850394
20
-5.5679022834645666
11
4.6370820866141731
21
-5.5657898425196848
0
LINE
8
BLACK
6
CONTINUOUS
10
4.6370820866141731
20
-5.5657898425196848
11
4.6366338188976375
21
-5.563729133858268
0
LINE
8
BLACK
6
CONTINUOUS
10
4.6366338188976375
20
-5.563729133858268
11
4.6366338188976375
21
-5.5429998818897639
0
LINE
8
BLACK
6
CONTINUOUS
10
4.6366338188976375
20
-5.5429998818897639
11
4.6367970866141732
21
-5.5419271653543305
0
LINE
8
BLACK
6
CONTINUOUS
10
4.6367970866141732
20
-5.5419271653543305
11
4.6367721653543308
21
-5.541922598425197
0
LINE
8
BLACK
6
CONTINUOUS
10
4.6367721653543308
20
-5.541922598425197
11
4.6368262598425192
21
-5.5416272834645666
0
LINE
8
BLACK
6
CONTINUOUS
10
4.6368262598425192
20
-5.5416272834645666
11
4.6368262992125979
21
-5.5416272047244091
0
LINE
8
BLACK
6
CONTINUOUS
10
4.6368262992125979
20
-5.5416272047244091
11
4.6368986614173231
21
-5.5412322440944877
0
LINE
8
BLACK
6
CONTINUOUS
10
4.6368986614173231
20
-5.5412322440944877
11
4.6371397637795271
21
-5.5403674803149601
0
LINE
8
BLACK
6
CONTINUOUS
10
4.6371397637795271
20
-5.5403674803149601
11
4.6372820866141735
21
-5.5399922440944884
0
LINE
8
BLACK
6
CONTINUOUS
10
4.6372820866141735
20
-5.5399922440944884
11
4.6375709055118106
21
-5.5376135433070868
0
LINE
8
BLACK
6
CONTINUOUS
10
4.6375709055118106
20
-5.5376135433070868
11
4.6376156692913382
21
-5.5373196062992127
0
LINE
8
BLACK
6
CONTINUOUS
10
4.6376156692913382
20
-5.5373196062992127
11
4.6380472834645667
21
-5.5349643700787396
0
LINE
8
BLACK
6
CONTINUOUS
10
4.6380472834645667
20
-5.5349643700787396
11
4.6379027559055119
21
-5.5325748818897633
0
LINE
8
BLACK
6
CONTINUOUS
10
4.6379027559055119
20
-5.5325748818897633
11
4.6378937007874015
21
-5.5322753937007869
0
LINE
8
BLACK
6
CONTINUOUS
10
4.6378937007874015
20
-5.5322753937007869
11
4.6378937007874015
21
-5.4943790944881892
0
LINE
8
BLACK
6
CONTINUOUS
10
4.6378937007874015
20
-5.4943790944881892
11
4.6386811811023625
21
-5.4916971653543305
0
LINE
8
BLACK
6
CONTINUOUS
10
4.6386811811023625
20
-5.4916971653543305
11
4.6389451968503934
21
-5.4913513779527561
0
LINE
8
BLACK
6
CONTINUOUS
10
4.6389451968503934
20
-5.4913513779527561
11
4.6389431889763779
21
-5.4913499212598422
0
LINE
8
BLACK
6
CONTINUOUS
10
4.6389431889763779
20
-5.4913499212598422
11
4.6390958661417319
21
-5.4911397244094484
0
LINE
8
BLACK
6
CONTINUOUS
10
4.6390958661417319
20
-5.4911397244094484
11
4.6390960629921256
21
-5.4911395275590547
0
LINE
8
BLACK
6
CONTINUOUS
10
4.6390960629921256
20
-5.4911395275590547
11
4.6428553937007875
21
-5.4846281889763775
0
LINE
8
BLACK
6
CONTINUOUS
10
4.6428553937007875
20
-5.4846281889763775
11
4.6451788188976373
21
-5.4774774803149606
0
LINE
8
BLACK
6
CONTINUOUS
10
4.6451788188976373
20
-5.4774774803149606
11
4.6459647244094491
21
-5.4699999999999998
0
LINE
8
BLACK
6
CONTINUOUS
10
4.6459647244094491
20
-5.4699999999999998
11
4.6451788188976373
21
-5.4625225196850389
0
LINE
8
BLACK
6
CONTINUOUS
10
4.6451788188976373
20
-5.4625225196850389
11
4.6428553937007875
21
-5.455371811023622
0
LINE
8
BLACK
6
CONTINUOUS
10
4.6428553937007875
20
-5.455371811023622
11
4.6390960629921256
21
-5.4488604724409448
0
LINE
8
BLACK
6
CONTINUOUS
10
4.6390960629921256
20
-5.4488604724409448
11
4.6390959842519681
21
-5.4488603937007873
0
LINE
8
BLACK
6
CONTINUOUS
10
4.6390959842519681
20
-5.4488603937007873
11
4.6390958267716531
21
-5.4488601574803148
0
LINE
8
BLACK
6
CONTINUOUS
10
4.6390958267716531
20
-5.4488601574803148
11
4.6340651574803147
21
-5.4432730314960631
0
LINE
8
BLACK
6
CONTINUOUS
10
4.6340651574803147
20
-5.4432730314960631
11
4.6279823622047243
21
-5.4388536220472439
0
LINE
8
BLACK
6
CONTINUOUS
10
4.6279823622047243
20
-5.4388536220472439
11
4.6211137007874017
21
-5.4357955118110235
0
LINE
8
BLACK
6
CONTINUOUS
10
4.6211137007874017
20
-5.4357955118110235
11
4.6137593307086613
21
-5.4342322834645671
0
LINE
8
BLACK
6
CONTINUOUS
10
4.6137593307086613
20
-5.4342322834645671
11
4.6062406692913385
21
-5.4342322834645671
0
LINE
8
BLACK
6
CONTINUOUS
10
4.6062406692913385
20
-5.4342322834645671
11
4.5988862598425193
21
-5.4357955118110235
0
LINE
8
BLACK
6
CONTINUOUS
10
4.5988862598425193
20
-5.4357955118110235
11
4.5920175984251967
21
-5.4388536220472439
0
LINE
8
BLACK
6
CONTINUOUS
10
4.5920175984251967
20
-5.4388536220472439
11
4.5859348031496063
21
-5.4432730314960631
0
LINE
8
BLACK
6
CONTINUOUS
10
4.5859348031496063
20
-5.4432730314960631
11
4.5809041338582679
21
-5.4488601574803148
0
LINE
8
BLACK
6
CONTINUOUS
10
4.5809041338582679
20
-5.4488601574803148
11
4.5809038582677166
21
-5.4488605511811024
0
LINE
8
BLACK
6
CONTINUOUS
10
4.5809038582677166
20
-5.4488605511811024
11
4.577144803149606
21
-5.4553714566929132
0
LINE
8
BLACK
6
CONTINUOUS
10
4.577144803149606
20
-5.4553714566929132
11
4.5771446062992123
21
-5.455371811023622
0
LINE
8
BLACK
6
CONTINUOUS
10
4.5771446062992123
20
-5.455371811023622
11
4.577144488188976
21
-5.4553721653543308
0
LINE
8
BLACK
6
CONTINUOUS
10
4.577144488188976
20
-5.4553721653543308
11
4.5748211417322837
21
-5.4625225196850389
0
LINE
8
BLACK
6
CONTINUOUS
10
4.5748211417322837
20
-5.4625225196850389
11
4.5740573228346459
21
-5.4697901574803147
0
LINE
8
BLACK
6
CONTINUOUS
10
4.5740573228346459
20
-5.4697901574803147
11
4.572993818897638
21
-5.4723750787401571
0
LINE
8
BLACK
6
CONTINUOUS
10
4.572993818897638
20
-5.4723750787401571
11
4.5707016141732284
21
-5.4739746850393702
0
LINE
8
BLACK
6
CONTINUOUS
10
4.5707016141732284
20
-5.4739746850393702
11
4.5691238582677167
21
-5.4742322834645671
0
LINE
8
BLACK
6
CONTINUOUS
10
4.5691238582677167
20
-5.4742322834645671
11
4.5662406692913384
21
-5.4742322834645671
0
LINE
8
BLACK
6
CONTINUOUS
10
4.5662406692913384
20
-5.4742322834645671
11
4.5588862598425193
21
-5.4757955118110235
0
LINE
8
BLACK
6
CONTINUOUS
10
4.5588862598425193
20
-5.4757955118110235
11
4.5520176377952755
21
-5.4788536220472439
0
LINE
8
BLACK
6
CONTINUOUS
10
4.5520176377952755
20
-5.4788536220472439
11
4.5497070866141733
21
-5.4805323228346454
0
LINE
8
BLACK
6
CONTINUOUS
10
4.5497070866141733
20
-5.4805323228346454
11
4.5470744881889766
21
-5.4814716141732278
0
LINE
8
BLACK
6
CONTINUOUS
10
4.5470744881889766
20
-5.4814716141732278
11
4.5443520078740161
21
-5.480838503937008
0
LINE
8
BLACK
6
CONTINUOUS
10
4.5443520078740161
20
-5.480838503937008
11
4.5424039763779529
21
-5.4788339763779526
0
LINE
8
BLACK
6
CONTINUOUS
10
4.5424039763779529
20
-5.4788339763779526
11
4.5418307086614176
21
-5.4765190551181098
0
LINE
8
BLACK
6
CONTINUOUS
10
4.5418307086614176
20
-5.4765190551181098
11
4.5418307086614176
21
-5.4608779133858265
0
LINE
8
BLACK
6
CONTINUOUS
10
4.5418307086614176
20
-5.4608779133858265
11
4.5426181889763777
21
-5.4581959842519687
0
LINE
8
BLACK
6
CONTINUOUS
10
4.5426181889763777
20
-5.4581959842519687
11
4.5438756299212599
21
-5.4568646062992121
0
LINE
8
BLACK
6
CONTINUOUS
10
4.5438756299212599
20
-5.4568646062992121
11
4.5440650787401573
21
-5.456727007874016
0
LINE
8
BLACK
6
CONTINUOUS
10
4.5440650787401573
20
-5.456727007874016
11
4.5484421653543308
21
-5.451865748031496
0
LINE
8
BLACK
6
CONTINUOUS
10
4.5484421653543308
20
-5.451865748031496
11
4.5490958267716533
21
-5.4511398031496059
0
LINE
8
BLACK
6
CONTINUOUS
10
4.5490958267716533
20
-5.4511398031496059
11
4.5490959842519683
21
-5.4511396062992121
0
LINE
8
BLACK
6
CONTINUOUS
10
4.5490959842519683
20
-5.4511396062992121
11
4.5490960629921258
21
-5.4511395275590546
0
LINE
8
BLACK
6
CONTINUOUS
10
4.5490960629921258
20
-5.4511395275590546
11
4.5528553937007876
21
-5.4446281889763775
0
LINE
8
BLACK
6
CONTINUOUS
10
4.5528553937007876
20
-5.4446281889763775
11
4.5551788188976374
21
-5.4374774803149606
0
LINE
8
BLACK
6
CONTINUOUS
10
4.5551788188976374
20
-5.4374774803149606
11
4.5559647244094483
21
-5.4299999999999997
0
LINE
8
BLACK
6
CONTINUOUS
10
4.5559647244094483
20
-5.4299999999999997
11
4.5551788188976374
21
-5.4225225196850388
0
LINE
8
BLACK
6
CONTINUOUS
10
4.5551788188976374
20
-5.4225225196850388
11
4.5528553937007876
21
-5.415371811023622
0
LINE
8
BLACK
6
CONTINUOUS
10
4.5528553937007876
20
-5.415371811023622
11
4.5490960629921258
21
-5.4088604724409448
0
LINE
8
BLACK
6
CONTINUOUS
10
4.5490960629921258
20
-5.4088604724409448
11
4.5490959842519683
21
-5.4088603937007873
0
LINE
8
BLACK
6
CONTINUOUS
10
4.5490959842519683
20
-5.4088603937007873
11
4.5490958267716533
21
-5.4088601574803148
0
LINE
8
BLACK
6
CONTINUOUS
10
4.5490958267716533
20
-5.4088601574803148
11
4.5440651574803148
21
-5.4032730314960631
0
LINE
8
BLACK
6
CONTINUOUS
10
4.5440651574803148
20
-5.4032730314960631
11
4.5379823622047244
21
-5.3988536220472438
0
LINE
8
BLACK
6
CONTINUOUS
10
4.5379823622047244
20
-5.3988536220472438
11
4.5311137007874018
21
-5.3957955118110235
0
LINE
8
BLACK
6
CONTINUOUS
10
4.5311137007874018
20
-5.3957955118110235
11
4.5237593307086614
21
-5.3942322834645671
0
LINE
8
BLACK
6
CONTINUOUS
10
4.5237593307086614
20
-5.3942322834645671
11
4.5162406692913386
21
-5.3942322834645671
0
LINE
8
BLACK
6
CONTINUOUS
10
4.5162406692913386
20
-5.3942322834645671
11
4.5088862598425195
21
-5.3957955118110235
0
LINE
8
BLACK
6
CONTINUOUS
10
4.5088862598425195
20
-5.3957955118110235
11
4.5020175984251969
21
-5.3988536220472438
0
LINE
8
BLACK
6
CONTINUOUS
10
4.5020175984251969
20
-5.3988536220472438
11
4.4959348031496065
21
-5.4032730314960631
0
LINE
8
BLACK
6
CONTINUOUS
10
4.4959348031496065
20
-5.4032730314960631
11
4.490904133858268
21
-5.4088601574803148
0
LINE
8
BLACK
6
CONTINUOUS
10
4.490904133858268
20
-5.4088601574803148
11
4.4909038582677168
21
-5.4088605511811023
0
LINE
8
BLACK
6
CONTINUOUS
10
4.4909038582677168
20
-5.4088605511811023
11
4.4883561417322833
21
-5.4132733464566929
0
LINE
8
BLACK
6
CONTINUOUS
10
4.4883561417322833
20
-5.4132733464566929
11
4.4871446062992124
21
-5.415371811023622
0
LINE
8
BLACK
6
CONTINUOUS
10
4.4871446062992124
20
-5.415371811023622
11
4.4869400393700785
21
-5.4160013779527558
0
LINE
8
BLACK
6
CONTINUOUS
10
4.4869400393700785
20
-5.4160013779527558
11
4.484821141732283
21
-5.4225225196850388
0
LINE
8
BLACK
6
CONTINUOUS
10
4.484821141732283
20
-5.4225225196850388
11
4.4840352755905508
21
-5.4299999999999997
0
LINE
8
BLACK
6
CONTINUOUS
10
4.4840352755905508
20
-5.4299999999999997
11
4.484821141732283
21
-5.4374774409448818
0
LINE
8
BLACK
6
CONTINUOUS
10
4.484821141732283
20
-5.4374774409448818
11
4.4858005118110231
21
-5.4404914960629922
0
LINE
8
BLACK
6
CONTINUOUS
10
4.4858005118110231
20
-5.4404914960629922
11
4.4860433070866144
21
-5.4420244488188976
0
LINE
8
BLACK
6
CONTINUOUS
10
4.4860433070866144
20
-5.4420244488188976
11
4.4860433070866144
21
-5.565691299212598
0
LINE
8
BLACK
6
CONTINUOUS
10
4.4860433070866144
20
-5.565691299212598
11
4.4852558267716534
21
-5.5683732283464566
0
LINE
8
BLACK
6
CONTINUOUS
10
4.4852558267716534
20
-5.5683732283464566
11
4.4831433858267715
21
-5.5702036614173229
0
LINE
8
BLACK
6
CONTINUOUS
10
4.4831433858267715
20
-5.5702036614173229
11
4.4816129133858267
21
-5.570623503937008
0
LINE
8
BLACK
6
CONTINUOUS
10
4.4816129133858267
20
-5.570623503937008
11
4.4796379133858268
21
-5.5708357874015748
0
LINE
8
BLACK
6
CONTINUOUS
10
4.4796379133858268
20
-5.5708357874015748
11
4.4796375984251968
21
-5.5708358661417323
0
LINE
8
BLACK
6
CONTINUOUS
10
4.4796375984251968
20
-5.5708358661417323
11
4.4742439763779522
21
-5.5728476377952756
0
LINE
8
BLACK
6
CONTINUOUS
10
4.4742439763779522
20
-5.5728476377952756
11
4.4742437795275594
21
-5.5728477165354331
0
LINE
8
BLACK
6
CONTINUOUS
10
4.4742437795275594
20
-5.5728477165354331
11
4.4696353543307081
21
-5.5762975984251968
0
LINE
8
BLACK
6
CONTINUOUS
10
4.4696353543307081
20
-5.5762975984251968
11
4.4679081496062993
21
-5.5786048425196846
0
LINE
8
BLACK
6
CONTINUOUS
10
4.4679081496062993
20
-5.5786048425196846
11
4.4656705118110231
21
-5.5802798818897639
0
LINE
8
BLACK
6
CONTINUOUS
10
4.4656705118110231
20
-5.5802798818897639
11
4.4628825196850395
21
-5.5804792519685043
0
LINE
8
BLACK
6
CONTINUOUS
10
4.4628825196850395
20
-5.5804792519685043
11
4.460429291338583
21
-5.5791396850393697
0
LINE
8
BLACK
6
CONTINUOUS
10
4.460429291338583
20
-5.5791396850393697
11
4.4599658661417321
21
-5.5786048425196846
0
LINE
8
BLACK
6
CONTINUOUS
10
4.4599658661417321
20
-5.5786048425196846
11
4.4582386220472436
21
-5.5762975984251968
0
LINE
8
BLACK
6
CONTINUOUS
10
4.4582386220472436
20
-5.5762975984251968
11
4.4536301968503933
21
-5.5728477165354331
0
LINE
8
BLACK
6
CONTINUOUS
10
4.4536301968503933
20
-5.5728477165354331
11
4.4536299999999995
21
-5.5728476377952756
0
LINE
8
BLACK
6
CONTINUOUS
10
4.4536299999999995
20
-5.5728476377952756
11
4.4482363779527558
21
-5.5708358661417323
0
LINE
8
BLACK
6
CONTINUOUS
10
4.4482363779527558
20
-5.5708358661417323
11
4.4482360629921258
21
-5.5708357874015748
0
LINE
8
BLACK
6
CONTINUOUS
10
4.4482360629921258
20
-5.5708357874015748
11
4.4458523228346456
21
-5.5705795275590546
0
LINE
8
BLACK
6
CONTINUOUS
10
4.4458523228346456
20
-5.5705795275590546
11
4.4458518897637793
21
-5.5705795275590546
0
LINE
8
BLACK
6
CONTINUOUS
10
4.4458518897637793
20
-5.5705795275590546
11
4.3928543307086612
21
-5.5705795275590546
0
LINE
8
BLACK
6
CONTINUOUS
10
4.3928543307086612
20
-5.5705795275590546
11
4.3901724015748034
21
-5.5697920472440945
0
LINE
8
BLACK
6
CONTINUOUS
10
4.3901724015748034
20
-5.5697920472440945
11
4.3883419685039371
21
-5.5676796062992127
0
LINE
8
BLACK
6
CONTINUOUS
10
4.3883419685039371
20
-5.5676796062992127
11
4.3878937007874015
21
-5.5656188976377949
0
LINE
8
BLACK
6
CONTINUOUS
10
4.3878937007874015
20
-5.5656188976377949
11
4.3878937007874015
21
-5.4943787007874016
0
LINE
8
BLACK
6
CONTINUOUS
10
4.3878937007874015
20
-5.4943787007874016
11
4.3886811811023625
21
-5.491696771653543
0
LINE
8
BLACK
6
CONTINUOUS
10
4.3886811811023625
20
-5.491696771653543
11
4.3889451968503934
21
-5.4913509842519685
0
LINE
8
BLACK
6
CONTINUOUS
10
4.3889451968503934
20
-5.4913509842519685
11
4.3889431889763779
21
-5.4913495275590547
0
LINE
8
BLACK
6
CONTINUOUS
10
4.3889431889763779
20
-5.4913495275590547
11
4.3890959055118106
21
-5.4911392913385821
0
LINE
8
BLACK
6
CONTINUOUS
10
4.3890959055118106
20
-5.4911392913385821
11
4.3890960629921256
21
-5.491139133858268
0
LINE
8
BLACK
6
CONTINUOUS
10
4.3890960629921256
20
-5.491139133858268
11
4.3928553937007875
21
-5.4846277952755909
0
LINE
8
BLACK
6
CONTINUOUS
10
4.3928553937007875
20
-5.4846277952755909
11
4.3951788188976373
21
-5.4774770866141731
0
LINE
8
BLACK
6
CONTINUOUS
10
4.3951788188976373
20
-5.4774770866141731
11
4.3959647244094491
21
-5.4699996062992122
0
LINE
8
BLACK
6
CONTINUOUS
10
4.3959647244094491
20
-5.4699996062992122
11
4.3951788188976373
21
-5.4625221259842522
0
LINE
8
BLACK
6
CONTINUOUS
10
4.3951788188976373
20
-5.4625221259842522
11
4.3928553937007875
21
-5.4553714173228345
0
LINE
8
BLACK
6
CONTINUOUS
10
4.3928553937007875
20
-5.4553714173228345
11
4.3890960629921256
21
-5.4488600787401573
0
LINE
8
BLACK
6
CONTINUOUS
10
4.3890960629921256
20
-5.4488600787401573
11
4.3890959842519681
21
-5.4488599999999998
0
LINE
8
BLACK
6
CONTINUOUS
10
4.3890959842519681
20
-5.4488599999999998
11
4.3890958267716531
21
-5.4488597637795273
0
LINE
8
BLACK
6
CONTINUOUS
10
4.3890958267716531
20
-5.4488597637795273
11
4.3840651574803147
21
-5.4432726377952756
0
LINE
8
BLACK
6
CONTINUOUS
10
4.3840651574803147
20
-5.4432726377952756
11
4.3779823622047243
21
-5.4388532283464563
0
LINE
8
BLACK
6
CONTINUOUS
10
4.3779823622047243
20
-5.4388532283464563
11
4.3711137007874017
21
-5.435795118110236
0
LINE
8
BLACK
6
CONTINUOUS
10
4.3711137007874017
20
-5.435795118110236
11
4.3637593307086613
21
-5.4342318897637796
0
LINE
8
BLACK
6
CONTINUOUS
10
4.3637593307086613
20
-5.4342318897637796
11
4.3562406692913385
21
-5.4342318897637796
0
LINE
8
BLACK
6
CONTINUOUS
10
4.3562406692913385
20
-5.4342318897637796
11
4.3488862598425193
21
-5.435795118110236
0
LINE
8
BLACK
6
CONTINUOUS
10
4.3488862598425193
20
-5.435795118110236
11
4.3420175984251967
21
-5.4388532283464563
0
LINE
8
BLACK
6
CONTINUOUS
10
4.3420175984251967
20
-5.4388532283464563
11
4.3359348031496063
21
-5.4432726377952756
0
LINE
8
BLACK
6
CONTINUOUS
10
4.3359348031496063
20
-5.4432726377952756
11
4.3309041338582679
21
-5.4488597637795273
0
LINE
8
BLACK
6
CONTINUOUS
10
4.3309041338582679
20
-5.4488597637795273
11
4.3309038582677166
21
-5.4488601574803148
0
LINE
8
BLACK
6
CONTINUOUS
10
4.3309038582677166
20
-5.4488601574803148
11
4.3272379527559055
21
-5.4552097244094488
0
LINE
8
BLACK
6
CONTINUOUS
10
4.3272379527559055
20
-5.4552097244094488
11
4.3271446062992123
21
-5.4553714173228345
0
LINE
8
BLACK
6
CONTINUOUS
10
4.3271446062992123
20
-5.4553714173228345
11
4.3267042125984254
21
-5.4567268110236222
0
LINE
8
BLACK
6
CONTINUOUS
10
4.3267042125984254
20
-5.4567268110236222
11
4.3248211417322837
21
-5.4625221259842522
0
LINE
8
BLACK
6
CONTINUOUS
10
4.3248211417322837
20
-5.4625221259842522
11
4.3240352755905507
21
-5.4699996062992122
0
LINE
8
BLACK
6
CONTINUOUS
10
4.3240352755905507
20
-5.4699996062992122
11
4.3248211417322837
21
-5.4774770472440943
0
LINE
8
BLACK
6
CONTINUOUS
10
4.3319379527559052
20
-6.810839015748031
11
4.3326222047244096
21
-6.8153787007874014
0
LINE
8
BLACK
6
CONTINUOUS
10
4.3326222047244096
20
-6.8153787007874014
11
4.3356666535433073
21
-6.8252485826771654
0
LINE
8
BLACK
6
CONTINUOUS
10
4.3356666535433073
20
-6.8252485826771654
11
4.335666850393701
21
-6.8252490944881892
0
LINE
8
BLACK
6
CONTINUOUS
10
4.335666850393701
20
-6.8252490944881892
11
4.3401485433070865
21
-6.8345553543307087
0
LINE
8
BLACK
6
CONTINUOUS
10
4.3401485433070865
20
-6.8345553543307087
11
4.3401487007874016
21
-6.83455562992126
0
LINE
8
BLACK
6
CONTINUOUS
10
4.3401487007874016
20
-6.83455562992126
11
4.345967007874016
21
-6.8430894488188976
0
LINE
8
BLACK
6
CONTINUOUS
10
4.345967007874016
20
-6.8430894488188976
11
4.3459672047244098
21
-6.8430897244094488
0
LINE
8
BLACK
6
CONTINUOUS
10
4.3459672047244098
20
-6.8430897244094488
11
4.3529928740157482
21
-6.8506616141732284
0
LINE
8
BLACK
6
CONTINUOUS
10
4.3529928740157482
20
-6.8506616141732284
11
4.3610686220472443
21
-6.8571018110236217
0
LINE
8
BLACK
6
CONTINUOUS
10
4.3610686220472443
20
-6.8571018110236217
11
4.3610687401574806
21
-6.8571018897637792
0
LINE
8
BLACK
6
CONTINUOUS
10
4.3610687401574806
20
-6.8571018897637792
11
4.3700138582677166
21
-6.8622663779527562
0
LINE
8
BLACK
6
CONTINUOUS
10
4.3700138582677166
20
-6.8622663779527562
11
4.3700140157480316
21
-6.8622664173228349
0
LINE
8
BLACK
6
CONTINUOUS
10
4.3700140157480316
20
-6.8622664173228349
11
4.3700140551181104
21
-6.8622664566929128
0
LINE
8
BLACK
6
CONTINUOUS
10
4.3700140551181104
20
-6.8622664566929128
11
4.3796292913385821
21
-6.8660401574803149
0
LINE
8
BLACK
6
CONTINUOUS
10
4.3796292913385821
20
-6.8660401574803149
11
4.3896996062992129
21
-6.8683386614173223
0
LINE
8
BLACK
6
CONTINUOUS
10
4.3896996062992129
20
-6.8683386614173223
11
4.397421496062992
21
-6.8689173228346458
0
LINE
8
BLACK
6
CONTINUOUS
10
4.397421496062992
20
-6.8689173228346458
11
4.3974215354330708
21
-6.8689173228346458
0
LINE
8
BLACK
6
CONTINUOUS
10
4.3974215354330708
20
-6.8689173228346458
11
4.402578464566929
21
-6.8689173228346458
0
LINE
8
BLACK
6
CONTINUOUS
10
4.402578464566929
20
-6.8689173228346458
11
4.4025785039370078
21
-6.8689173228346458
0
LINE
8
BLACK
6
CONTINUOUS
10
4.4025785039370078
20
-6.8689173228346458
11
4.410300393700787
21
-6.8683386614173223
0
LINE
8
BLACK
6
CONTINUOUS
10
4.410300393700787
20
-6.8683386614173223
11
4.4203707086614168
21
-6.8660401574803149
0
LINE
8
BLACK
6
CONTINUOUS
10
4.4203707086614168
20
-6.8660401574803149
11
4.4299859448818895
21
-6.8622664566929128
0
LINE
8
BLACK
6
CONTINUOUS
10
4.4299859448818895
20
-6.8622664566929128
11
4.429986023622047
21
-6.8622663779527562
0
LINE
8
BLACK
6
CONTINUOUS
10
4.429986023622047
20
-6.8622663779527562
11
4.4299861023622045
21
-6.8622663779527562
0
LINE
8
BLACK
6
CONTINUOUS
10
4.4299861023622045
20
-6.8622663779527562
11
4.4344586614173229
21
-6.8596841338582673
0
LINE
8
BLACK
6
CONTINUOUS
10
4.4344586614173229
20
-6.8596841338582673
11
4.4389313779527555
21
-6.8571018110236217
0
LINE
8
BLACK
6
CONTINUOUS
10
4.4389313779527555
20
-6.8571018110236217
11
4.4470071259842516
21
-6.8506616141732284
0
LINE
8
BLACK
6
CONTINUOUS
10
4.4470071259842516
20
-6.8506616141732284
11
4.45403279527559
21
-6.8430897244094488
0
LINE
8
BLACK
6
CONTINUOUS
10
4.45403279527559
20
-6.8430897244094488
11
4.459851496062992
21
-6.8345552755905512
0
LINE
8
BLACK
6
CONTINUOUS
10
4.459851496062992
20
-6.8345552755905512
11
4.4643331889763775
21
-6.8252489370078742
0
LINE
8
BLACK
6
CONTINUOUS
10
4.4643331889763775
20
-6.8252489370078742
11
4.4654083464566927
21
-6.8217633464566925
0
LINE
8
BLACK
6
CONTINUOUS
10
4.4654083464566927
20
-6.8217633464566925
11
4.4673777559055114
21
-6.8153787007874014
0
LINE
8
BLACK
6
CONTINUOUS
10
4.4673777559055114
20
-6.8153787007874014
11
4.4679332677165355
21
-6.8116931889763777
0
LINE
8
BLACK
6
CONTINUOUS
10
4.4679332677165355
20
-6.8116931889763777
11
4.4689173228346455
21
-6.8051646456692909
0
LINE
8
BLACK
6
CONTINUOUS
10
4.4689173228346455
20
-6.8051646456692909
11
4.4689173228346455
21
-6.80391531496063
0
LINE
8
BLACK
6
CONTINUOUS
10
4.4689173228346455
20
-6.80391531496063
11
4.4689173228346455
21
-6.7948353543307087
0
LINE
8
BLACK
6
CONTINUOUS
10
4.4689173228346455
20
-6.7948353543307087
11
4.4673777952755902
21
-6.7846214566929133
0
LINE
8
BLACK
6
CONTINUOUS
10
4.4673777952755902
20
-6.7846214566929133
11
4.4673777559055114
21
-6.7846213779527558
0
LINE
8
BLACK
6
CONTINUOUS
10
4.4673777559055114
20
-6.7846213779527558
11
4.4673777559055114
21
-6.7846212598425195
0
LINE
8
BLACK
6
CONTINUOUS
10
4.4673777559055114
20
-6.7846212598425195
11
4.4643333070866138
21
-6.7747513779527555
0
LINE
8
BLACK
6
CONTINUOUS
10
4.4643333070866138
20
-6.7747513779527555
11
4.46433311023622
21
-6.7747508661417317
0
LINE
8
BLACK
6
CONTINUOUS
10
4.46433311023622
20
-6.7747508661417317
11
4.4624351968503939
21
-6.770809842519685
0
LINE
8
BLACK
6
CONTINUOUS
10
4.4624351968503939
20
-6.770809842519685
11
4.459851496062992
21
-6.7654447244094484
0
LINE
8
BLACK
6
CONTINUOUS
10
4.459851496062992
20
-6.7654447244094484
11
4.4598514173228345
21
-6.7654446062992122
0
LINE
8
BLACK
6
CONTINUOUS
10
4.4598514173228345
20
-6.7654446062992122
11
4.4598512598425195
21
-6.7654443307086609
0
LINE
8
BLACK
6
CONTINUOUS
10
4.4598512598425195
20
-6.7654443307086609
11
4.4540329527559051
21
-6.7569105118110233
0
LINE
8
BLACK
6
CONTINUOUS
10
4.4540329527559051
20
-6.7569105118110233
11
4.45403279527559
21
-6.7569102755905508
0
LINE
8
BLACK
6
CONTINUOUS
10
4.45403279527559
20
-6.7569102755905508
11
4.4470071259842516
21
-6.7493383858267713
0
LINE
8
BLACK
6
CONTINUOUS
10
4.4470071259842516
20
-6.7493383858267713
11
4.4389313779527555
21
-6.7428981889763779
0
LINE
8
BLACK
6
CONTINUOUS
10
4.4389313779527555
20
-6.7428981889763779
11
4.4389311811023617
21
-6.7428980708661417
0
LINE
8
BLACK
6
CONTINUOUS
10
4.4389311811023617
20
-6.7428980708661417
11
4.4389312204724405
21
-6.7428980708661417
0
LINE
8
BLACK
6
CONTINUOUS
10
4.4389312204724405
20
-6.7428980708661417
11
4.4299861023622045
21
-6.7377335826771656
0
LINE
8
BLACK
6
CONTINUOUS
10
4.4299861023622045
20
-6.7377335826771656
11
4.4299857874015744
21
-6.7377334645669293
0
LINE
8
BLACK
6
CONTINUOUS
10
4.4299857874015744
20
-6.7377334645669293
11
4.4203708267716531
21
-6.7339598818897635
0
LINE
8
BLACK
6
CONTINUOUS
10
4.4203708267716531
20
-6.7339598818897635
11
4.4203707480314955
21
-6.7339598425196847
0
LINE
8
BLACK
6
CONTINUOUS
10
4.4203707480314955
20
-6.7339598425196847
11
4.4103005118110232
21
-6.7316613385826773
0
LINE
8
BLACK
6
CONTINUOUS
10
4.4103005118110232
20
-6.7316613385826773
11
4.4045089763779526
21
-6.7312273228346458
0
LINE
8
BLACK
6
CONTINUOUS
10
4.4045089763779526
20
-6.7312273228346458
11
4.4025785039370078
21
-6.7310826771653538
0
LINE
8
BLACK
6
CONTINUOUS
10
4.4025785039370078
20
-6.7310826771653538
11
4.397421496062992
21
-6.7310826771653538
0
LINE
8
BLACK
6
CONTINUOUS
10
4.397421496062992
20
-6.7310826771653538
11
4.3958770866141732
21
-6.7311983858267714
0
LINE
8
BLACK
6
CONTINUOUS
10
4.3958770866141732
20
-6.7311983858267714
11
4.3896994488188978
21
-6.7316613385826773
0
LINE
8
BLACK
6
CONTINUOUS
10
4.3896994488188978
20
-6.7316613385826773
11
4.3796292125984255
21
-6.7339598425196847
0
LINE
8
BLACK
6
CONTINUOUS
10
4.3796292125984255
20
-6.7339598425196847
11
4.379629133858268
21
-6.7339598818897635
0
LINE
8
BLACK
6
CONTINUOUS
10
4.379629133858268
20
-6.7339598818897635
11
4.3700141732283466
21
-6.7377334645669293
0
LINE
8
BLACK
6
CONTINUOUS
10
4.3700141732283466
20
-6.7377334645669293
11
4.3700138582677166
21
-6.7377335826771656
0
LINE
8
BLACK
6
CONTINUOUS
10
4.3700138582677166
20
-6.7377335826771656
11
4.3610687401574806
21
-6.7428980708661417
0
LINE
8
BLACK
6
CONTINUOUS
10
4.3610687401574806
20
-6.7428980708661417
11
4.3529928346456694
21
-6.7493383858267713
0
LINE
8
BLACK
6
CONTINUOUS
10
4.3529928346456694
20
-6.7493383858267713
11
4.345967165354331
21
-6.7569103149606295
0
LINE
8
BLACK
6
CONTINUOUS
10
4.345967165354331
20
-6.7569103149606295
11
4.345967007874016
21
-6.7569105118110233
0
LINE
8
BLACK
6
CONTINUOUS
10
4.345967007874016
20
-6.7569105118110233
11
4.3401487007874016
21
-6.7654443307086609
0
LINE
8
BLACK
6
CONTINUOUS
10
4.3401487007874016
20
-6.7654443307086609
11
4.3401485433070865
21
-6.7654446062992122
0
LINE
8
BLACK
6
CONTINUOUS
10
4.3401485433070865
20
-6.7654446062992122
11
4.335666850393701
21
-6.7747508661417317
0
LINE
8
BLACK
6
CONTINUOUS
10
4.335666850393701
20
-6.7747508661417317
11
4.3356666535433073
21
-6.7747513779527555
0
LINE
8
BLACK
6
CONTINUOUS
10
4.3356666535433073
20
-6.7747513779527555
11
4.3326222047244096
21
-6.7846212598425195
0
LINE
8
BLACK
6
CONTINUOUS
10
4.3326222047244096
20
-6.7846212598425195
11
4.3317668897637791
21
-6.7902958267716533
0
LINE
8
BLACK
6
CONTINUOUS
10
4.3317668897637791
20
-6.7902958267716533
11
4.3310826771653543
21
-6.7948353543307087
0
LINE
8
BLACK
6
CONTINUOUS
10
4.3310826771653543
20
-6.7948353543307087
11
4.3310826771653543
21
-6.8051646456692909
0
LINE
8
BLACK
6
CONTINUOUS
10
4.3310826771653543
20
-6.8051646456692909
11
4.3319379527559052
21
-6.810839015748031
0
LINE
8
BLACK
6
CONTINUOUS
10
5.9319379527559057
20
-6.810839015748031
11
5.9326222047244093
21
-6.8153787007874014
0
LINE
8
BLACK
6
CONTINUOUS
10
5.9326222047244093
20
-6.8153787007874014
11
5.9356666535433069
21
-6.8252485826771654
0
LINE
8
BLACK
6
CONTINUOUS
10
5.9356666535433069
20
-6.8252485826771654
11
5.9356668503937007
21
-6.8252490944881892
0
LINE
8
BLACK
6
CONTINUOUS
10
5.9356668503937007
20
-6.8252490944881892
11
5.9401485433070862
21
-6.8345553543307087
0
LINE
8
BLACK
6
CONTINUOUS
10
5.9401485433070862
20
-6.8345553543307087
11
5.9401487007874012
21
-6.83455562992126
0
LINE
8
BLACK
6
CONTINUOUS
10
5.9401487007874012
20
-6.83455562992126
11
5.9459670078740157
21
-6.8430894488188976
0
LINE
8
BLACK
6
CONTINUOUS
10
5.9459670078740157
20
-6.8430894488188976
11
5.9459672047244094
21
-6.8430897244094488
0
LINE
8
BLACK
6
CONTINUOUS
10
5.9459672047244094
20
-6.8430897244094488
11
5.9529928740157478
21
-6.8506616141732284
0
LINE
8
BLACK
6
CONTINUOUS
10
5.9529928740157478
20
-6.8506616141732284
11
5.961068622047244
21
-6.8571018110236217
0
LINE
8
BLACK
6
CONTINUOUS
10
5.961068622047244
20
-6.8571018110236217
11
5.9610687401574802
21
-6.8571018897637792
0
LINE
8
BLACK
6
CONTINUOUS
10
5.9610687401574802
20
-6.8571018897637792
11
5.9700138582677162
21
-6.8622663779527562
0
LINE
8
BLACK
6
CONTINUOUS
10
5.9700138582677162
20
-6.8622663779527562
11
5.9700140157480313
21
-6.8622664173228349
0
LINE
8
BLACK
6
CONTINUOUS
10
5.9700140157480313
20
-6.8622664173228349
11
5.97001405511811
21
-6.8622664566929128
0
LINE
8
BLACK
6
CONTINUOUS
10
5.97001405511811
20
-6.8622664566929128
11
5.9796292913385827
21
-6.8660401574803149
0
LINE
8
BLACK
6
CONTINUOUS
10
5.9796292913385827
20
-6.8660401574803149
11
5.9896996062992125
21
-6.8683386614173223
0
LINE
8
BLACK
6
CONTINUOUS
10
5.9896996062992125
20
-6.8683386614173223
11
5.9974214960629917
21
-6.8689173228346458
0
LINE
8
BLACK
6
CONTINUOUS
10
5.9974214960629917
20
-6.8689173228346458
11
5.9974215354330704
21
-6.8689173228346458
0
LINE
8
BLACK
6
CONTINUOUS
10
5.9974215354330704
20
-6.8689173228346458
11
6.0025784645669287
21
-6.8689173228346458
0
LINE
8
BLACK
6
CONTINUOUS
10
6.0025784645669287
20
-6.8689173228346458
11
6.0025785039370074
21
-6.8689173228346458
0
LINE
8
BLACK
6
CONTINUOUS
10
6.0025785039370074
20
-6.8689173228346458
11
6.0103003937007875
21
-6.8683386614173223
0
LINE
8
BLACK
6
CONTINUOUS
10
6.0103003937007875
20
-6.8683386614173223
11
6.0203707086614173
21
-6.8660401574803149
0
LINE
8
BLACK
6
CONTINUOUS
10
6.0203707086614173
20
-6.8660401574803149
11
6.02998594488189
21
-6.8622664566929128
0
LINE
8
BLACK
6
CONTINUOUS
10
6.02998594488189
20
-6.8622664566929128
11
6.0299860236220475
21
-6.8622663779527562
0
LINE
8
BLACK
6
CONTINUOUS
10
6.0299860236220475
20
-6.8622663779527562
11
6.029986102362205
21
-6.8622663779527562
0
LINE
8
BLACK
6
CONTINUOUS
10
6.029986102362205
20
-6.8622663779527562
11
6.0344586614173226
21
-6.8596841338582673
0
LINE
8
BLACK
6
CONTINUOUS
10
6.0344586614173226
20
-6.8596841338582673
11
6.038931377952756
21
-6.8571018110236217
0
LINE
8
BLACK
6
CONTINUOUS
10
6.038931377952756
20
-6.8571018110236217
11
6.0470071259842522
21
-6.8506616141732284
0
LINE
8
BLACK
6
CONTINUOUS
10
6.0470071259842522
20
-6.8506616141732284
11
6.0540327952755906
21
-6.8430897244094488
0
LINE
8
BLACK
6
CONTINUOUS
10
6.0540327952755906
20
-6.8430897244094488
11
6.0598514960629917
21
-6.8345552755905512
0
LINE
8
BLACK
6
CONTINUOUS
10
6.0598514960629917
20
-6.8345552755905512
11
6.0643331889763781
21
-6.8252489370078742
0
LINE
8
BLACK
6
CONTINUOUS
10
6.0643331889763781
20
-6.8252489370078742
11
6.0654083464566924
21
-6.8217633464566925
0
LINE
8
BLACK
6
CONTINUOUS
10
6.0654083464566924
20
-6.8217633464566925
11
6.067377755905512
21
-6.8153787007874014
0
LINE
8
BLACK
6
CONTINUOUS
10
6.067377755905512
20
-6.8153787007874014
11
6.0679332677165352
21
-6.8116931889763777
0
LINE
8
BLACK
6
CONTINUOUS
10
6.0679332677165352
20
-6.8116931889763777
11
6.0689173228346451
21
-6.8051646456692909
0
LINE
8
BLACK
6
CONTINUOUS
10
6.0689173228346451
20
-6.8051646456692909
11
6.0689173228346451
21
-6.7948353543307087
0
LINE
8
BLACK
6
CONTINUOUS
10
6.0689173228346451
20
-6.7948353543307087
11
6.0673777952755907
21
-6.7846214566929133
0
LINE
8
BLACK
6
CONTINUOUS
10
6.0673777952755907
20
-6.7846214566929133
11
6.067377755905512
21
-6.7846213779527558
0
LINE
8
BLACK
6
CONTINUOUS
10
6.067377755905512
20
-6.7846213779527558
11
6.067377755905512
21
-6.7846212598425195
0
LINE
8
BLACK
6
CONTINUOUS
10
6.067377755905512
20
-6.7846212598425195
11
6.0643333070866143
21
-6.7747513779527555
0
LINE
8
BLACK
6
CONTINUOUS
10
6.0643333070866143
20
-6.7747513779527555
11
6.0643331102362206
21
-6.7747508661417317
0
LINE
8
BLACK
6
CONTINUOUS
10
6.0643331102362206
20
-6.7747508661417317
11
6.0624351968503936
21
-6.770809842519685
0
LINE
8
BLACK
6
CONTINUOUS
10
6.0624351968503936
20
-6.770809842519685
11
6.0598514960629917
21
-6.7654447244094484
0
LINE
8
BLACK
6
CONTINUOUS
10
6.0598514960629917
20
-6.7654447244094484
11
6.0598514173228342
21
-6.7654446062992122
0
LINE
8
BLACK
6
CONTINUOUS
10
6.0598514173228342
20
-6.7654446062992122
11
6.0598512598425192
21
-6.7654443307086609
0
LINE
8
BLACK
6
CONTINUOUS
10
6.0598512598425192
20
-6.7654443307086609
11
6.0540329527559056
21
-6.7569105118110233
0
LINE
8
BLACK
6
CONTINUOUS
10
6.0540329527559056
20
-6.7569105118110233
11
6.0540327952755906
21
-6.7569102755905508
0
LINE
8
BLACK
6
CONTINUOUS
10
6.0540327952755906
20
-6.7569102755905508
11
6.0470071259842522
21
-6.7493383858267713
0
LINE
8
BLACK
6
CONTINUOUS
10
6.0470071259842522
20
-6.7493383858267713
11
6.038931377952756
21
-6.7428981889763779
0
LINE
8
BLACK
6
CONTINUOUS
10
6.038931377952756
20
-6.7428981889763779
11
6.0389311811023623
21
-6.7428980708661417
0
LINE
8
BLACK
6
CONTINUOUS
10
6.0389311811023623
20
-6.7428980708661417
11
6.038931220472441
21
-6.7428980708661417
0
LINE
8
BLACK
6
CONTINUOUS
10
6.038931220472441
20
-6.7428980708661417
11
6.029986102362205
21
-6.7377335826771656
0
LINE
8
BLACK
6
CONTINUOUS
10
6.029986102362205
20
-6.7377335826771656
11
6.029985787401575
21
-6.7377334645669293
0
LINE
8
BLACK
6
CONTINUOUS
10
6.029985787401575
20
-6.7377334645669293
11
6.0203708267716536
21
-6.7339598818897635
0
LINE
8
BLACK
6
CONTINUOUS
10
6.0203708267716536
20
-6.7339598818897635
11
6.0203707480314961
21
-6.7339598425196847
0
LINE
8
BLACK
6
CONTINUOUS
10
6.0203707480314961
20
-6.7339598425196847
11
6.0103005118110238
21
-6.7316613385826773
0
LINE
8
BLACK
6
CONTINUOUS
10
6.0103005118110238
20
-6.7316613385826773
11
6.0045089763779522
21
-6.7312273228346458
0
LINE
8
BLACK
6
CONTINUOUS
10
6.0045089763779522
20
-6.7312273228346458
11
6.0025785039370074
21
-6.7310826771653538
0
LINE
8
BLACK
6
CONTINUOUS
10
6.0025785039370074
20
-6.7310826771653538
11
5.9974214960629917
21
-6.7310826771653538
0
LINE
8
BLACK
6
CONTINUOUS
10
5.9974214960629917
20
-6.7310826771653538
11
5.9958770866141728
21
-6.7311983858267714
0
LINE
8
BLACK
6
CONTINUOUS
10
5.9958770866141728
20
-6.7311983858267714
11
5.9896994488188975
21
-6.7316613385826773
0
LINE
8
BLACK
6
CONTINUOUS
10
5.9896994488188975
20
-6.7316613385826773
11
5.9796292125984252
21
-6.7339598425196847
0
LINE
8
BLACK
6
CONTINUOUS
10
5.9796292125984252
20
-6.7339598425196847
11
5.9796291338582677
21
-6.7339598818897635
0
LINE
8
BLACK
6
CONTINUOUS
10
5.9796291338582677
20
-6.7339598818897635
11
5.9700141732283463
21
-6.7377334645669293
0
LINE
8
BLACK
6
CONTINUOUS
10
5.9700141732283463
20
-6.7377334645669293
11
5.9700138582677162
21
-6.7377335826771656
0
LINE
8
BLACK
6
CONTINUOUS
10
5.9700138582677162
20
-6.7377335826771656
11
5.9610687401574802
21
-6.7428980708661417
0
LINE
8
BLACK
6
CONTINUOUS
10
5.9610687401574802
20
-6.7428980708661417
11
5.9529928346456691
21
-6.7493383858267713
0
LINE
8
BLACK
6
CONTINUOUS
10
5.9529928346456691
20
-6.7493383858267713
11
5.9459671653543307
21
-6.7569103149606295
0
LINE
8
BLACK
6
CONTINUOUS
10
5.9459671653543307
20
-6.7569103149606295
11
5.9459670078740157
21
-6.7569105118110233
0
LINE
8
BLACK
6
CONTINUOUS
10
5.9459670078740157
20
-6.7569105118110233
11
5.9401487007874012
21
-6.7654443307086609
0
LINE
8
BLACK
6
CONTINUOUS
10
5.9401487007874012
20
-6.7654443307086609
11
5.9401485433070862
21
-6.7654446062992122
0
LINE
8
BLACK
6
CONTINUOUS
10
5.9401485433070862
20
-6.7654446062992122
11
5.9356668503937007
21
-6.7747508661417317
0
LINE
8
BLACK
6
CONTINUOUS
10
5.9356668503937007
20
-6.7747508661417317
11
5.9356666535433069
21
-6.7747513779527555
0
LINE
8
BLACK
6
CONTINUOUS
10
5.9356666535433069
20
-6.7747513779527555
11
5.9326222047244093
21
-6.7846212598425195
0
LINE
8
BLACK
6
CONTINUOUS
10
5.9326222047244093
20
-6.7846212598425195
11
5.9317668897637796
21
-6.7902958267716533
0
LINE
8
BLACK
6
CONTINUOUS
10
5.9317668897637796
20
-6.7902958267716533
11
5.931082677165354
21
-6.7948353543307087
0
LINE
8
BLACK
6
CONTINUOUS
10
5.931082677165354
20
-6.7948353543307087
11
5.931082677165354
21
-6.8051646456692909
0
LINE
8
BLACK
6
CONTINUOUS
10
5.931082677165354
20
-6.8051646456692909
11
5.9319379527559057
21
-6.810839015748031
0
LINE
8
BLACK
6
CONTINUOUS
10
4.3319379527559052
20
-5.2108390157480313
11
4.3326222047244096
21
-5.2153787007874017
0
LINE
8
BLACK
6
CONTINUOUS
10
4.3326222047244096
20
-5.2153787007874017
11
4.3356666535433073
21
-5.2252485826771649
0
LINE
8
BLACK
6
CONTINUOUS
10
4.3356666535433073
20
-5.2252485826771649
11
4.335666850393701
21
-5.2252490944881886
0
LINE
8
BLACK
6
CONTINUOUS
10
4.335666850393701
20
-5.2252490944881886
11
4.3401485433070865
21
-5.2345553543307082
0
LINE
8
BLACK
6
CONTINUOUS
10
4.3401485433070865
20
-5.2345553543307082
11
4.3401487007874016
21
-5.2345556299212594
0
LINE
8
BLACK
6
CONTINUOUS
10
4.3401487007874016
20
-5.2345556299212594
11
4.345967007874016
21
-5.2430894488188979
0
LINE
8
BLACK
6
CONTINUOUS
10
4.345967007874016
20
-5.2430894488188979
11
4.3459672047244098
21
-5.2430897244094483
0
LINE
8
BLACK
6
CONTINUOUS
10
4.3459672047244098
20
-5.2430897244094483
11
4.3529928740157482
21
-5.2506616141732279
0
LINE
8
BLACK
6
CONTINUOUS
10
4.3529928740157482
20
-5.2506616141732279
11
4.3610686220472443
21
-5.2571018110236221
0
LINE
8
BLACK
6
CONTINUOUS
10
4.3610686220472443
20
-5.2571018110236221
11
4.3610687401574806
21
-5.2571018897637796
0
LINE
8
BLACK
6
CONTINUOUS
10
4.3610687401574806
20
-5.2571018897637796
11
4.3700138582677166
21
-5.2622663779527556
0
LINE
8
BLACK
6
CONTINUOUS
10
4.3700138582677166
20
-5.2622663779527556
11
4.3700140157480316
21
-5.2622664173228344
0
LINE
8
BLACK
6
CONTINUOUS
10
4.3700140157480316
20
-5.2622664173228344
11
4.3700140551181104
21
-5.2622664566929132
0
LINE
8
BLACK
6
CONTINUOUS
10
4.3700140551181104
20
-5.2622664566929132
11
4.3796292913385821
21
-5.2660401574803144
0
LINE
8
BLACK
6
CONTINUOUS
10
4.3796292913385821
20
-5.2660401574803144
11
4.3896996062992129
21
-5.2683386614173227
0
LINE
8
BLACK
6
CONTINUOUS
10
4.3896996062992129
20
-5.2683386614173227
11
4.397421496062992
21
-5.2689173228346453
0
LINE
8
BLACK
6
CONTINUOUS
10
4.397421496062992
20
-5.2689173228346453
11
4.3974215354330708
21
-5.2689173228346453
0
LINE
8
BLACK
6
CONTINUOUS
10
4.3974215354330708
20
-5.2689173228346453
11
4.402578464566929
21
-5.2689173228346453
0
LINE
8
BLACK
6
CONTINUOUS
10
4.402578464566929
20
-5.2689173228346453
11
4.4025785039370078
21
-5.2689173228346453
0
LINE
8
BLACK
6
CONTINUOUS
10
4.4025785039370078
20
-5.2689173228346453
11
4.410300393700787
21
-5.2683386614173227
0
LINE
8
BLACK
6
CONTINUOUS
10
4.410300393700787
20
-5.2683386614173227
11
4.4203707086614168
21
-5.2660401574803144
0
LINE
8
BLACK
6
CONTINUOUS
10
4.4203707086614168
20
-5.2660401574803144
11
4.4299859448818895
21
-5.2622664566929132
0
LINE
8
BLACK
6
CONTINUOUS
10
4.4299859448818895
20
-5.2622664566929132
11
4.429986023622047
21
-5.2622663779527556
0
LINE
8
BLACK
6
CONTINUOUS
10
4.429986023622047
20
-5.2622663779527556
11
4.4299861023622045
21
-5.2622663779527556
0
LINE
8
BLACK
6
CONTINUOUS
10
4.4299861023622045
20
-5.2622663779527556
11
4.4344586614173229
21
-5.2596841338582676
0
LINE
8
BLACK
6
CONTINUOUS
10
4.4344586614173229
20
-5.2596841338582676
11
4.4389313779527555
21
-5.2571018110236221
0
LINE
8
BLACK
6
CONTINUOUS
10
4.4389313779527555
20
-5.2571018110236221
11
4.4470071259842516
21
-5.2506616141732279
0
LINE
8
BLACK
6
CONTINUOUS
10
4.4470071259842516
20
-5.2506616141732279
11
4.45403279527559
21
-5.2430897244094483
0
LINE
8
BLACK
6
CONTINUOUS
10
4.45403279527559
20
-5.2430897244094483
11
4.459851496062992
21
-5.2345552755905507
0
LINE
8
BLACK
6
CONTINUOUS
10
4.459851496062992
20
-5.2345552755905507
11
4.4643331889763775
21
-5.2252489370078736
0
LINE
8
BLACK
6
CONTINUOUS
10
4.4643331889763775
20
-5.2252489370078736
11
4.4673777952755902
21
-5.2153785433070867
0
LINE
8
BLACK
6
CONTINUOUS
10
4.4673777952755902
20
-5.2153785433070867
11
4.4689173228346455
21
-5.2051646456692913
0
LINE
8
BLACK
6
CONTINUOUS
10
4.4689173228346455
20
-5.2051646456692913
11
4.4689173228346455
21
-5.1948353543307082
0
LINE
8
BLACK
6
CONTINUOUS
10
4.4689173228346455
20
-5.1948353543307082
11
4.4673777952755902
21
-5.1846214566929136
0
LINE
8
BLACK
6
CONTINUOUS
10
4.4673777952755902
20
-5.1846214566929136
11
4.4673777559055114
21
-5.1846213779527561
0
LINE
8
BLACK
6
CONTINUOUS
10
4.4673777559055114
20
-5.1846213779527561
11
4.4673777559055114
21
-5.1846212598425199
0
LINE
8
BLACK
6
CONTINUOUS
10
4.4673777559055114
20
-5.1846212598425199
11
4.4643333070866138
21
-5.1747513779527559
0
LINE
8
BLACK
6
CONTINUOUS
10
4.4643333070866138
20
-5.1747513779527559
11
4.46433311023622
21
-5.1747508661417321
0
LINE
8
BLACK
6
CONTINUOUS
10
4.46433311023622
20
-5.1747508661417321
11
4.4624351968503939
21
-5.1708098425196853
0
LINE
8
BLACK
6
CONTINUOUS
10
4.4624351968503939
20
-5.1708098425196853
11
4.459851496062992
21
-5.1654447244094488
0
LINE
8
BLACK
6
CONTINUOUS
10
4.459851496062992
20
-5.1654447244094488
11
4.4598514173228345
21
-5.1654446062992125
0
LINE
8
BLACK
6
CONTINUOUS
10
4.4598514173228345
20
-5.1654446062992125
11
4.4598512598425195
21
-5.1654443307086613
0
LINE
8
BLACK
6
CONTINUOUS
10
4.4598512598425195
20
-5.1654443307086613
11
4.4540329527559051
21
-5.1569105118110237
0
LINE
8
BLACK
6
CONTINUOUS
10
4.4540329527559051
20
-5.1569105118110237
11
4.45403279527559
21
-5.1569102755905512
0
LINE
8
BLACK
6
CONTINUOUS
10
4.45403279527559
20
-5.1569102755905512
11
4.4470071259842516
21
-5.1493383858267716
0
LINE
8
BLACK
6
CONTINUOUS
10
4.4470071259842516
20
-5.1493383858267716
11
4.4389313779527555
21
-5.1428981889763774
0
LINE
8
BLACK
6
CONTINUOUS
10
4.4389313779527555
20
-5.1428981889763774
11
4.4389311811023617
21
-5.142898070866142
0
LINE
8
BLACK
6
CONTINUOUS
10
4.4389311811023617
20
-5.142898070866142
11
4.4389312204724405
21
-5.142898070866142
0
LINE
8
BLACK
6
CONTINUOUS
10
4.4389312204724405
20
-5.142898070866142
11
4.4299861023622045
21
-5.1377335826771651
0
LINE
8
BLACK
6
CONTINUOUS
10
4.4299861023622045
20
-5.1377335826771651
11
4.4299857874015744
21
-5.1377334645669288
0
LINE
8
BLACK
6
CONTINUOUS
10
4.4299857874015744
20
-5.1377334645669288
11
4.4203708267716531
21
-5.1339598818897638
0
LINE
8
BLACK
6
CONTINUOUS
10
4.4203708267716531
20
-5.1339598818897638
11
4.4203707480314955
21
-5.1339598425196851
0
LINE
8
BLACK
6
CONTINUOUS
10
4.4203707480314955
20
-5.1339598425196851
11
4.4103005118110232
21
-5.1316613385826768
0
LINE
8
BLACK
6
CONTINUOUS
10
4.4103005118110232
20
-5.1316613385826768
11
4.4045089763779526
21
-5.1312273228346452
0
LINE
8
BLACK
6
CONTINUOUS
10
4.4045089763779526
20
-5.1312273228346452
11
4.4025785039370078
21
-5.1310826771653542
0
LINE
8
BLACK
6
CONTINUOUS
10
4.4025785039370078
20
-5.1310826771653542
11
4.397421496062992
21
-5.1310826771653542
0
LINE
8
BLACK
6
CONTINUOUS
10
4.397421496062992
20
-5.1310826771653542
11
4.3958770866141732
21
-5.1311983858267718
0
LINE
8
BLACK
6
CONTINUOUS
10
4.3958770866141732
20
-5.1311983858267718
11
4.3896994488188978
21
-5.1316613385826768
0
LINE
8
BLACK
6
CONTINUOUS
10
4.3896994488188978
20
-5.1316613385826768
11
4.3796292125984255
21
-5.1339598425196851
0
LINE
8
BLACK
6
CONTINUOUS
10
4.3796292125984255
20
-5.1339598425196851
11
4.379629133858268
21
-5.1339598818897638
0
LINE
8
BLACK
6
CONTINUOUS
10
4.379629133858268
20
-5.1339598818897638
11
4.3700141732283466
21
-5.1377334645669288
0
LINE
8
BLACK
6
CONTINUOUS
10
4.3700141732283466
20
-5.1377334645669288
11
4.3700138582677166
21
-5.1377335826771651
0
LINE
8
BLACK
6
CONTINUOUS
10
4.3700138582677166
20
-5.1377335826771651
11
4.3610687401574806
21
-5.142898070866142
0
LINE
8
BLACK
6
CONTINUOUS
10
4.3610687401574806
20
-5.142898070866142
11
4.3529928346456694
21
-5.1493383858267716
0
LINE
8
BLACK
6
CONTINUOUS
10
4.3529928346456694
20
-5.1493383858267716
11
4.345967165354331
21
-5.1569103149606299
0
LINE
8
BLACK
6
CONTINUOUS
10
4.345967165354331
20
-5.1569103149606299
11
4.345967007874016
21
-5.1569105118110237
0
LINE
8
BLACK
6
CONTINUOUS
10
4.345967007874016
20
-5.1569105118110237
11
4.3401487007874016
21
-5.1654443307086613
0
LINE
8
BLACK
6
CONTINUOUS
10
4.3401487007874016
20
-5.1654443307086613
11
4.3401485433070865
21
-5.1654446062992125
0
LINE
8
BLACK
6
CONTINUOUS
10
4.3401485433070865
20
-5.1654446062992125
11
4.335666850393701
21
-5.1747508661417321
0
LINE
8
BLACK
6
CONTINUOUS
10
4.335666850393701
20
-5.1747508661417321
11
4.3356666535433073
21
-5.1747513779527559
0
LINE
8
BLACK
6
CONTINUOUS
10
4.3356666535433073
20
-5.1747513779527559
11
4.3326222047244096
21
-5.1846212598425199
0
LINE
8
BLACK
6
CONTINUOUS
10
4.3326222047244096
20
-5.1846212598425199
11
4.3317668897637791
21
-5.1902958267716537
0
LINE
8
BLACK
6
CONTINUOUS
10
4.3317668897637791
20
-5.1902958267716537
11
4.3310826771653543
21
-5.1948353543307082
0
LINE
8
BLACK
6
CONTINUOUS
10
4.3310826771653543
20
-5.1948353543307082
11
4.3310826771653543
21
-5.2051646456692913
0
LINE
8
BLACK
6
CONTINUOUS
10
4.3310826771653543
20
-5.2051646456692913
11
4.3319379527559052
21
-5.2108390157480313
0
LINE
8
BLACK
6
CONTINUOUS
10
5.9319379527559057
20
-5.2108390157480313
11
5.9326222047244093
21
-5.2153787007874017
0
LINE
8
BLACK
6
CONTINUOUS
10
5.9326222047244093
20
-5.2153787007874017
11
5.9356666535433069
21
-5.2252485826771649
0
LINE
8
BLACK
6
CONTINUOUS
10
5.9356666535433069
20
-5.2252485826771649
11
5.9356668503937007
21
-5.2252490944881886
0
LINE
8
BLACK
6
CONTINUOUS
10
5.9356668503937007
20
-5.2252490944881886
11
5.9401485433070862
21
-5.2345553543307082
0
LINE
8
BLACK
6
CONTINUOUS
10
5.9401485433070862
20
-5.2345553543307082
11
5.9401487007874012
21
-5.2345556299212594
0
LINE
8
BLACK
6
CONTINUOUS
10
5.9401487007874012
20
-5.2345556299212594
11
5.9459670078740157
21
-5.2430894488188979
0
LINE
8
BLACK
6
CONTINUOUS
10
5.9459670078740157
20
-5.2430894488188979
11
5.9459672047244094
21
-5.2430897244094483
0
LINE
8
BLACK
6
CONTINUOUS
10
5.9459672047244094
20
-5.2430897244094483
11
5.9529928740157478
21
-5.2506616141732279
0
LINE
8
BLACK
6
CONTINUOUS
10
5.9529928740157478
20
-5.2506616141732279
11
5.961068622047244
21
-5.2571018110236221
0
LINE
8
BLACK
6
CONTINUOUS
10
5.961068622047244
20
-5.2571018110236221
11
5.9610687401574802
21
-5.2571018897637796
0
LINE
8
BLACK
6
CONTINUOUS
10
5.9610687401574802
20
-5.2571018897637796
11
5.9700138582677162
21
-5.2622663779527556
0
LINE
8
BLACK
6
CONTINUOUS
10
5.9700138582677162
20
-5.2622663779527556
11
5.9700140157480313
21
-5.2622664173228344
0
LINE
8
BLACK
6
CONTINUOUS
10
5.9700140157480313
20
-5.2622664173228344
11
5.97001405511811
21
-5.2622664566929132
0
LINE
8
BLACK
6
CONTINUOUS
10
5.97001405511811
20
-5.2622664566929132
11
5.9796292913385827
21
-5.2660401574803144
0
LINE
8
BLACK
6
CONTINUOUS
10
5.9796292913385827
20
-5.2660401574803144
11
5.9896996062992125
21
-5.2683386614173227
0
LINE
8
BLACK
6
CONTINUOUS
10
5.9896996062992125
20
-5.2683386614173227
11
5.9974214960629917
21
-5.2689173228346453
0
LINE
8
BLACK
6
CONTINUOUS
10
5.9974214960629917
20
-5.2689173228346453
11
5.9974215354330704
21
-5.2689173228346453
0
LINE
8
BLACK
6
CONTINUOUS
10
5.9974215354330704
20
-5.2689173228346453
11
6.0025784645669287
21
-5.2689173228346453
0
LINE
8
BLACK
6
CONTINUOUS
10
6.0025784645669287
20
-5.2689173228346453
11
6.0025785039370074
21
-5.2689173228346453
0
LINE
8
BLACK
6
CONTINUOUS
10
6.0025785039370074
20
-5.2689173228346453
11
6.0103003937007875
21
-5.2683386614173227
0
LINE
8
BLACK
6
CONTINUOUS
10
6.0103003937007875
20
-5.2683386614173227
11
6.0203707086614173
21
-5.2660401574803144
0
LINE
8
BLACK
6
CONTINUOUS
10
6.0203707086614173
20
-5.2660401574803144
11
6.02998594488189
21
-5.2622664566929132
0
LINE
8
BLACK
6
CONTINUOUS
10
6.02998594488189
20
-5.2622664566929132
11
6.0299860236220475
21
-5.2622663779527556
0
LINE
8
BLACK
6
CONTINUOUS
10
6.0299860236220475
20
-5.2622663779527556
11
6.029986102362205
21
-5.2622663779527556
0
LINE
8
BLACK
6
CONTINUOUS
10
6.029986102362205
20
-5.2622663779527556
11
6.0344586614173226
21
-5.2596841338582676
0
LINE
8
BLACK
6
CONTINUOUS
10
6.0344586614173226
20
-5.2596841338582676
11
6.038931377952756
21
-5.2571018110236221
0
LINE
8
BLACK
6
CONTINUOUS
10
6.038931377952756
20
-5.2571018110236221
11
6.0470071259842522
21
-5.2506616141732279
0
LINE
8
BLACK
6
CONTINUOUS
10
6.0470071259842522
20
-5.2506616141732279
11
6.0540327952755906
21
-5.2430897244094483
0
LINE
8
BLACK
6
CONTINUOUS
10
6.0540327952755906
20
-5.2430897244094483
11
6.0598514960629917
21
-5.2345552755905507
0
LINE
8
BLACK
6
CONTINUOUS
10
6.0598514960629917
20
-5.2345552755905507
11
6.0643331889763781
21
-5.2252489370078736
0
LINE
8
BLACK
6
CONTINUOUS
10
6.0643331889763781
20
-5.2252489370078736
11
6.0673777952755907
21
-5.2153785433070867
0
LINE
8
BLACK
6
CONTINUOUS
10
6.0673777952755907
20
-5.2153785433070867
11
6.0689173228346451
21
-5.2051646456692913
0
LINE
8
BLACK
6
CONTINUOUS
10
6.0689173228346451
20
-5.2051646456692913
11
6.0689173228346451
21
-5.1948353543307082
0
LINE
8
BLACK
6
CONTINUOUS
10
6.0689173228346451
20
-5.1948353543307082
11
6.0673777952755907
21
-5.1846214566929136
0
LINE
8
BLACK
6
CONTINUOUS
10
6.0673777952755907
20
-5.1846214566929136
11
6.067377755905512
21
-5.1846213779527561
0
LINE
8
BLACK
6
CONTINUOUS
10
6.067377755905512
20
-5.1846213779527561
11
6.067377755905512
21
-5.1846212598425199
0
LINE
8
BLACK
6
CONTINUOUS
10
6.067377755905512
20
-5.1846212598425199
11
6.0643333070866143
21
-5.1747513779527559
0
LINE
8
BLACK
6
CONTINUOUS
10
6.0643333070866143
20
-5.1747513779527559
11
6.0643331102362206
21
-5.1747508661417321
0
LINE
8
BLACK
6
CONTINUOUS
10
6.0643331102362206
20
-5.1747508661417321
11
6.0624351968503936
21
-5.1708098425196853
0
LINE
8
BLACK
6
CONTINUOUS
10
6.0624351968503936
20
-5.1708098425196853
11
6.0598514960629917
21
-5.1654447244094488
0
LINE
8
BLACK
6
CONTINUOUS
10
6.0598514960629917
20
-5.1654447244094488
11
6.0598514173228342
21
-5.1654446062992125
0
LINE
8
BLACK
6
CONTINUOUS
10
6.0598514173228342
20
-5.1654446062992125
11
6.0598512598425192
21
-5.1654443307086613
0
LINE
8
BLACK
6
CONTINUOUS
10
6.0598512598425192
20
-5.1654443307086613
11
6.0540329527559056
21
-5.1569105118110237
0
LINE
8
BLACK
6
CONTINUOUS
10
6.0540329527559056
20
-5.1569105118110237
11
6.0540327952755906
21
-5.1569102755905512
0
LINE
8
BLACK
6
CONTINUOUS
10
6.0540327952755906
20
-5.1569102755905512
11
6.0470071259842522
21
-5.1493383858267716
0
LINE
8
BLACK
6
CONTINUOUS
10
6.0470071259842522
20
-5.1493383858267716
11
6.038931377952756
21
-5.1428981889763774
0
LINE
8
BLACK
6
CONTINUOUS
10
6.038931377952756
20
-5.1428981889763774
11
6.0389311811023623
21
-5.142898070866142
0
LINE
8
BLACK
6
CONTINUOUS
10
6.0389311811023623
20
-5.142898070866142
11
6.038931220472441
21
-5.142898070866142
0
LINE
8
BLACK
6
CONTINUOUS
10
6.038931220472441
20
-5.142898070866142
11
6.029986102362205
21
-5.1377335826771651
0
LINE
8
BLACK
6
CONTINUOUS
10
6.029986102362205
20
-5.1377335826771651
11
6.029985787401575
21
-5.1377334645669288
0
LINE
8
BLACK
6
CONTINUOUS
10
6.029985787401575
20
-5.1377334645669288
11
6.0203708267716536
21
-5.1339598818897638
0
LINE
8
BLACK
6
CONTINUOUS
10
6.0203708267716536
20
-5.1339598818897638
11
6.0203707480314961
21
-5.1339598425196851
0
LINE
8
BLACK
6
CONTINUOUS
10
6.0203707480314961
20
-5.1339598425196851
11
6.0103005118110238
21
-5.1316613385826768
0
LINE
8
BLACK
6
CONTINUOUS
10
6.0103005118110238
20
-5.1316613385826768
11
6.0045089763779522
21
-5.1312273228346452
0
LINE
8
BLACK
6
CONTINUOUS
10
6.0045089763779522
20
-5.1312273228346452
11
6.0025785039370074
21
-5.1310826771653542
0
LINE
8
BLACK
6
CONTINUOUS
10
6.0025785039370074
20
-5.1310826771653542
11
5.9974214960629917
21
-5.1310826771653542
0
LINE
8
BLACK
6
CONTINUOUS
10
5.9974214960629917
20
-5.1310826771653542
11
5.9958770866141728
21
-5.1311983858267718
0
LINE
8
BLACK
6
CONTINUOUS
10
5.9958770866141728
20
-5.1311983858267718
11
5.9896994488188975
21
-5.1316613385826768
0
LINE
8
BLACK
6
CONTINUOUS
10
5.9896994488188975
20
-5.1316613385826768
11
5.9796292125984252
21
-5.1339598425196851
0
LINE
8
BLACK
6
CONTINUOUS
10
5.9796292125984252
20
-5.1339598425196851
11
5.9796291338582677
21
-5.1339598818897638
0
LINE
8
BLACK
6
CONTINUOUS
10
5.9796291338582677
20
-5.1339598818897638
11
5.9700141732283463
21
-5.1377334645669288
0
LINE
8
BLACK
6
CONTINUOUS
10
5.9700141732283463
20
-5.1377334645669288
11
5.9700138582677162
21
-5.1377335826771651
0
LINE
8
BLACK
6
CONTINUOUS
10
5.9700138582677162
20
-5.1377335826771651
11
5.9610687401574802
21
-5.142898070866142
0
LINE
8
BLACK
6
CONTINUOUS
10
5.9610687401574802
20
-5.142898070866142
11
5.9529928346456691
21
-5.1493383858267716
0
LINE
8
BLACK
6
CONTINUOUS
10
5.9529928346456691
20
-5.1493383858267716
11
5.9459671653543307
21
-5.1569103149606299
0
LINE
8
BLACK
6
CONTINUOUS
10
5.9459671653543307
20
-5.1569103149606299
11
5.9459670078740157
21
-5.1569105118110237
0
LINE
8
BLACK
6
CONTINUOUS
10
5.9459670078740157
20
-5.1569105118110237
11
5.9401487007874012
21
-5.1654443307086613
0
LINE
8
BLACK
6
CONTINUOUS
10
5.9401487007874012
20
-5.1654443307086613
11
5.9401485433070862
21
-5.1654446062992125
0
LINE
8
BLACK
6
CONTINUOUS
10
5.9401485433070862
20
-5.1654446062992125
11
5.9356668503937007
21
-5.1747508661417321
0
LINE
8
BLACK
6
CONTINUOUS
10
5.9356668503937007
20
-5.1747508661417321
11
5.9356666535433069
21
-5.1747513779527559
0
LINE
8
BLACK
6
CONTINUOUS
10
5.9356666535433069
20
-5.1747513779527559
11
5.9326222047244093
21
-5.1846212598425199
0
LINE
8
BLACK
6
CONTINUOUS
10
5.9326222047244093
20
-5.1846212598425199
11
5.9317668897637796
21
-5.1902958267716537
0
LINE
8
BLACK
6
CONTINUOUS
10
5.9317668897637796
20
-5.1902958267716537
11
5.931082677165354
21
-5.1948353543307082
0
LINE
8
BLACK
6
CONTINUOUS
10
5.931082677165354
20
-5.1948353543307082
11
5.931082677165354
21
-5.2051646456692913
0
LINE
8
BLACK
6
CONTINUOUS
10
5.931082677165354
20
-5.2051646456692913
11
5.9319379527559057
21
-5.2108390157480313
0
CIRCLE
8
BLACK
10
5.1319999999999997
20
-6.7720000000000002
40
0.0068897637795276
0
CIRCLE
8
BLACK
10
5.1319999999999997
20
-6.6719999999999997
40
0.0068897637795276
0
CIRCLE
8
BLACK
10
5.2320000000000002
20
-6.7720000000000002
40
0.0068897637795276
0
CIRCLE
8
BLACK
10
5.2320000000000002
20
-6.6719999999999997
40
0.0068897637795276
0
CIRCLE
8
BLACK
10
5.3319999999999999
20
-6.7720000000000002
40
0.0068897637795276
0
CIRCLE
8
BLACK
10
5.3319999999999999
20
-6.6719999999999997
40
0.0068897637795276
0
CIRCLE
8
BLACK
10
4.4199999999999999
20
-6.0348511811023622
40
0.0068897637795276
0
CIRCLE
8
BLACK
10
4.5199999999999996
20
-6.0348511811023622
40
0.0068897637795276
0
CIRCLE
8
BLACK
10
4.4199999999999999
20
-6.1348511811023618
40
0.0068897637795276
0
CIRCLE
8
BLACK
10
4.5199999999999996
20
-6.1348511811023618
40
0.0068897637795276
0
CIRCLE
8
BLACK
10
4.4199999999999999
20
-6.2348511811023624
40
0.0068897637795276
0
CIRCLE
8
BLACK
10
4.5199999999999996
20
-6.2348511811023624
40
0.0068897637795276
0
CIRCLE
8
BLACK
10
5.1623622047244098
20
-5.6187094488188976
40
0.0068897637795276
0
CIRCLE
8
BLACK
10
5.2623622047244094
20
-5.6187094488188976
40
0.0068897637795276
0
CIRCLE
8
BLACK
10
5.1623622047244098
20
-5.7187094488188972
40
0.0068897637795276
0
CIRCLE
8
BLACK
10
5.2623622047244094
20
-5.7187094488188972
40
0.0068897637795276
0
CIRCLE
8
BLACK
10
5.1623622047244098
20
-5.8187094488188977
40
0.0068897637795276
0
CIRCLE
8
BLACK
10
5.2623622047244094
20
-5.8187094488188977
40
0.0068897637795276
0
CIRCLE
8
BLACK
10
4.4139370078740159
20
-5.6205992125984254
40
0.0068897637795276
0
CIRCLE
8
BLACK
10
4.5139370078740155
20
-5.6205992125984254
40
0.0068897637795276
0
CIRCLE
8
BLACK
10
4.4139370078740159
20
-5.7205992125984251
40
0.0068897637795276
0
CIRCLE
8
BLACK
10
4.5139370078740155
20
-5.7205992125984251
40
0.0068897637795276
0
CIRCLE
8
BLACK
10
4.4139370078740159
20
-5.8205992125984247
40
0.0068897637795276
0
CIRCLE
8
BLACK
10
4.5139370078740155
20
-5.8205992125984247
40
0.0068897637795276
0
CIRCLE
8
BLACK
10
5.4123622047244098
20
-5.6187094488188976
40
0.0068897637795276
0
CIRCLE
8
BLACK
10
5.5123622047244094
20
-5.6187094488188976
40
0.0068897637795276
0
CIRCLE
8
BLACK
10
5.4123622047244098
20
-5.7187094488188972
40
0.0068897637795276
0
CIRCLE
8
BLACK
10
5.5123622047244094
20
-5.7187094488188972
40
0.0068897637795276
0
CIRCLE
8
BLACK
10
5.4123622047244098
20
-5.8187094488188977
40
0.0068897637795276
0
CIRCLE
8
BLACK
10
5.5123622047244094
20
-5.8187094488188977
40
0.0068897637795276
0
CIRCLE
8
BLACK
10
4.6623622047244098
20
-5.6187094488188976
40
0.0068897637795276
0
CIRCLE
8
BLACK
10
4.7623622047244094
20
-5.6187094488188976
40
0.0068897637795276
0
CIRCLE
8
BLACK
10
4.6623622047244098
20
-5.7187094488188972
40
0.0068897637795276
0
CIRCLE
8
BLACK
10
4.7623622047244094
20
-5.7187094488188972
40
0.0068897637795276
0
CIRCLE
8
BLACK
10
4.6623622047244098
20
-5.8187094488188977
40
0.0068897637795276
0
CIRCLE
8
BLACK
10
4.7623622047244094
20
-5.8187094488188977
40
0.0068897637795276
0
CIRCLE
8
BLACK
10
5.6623622047244089
20
-5.6187094488188976
40
0.0068897637795276
0
CIRCLE
8
BLACK
10
5.7623622047244094
20
-5.6187094488188976
40
0.0068897637795276
0
CIRCLE
8
BLACK
10
5.6623622047244089
20
-5.7187094488188972
40
0.0068897637795276
0
CIRCLE
8
BLACK
10
5.7623622047244094
20
-5.7187094488188972
40
0.0068897637795276
0
CIRCLE
8
BLACK
10
5.6623622047244089
20
-5.8187094488188977
40
0.0068897637795276
0
CIRCLE
8
BLACK
10
5.7623622047244094
20
-5.8187094488188977
40
0.0068897637795276
0
CIRCLE
8
BLACK
10
4.9088188976377953
20
-5.6229614173228342
40
0.0068897637795276
0
CIRCLE
8
BLACK
10
5.008818897637795
20
-5.6229614173228342
40
0.0068897637795276
0
CIRCLE
8
BLACK
10
4.9088188976377953
20
-5.7229614173228347
40
0.0068897637795276
0
CIRCLE
8
BLACK
10
5.008818897637795
20
-5.7229614173228347
40
0.0068897637795276
0
CIRCLE
8
BLACK
10
4.9088188976377953
20
-5.8229614173228343
40
0.0068897637795276
0
CIRCLE
8
BLACK
10
5.008818897637795
20
-5.8229614173228343
40
0.0068897637795276
0
CIRCLE
8
BLACK
10
5.9109999999999996
20
-5.6209999999999996
40
0.0068897637795276
0
CIRCLE
8
BLACK
10
6.0110000000000001
20
-5.6209999999999996
40
0.0068897637795276
0
CIRCLE
8
BLACK
10
5.9109999999999996
20
-5.7210000000000001
40
0.0068897637795276
0
CIRCLE
8
BLACK
10
6.0110000000000001
20
-5.7210000000000001
40
0.0068897637795276
0
CIRCLE
8
BLACK
10
5.9109999999999996
20
-5.8209999999999997
40
0.0068897637795276
0
CIRCLE
8
BLACK
10
6.0110000000000001
20
-5.8209999999999997
40
0.0068897637795276
0
CIRCLE
8
BLACK
10
4.3999999999999995
20
-6.7999999999999998
40
0.0068897637795276
0
CIRCLE
8
BLACK
10
6.
20
-6.7999999999999998
40
0.0068897637795276
0
CIRCLE
8
BLACK
10
4.3999999999999995
20
-5.2000000000000002
40
0.0068897637795276
0
CIRCLE
8
BLACK
10
6.
20
-5.2000000000000002
40
0.0068897637795276
0
CIRCLE
8
BLACK
10
5.2599999999999998
20
-5.4299999999999997
40
0.0078740157480315
0
CIRCLE
8
BLACK
10
4.5199999999999996
20
-5.4299999999999997
40
0.0078740157480315
0
CIRCLE
8
BLACK
10
4.7599999999999998
20
-5.4299999999999997
40
0.0078740157480315
0
CIRCLE
8
BLACK
10
5.8031480708661416
20
-6.2954020472440941
40
0.0078740157480315
0
CIRCLE
8
BLACK
10
5.9573622047244097
20
-6.3337094488188974
40
0.0078740157480315
0
CIRCLE
8
BLACK
10
5.7619999999999996
20
-5.4306298425196848
40
0.0078740157480315
0
CIRCLE
8
BLACK
10
5.5099999999999998
20
-5.4299999999999997
40
0.0078740157480315
0
CIRCLE
8
BLACK
10
4.9500000000000002
20
-6.1399999999999997
40
0.0078740157480315
0
CIRCLE
8
BLACK
10
6.0099999999999998
20
-5.4400003149606295
40
0.0078740157480315
0
CIRCLE
8
BLACK
10
5.0089999999999995
20
-5.4306295275590548
40
0.0078740157480315
0
CIRCLE
8
BLACK
10
4.5199999999999996
20
-6.3399999999999999
40
0.0078740157480315
0
CIRCLE
8
BLACK
10
4.7989999999999995
20
-6.367
40
0.0078740157480315
0
CIRCLE
8
BLACK
10
5.8084251968503935
20
-5.9970559055118109
40
0.0078740157480315
0
CIRCLE
8
BLACK
10
6.0196851181102362
20
-6.2411503937007868
40
0.0078740157480315
0
CIRCLE
8
BLACK
10
5.4816535433070861
20
-6.0994181102362202
40
0.0078740157480315
0
CIRCLE
8
BLACK
10
5.1873622047244092
20
-6.1487094488188978
40
0.0078740157480315
0
CIRCLE
8
BLACK
10
5.4373347637795275
20
-6.2434458267716533
40
0.0078740157480315
0
CIRCLE
8
BLACK
10
5.3156295275590546
20
-5.5107463385826767
40
0.0078740157480315
0
CIRCLE
8
BLACK
10
5.8206295275590554
20
-5.5099999999999998
40
0.0078740157480315
0
CIRCLE
8
BLACK
10
5.5649999999999995
20
-5.5099999999999998
40
0.0078740157480315
0
CIRCLE
8
BLACK
10
4.8149999999999995
20
-5.5099999999999998
40
0.0078740157480315
0
CIRCLE
8
BLACK
10
5.0649999999999995
20
-5.5099999999999998
40
0.0078740157480315
0
CIRCLE
8
BLACK
10
5.6923622047244091
20
-6.2487094488188974
40
0.0078740157480315
0
CIRCLE
8
BLACK
10
4.5700000000000003
20
-5.5099999999999998
40
0.0078740157480315
0
CIRCLE
8
BLACK
10
4.8499998425196846
20
-6.3899999999999997
40
0.0078740157480315
0
CIRCLE
8
BLACK
10
5.3549999999999995
20
-5.4699999999999998
40
0.0078740157480315
0
CIRCLE
8
BLACK
10
5.1049999999999995
20
-5.4699999999999998
40
0.0078740157480315
0
CIRCLE
8
BLACK
10
4.3600000000000003
20
-5.4699996062992122
40
0.0078740157480315
0
CIRCLE
8
BLACK
10
5.6049999999999995
20
-5.4700003149606298
40
0.0078740157480315
0
CIRCLE
8
BLACK
10
4.8549999999999995
20
-5.4699997637795272
40
0.0078740157480315
0
CIRCLE
8
BLACK
10
4.6100000000000003
20
-5.4699999999999998
40
0.0078740157480315
0
CIRCLE
8
BLACK
10
5.8580898425196848
20
-5.476278897637795
40
0.0078740157480315
0
CIRCLE
8
BLACK
10
4.7000000000000002
20
-6.0199999999999996
40
0.0078740157480315
0
CIRCLE
8
BLACK
10
4.8499999999999996
20
-6.1417326771653542
40
0.0078740157480315
  0
ENDSEC
  0
EOF
