  0
SECTION
  2
HEADER
  9
$ANGBASE
  50
0.0
  9
$ANGDIR
  70
1
  9
$MEASUREMENT
  70
0
  0
ENDSEC
  0
SECTION
  2
TABLES
  0
TABLE
  2
LTYPE
  70
4
  0
LTYPE
  5
40F
  2
CONTINUOUS
  70
0
  3
Solid line
  72
65
  73
0
  40
0.0
  0
LTYPE
  5
410
  2
DASHDOT
 70
0
  3
Dash Dot ____ _ ____ _
 72
65
 73
4
 40
2.0
 49
1.25
 49
-0.25
 49
0.25
 49
-0.25
  0
LTYPE
  5
411
  2
DASHED
 70
0
  3
Dashed __ __ __ __ __
 72
65
 73
2
 40
0.75
 49
0.5
 49
-0.25
  0
LTYPE
  5
43B
  2
DOTTED
 70
0
  3
Dotted .  .  .  .
 72
65
 73
2
 40
0.2
 49
0.0
 49
-0.2
  0
ENDTAB
  0
TABLE
  2
STYLE
  70
4
  0
STYLE
  2
KICAD
  70
0
  40
0
  41
1
  42
1
  50
0
  71
0
  3
isocp.shx
  0
STYLE
  2
KICADB
  70
0
  40
0
  41
1
  42
1
  50
0
  71
0
  3
isocp.shx
  0
STYLE
  2
KICADI
  70
0
  40
0
  41
1
  42
1
  50
15
  71
0
  3
isocp.shx
  0
STYLE
  2
KICADBI
  70
0
  40
0
  41
1
  42
1
  50
15
  71
0
  3
isocp.shx
  0
ENDTAB
  0
TABLE
  2
LAYER
  70
1
  0
LAYER
  2
BLACK
  70
0
  62
7
  6
CONTINUOUS
  0
ENDTAB
  0
ENDSEC
  0
SECTION
  2
ENTITIES
0
LINE
8
BLACK
6
CONTINUOUS
10
5.5148664173228346
20
-5.4150227165354332
11
5.5192564566929132
21
-5.4172595669291335
0
LINE
8
BLACK
6
CONTINUOUS
10
5.5192564566929132
20
-5.4172595669291335
11
5.522740433070866
21
-5.4207435433070863
0
LINE
8
BLACK
6
CONTINUOUS
10
5.522740433070866
20
-5.4207435433070863
11
5.5234448425196847
21
-5.4221259842519682
0
LINE
8
BLACK
6
CONTINUOUS
10
5.5234448425196847
20
-5.4221259842519682
11
5.748876102362205
21
-5.4221259842519682
0
LINE
8
BLACK
6
CONTINUOUS
10
5.748876102362205
20
-5.4221259842519682
11
5.7492595669291333
21
-5.4213733858267714
0
LINE
8
BLACK
6
CONTINUOUS
10
5.7492595669291333
20
-5.4213733858267714
11
5.7527435433070861
21
-5.4178894094488186
0
LINE
8
BLACK
6
CONTINUOUS
10
5.7527435433070861
20
-5.4178894094488186
11
5.7571335826771648
21
-5.4156525590551183
0
LINE
8
BLACK
6
CONTINUOUS
10
5.7571335826771648
20
-5.4156525590551183
11
5.7619999999999996
21
-5.4148818110236219
0
LINE
8
BLACK
6
CONTINUOUS
10
5.7619999999999996
20
-5.4148818110236219
11
5.7668664173228343
21
-5.4156525590551183
0
LINE
8
BLACK
6
CONTINUOUS
10
5.7668664173228343
20
-5.4156525590551183
11
5.771256456692913
21
-5.4178894094488186
0
LINE
8
BLACK
6
CONTINUOUS
10
5.771256456692913
20
-5.4178894094488186
11
5.7747404330708658
21
-5.4213733858267714
0
LINE
8
BLACK
6
CONTINUOUS
10
5.7747404330708658
20
-5.4213733858267714
11
5.7754448425196845
21
-5.4227558267716534
0
LINE
8
BLACK
6
CONTINUOUS
10
5.7754448425196845
20
-5.4227558267716534
11
5.7842710629921257
21
-5.4227558267716534
0
LINE
8
BLACK
6
CONTINUOUS
10
5.7842710629921257
20
-5.4227558267716534
11
6.0006298425196851
21
-5.4227558267716534
0
LINE
8
BLACK
6
CONTINUOUS
10
6.0006298425196851
20
-5.4227558267716534
11
6.0019177559055112
21
-5.4230497637795274
0
LINE
8
BLACK
6
CONTINUOUS
10
6.0019177559055112
20
-5.4230497637795274
11
6.0032304724409444
21
-5.4231976771653541
0
LINE
8
BLACK
6
CONTINUOUS
10
6.0032304724409444
20
-5.4231976771653541
11
6.0036096456692913
21
-5.4234359055118109
0
LINE
8
BLACK
6
CONTINUOUS
10
6.0036096456692913
20
-5.4234359055118109
11
6.0040462598425197
21
-5.4235355905511806
0
LINE
8
BLACK
6
CONTINUOUS
10
6.0040462598425197
20
-5.4235355905511806
11
6.0050791338582679
21
-5.4243592913385825
0
LINE
8
BLACK
6
CONTINUOUS
10
6.0050791338582679
20
-5.4243592913385825
11
6.0059337401574799
21
-5.4248962992125982
0
LINE
8
BLACK
6
CONTINUOUS
10
6.0059337401574799
20
-5.4248962992125982
11
6.0099999999999998
21
-5.4242522834645666
0
LINE
8
BLACK
6
CONTINUOUS
10
6.0099999999999998
20
-5.4242522834645666
11
6.0148664173228346
21
-5.425023031496063
0
LINE
8
BLACK
6
CONTINUOUS
10
6.0148664173228346
20
-5.425023031496063
11
6.0192564566929132
21
-5.4272598818897633
0
LINE
8
BLACK
6
CONTINUOUS
10
6.0192564566929132
20
-5.4272598818897633
11
6.022740433070866
21
-5.4307438582677161
0
LINE
8
BLACK
6
CONTINUOUS
10
6.022740433070866
20
-5.4307438582677161
11
6.0249772834645672
21
-5.4351338976377948
0
LINE
8
BLACK
6
CONTINUOUS
10
6.0249772834645672
20
-5.4351338976377948
11
6.0257480314960628
21
-5.4400003149606295
0
LINE
8
BLACK
6
CONTINUOUS
10
6.0257480314960628
20
-5.4400003149606295
11
6.0251173622047247
21
-5.4439821653543303
0
LINE
8
BLACK
6
CONTINUOUS
10
6.0251173622047247
20
-5.4439821653543303
11
6.0313157480314956
21
-5.4501805511811021
0
LINE
8
BLACK
6
CONTINUOUS
10
6.0313157480314956
20
-5.4501805511811021
11
6.112576850393701
21
-5.5314416141732279
0
LINE
8
BLACK
6
CONTINUOUS
10
6.112576850393701
20
-5.5314416141732279
11
6.1132796850393696
21
-5.5325601968503939
0
LINE
8
BLACK
6
CONTINUOUS
10
6.1132796850393696
20
-5.5325601968503939
11
6.114103307086614
21
-5.5335929527559058
0
LINE
8
BLACK
6
CONTINUOUS
10
6.114103307086614
20
-5.5335929527559058
11
6.114202952755905
21
-5.5340295275590554
0
LINE
8
BLACK
6
CONTINUOUS
10
6.114202952755905
20
-5.5340295275590554
11
6.1144412204724405
21
-5.5344087401574802
0
LINE
8
BLACK
6
CONTINUOUS
10
6.1144412204724405
20
-5.5344087401574802
11
6.1145891338582672
21
-5.5357215748031496
0
LINE
8
BLACK
6
CONTINUOUS
10
6.1145891338582672
20
-5.5357215748031496
11
6.1148830708661412
21
-5.5370093700787404
0
LINE
8
BLACK
6
CONTINUOUS
10
6.1148830708661412
20
-5.5370093700787404
11
6.1148830708661412
21
-6.281975984251968
0
LINE
8
BLACK
6
CONTINUOUS
10
6.1148830708661412
20
-6.281975984251968
11
6.1145890944881884
21
-6.283263897637795
0
LINE
8
BLACK
6
CONTINUOUS
10
6.1145890944881884
20
-6.283263897637795
11
6.1144412204724405
21
-6.2845766141732282
0
LINE
8
BLACK
6
CONTINUOUS
10
6.1144412204724405
20
-6.2845766141732282
11
6.114202952755905
21
-6.2849557874015742
0
LINE
8
BLACK
6
CONTINUOUS
10
6.114202952755905
20
-6.2849557874015742
11
6.114103307086614
21
-6.2853924015748026
0
LINE
8
BLACK
6
CONTINUOUS
10
6.114103307086614
20
-6.2853924015748026
11
6.1132796456692908
21
-6.2864251968503932
0
LINE
8
BLACK
6
CONTINUOUS
10
6.1132796456692908
20
-6.2864251968503932
11
6.1125768110236223
21
-6.2875437795275593
0
LINE
8
BLACK
6
CONTINUOUS
10
6.1125768110236223
20
-6.2875437795275593
11
6.0934417716535432
21
-6.3066787795275587
0
LINE
8
BLACK
6
CONTINUOUS
10
6.0934417716535432
20
-6.3066787795275587
11
6.0923233070866143
21
-6.3073815354330707
0
LINE
8
BLACK
6
CONTINUOUS
10
6.0923233070866143
20
-6.3073815354330707
11
6.0912904330708662
21
-6.3082052755905513
0
LINE
8
BLACK
6
CONTINUOUS
10
6.0912904330708662
20
-6.3082052755905513
11
6.0908538188976378
21
-6.3083049212598423
0
LINE
8
BLACK
6
CONTINUOUS
10
6.0908538188976378
20
-6.3083049212598423
11
6.0904746456692909
21
-6.3085431889763779
0
LINE
8
BLACK
6
CONTINUOUS
10
6.0904746456692909
20
-6.3085431889763779
11
6.0891619291338586
21
-6.3086910629921258
0
LINE
8
BLACK
6
CONTINUOUS
10
6.0891619291338586
20
-6.3086910629921258
11
6.0878740157480316
21
-6.3089850393700786
0
LINE
8
BLACK
6
CONTINUOUS
10
6.0878740157480316
20
-6.3089850393700786
11
6.0721259842519686
21
-6.3089850393700786
0
LINE
8
BLACK
6
CONTINUOUS
10
6.0721259842519686
20
-6.3089850393700786
11
6.0721259842519686
21
-6.3247330708661416
0
LINE
8
BLACK
6
CONTINUOUS
10
6.0721259842519686
20
-6.3247330708661416
11
6.0425984251968501
21
-6.3247330708661416
0
LINE
8
BLACK
6
CONTINUOUS
10
6.0425984251968501
20
-6.3247330708661416
11
6.0425984251968501
21
-6.3065834645669288
0
LINE
8
BLACK
6
CONTINUOUS
10
6.0425984251968501
20
-6.3065834645669288
11
5.9881889763779528
21
-6.3065834645669288
0
LINE
8
BLACK
6
CONTINUOUS
10
5.9881889763779528
20
-6.3065834645669288
11
5.9881889763779528
21
-6.3105204724409445
0
LINE
8
BLACK
6
CONTINUOUS
10
5.9881889763779528
20
-6.3105204724409445
11
5.9652362204724412
21
-6.3105204724409445
0
LINE
8
BLACK
6
CONTINUOUS
10
5.9652362204724412
20
-6.3105204724409445
11
5.9652362204724412
21
-6.3202646062992125
0
LINE
8
BLACK
6
CONTINUOUS
10
5.9652362204724412
20
-6.3202646062992125
11
5.9666186614173231
21
-6.3209690157480312
0
LINE
8
BLACK
6
CONTINUOUS
10
5.9666186614173231
20
-6.3209690157480312
11
5.9701026377952751
21
-6.324452992125984
0
LINE
8
BLACK
6
CONTINUOUS
10
5.9701026377952751
20
-6.324452992125984
11
5.9723394881889762
21
-6.3288430314960626
0
LINE
8
BLACK
6
CONTINUOUS
10
5.9723394881889762
20
-6.3288430314960626
11
5.9731102362204727
21
-6.3337094488188974
0
LINE
8
BLACK
6
CONTINUOUS
10
5.9731102362204727
20
-6.3337094488188974
11
5.9723394881889762
21
-6.3385758661417322
0
LINE
8
BLACK
6
CONTINUOUS
10
5.9723394881889762
20
-6.3385758661417322
11
5.9701026377952751
21
-6.3429659055118108
0
LINE
8
BLACK
6
CONTINUOUS
10
5.9701026377952751
20
-6.3429659055118108
11
5.9666186614173231
21
-6.3464498818897637
0
LINE
8
BLACK
6
CONTINUOUS
10
5.9666186614173231
20
-6.3464498818897637
11
5.9622286220472436
21
-6.3486867322834648
0
LINE
8
BLACK
6
CONTINUOUS
10
5.9622286220472436
20
-6.3486867322834648
11
5.9573622047244097
21
-6.3494574803149604
0
LINE
8
BLACK
6
CONTINUOUS
10
5.9573622047244097
20
-6.3494574803149604
11
5.9533803149606301
21
-6.3488268110236223
0
LINE
8
BLACK
6
CONTINUOUS
10
5.9533803149606301
20
-6.3488268110236223
11
5.8673774803149605
21
-6.4348296850393698
0
LINE
8
BLACK
6
CONTINUOUS
10
5.8673774803149605
20
-6.4348296850393698
11
5.8662590157480317
21
-6.4355324409448817
0
LINE
8
BLACK
6
CONTINUOUS
10
5.8662590157480317
20
-6.4355324409448817
11
5.8652261417322835
21
-6.4363561811023624
0
LINE
8
BLACK
6
CONTINUOUS
10
5.8652261417322835
20
-6.4363561811023624
11
5.8647895275590551
21
-6.4364558267716534
0
LINE
8
BLACK
6
CONTINUOUS
10
5.8647895275590551
20
-6.4364558267716534
11
5.8644103543307082
21
-6.436694094488189
0
LINE
8
BLACK
6
CONTINUOUS
10
5.8644103543307082
20
-6.436694094488189
11
5.863097637795275
21
-6.4368419685039369
0
LINE
8
BLACK
6
CONTINUOUS
10
5.863097637795275
20
-6.4368419685039369
11
5.8618097244094489
21
-6.4371359448818897
0
LINE
8
BLACK
6
CONTINUOUS
10
5.8618097244094489
20
-6.4371359448818897
11
5.65791468503937
21
-6.4371359448818897
0
LINE
8
BLACK
6
CONTINUOUS
10
5.65791468503937
20
-6.4371359448818897
11
5.656626771653543
21
-6.4368419685039369
0
LINE
8
BLACK
6
CONTINUOUS
10
5.656626771653543
20
-6.4368419685039369
11
5.6553140551181098
21
-6.436694094488189
0
LINE
8
BLACK
6
CONTINUOUS
10
5.6553140551181098
20
-6.436694094488189
11
5.654934842519685
21
-6.4364558267716534
0
LINE
8
BLACK
6
CONTINUOUS
10
5.654934842519685
20
-6.4364558267716534
11
5.6544982677165354
21
-6.4363561811023624
0
LINE
8
BLACK
6
CONTINUOUS
10
5.6544982677165354
20
-6.4363561811023624
11
5.653465433070866
21
-6.4355325196850393
0
LINE
8
BLACK
6
CONTINUOUS
10
5.653465433070866
20
-6.4355325196850393
11
5.6523468897637796
21
-6.4348296850393698
0
LINE
8
BLACK
6
CONTINUOUS
10
5.6523468897637796
20
-6.4348296850393698
11
5.5841007086614169
21
-6.3665834645669293
0
LINE
8
BLACK
6
CONTINUOUS
10
5.5841007086614169
20
-6.3665834645669293
11
5.1452362204724409
21
-6.3665834645669293
0
LINE
8
BLACK
6
CONTINUOUS
10
5.1452362204724409
20
-6.3665834645669293
11
5.1452362204724409
21
-6.3852362204724411
0
LINE
8
BLACK
6
CONTINUOUS
10
5.1452362204724409
20
-6.3852362204724411
11
5.1562204724409444
21
-6.3852362204724411
0
LINE
8
BLACK
6
CONTINUOUS
10
5.1562204724409444
20
-6.3852362204724411
11
5.1562204724409444
21
-6.4124864960629919
0
LINE
8
BLACK
6
CONTINUOUS
10
5.1562204724409444
20
-6.4124864960629919
11
5.2387173622047243
21
-6.4949833858267718
0
LINE
8
BLACK
6
CONTINUOUS
10
5.2387173622047243
20
-6.4949833858267718
11
5.2394201968503937
21
-6.4961019291338582
0
LINE
8
BLACK
6
CONTINUOUS
10
5.2394201968503937
20
-6.4961019291338582
11
5.240243858267716
21
-6.4971347637795276
0
LINE
8
BLACK
6
CONTINUOUS
10
5.240243858267716
20
-6.4971347637795276
11
5.2403435039370079
21
-6.4975713385826772
0
LINE
8
BLACK
6
CONTINUOUS
10
5.2403435039370079
20
-6.4975713385826772
11
5.2405817716535434
21
-6.497950551181102
0
LINE
8
BLACK
6
CONTINUOUS
10
5.2405817716535434
20
-6.497950551181102
11
5.2407296456692913
21
-6.4992632677165352
0
LINE
8
BLACK
6
CONTINUOUS
10
5.2407296456692913
20
-6.4992632677165352
11
5.2410236220472441
21
-6.5005511811023622
0
LINE
8
BLACK
6
CONTINUOUS
10
5.2410236220472441
20
-6.5005511811023622
11
5.2410236220472441
21
-6.5234094488188976
0
LINE
8
BLACK
6
CONTINUOUS
10
5.2410236220472441
20
-6.5234094488188976
11
5.2626771653543303
21
-6.5234094488188976
0
LINE
8
BLACK
6
CONTINUOUS
10
5.2626771653543303
20
-6.5234094488188976
11
5.2626771653543303
21
-6.5745905511811022
0
LINE
8
BLACK
6
CONTINUOUS
10
5.2626771653543303
20
-6.5745905511811022
11
5.2398740157480317
21
-6.5745905511811022
0
LINE
8
BLACK
6
CONTINUOUS
10
5.2398740157480317
20
-6.5745905511811022
11
5.2398740157480317
21
-6.6419999999999995
0
LINE
8
BLACK
6
CONTINUOUS
10
5.2398740157480317
20
-6.6419999999999995
11
5.2619999999999996
21
-6.6419999999999995
0
LINE
8
BLACK
6
CONTINUOUS
10
5.2619999999999996
20
-6.6419999999999995
11
5.2619999999999996
21
-6.702
0
LINE
8
BLACK
6
CONTINUOUS
10
5.2619999999999996
20
-6.702
11
5.2398740157480317
21
-6.702
0
LINE
8
BLACK
6
CONTINUOUS
10
5.2398740157480317
20
-6.702
11
5.2398740157480317
21
-6.742
0
LINE
8
BLACK
6
CONTINUOUS
10
5.2398740157480317
20
-6.742
11
5.2619999999999996
21
-6.742
0
LINE
8
BLACK
6
CONTINUOUS
10
5.2619999999999996
20
-6.742
11
5.2619999999999996
21
-6.8019999999999996
0
LINE
8
BLACK
6
CONTINUOUS
10
5.2619999999999996
20
-6.8019999999999996
11
5.202
21
-6.8019999999999996
0
LINE
8
BLACK
6
CONTINUOUS
10
5.202
20
-6.8019999999999996
11
5.202
21
-6.742
0
LINE
8
BLACK
6
CONTINUOUS
10
5.202
20
-6.742
11
5.2241259842519687
21
-6.742
0
LINE
8
BLACK
6
CONTINUOUS
10
5.2241259842519687
20
-6.742
11
5.2241259842519687
21
-6.702
0
LINE
8
BLACK
6
CONTINUOUS
10
5.2241259842519687
20
-6.702
11
5.202
21
-6.702
0
LINE
8
BLACK
6
CONTINUOUS
10
5.202
20
-6.702
11
5.202
21
-6.6419999999999995
0
LINE
8
BLACK
6
CONTINUOUS
10
5.202
20
-6.6419999999999995
11
5.2241259842519687
21
-6.6419999999999995
0
LINE
8
BLACK
6
CONTINUOUS
10
5.2241259842519687
20
-6.6419999999999995
11
5.2241259842519687
21
-6.5745905511811022
0
LINE
8
BLACK
6
CONTINUOUS
10
5.2241259842519687
20
-6.5745905511811022
11
5.2036220472440942
21
-6.5745905511811022
0
LINE
8
BLACK
6
CONTINUOUS
10
5.2036220472440942
20
-6.5745905511811022
11
5.2036220472440942
21
-6.5234094488188976
0
LINE
8
BLACK
6
CONTINUOUS
10
5.2036220472440942
20
-6.5234094488188976
11
5.2252755905511812
21
-6.5234094488188976
0
LINE
8
BLACK
6
CONTINUOUS
10
5.2252755905511812
20
-6.5234094488188976
11
5.2252755905511812
21
-6.5038126771653539
0
LINE
8
BLACK
6
CONTINUOUS
10
5.2252755905511812
20
-6.5038126771653539
11
5.136226692913386
21
-6.4147637795275587
0
LINE
8
BLACK
6
CONTINUOUS
10
5.136226692913386
20
-6.4147637795275587
11
5.1089763779527555
21
-6.4147637795275587
0
LINE
8
BLACK
6
CONTINUOUS
10
5.1089763779527555
20
-6.4147637795275587
11
5.1089763779527555
21
-6.3852362204724411
0
LINE
8
BLACK
6
CONTINUOUS
10
5.1089763779527555
20
-6.3852362204724411
11
5.1294881889763779
21
-6.3852362204724411
0
LINE
8
BLACK
6
CONTINUOUS
10
5.1294881889763779
20
-6.3852362204724411
11
5.1294881889763779
21
-6.3599999999999994
0
LINE
8
BLACK
6
CONTINUOUS
10
5.1294881889763779
20
-6.3599999999999994
11
5.1294881889763779
21
-6.3282370078740158
0
LINE
8
BLACK
6
CONTINUOUS
10
5.1294881889763779
20
-6.3282370078740158
11
5.1255511811023622
21
-6.3282370078740158
0
LINE
8
BLACK
6
CONTINUOUS
10
5.1255511811023622
20
-6.3282370078740158
11
5.1255511811023622
21
-6.2691818897637797
0
LINE
8
BLACK
6
CONTINUOUS
10
5.1255511811023622
20
-6.2691818897637797
11
5.1294881889763779
21
-6.2691818897637797
0
LINE
8
BLACK
6
CONTINUOUS
10
5.1294881889763779
20
-6.2691818897637797
11
5.1294881889763779
21
-6.246083700787401
0
LINE
8
BLACK
6
CONTINUOUS
10
5.1294881889763779
20
-6.246083700787401
11
5.1138769291338582
21
-6.2304724409448822
0
LINE
8
BLACK
6
CONTINUOUS
10
5.1138769291338582
20
-6.2304724409448822
11
5.0547637795275593
21
-6.2304724409448822
0
LINE
8
BLACK
6
CONTINUOUS
10
5.0547637795275593
20
-6.2304724409448822
11
5.0547637795275593
21
-6.2462204724409451
0
LINE
8
BLACK
6
CONTINUOUS
10
5.0547637795275593
20
-6.2462204724409451
11
5.0252362204724408
21
-6.2462204724409451
0
LINE
8
BLACK
6
CONTINUOUS
10
5.0252362204724408
20
-6.2462204724409451
11
5.0252362204724408
21
-6.2263717322834644
0
LINE
8
BLACK
6
CONTINUOUS
10
5.0252362204724408
20
-6.2263717322834644
11
4.953981850393701
21
-6.1551173622047246
0
LINE
8
BLACK
6
CONTINUOUS
10
4.953981850393701
20
-6.1551173622047246
11
4.9500000000000002
21
-6.1557480314960626
0
LINE
8
BLACK
6
CONTINUOUS
10
4.9500000000000002
20
-6.1557480314960626
11
4.9451335826771654
21
-6.1549772834645671
0
LINE
8
BLACK
6
CONTINUOUS
10
4.9451335826771654
20
-6.1549772834645671
11
4.9407435433070868
21
-6.1527404330708659
0
LINE
8
BLACK
6
CONTINUOUS
10
4.9407435433070868
20
-6.1527404330708659
11
4.9372595669291339
21
-6.1492564566929131
0
LINE
8
BLACK
6
CONTINUOUS
10
4.9372595669291339
20
-6.1492564566929131
11
4.9350227165354328
21
-6.1448664173228345
0
LINE
8
BLACK
6
CONTINUOUS
10
4.9350227165354328
20
-6.1448664173228345
11
4.9342519685039372
21
-6.1399999999999997
0
LINE
8
BLACK
6
CONTINUOUS
10
4.9342519685039372
20
-6.1399999999999997
11
4.9350227165354328
21
-6.1351335826771649
0
LINE
8
BLACK
6
CONTINUOUS
10
4.9350227165354328
20
-6.1351335826771649
11
4.9372595669291339
21
-6.1307435433070863
0
LINE
8
BLACK
6
CONTINUOUS
10
4.9372595669291339
20
-6.1307435433070863
11
4.9407435433070868
21
-6.1272595669291334
0
LINE
8
BLACK
6
CONTINUOUS
10
4.9407435433070868
20
-6.1272595669291334
11
4.9421259842519687
21
-6.1265551574803148
0
LINE
8
BLACK
6
CONTINUOUS
10
4.9421259842519687
20
-6.1265551574803148
11
4.9421259842519687
21
-6.1125466141732279
0
LINE
8
BLACK
6
CONTINUOUS
10
4.9421259842519687
20
-6.1125466141732279
11
4.938188976377953
21
-6.1125466141732279
0
LINE
8
BLACK
6
CONTINUOUS
10
4.938188976377953
20
-6.1125466141732279
11
4.938188976377953
21
-6.0534914960629918
0
LINE
8
BLACK
6
CONTINUOUS
10
4.938188976377953
20
-6.0534914960629918
11
4.9618110236220474
21
-6.0534914960629918
0
LINE
8
BLACK
6
CONTINUOUS
10
4.9618110236220474
20
-6.0534914960629918
11
4.9618110236220474
21
-6.1125466141732279
0
LINE
8
BLACK
6
CONTINUOUS
10
4.9618110236220474
20
-6.1125466141732279
11
4.9578740157480317
21
-6.1125466141732279
0
LINE
8
BLACK
6
CONTINUOUS
10
4.9578740157480317
20
-6.1125466141732279
11
4.9578740157480317
21
-6.1265551574803148
0
LINE
8
BLACK
6
CONTINUOUS
10
4.9578740157480317
20
-6.1265551574803148
11
4.9592564566929136
21
-6.1272595669291334
0
LINE
8
BLACK
6
CONTINUOUS
10
4.9592564566929136
20
-6.1272595669291334
11
4.9627404330708664
21
-6.1307435433070863
0
LINE
8
BLACK
6
CONTINUOUS
10
4.9627404330708664
20
-6.1307435433070863
11
4.9649772834645667
21
-6.1351335826771649
0
LINE
8
BLACK
6
CONTINUOUS
10
4.9649772834645667
20
-6.1351335826771649
11
4.9657480314960631
21
-6.1399999999999997
0
LINE
8
BLACK
6
CONTINUOUS
10
4.9657480314960631
20
-6.1399999999999997
11
4.9651173622047242
21
-6.1439818503937005
0
LINE
8
BLACK
6
CONTINUOUS
10
4.9651173622047242
20
-6.1439818503937005
11
5.0252362204724408
21
-6.2041007086614171
0
LINE
8
BLACK
6
CONTINUOUS
10
5.0252362204724408
20
-6.2041007086614171
11
5.0252362204724408
21
-6.1989763779527554
0
LINE
8
BLACK
6
CONTINUOUS
10
5.0252362204724408
20
-6.1989763779527554
11
5.0547637795275593
21
-6.1989763779527554
0
LINE
8
BLACK
6
CONTINUOUS
10
5.0547637795275593
20
-6.1989763779527554
11
5.0547637795275593
21
-6.2147244094488183
0
LINE
8
BLACK
6
CONTINUOUS
10
5.0547637795275593
20
-6.2147244094488183
11
5.1171384251968499
21
-6.2147244094488183
0
LINE
8
BLACK
6
CONTINUOUS
10
5.1171384251968499
20
-6.2147244094488183
11
5.1184263385826769
21
-6.2150183464566924
0
LINE
8
BLACK
6
CONTINUOUS
10
5.1184263385826769
20
-6.2150183464566924
11
5.1197390551181101
21
-6.2151662598425199
0
LINE
8
BLACK
6
CONTINUOUS
10
5.1197390551181101
20
-6.2151662598425199
11
5.1201182283464561
21
-6.2154044881889758
0
LINE
8
BLACK
6
CONTINUOUS
10
5.1201182283464561
20
-6.2154044881889758
11
5.1205548425196845
21
-6.2155041732283465
0
LINE
8
BLACK
6
CONTINUOUS
10
5.1205548425196845
20
-6.2155041732283465
11
5.1215877165354327
21
-6.2163278740157475
0
LINE
8
BLACK
6
CONTINUOUS
10
5.1215877165354327
20
-6.2163278740157475
11
5.1227061811023624
21
-6.2170306692913382
0
LINE
8
BLACK
6
CONTINUOUS
10
5.1227061811023624
20
-6.2170306692913382
11
5.142929960629921
21
-6.2372544488188977
0
LINE
8
BLACK
6
CONTINUOUS
10
5.142929960629921
20
-6.2372544488188977
11
5.143632716535433
21
-6.2383728740157478
0
LINE
8
BLACK
6
CONTINUOUS
10
5.143632716535433
20
-6.2383728740157478
11
5.1444564566929136
21
-6.2394057874015747
0
LINE
8
BLACK
6
CONTINUOUS
10
5.1444564566929136
20
-6.2394057874015747
11
5.1445561023622046
21
-6.2398423622047243
0
LINE
8
BLACK
6
CONTINUOUS
10
5.1445561023622046
20
-6.2398423622047243
11
5.1447943700787402
21
-6.2402215748031491
0
LINE
8
BLACK
6
CONTINUOUS
10
5.1447943700787402
20
-6.2402215748031491
11
5.1449422440944881
21
-6.2415342519685035
0
LINE
8
BLACK
6
CONTINUOUS
10
5.1449422440944881
20
-6.2415342519685035
11
5.1452362204724409
21
-6.2428222047244093
0
LINE
8
BLACK
6
CONTINUOUS
10
5.1452362204724409
20
-6.2428222047244093
11
5.1452362204724409
21
-6.2691818897637797
0
LINE
8
BLACK
6
CONTINUOUS
10
5.1452362204724409
20
-6.2691818897637797
11
5.1491732283464566
21
-6.2691818897637797
0
LINE
8
BLACK
6
CONTINUOUS
10
5.1491732283464566
20
-6.2691818897637797
11
5.1491732283464566
21
-6.3282370078740158
0
LINE
8
BLACK
6
CONTINUOUS
10
5.1491732283464566
20
-6.3282370078740158
11
5.1452362204724409
21
-6.3282370078740158
0
LINE
8
BLACK
6
CONTINUOUS
10
5.1452362204724409
20
-6.3282370078740158
11
5.1452362204724409
21
-6.3508354330708663
0
LINE
8
BLACK
6
CONTINUOUS
10
5.1452362204724409
20
-6.3508354330708663
11
5.5873622047244096
21
-6.3508354330708663
0
LINE
8
BLACK
6
CONTINUOUS
10
5.5873622047244096
20
-6.3508354330708663
11
5.5886501181102357
21
-6.3511293700787403
0
LINE
8
BLACK
6
CONTINUOUS
10
5.5886501181102357
20
-6.3511293700787403
11
5.5899628346456689
21
-6.351277283464567
0
LINE
8
BLACK
6
CONTINUOUS
10
5.5899628346456689
20
-6.351277283464567
11
5.5903420078740158
21
-6.3515155118110238
0
LINE
8
BLACK
6
CONTINUOUS
10
5.5903420078740158
20
-6.3515155118110238
11
5.5907786220472442
21
-6.3516151968503936
0
LINE
8
BLACK
6
CONTINUOUS
10
5.5907786220472442
20
-6.3516151968503936
11
5.5918114960629923
21
-6.3524388976377955
0
LINE
8
BLACK
6
CONTINUOUS
10
5.5918114960629923
20
-6.3524388976377955
11
5.5929299606299212
21
-6.3531416929133853
0
LINE
8
BLACK
6
CONTINUOUS
10
5.5929299606299212
20
-6.3531416929133853
11
5.6611762204724405
21
-6.4213879133858267
0
LINE
8
BLACK
6
CONTINUOUS
10
5.6611762204724405
20
-6.4213879133858267
11
5.8585482283464563
21
-6.4213879133858267
0
LINE
8
BLACK
6
CONTINUOUS
10
5.8585482283464563
20
-6.4213879133858267
11
5.942244803149606
21
-6.3376912992125982
0
LINE
8
BLACK
6
CONTINUOUS
10
5.942244803149606
20
-6.3376912992125982
11
5.9416141732283467
21
-6.3337094488188974
0
LINE
8
BLACK
6
CONTINUOUS
10
5.9416141732283467
20
-6.3337094488188974
11
5.9423849212598423
21
-6.3288430314960626
0
LINE
8
BLACK
6
CONTINUOUS
10
5.9423849212598423
20
-6.3288430314960626
11
5.9446217716535434
21
-6.324452992125984
0
LINE
8
BLACK
6
CONTINUOUS
10
5.9446217716535434
20
-6.324452992125984
11
5.9481057480314963
21
-6.3209690157480312
0
LINE
8
BLACK
6
CONTINUOUS
10
5.9481057480314963
20
-6.3209690157480312
11
5.9494881889763782
21
-6.3202646062992125
0
LINE
8
BLACK
6
CONTINUOUS
10
5.9494881889763782
20
-6.3202646062992125
11
5.9494881889763782
21
-6.3105204724409445
0
LINE
8
BLACK
6
CONTINUOUS
10
5.9494881889763782
20
-6.3105204724409445
11
5.9291338582677167
21
-6.3105204724409445
0
LINE
8
BLACK
6
CONTINUOUS
10
5.9291338582677167
20
-6.3105204724409445
11
5.9291338582677167
21
-6.28689842519685
0
LINE
8
BLACK
6
CONTINUOUS
10
5.9291338582677167
20
-6.28689842519685
11
5.9881889763779528
21
-6.28689842519685
0
LINE
8
BLACK
6
CONTINUOUS
10
5.9881889763779528
20
-6.28689842519685
11
5.9881889763779528
21
-6.2908354330708658
0
LINE
8
BLACK
6
CONTINUOUS
10
5.9881889763779528
20
-6.2908354330708658
11
6.0425984251968501
21
-6.2908354330708658
0
LINE
8
BLACK
6
CONTINUOUS
10
6.0425984251968501
20
-6.2908354330708658
11
6.0425984251968501
21
-6.2774889763779527
0
LINE
8
BLACK
6
CONTINUOUS
10
6.0425984251968501
20
-6.2774889763779527
11
6.0721259842519686
21
-6.2774889763779527
0
LINE
8
BLACK
6
CONTINUOUS
10
6.0721259842519686
20
-6.2774889763779527
11
6.0721259842519686
21
-6.2932370078740156
0
LINE
8
BLACK
6
CONTINUOUS
10
6.0721259842519686
20
-6.2932370078740156
11
6.0846125196850389
21
-6.2932370078740156
0
LINE
8
BLACK
6
CONTINUOUS
10
6.0846125196850389
20
-6.2932370078740156
11
6.0991350393700783
21
-6.2787144488188975
0
LINE
8
BLACK
6
CONTINUOUS
10
6.0991350393700783
20
-6.2787144488188975
11
6.0991350393700783
21
-5.5402708661417321
0
LINE
8
BLACK
6
CONTINUOUS
10
6.0991350393700783
20
-5.5402708661417321
11
6.0201802362204724
21
-5.4613160629921262
0
LINE
8
BLACK
6
CONTINUOUS
10
6.0201802362204724
20
-5.4613160629921262
11
6.0139818503937006
21
-5.4551176771653545
0
LINE
8
BLACK
6
CONTINUOUS
10
6.0139818503937006
20
-5.4551176771653545
11
6.0099999999999998
21
-5.4557483464566925
0
LINE
8
BLACK
6
CONTINUOUS
10
6.0099999999999998
20
-5.4557483464566925
11
6.005133582677165
21
-5.4549775984251969
0
LINE
8
BLACK
6
CONTINUOUS
10
6.005133582677165
20
-5.4549775984251969
11
6.0007435433070864
21
-5.4527407480314958
0
LINE
8
BLACK
6
CONTINUOUS
10
6.0007435433070864
20
-5.4527407480314958
11
5.9972595669291335
21
-5.4492567716535429
0
LINE
8
BLACK
6
CONTINUOUS
10
5.9972595669291335
20
-5.4492567716535429
11
5.9950227165354333
21
-5.4448667322834643
0
LINE
8
BLACK
6
CONTINUOUS
10
5.9950227165354333
20
-5.4448667322834643
11
5.9942519685039368
21
-5.4400003149606295
0
LINE
8
BLACK
6
CONTINUOUS
10
5.9942519685039368
20
-5.4400003149606295
11
5.9944889763779523
21
-5.4385038582677163
0
LINE
8
BLACK
6
CONTINUOUS
10
5.9944889763779523
20
-5.4385038582677163
11
5.7842710629921257
21
-5.4385038582677163
0
LINE
8
BLACK
6
CONTINUOUS
10
5.7842710629921257
20
-5.4385038582677163
11
5.7754448425196845
21
-5.4385038582677163
0
LINE
8
BLACK
6
CONTINUOUS
10
5.7754448425196845
20
-5.4385038582677163
11
5.7747404330708658
21
-5.4398862992125983
0
LINE
8
BLACK
6
CONTINUOUS
10
5.7747404330708658
20
-5.4398862992125983
11
5.771256456692913
21
-5.4433702755905511
0
LINE
8
BLACK
6
CONTINUOUS
10
5.771256456692913
20
-5.4433702755905511
11
5.7668664173228343
21
-5.4456071259842522
0
LINE
8
BLACK
6
CONTINUOUS
10
5.7668664173228343
20
-5.4456071259842522
11
5.7619999999999996
21
-5.4463778740157478
0
LINE
8
BLACK
6
CONTINUOUS
10
5.7619999999999996
20
-5.4463778740157478
11
5.7571335826771648
21
-5.4456071259842522
0
LINE
8
BLACK
6
CONTINUOUS
10
5.7571335826771648
20
-5.4456071259842522
11
5.7527435433070861
21
-5.4433702755905511
0
LINE
8
BLACK
6
CONTINUOUS
10
5.7527435433070861
20
-5.4433702755905511
11
5.7492595669291333
21
-5.4398862992125983
0
LINE
8
BLACK
6
CONTINUOUS
10
5.7492595669291333
20
-5.4398862992125983
11
5.7482342519685039
21
-5.4378740157480312
0
LINE
8
BLACK
6
CONTINUOUS
10
5.7482342519685039
20
-5.4378740157480312
11
5.5234448425196847
21
-5.4378740157480312
0
LINE
8
BLACK
6
CONTINUOUS
10
5.5234448425196847
20
-5.4378740157480312
11
5.522740433070866
21
-5.4392564566929131
0
LINE
8
BLACK
6
CONTINUOUS
10
5.522740433070866
20
-5.4392564566929131
11
5.5192564566929132
21
-5.442740433070866
0
LINE
8
BLACK
6
CONTINUOUS
10
5.5192564566929132
20
-5.442740433070866
11
5.5148664173228346
21
-5.4449772834645671
0
LINE
8
BLACK
6
CONTINUOUS
10
5.5148664173228346
20
-5.4449772834645671
11
5.5099999999999998
21
-5.4457480314960627
0
LINE
8
BLACK
6
CONTINUOUS
10
5.5099999999999998
20
-5.4457480314960627
11
5.505133582677165
21
-5.4449772834645671
0
LINE
8
BLACK
6
CONTINUOUS
10
5.505133582677165
20
-5.4449772834645671
11
5.5007435433070864
21
-5.442740433070866
0
LINE
8
BLACK
6
CONTINUOUS
10
5.5007435433070864
20
-5.442740433070866
11
5.4972595669291335
21
-5.4392564566929131
0
LINE
8
BLACK
6
CONTINUOUS
10
5.4972595669291335
20
-5.4392564566929131
11
5.4965551574803149
21
-5.4378740157480312
0
LINE
8
BLACK
6
CONTINUOUS
10
5.4965551574803149
20
-5.4378740157480312
11
5.2734448425196847
21
-5.4378740157480312
0
LINE
8
BLACK
6
CONTINUOUS
10
5.2734448425196847
20
-5.4378740157480312
11
5.272740433070866
21
-5.4392564566929131
0
LINE
8
BLACK
6
CONTINUOUS
10
5.272740433070866
20
-5.4392564566929131
11
5.2692564566929132
21
-5.442740433070866
0
LINE
8
BLACK
6
CONTINUOUS
10
5.2692564566929132
20
-5.442740433070866
11
5.2648664173228346
21
-5.4449772834645671
0
LINE
8
BLACK
6
CONTINUOUS
10
5.2648664173228346
20
-5.4449772834645671
11
5.2599999999999998
21
-5.4457480314960627
0
LINE
8
BLACK
6
CONTINUOUS
10
5.2599999999999998
20
-5.4457480314960627
11
5.255133582677165
21
-5.4449772834645671
0
LINE
8
BLACK
6
CONTINUOUS
10
5.255133582677165
20
-5.4449772834645671
11
5.2507435433070864
21
-5.442740433070866
0
LINE
8
BLACK
6
CONTINUOUS
10
5.2507435433070864
20
-5.442740433070866
11
5.2472595669291335
21
-5.4392564566929131
0
LINE
8
BLACK
6
CONTINUOUS
10
5.2472595669291335
20
-5.4392564566929131
11
5.2468759448818894
21
-5.4385035433070863
0
LINE
8
BLACK
6
CONTINUOUS
10
5.2468759448818894
20
-5.4385035433070863
11
5.0224448425196853
21
-5.4385035433070863
0
LINE
8
BLACK
6
CONTINUOUS
10
5.0224448425196853
20
-5.4385035433070863
11
5.0217404330708657
21
-5.4398859842519682
0
LINE
8
BLACK
6
CONTINUOUS
10
5.0217404330708657
20
-5.4398859842519682
11
5.0182564566929129
21
-5.4433699606299211
0
LINE
8
BLACK
6
CONTINUOUS
10
5.0182564566929129
20
-5.4433699606299211
11
5.0138664173228342
21
-5.4456068110236222
0
LINE
8
BLACK
6
CONTINUOUS
10
5.0138664173228342
20
-5.4456068110236222
11
5.0089999999999995
21
-5.4463775590551178
0
LINE
8
BLACK
6
CONTINUOUS
10
5.0089999999999995
20
-5.4463775590551178
11
5.0041335826771656
21
-5.4456068110236222
0
LINE
8
BLACK
6
CONTINUOUS
10
5.0041335826771656
20
-5.4456068110236222
11
4.9997435433070869
21
-5.4433699606299211
0
LINE
8
BLACK
6
CONTINUOUS
10
4.9997435433070869
20
-5.4433699606299211
11
4.9962595669291341
21
-5.4398859842519682
0
LINE
8
BLACK
6
CONTINUOUS
10
4.9962595669291341
20
-5.4398859842519682
11
4.9952344094488188
21
-5.4378740157480312
0
LINE
8
BLACK
6
CONTINUOUS
10
4.9952344094488188
20
-5.4378740157480312
11
4.7734448425196847
21
-5.4378740157480312
0
LINE
8
BLACK
6
CONTINUOUS
10
4.7734448425196847
20
-5.4378740157480312
11
4.772740433070866
21
-5.4392564566929131
0
LINE
8
BLACK
6
CONTINUOUS
10
4.772740433070866
20
-5.4392564566929131
11
4.7692564566929132
21
-5.442740433070866
0
LINE
8
BLACK
6
CONTINUOUS
10
4.7692564566929132
20
-5.442740433070866
11
4.7648664173228346
21
-5.4449772834645671
0
LINE
8
BLACK
6
CONTINUOUS
10
4.7648664173228346
20
-5.4449772834645671
11
4.7599999999999998
21
-5.4457480314960627
0
LINE
8
BLACK
6
CONTINUOUS
10
4.7599999999999998
20
-5.4457480314960627
11
4.755133582677165
21
-5.4449772834645671
0
LINE
8
BLACK
6
CONTINUOUS
10
4.755133582677165
20
-5.4449772834645671
11
4.7507435433070864
21
-5.442740433070866
0
LINE
8
BLACK
6
CONTINUOUS
10
4.7507435433070864
20
-5.442740433070866
11
4.7472595669291335
21
-5.4392564566929131
0
LINE
8
BLACK
6
CONTINUOUS
10
4.7472595669291335
20
-5.4392564566929131
11
4.7465551574803149
21
-5.4378740157480312
0
LINE
8
BLACK
6
CONTINUOUS
10
4.7465551574803149
20
-5.4378740157480312
11
4.5334448425196845
21
-5.4378740157480312
0
LINE
8
BLACK
6
CONTINUOUS
10
4.5334448425196845
20
-5.4378740157480312
11
4.5327404330708658
21
-5.4392564566929131
0
LINE
8
BLACK
6
CONTINUOUS
10
4.5327404330708658
20
-5.4392564566929131
11
4.529256456692913
21
-5.442740433070866
0
LINE
8
BLACK
6
CONTINUOUS
10
4.529256456692913
20
-5.442740433070866
11
4.5248664173228343
21
-5.4449772834645671
0
LINE
8
BLACK
6
CONTINUOUS
10
4.5248664173228343
20
-5.4449772834645671
11
4.5199999999999996
21
-5.4457480314960627
0
LINE
8
BLACK
6
CONTINUOUS
10
4.5199999999999996
20
-5.4457480314960627
11
4.5151335826771657
21
-5.4449772834645671
0
LINE
8
BLACK
6
CONTINUOUS
10
4.5151335826771657
20
-5.4449772834645671
11
4.5107435433070862
21
-5.442740433070866
0
LINE
8
BLACK
6
CONTINUOUS
10
4.5107435433070862
20
-5.442740433070866
11
4.5072595669291333
21
-5.4392564566929131
0
LINE
8
BLACK
6
CONTINUOUS
10
4.5072595669291333
20
-5.4392564566929131
11
4.5050227165354331
21
-5.4348664173228345
0
LINE
8
BLACK
6
CONTINUOUS
10
4.5050227165354331
20
-5.4348664173228345
11
4.5042519685039366
21
-5.4299999999999997
0
LINE
8
BLACK
6
CONTINUOUS
10
4.5042519685039366
20
-5.4299999999999997
11
4.5050227165354331
21
-5.4251335826771649
0
LINE
8
BLACK
6
CONTINUOUS
10
4.5050227165354331
20
-5.4251335826771649
11
4.5072595669291333
21
-5.4207435433070863
0
LINE
8
BLACK
6
CONTINUOUS
10
4.5072595669291333
20
-5.4207435433070863
11
4.5107435433070862
21
-5.4172595669291335
0
LINE
8
BLACK
6
CONTINUOUS
10
4.5107435433070862
20
-5.4172595669291335
11
4.5151335826771657
21
-5.4150227165354332
0
LINE
8
BLACK
6
CONTINUOUS
10
4.5151335826771657
20
-5.4150227165354332
11
4.5199999999999996
21
-5.4142519685039368
0
LINE
8
BLACK
6
CONTINUOUS
10
4.5199999999999996
20
-5.4142519685039368
11
4.5248664173228343
21
-5.4150227165354332
0
LINE
8
BLACK
6
CONTINUOUS
10
4.5248664173228343
20
-5.4150227165354332
11
4.529256456692913
21
-5.4172595669291335
0
LINE
8
BLACK
6
CONTINUOUS
10
4.529256456692913
20
-5.4172595669291335
11
4.5327404330708658
21
-5.4207435433070863
0
LINE
8
BLACK
6
CONTINUOUS
10
4.5327404330708658
20
-5.4207435433070863
11
4.5334448425196845
21
-5.4221259842519682
0
LINE
8
BLACK
6
CONTINUOUS
10
4.5334448425196845
20
-5.4221259842519682
11
4.7465551574803149
21
-5.4221259842519682
0
LINE
8
BLACK
6
CONTINUOUS
10
4.7465551574803149
20
-5.4221259842519682
11
4.7472595669291335
21
-5.4207435433070863
0
LINE
8
BLACK
6
CONTINUOUS
10
4.7472595669291335
20
-5.4207435433070863
11
4.7507435433070864
21
-5.4172595669291335
0
LINE
8
BLACK
6
CONTINUOUS
10
4.7507435433070864
20
-5.4172595669291335
11
4.755133582677165
21
-5.4150227165354332
0
LINE
8
BLACK
6
CONTINUOUS
10
4.755133582677165
20
-5.4150227165354332
11
4.7599999999999998
21
-5.4142519685039368
0
LINE
8
BLACK
6
CONTINUOUS
10
4.7599999999999998
20
-5.4142519685039368
11
4.7648664173228346
21
-5.4150227165354332
0
LINE
8
BLACK
6
CONTINUOUS
10
4.7648664173228346
20
-5.4150227165354332
11
4.7692564566929132
21
-5.4172595669291335
0
LINE
8
BLACK
6
CONTINUOUS
10
4.7692564566929132
20
-5.4172595669291335
11
4.772740433070866
21
-5.4207435433070863
0
LINE
8
BLACK
6
CONTINUOUS
10
4.772740433070866
20
-5.4207435433070863
11
4.7734448425196847
21
-5.4221259842519682
0
LINE
8
BLACK
6
CONTINUOUS
10
4.7734448425196847
20
-5.4221259842519682
11
4.9958759448818899
21
-5.4221259842519682
0
LINE
8
BLACK
6
CONTINUOUS
10
4.9958759448818899
20
-5.4221259842519682
11
4.9962595669291341
21
-5.4213730708661414
0
LINE
8
BLACK
6
CONTINUOUS
10
4.9962595669291341
20
-5.4213730708661414
11
4.9997435433070869
21
-5.4178890944881886
0
LINE
8
BLACK
6
CONTINUOUS
10
4.9997435433070869
20
-5.4178890944881886
11
5.0041335826771656
21
-5.4156522440944883
0
LINE
8
BLACK
6
CONTINUOUS
10
5.0041335826771656
20
-5.4156522440944883
11
5.0089999999999995
21
-5.4148814960629919
0
LINE
8
BLACK
6
CONTINUOUS
10
5.0089999999999995
20
-5.4148814960629919
11
5.0138664173228342
21
-5.4156522440944883
0
LINE
8
BLACK
6
CONTINUOUS
10
5.0138664173228342
20
-5.4156522440944883
11
5.0182564566929129
21
-5.4178890944881886
0
LINE
8
BLACK
6
CONTINUOUS
10
5.0182564566929129
20
-5.4178890944881886
11
5.0217404330708657
21
-5.4213730708661414
0
LINE
8
BLACK
6
CONTINUOUS
10
5.0217404330708657
20
-5.4213730708661414
11
5.0224448425196853
21
-5.4227555118110233
0
LINE
8
BLACK
6
CONTINUOUS
10
5.0224448425196853
20
-5.4227555118110233
11
5.2462344094488191
21
-5.4227555118110233
0
LINE
8
BLACK
6
CONTINUOUS
10
5.2462344094488191
20
-5.4227555118110233
11
5.2472595669291335
21
-5.4207435433070863
0
LINE
8
BLACK
6
CONTINUOUS
10
5.2472595669291335
20
-5.4207435433070863
11
5.2507435433070864
21
-5.4172595669291335
0
LINE
8
BLACK
6
CONTINUOUS
10
5.2507435433070864
20
-5.4172595669291335
11
5.255133582677165
21
-5.4150227165354332
0
LINE
8
BLACK
6
CONTINUOUS
10
5.255133582677165
20
-5.4150227165354332
11
5.2599999999999998
21
-5.4142519685039368
0
LINE
8
BLACK
6
CONTINUOUS
10
5.2599999999999998
20
-5.4142519685039368
11
5.2648664173228346
21
-5.4150227165354332
0
LINE
8
BLACK
6
CONTINUOUS
10
5.2648664173228346
20
-5.4150227165354332
11
5.2692564566929132
21
-5.4172595669291335
0
LINE
8
BLACK
6
CONTINUOUS
10
5.2692564566929132
20
-5.4172595669291335
11
5.272740433070866
21
-5.4207435433070863
0
LINE
8
BLACK
6
CONTINUOUS
10
5.272740433070866
20
-5.4207435433070863
11
5.2734448425196847
21
-5.4221259842519682
0
LINE
8
BLACK
6
CONTINUOUS
10
5.2734448425196847
20
-5.4221259842519682
11
5.4965551574803149
21
-5.4221259842519682
0
LINE
8
BLACK
6
CONTINUOUS
10
5.4965551574803149
20
-5.4221259842519682
11
5.4972595669291335
21
-5.4207435433070863
0
LINE
8
BLACK
6
CONTINUOUS
10
5.4972595669291335
20
-5.4207435433070863
11
5.5007435433070864
21
-5.4172595669291335
0
LINE
8
BLACK
6
CONTINUOUS
10
5.5007435433070864
20
-5.4172595669291335
11
5.505133582677165
21
-5.4150227165354332
0
LINE
8
BLACK
6
CONTINUOUS
10
5.505133582677165
20
-5.4150227165354332
11
5.5099999999999998
21
-5.4142519685039368
0
LINE
8
BLACK
6
CONTINUOUS
10
5.5099999999999998
20
-5.4142519685039368
11
5.5148664173228346
21
-5.4150227165354332
0
LINE
8
BLACK
6
CONTINUOUS
10
5.8254959448818893
20
-5.4950227165354333
11
5.8298859842519688
21
-5.4972595669291335
0
LINE
8
BLACK
6
CONTINUOUS
10
5.8298859842519688
20
-5.4972595669291335
11
5.8333699606299207
21
-5.5007435433070864
0
LINE
8
BLACK
6
CONTINUOUS
10
5.8333699606299207
20
-5.5007435433070864
11
5.8356068110236219
21
-5.505133582677165
0
LINE
8
BLACK
6
CONTINUOUS
10
5.8356068110236219
20
-5.505133582677165
11
5.8360396850393697
21
-5.5078666141732286
0
LINE
8
BLACK
6
CONTINUOUS
10
5.8360396850393697
20
-5.5078666141732286
11
6.0005745669291342
21
-5.5078666141732286
0
LINE
8
BLACK
6
CONTINUOUS
10
6.0005745669291342
20
-5.5078666141732286
11
6.0018624803149603
21
-5.5081605511811018
0
LINE
8
BLACK
6
CONTINUOUS
10
6.0018624803149603
20
-5.5081605511811018
11
6.0031751968503935
21
-5.5083084645669294
0
LINE
8
BLACK
6
CONTINUOUS
10
6.0031751968503935
20
-5.5083084645669294
11
6.0035543700787404
21
-5.5085466929133853
0
LINE
8
BLACK
6
CONTINUOUS
10
6.0035543700787404
20
-5.5085466929133853
11
6.0039909842519688
21
-5.5086463779527559
0
LINE
8
BLACK
6
CONTINUOUS
10
6.0039909842519688
20
-5.5086463779527559
11
6.005023858267716
21
-5.5094700787401569
0
LINE
8
BLACK
6
CONTINUOUS
10
6.005023858267716
20
-5.5094700787401569
11
6.0061423228346458
21
-5.5101728740157476
0
LINE
8
BLACK
6
CONTINUOUS
10
6.0061423228346458
20
-5.5101728740157476
11
6.0701898818897639
21
-5.574220393700787
0
LINE
8
BLACK
6
CONTINUOUS
10
6.0701898818897639
20
-5.574220393700787
11
6.0708926771653546
21
-5.5753388976377956
0
LINE
8
BLACK
6
CONTINUOUS
10
6.0708926771653546
20
-5.5753388976377956
11
6.0717163385826769
21
-5.5763717322834641
0
LINE
8
BLACK
6
CONTINUOUS
10
6.0717163385826769
20
-5.5763717322834641
11
6.0718159842519688
21
-5.5768083464566924
0
LINE
8
BLACK
6
CONTINUOUS
10
6.0718159842519688
20
-5.5768083464566924
11
6.0720542519685035
21
-5.5771875590551181
0
LINE
8
BLACK
6
CONTINUOUS
10
6.0720542519685035
20
-5.5771875590551181
11
6.072202165354331
21
-5.57850031496063
0
LINE
8
BLACK
6
CONTINUOUS
10
6.072202165354331
20
-5.57850031496063
11
6.0724961023622042
21
-5.5797881496062987
0
LINE
8
BLACK
6
CONTINUOUS
10
6.0724961023622042
20
-5.5797881496062987
11
6.0724961023622042
21
-5.6698976771653546
0
LINE
8
BLACK
6
CONTINUOUS
10
6.0724961023622042
20
-5.6698976771653546
11
6.0722021259842522
21
-5.671185551181102
0
LINE
8
BLACK
6
CONTINUOUS
10
6.0722021259842522
20
-5.671185551181102
11
6.0720542519685035
21
-5.672498307086614
0
LINE
8
BLACK
6
CONTINUOUS
10
6.0720542519685035
20
-5.672498307086614
11
6.0718159842519688
21
-5.6728774803149609
0
LINE
8
BLACK
6
CONTINUOUS
10
6.0718159842519688
20
-5.6728774803149609
11
6.0717163385826769
21
-5.6733140944881892
0
LINE
8
BLACK
6
CONTINUOUS
10
6.0717163385826769
20
-5.6733140944881892
11
6.0708926771653546
21
-5.674346889763779
0
LINE
8
BLACK
6
CONTINUOUS
10
6.0708926771653546
20
-5.674346889763779
11
6.0701898425196852
21
-5.675465472440945
0
LINE
8
BLACK
6
CONTINUOUS
10
6.0701898425196852
20
-5.675465472440945
11
6.0409999999999995
21
-5.7046552755905511
0
LINE
8
BLACK
6
CONTINUOUS
10
6.0409999999999995
20
-5.7046552755905511
11
6.0409999999999995
21
-5.7509999999999994
0
LINE
8
BLACK
6
CONTINUOUS
10
6.0409999999999995
20
-5.7509999999999994
11
5.9809999999999999
21
-5.7509999999999994
0
LINE
8
BLACK
6
CONTINUOUS
10
5.9809999999999999
20
-5.7509999999999994
11
5.9809999999999999
21
-5.6909999999999998
0
LINE
8
BLACK
6
CONTINUOUS
10
5.9809999999999999
20
-5.6909999999999998
11
6.0323842519685034
21
-5.6909999999999998
0
LINE
8
BLACK
6
CONTINUOUS
10
6.0323842519685034
20
-5.6909999999999998
11
6.0567480708661412
21
-5.6666361417322832
0
LINE
8
BLACK
6
CONTINUOUS
10
6.0567480708661412
20
-5.6666361417322832
11
6.0567480708661412
21
-5.5830496456692913
0
LINE
8
BLACK
6
CONTINUOUS
10
6.0567480708661412
20
-5.5830496456692913
11
5.9973130708661415
21
-5.5236146456692916
0
LINE
8
BLACK
6
CONTINUOUS
10
5.9973130708661415
20
-5.5236146456692916
11
5.8281702362204726
21
-5.5236146456692916
0
LINE
8
BLACK
6
CONTINUOUS
10
5.8281702362204726
20
-5.5236146456692916
11
5.8254959448818893
21
-5.5249772834645672
0
LINE
8
BLACK
6
CONTINUOUS
10
5.8254959448818893
20
-5.5249772834645672
11
5.8206295275590554
21
-5.5257480314960628
0
LINE
8
BLACK
6
CONTINUOUS
10
5.8206295275590554
20
-5.5257480314960628
11
5.8157631102362206
21
-5.5249772834645672
0
LINE
8
BLACK
6
CONTINUOUS
10
5.8157631102362206
20
-5.5249772834645672
11
5.811373070866142
21
-5.522740433070866
0
LINE
8
BLACK
6
CONTINUOUS
10
5.811373070866142
20
-5.522740433070866
11
5.8078890944881891
21
-5.5192564566929132
0
LINE
8
BLACK
6
CONTINUOUS
10
5.8078890944881891
20
-5.5192564566929132
11
5.8071846850393696
21
-5.5178740157480313
0
LINE
8
BLACK
6
CONTINUOUS
10
5.8071846850393696
20
-5.5178740157480313
11
5.5872710629921256
21
-5.5178740157480313
0
LINE
8
BLACK
6
CONTINUOUS
10
5.5872710629921256
20
-5.5178740157480313
11
5.5784448425196853
21
-5.5178740157480313
0
LINE
8
BLACK
6
CONTINUOUS
10
5.5784448425196853
20
-5.5178740157480313
11
5.5777404330708658
21
-5.5192564566929132
0
LINE
8
BLACK
6
CONTINUOUS
10
5.5777404330708658
20
-5.5192564566929132
11
5.5742564566929129
21
-5.522740433070866
0
LINE
8
BLACK
6
CONTINUOUS
10
5.5742564566929129
20
-5.522740433070866
11
5.5698664173228343
21
-5.5249772834645672
0
LINE
8
BLACK
6
CONTINUOUS
10
5.5698664173228343
20
-5.5249772834645672
11
5.5649999999999995
21
-5.5257480314960628
0
LINE
8
BLACK
6
CONTINUOUS
10
5.5649999999999995
20
-5.5257480314960628
11
5.5601335826771656
21
-5.5249772834645672
0
LINE
8
BLACK
6
CONTINUOUS
10
5.5601335826771656
20
-5.5249772834645672
11
5.5557435433070861
21
-5.522740433070866
0
LINE
8
BLACK
6
CONTINUOUS
10
5.5557435433070861
20
-5.522740433070866
11
5.5522595669291341
21
-5.5192564566929132
0
LINE
8
BLACK
6
CONTINUOUS
10
5.5522595669291341
20
-5.5192564566929132
11
5.5515551574803146
21
-5.5178740157480313
0
LINE
8
BLACK
6
CONTINUOUS
10
5.5515551574803146
20
-5.5178740157480313
11
5.5453876377952751
21
-5.5178740157480313
0
LINE
8
BLACK
6
CONTINUOUS
10
5.5453876377952751
20
-5.5178740157480313
11
5.5452787401574799
21
-5.5179608661417321
0
LINE
8
BLACK
6
CONTINUOUS
10
5.5452787401574799
20
-5.5179608661417321
11
5.5448421259842515
21
-5.5180605118110231
0
LINE
8
BLACK
6
CONTINUOUS
10
5.5448421259842515
20
-5.5180605118110231
11
5.5444629527559055
21
-5.5182987795275587
0
LINE
8
BLACK
6
CONTINUOUS
10
5.5444629527559055
20
-5.5182987795275587
11
5.5431502362204723
21
-5.5184466535433065
0
LINE
8
BLACK
6
CONTINUOUS
10
5.5431502362204723
20
-5.5184466535433065
11
5.5418623228346453
21
-5.5187406299212594
0
LINE
8
BLACK
6
CONTINUOUS
10
5.5418623228346453
20
-5.5187406299212594
11
5.3380208661417319
21
-5.5187406299212594
0
LINE
8
BLACK
6
CONTINUOUS
10
5.3380208661417319
20
-5.5187406299212594
11
5.3374938976377955
21
-5.5186203543307082
0
LINE
8
BLACK
6
CONTINUOUS
10
5.3374938976377955
20
-5.5186203543307082
11
5.3290743700787404
21
-5.5186203543307082
0
LINE
8
BLACK
6
CONTINUOUS
10
5.3290743700787404
20
-5.5186203543307082
11
5.3283699606299209
21
-5.5200027952755901
0
LINE
8
BLACK
6
CONTINUOUS
10
5.3283699606299209
20
-5.5200027952755901
11
5.324885984251968
21
-5.523486771653543
0
LINE
8
BLACK
6
CONTINUOUS
10
5.324885984251968
20
-5.523486771653543
11
5.3204959448818894
21
-5.5257236220472441
0
LINE
8
BLACK
6
CONTINUOUS
10
5.3204959448818894
20
-5.5257236220472441
11
5.3156295275590546
21
-5.5264943700787397
0
LINE
8
BLACK
6
CONTINUOUS
10
5.3156295275590546
20
-5.5264943700787397
11
5.3107631102362207
21
-5.5257236220472441
0
LINE
8
BLACK
6
CONTINUOUS
10
5.3107631102362207
20
-5.5257236220472441
11
5.3063730708661412
21
-5.523486771653543
0
LINE
8
BLACK
6
CONTINUOUS
10
5.3063730708661412
20
-5.523486771653543
11
5.3028890944881892
21
-5.5200027952755901
0
LINE
8
BLACK
6
CONTINUOUS
10
5.3028890944881892
20
-5.5200027952755901
11
5.3018044094488186
21
-5.5178740157480313
0
LINE
8
BLACK
6
CONTINUOUS
10
5.3018044094488186
20
-5.5178740157480313
11
5.0784448425196853
21
-5.5178740157480313
0
LINE
8
BLACK
6
CONTINUOUS
10
5.0784448425196853
20
-5.5178740157480313
11
5.0777404330708658
21
-5.5192564566929132
0
LINE
8
BLACK
6
CONTINUOUS
10
5.0777404330708658
20
-5.5192564566929132
11
5.0742564566929129
21
-5.522740433070866
0
LINE
8
BLACK
6
CONTINUOUS
10
5.0742564566929129
20
-5.522740433070866
11
5.0698664173228343
21
-5.5249772834645672
0
LINE
8
BLACK
6
CONTINUOUS
10
5.0698664173228343
20
-5.5249772834645672
11
5.0649999999999995
21
-5.5257480314960628
0
LINE
8
BLACK
6
CONTINUOUS
10
5.0649999999999995
20
-5.5257480314960628
11
5.0601335826771656
21
-5.5249772834645672
0
LINE
8
BLACK
6
CONTINUOUS
10
5.0601335826771656
20
-5.5249772834645672
11
5.0557435433070861
21
-5.522740433070866
0
LINE
8
BLACK
6
CONTINUOUS
10
5.0557435433070861
20
-5.522740433070866
11
5.0523735826771654
21
-5.5193704724409445
0
LINE
8
BLACK
6
CONTINUOUS
10
5.0523735826771654
20
-5.5193704724409445
11
4.8387675196850388
21
-5.5193704724409445
0
LINE
8
BLACK
6
CONTINUOUS
10
4.8387675196850388
20
-5.5193704724409445
11
4.8374796062992127
21
-5.5190764960629917
0
LINE
8
BLACK
6
CONTINUOUS
10
4.8374796062992127
20
-5.5190764960629917
11
4.8361668897637795
21
-5.5189286220472438
0
LINE
8
BLACK
6
CONTINUOUS
10
4.8361668897637795
20
-5.5189286220472438
11
4.8357876771653538
21
-5.5186903543307082
0
LINE
8
BLACK
6
CONTINUOUS
10
4.8357876771653538
20
-5.5186903543307082
11
4.8353511023622042
21
-5.5185907086614172
0
LINE
8
BLACK
6
CONTINUOUS
10
4.8353511023622042
20
-5.5185907086614172
11
4.8344524015748034
21
-5.5178740157480313
0
LINE
8
BLACK
6
CONTINUOUS
10
4.8344524015748034
20
-5.5178740157480313
11
4.8284448425196853
21
-5.5178740157480313
0
LINE
8
BLACK
6
CONTINUOUS
10
4.8284448425196853
20
-5.5178740157480313
11
4.8277404330708658
21
-5.5192564566929132
0
LINE
8
BLACK
6
CONTINUOUS
10
4.8277404330708658
20
-5.5192564566929132
11
4.8242564566929129
21
-5.522740433070866
0
LINE
8
BLACK
6
CONTINUOUS
10
4.8242564566929129
20
-5.522740433070866
11
4.8198664173228343
21
-5.5249772834645672
0
LINE
8
BLACK
6
CONTINUOUS
10
4.8198664173228343
20
-5.5249772834645672
11
4.8149999999999995
21
-5.5257480314960628
0
LINE
8
BLACK
6
CONTINUOUS
10
4.8149999999999995
20
-5.5257480314960628
11
4.8101335826771656
21
-5.5249772834645672
0
LINE
8
BLACK
6
CONTINUOUS
10
4.8101335826771656
20
-5.5249772834645672
11
4.8057435433070861
21
-5.522740433070866
0
LINE
8
BLACK
6
CONTINUOUS
10
4.8057435433070861
20
-5.522740433070866
11
4.8022595669291341
21
-5.5192564566929132
0
LINE
8
BLACK
6
CONTINUOUS
10
4.8022595669291341
20
-5.5192564566929132
11
4.8015551574803146
21
-5.5178740157480313
0
LINE
8
BLACK
6
CONTINUOUS
10
4.8015551574803146
20
-5.5178740157480313
11
4.5922710629921255
21
-5.5178740157480313
0
LINE
8
BLACK
6
CONTINUOUS
10
4.5922710629921255
20
-5.5178740157480313
11
4.5834448425196852
21
-5.5178740157480313
0
LINE
8
BLACK
6
CONTINUOUS
10
4.5834448425196852
20
-5.5178740157480313
11
4.5827404330708656
21
-5.5192564566929132
0
LINE
8
BLACK
6
CONTINUOUS
10
4.5827404330708656
20
-5.5192564566929132
11
4.5792564566929137
21
-5.522740433070866
0
LINE
8
BLACK
6
CONTINUOUS
10
4.5792564566929137
20
-5.522740433070866
11
4.5748664173228342
21
-5.5249772834645672
0
LINE
8
BLACK
6
CONTINUOUS
10
4.5748664173228342
20
-5.5249772834645672
11
4.5700000000000003
21
-5.5257480314960628
0
LINE
8
BLACK
6
CONTINUOUS
10
4.5700000000000003
20
-5.5257480314960628
11
4.5651335826771655
21
-5.5249772834645672
0
LINE
8
BLACK
6
CONTINUOUS
10
4.5651335826771655
20
-5.5249772834645672
11
4.5607435433070869
21
-5.522740433070866
0
LINE
8
BLACK
6
CONTINUOUS
10
4.5607435433070869
20
-5.522740433070866
11
4.557259566929134
21
-5.5192564566929132
0
LINE
8
BLACK
6
CONTINUOUS
10
4.557259566929134
20
-5.5192564566929132
11
4.5565551574803145
21
-5.5178740157480313
0
LINE
8
BLACK
6
CONTINUOUS
10
4.5565551574803145
20
-5.5178740157480313
11
4.3747187795275586
21
-5.5178740157480313
0
LINE
8
BLACK
6
CONTINUOUS
10
4.3747187795275586
20
-5.5178740157480313
11
4.2978740157480315
21
-5.5947187401574805
0
LINE
8
BLACK
6
CONTINUOUS
10
4.2978740157480315
20
-5.5947187401574805
11
4.2978740157480315
21
-6.2967385039370081
0
LINE
8
BLACK
6
CONTINUOUS
10
4.2978740157480315
20
-6.2967385039370081
11
4.4456245275590547
21
-6.4444890157480312
0
LINE
8
BLACK
6
CONTINUOUS
10
4.4456245275590547
20
-6.4444890157480312
11
4.7843753149606298
21
-6.4444890157480312
0
LINE
8
BLACK
6
CONTINUOUS
10
4.7843753149606298
20
-6.4444890157480312
11
4.8286840944881888
21
-6.4001802362204723
0
LINE
8
BLACK
6
CONTINUOUS
10
4.8286840944881888
20
-6.4001802362204723
11
4.8348824409448818
21
-6.3939818503937005
0
LINE
8
BLACK
6
CONTINUOUS
10
4.8348824409448818
20
-6.3939818503937005
11
4.8342518110236217
21
-6.3899999999999997
0
LINE
8
BLACK
6
CONTINUOUS
10
4.8342518110236217
20
-6.3899999999999997
11
4.8350225590551181
21
-6.3851335826771649
0
LINE
8
BLACK
6
CONTINUOUS
10
4.8350225590551181
20
-6.3851335826771649
11
4.8372594094488184
21
-6.3807435433070863
0
LINE
8
BLACK
6
CONTINUOUS
10
4.8372594094488184
20
-6.3807435433070863
11
4.8407433858267712
21
-6.3772595669291334
0
LINE
8
BLACK
6
CONTINUOUS
10
4.8407433858267712
20
-6.3772595669291334
11
4.8421259842519682
21
-6.3765550787401573
0
LINE
8
BLACK
6
CONTINUOUS
10
4.8421259842519682
20
-6.3765550787401573
11
4.8421259842519682
21
-6.3251450393700788
0
LINE
8
BLACK
6
CONTINUOUS
10
4.8421259842519682
20
-6.3251450393700788
11
4.8381889763779524
21
-6.3251450393700788
0
LINE
8
BLACK
6
CONTINUOUS
10
4.8381889763779524
20
-6.3251450393700788
11
4.8381889763779524
21
-6.2660899212598427
0
LINE
8
BLACK
6
CONTINUOUS
10
4.8381889763779524
20
-6.2660899212598427
11
4.8618110236220469
21
-6.2660899212598427
0
LINE
8
BLACK
6
CONTINUOUS
10
4.8618110236220469
20
-6.2660899212598427
11
4.8618110236220469
21
-6.3251450393700788
0
LINE
8
BLACK
6
CONTINUOUS
10
4.8618110236220469
20
-6.3251450393700788
11
4.8578740157480311
21
-6.3251450393700788
0
LINE
8
BLACK
6
CONTINUOUS
10
4.8578740157480311
20
-6.3251450393700788
11
4.8578740157480311
21
-6.3765552362204723
0
LINE
8
BLACK
6
CONTINUOUS
10
4.8578740157480311
20
-6.3765552362204723
11
4.8592562992125981
21
-6.3772595669291334
0
LINE
8
BLACK
6
CONTINUOUS
10
4.8592562992125981
20
-6.3772595669291334
11
4.8627402755905509
21
-6.3807435433070863
0
LINE
8
BLACK
6
CONTINUOUS
10
4.8627402755905509
20
-6.3807435433070863
11
4.864977125984252
21
-6.3851335826771649
0
LINE
8
BLACK
6
CONTINUOUS
10
4.864977125984252
20
-6.3851335826771649
11
4.8657478740157476
21
-6.3899999999999997
0
LINE
8
BLACK
6
CONTINUOUS
10
4.8657478740157476
20
-6.3899999999999997
11
4.864977125984252
21
-6.3948664173228345
0
LINE
8
BLACK
6
CONTINUOUS
10
4.864977125984252
20
-6.3948664173228345
11
4.8627402755905509
21
-6.3992564566929131
0
LINE
8
BLACK
6
CONTINUOUS
10
4.8627402755905509
20
-6.3992564566929131
11
4.8592562992125981
21
-6.4027404330708659
0
LINE
8
BLACK
6
CONTINUOUS
10
4.8592562992125981
20
-6.4027404330708659
11
4.8548662598425194
21
-6.4049772834645671
0
LINE
8
BLACK
6
CONTINUOUS
10
4.8548662598425194
20
-6.4049772834645671
11
4.8499998425196846
21
-6.4057480314960626
0
LINE
8
BLACK
6
CONTINUOUS
10
4.8499998425196846
20
-6.4057480314960626
11
4.8460179527559051
21
-6.4051173622047246
0
LINE
8
BLACK
6
CONTINUOUS
10
4.8460179527559051
20
-6.4051173622047246
11
4.8398196062992129
21
-6.4113157480314955
0
LINE
8
BLACK
6
CONTINUOUS
10
4.8398196062992129
20
-6.4113157480314955
11
4.7932045669291341
21
-6.4579307874015743
0
LINE
8
BLACK
6
CONTINUOUS
10
4.7932045669291341
20
-6.4579307874015743
11
4.7920861023622043
21
-6.4586335433070863
0
LINE
8
BLACK
6
CONTINUOUS
10
4.7920861023622043
20
-6.4586335433070863
11
4.7910532283464562
21
-6.4594572834645669
0
LINE
8
BLACK
6
CONTINUOUS
10
4.7910532283464562
20
-6.4594572834645669
11
4.7906166141732278
21
-6.4595569291338579
0
LINE
8
BLACK
6
CONTINUOUS
10
4.7906166141732278
20
-6.4595569291338579
11
4.7902374409448818
21
-6.4597951968503935
0
LINE
8
BLACK
6
CONTINUOUS
10
4.7902374409448818
20
-6.4597951968503935
11
4.7889247244094486
21
-6.4599430708661414
0
LINE
8
BLACK
6
CONTINUOUS
10
4.7889247244094486
20
-6.4599430708661414
11
4.7876368110236216
21
-6.4602370472440942
0
LINE
8
BLACK
6
CONTINUOUS
10
4.7876368110236216
20
-6.4602370472440942
11
4.4423630314960629
21
-6.4602370472440942
0
LINE
8
BLACK
6
CONTINUOUS
10
4.4423630314960629
20
-6.4602370472440942
11
4.4410750787401572
21
-6.4599430708661414
0
LINE
8
BLACK
6
CONTINUOUS
10
4.4410750787401572
20
-6.4599430708661414
11
4.4397624015748027
21
-6.4597951968503935
0
LINE
8
BLACK
6
CONTINUOUS
10
4.4397624015748027
20
-6.4597951968503935
11
4.439383188976378
21
-6.4595569291338579
0
LINE
8
BLACK
6
CONTINUOUS
10
4.439383188976378
20
-6.4595569291338579
11
4.4389466141732283
21
-6.4594572834645669
0
LINE
8
BLACK
6
CONTINUOUS
10
4.4389466141732283
20
-6.4594572834645669
11
4.4379137007874014
21
-6.4586335433070863
0
LINE
8
BLACK
6
CONTINUOUS
10
4.4379137007874014
20
-6.4586335433070863
11
4.4367952755905513
21
-6.4579307874015743
0
LINE
8
BLACK
6
CONTINUOUS
10
4.4367952755905513
20
-6.4579307874015743
11
4.2844322440944884
21
-6.3055677559055114
0
LINE
8
BLACK
6
CONTINUOUS
10
4.2844322440944884
20
-6.3055677559055114
11
4.2837294488188977
21
-6.3044492913385826
0
LINE
8
BLACK
6
CONTINUOUS
10
4.2837294488188977
20
-6.3044492913385826
11
4.2829057480314958
21
-6.3034164173228344
0
LINE
8
BLACK
6
CONTINUOUS
10
4.2829057480314958
20
-6.3034164173228344
11
4.2828060629921261
21
-6.302979803149606
0
LINE
8
BLACK
6
CONTINUOUS
10
4.2828060629921261
20
-6.302979803149606
11
4.2825678346456693
21
-6.30260062992126
0
LINE
8
BLACK
6
CONTINUOUS
10
4.2825678346456693
20
-6.30260062992126
11
4.2824199212598426
21
-6.3012879133858268
0
LINE
8
BLACK
6
CONTINUOUS
10
4.2824199212598426
20
-6.3012879133858268
11
4.2821259842519686
21
-6.2999999999999998
0
LINE
8
BLACK
6
CONTINUOUS
10
4.2821259842519686
20
-6.2999999999999998
11
4.2821259842519686
21
-5.5914572440944879
0
LINE
8
BLACK
6
CONTINUOUS
10
4.2821259842519686
20
-5.5914572440944879
11
4.2824199212598426
21
-5.590169291338583
0
LINE
8
BLACK
6
CONTINUOUS
10
4.2824199212598426
20
-5.590169291338583
11
4.2825678346456693
21
-5.5888566141732285
0
LINE
8
BLACK
6
CONTINUOUS
10
4.2825678346456693
20
-5.5888566141732285
11
4.2828060629921261
21
-5.5884774015748029
0
LINE
8
BLACK
6
CONTINUOUS
10
4.2828060629921261
20
-5.5884774015748029
11
4.2829057480314958
21
-5.5880408267716533
0
LINE
8
BLACK
6
CONTINUOUS
10
4.2829057480314958
20
-5.5880408267716533
11
4.2837294488188977
21
-5.5870079133858264
0
LINE
8
BLACK
6
CONTINUOUS
10
4.2837294488188977
20
-5.5870079133858264
11
4.2844322440944884
21
-5.5858894881889762
0
LINE
8
BLACK
6
CONTINUOUS
10
4.2844322440944884
20
-5.5858894881889762
11
4.3658894881889765
21
-5.5044322047244094
0
LINE
8
BLACK
6
CONTINUOUS
10
4.3658894881889765
20
-5.5044322047244094
11
4.3670080708661416
21
-5.5037293307086612
0
LINE
8
BLACK
6
CONTINUOUS
10
4.3670080708661416
20
-5.5037293307086612
11
4.3680408267716535
21
-5.5029057480314956
0
LINE
8
BLACK
6
CONTINUOUS
10
4.3680408267716535
20
-5.5029057480314956
11
4.3684774015748031
21
-5.5028060629921258
0
LINE
8
BLACK
6
CONTINUOUS
10
4.3684774015748031
20
-5.5028060629921258
11
4.3688566141732279
21
-5.502567834645669
0
LINE
8
BLACK
6
CONTINUOUS
10
4.3688566141732279
20
-5.502567834645669
11
4.3701694488188974
21
-5.5024198818897636
0
LINE
8
BLACK
6
CONTINUOUS
10
4.3701694488188974
20
-5.5024198818897636
11
4.3714572440944881
21
-5.5021259842519683
0
LINE
8
BLACK
6
CONTINUOUS
10
4.3714572440944881
20
-5.5021259842519683
11
4.5565551574803145
21
-5.5021259842519683
0
LINE
8
BLACK
6
CONTINUOUS
10
4.5565551574803145
20
-5.5021259842519683
11
4.557259566929134
21
-5.5007435433070864
0
LINE
8
BLACK
6
CONTINUOUS
10
4.557259566929134
20
-5.5007435433070864
11
4.5607435433070869
21
-5.4972595669291335
0
LINE
8
BLACK
6
CONTINUOUS
10
4.5607435433070869
20
-5.4972595669291335
11
4.5651335826771655
21
-5.4950227165354333
0
LINE
8
BLACK
6
CONTINUOUS
10
4.5651335826771655
20
-5.4950227165354333
11
4.5700000000000003
21
-5.4942519685039368
0
LINE
8
BLACK
6
CONTINUOUS
10
4.5700000000000003
20
-5.4942519685039368
11
4.5748664173228342
21
-5.4950227165354333
0
LINE
8
BLACK
6
CONTINUOUS
10
4.5748664173228342
20
-5.4950227165354333
11
4.5792564566929137
21
-5.4972595669291335
0
LINE
8
BLACK
6
CONTINUOUS
10
4.5792564566929137
20
-5.4972595669291335
11
4.5827404330708656
21
-5.5007435433070864
0
LINE
8
BLACK
6
CONTINUOUS
10
4.5827404330708656
20
-5.5007435433070864
11
4.5834448425196852
21
-5.5021259842519683
0
LINE
8
BLACK
6
CONTINUOUS
10
4.5834448425196852
20
-5.5021259842519683
11
4.5922710629921255
21
-5.5021259842519683
0
LINE
8
BLACK
6
CONTINUOUS
10
4.5922710629921255
20
-5.5021259842519683
11
4.8015551574803146
21
-5.5021259842519683
0
LINE
8
BLACK
6
CONTINUOUS
10
4.8015551574803146
20
-5.5021259842519683
11
4.8022595669291341
21
-5.5007435433070864
0
LINE
8
BLACK
6
CONTINUOUS
10
4.8022595669291341
20
-5.5007435433070864
11
4.8057435433070861
21
-5.4972595669291335
0
LINE
8
BLACK
6
CONTINUOUS
10
4.8057435433070861
20
-5.4972595669291335
11
4.8101335826771656
21
-5.4950227165354333
0
LINE
8
BLACK
6
CONTINUOUS
10
4.8101335826771656
20
-5.4950227165354333
11
4.8149999999999995
21
-5.4942519685039368
0
LINE
8
BLACK
6
CONTINUOUS
10
4.8149999999999995
20
-5.4942519685039368
11
4.8198664173228343
21
-5.4950227165354333
0
LINE
8
BLACK
6
CONTINUOUS
10
4.8198664173228343
20
-5.4950227165354333
11
4.8242564566929129
21
-5.4972595669291335
0
LINE
8
BLACK
6
CONTINUOUS
10
4.8242564566929129
20
-5.4972595669291335
11
4.8277404330708658
21
-5.5007435433070864
0
LINE
8
BLACK
6
CONTINUOUS
10
4.8277404330708658
20
-5.5007435433070864
11
4.8284448425196853
21
-5.5021259842519683
0
LINE
8
BLACK
6
CONTINUOUS
10
4.8284448425196853
20
-5.5021259842519683
11
4.8372710629921256
21
-5.5021259842519683
0
LINE
8
BLACK
6
CONTINUOUS
10
4.8372710629921256
20
-5.5021259842519683
11
4.8385589763779526
21
-5.5024199212598424
0
LINE
8
BLACK
6
CONTINUOUS
10
4.8385589763779526
20
-5.5024199212598424
11
4.8398716929133858
21
-5.502567834645669
0
LINE
8
BLACK
6
CONTINUOUS
10
4.8398716929133858
20
-5.502567834645669
11
4.8402508661417318
21
-5.5028060629921258
0
LINE
8
BLACK
6
CONTINUOUS
10
4.8402508661417318
20
-5.5028060629921258
11
4.8406874803149602
21
-5.5029057480314956
0
LINE
8
BLACK
6
CONTINUOUS
10
4.8406874803149602
20
-5.5029057480314956
11
4.8415861811023619
21
-5.5036224409448815
0
LINE
8
BLACK
6
CONTINUOUS
10
4.8415861811023619
20
-5.5036224409448815
11
5.0507926771653544
21
-5.5036224409448815
0
LINE
8
BLACK
6
CONTINUOUS
10
5.0507926771653544
20
-5.5036224409448815
11
5.0522595669291341
21
-5.5007435433070864
0
LINE
8
BLACK
6
CONTINUOUS
10
5.0522595669291341
20
-5.5007435433070864
11
5.0557435433070861
21
-5.4972595669291335
0
LINE
8
BLACK
6
CONTINUOUS
10
5.0557435433070861
20
-5.4972595669291335
11
5.0601335826771656
21
-5.4950227165354333
0
LINE
8
BLACK
6
CONTINUOUS
10
5.0601335826771656
20
-5.4950227165354333
11
5.0649999999999995
21
-5.4942519685039368
0
LINE
8
BLACK
6
CONTINUOUS
10
5.0649999999999995
20
-5.4942519685039368
11
5.0698664173228343
21
-5.4950227165354333
0
LINE
8
BLACK
6
CONTINUOUS
10
5.0698664173228343
20
-5.4950227165354333
11
5.0742564566929129
21
-5.4972595669291335
0
LINE
8
BLACK
6
CONTINUOUS
10
5.0742564566929129
20
-5.4972595669291335
11
5.0777404330708658
21
-5.5007435433070864
0
LINE
8
BLACK
6
CONTINUOUS
10
5.0777404330708658
20
-5.5007435433070864
11
5.0784448425196853
21
-5.5021259842519683
0
LINE
8
BLACK
6
CONTINUOUS
10
5.0784448425196853
20
-5.5021259842519683
11
5.3025649999999995
21
-5.5021259842519683
0
LINE
8
BLACK
6
CONTINUOUS
10
5.3025649999999995
20
-5.5021259842519683
11
5.3028890944881892
21
-5.5014898818897633
0
LINE
8
BLACK
6
CONTINUOUS
10
5.3028890944881892
20
-5.5014898818897633
11
5.3063730708661412
21
-5.4980059055118113
0
LINE
8
BLACK
6
CONTINUOUS
10
5.3063730708661412
20
-5.4980059055118113
11
5.3107631102362207
21
-5.4957690551181102
0
LINE
8
BLACK
6
CONTINUOUS
10
5.3107631102362207
20
-5.4957690551181102
11
5.3156295275590546
21
-5.4949983070866137
0
LINE
8
BLACK
6
CONTINUOUS
10
5.3156295275590546
20
-5.4949983070866137
11
5.3204959448818894
21
-5.4957690551181102
0
LINE
8
BLACK
6
CONTINUOUS
10
5.3204959448818894
20
-5.4957690551181102
11
5.324885984251968
21
-5.4980059055118113
0
LINE
8
BLACK
6
CONTINUOUS
10
5.324885984251968
20
-5.4980059055118113
11
5.3283699606299209
21
-5.5014898818897633
0
LINE
8
BLACK
6
CONTINUOUS
10
5.3283699606299209
20
-5.5014898818897633
11
5.3290743700787404
21
-5.5028723228346452
0
LINE
8
BLACK
6
CONTINUOUS
10
5.3290743700787404
20
-5.5028723228346452
11
5.3379005905511807
21
-5.5028723228346452
0
LINE
8
BLACK
6
CONTINUOUS
10
5.3379005905511807
20
-5.5028723228346452
11
5.338427559055118
21
-5.5029925984251964
0
LINE
8
BLACK
6
CONTINUOUS
10
5.338427559055118
20
-5.5029925984251964
11
5.5392036220472436
21
-5.5029925984251964
0
LINE
8
BLACK
6
CONTINUOUS
10
5.5392036220472436
20
-5.5029925984251964
11
5.5393125196850397
21
-5.5029057480314956
0
LINE
8
BLACK
6
CONTINUOUS
10
5.5393125196850397
20
-5.5029057480314956
11
5.5397490944881884
21
-5.5028060629921258
0
LINE
8
BLACK
6
CONTINUOUS
10
5.5397490944881884
20
-5.5028060629921258
11
5.5401283070866141
21
-5.502567834645669
0
LINE
8
BLACK
6
CONTINUOUS
10
5.5401283070866141
20
-5.502567834645669
11
5.5414409842519685
21
-5.5024199212598424
0
LINE
8
BLACK
6
CONTINUOUS
10
5.5414409842519685
20
-5.5024199212598424
11
5.5427289370078743
21
-5.5021259842519683
0
LINE
8
BLACK
6
CONTINUOUS
10
5.5427289370078743
20
-5.5021259842519683
11
5.5515551574803146
21
-5.5021259842519683
0
LINE
8
BLACK
6
CONTINUOUS
10
5.5515551574803146
20
-5.5021259842519683
11
5.5522595669291341
21
-5.5007435433070864
0
LINE
8
BLACK
6
CONTINUOUS
10
5.5522595669291341
20
-5.5007435433070864
11
5.5557435433070861
21
-5.4972595669291335
0
LINE
8
BLACK
6
CONTINUOUS
10
5.5557435433070861
20
-5.4972595669291335
11
5.5601335826771656
21
-5.4950227165354333
0
LINE
8
BLACK
6
CONTINUOUS
10
5.5601335826771656
20
-5.4950227165354333
11
5.5649999999999995
21
-5.4942519685039368
0
LINE
8
BLACK
6
CONTINUOUS
10
5.5649999999999995
20
-5.4942519685039368
11
5.5698664173228343
21
-5.4950227165354333
0
LINE
8
BLACK
6
CONTINUOUS
10
5.5698664173228343
20
-5.4950227165354333
11
5.5742564566929129
21
-5.4972595669291335
0
LINE
8
BLACK
6
CONTINUOUS
10
5.5742564566929129
20
-5.4972595669291335
11
5.5777404330708658
21
-5.5007435433070864
0
LINE
8
BLACK
6
CONTINUOUS
10
5.5777404330708658
20
-5.5007435433070864
11
5.5784448425196853
21
-5.5021259842519683
0
LINE
8
BLACK
6
CONTINUOUS
10
5.5784448425196853
20
-5.5021259842519683
11
5.5872710629921256
21
-5.5021259842519683
0
LINE
8
BLACK
6
CONTINUOUS
10
5.5872710629921256
20
-5.5021259842519683
11
5.8071846850393696
21
-5.5021259842519683
0
LINE
8
BLACK
6
CONTINUOUS
10
5.8071846850393696
20
-5.5021259842519683
11
5.8078890944881891
21
-5.5007435433070864
0
LINE
8
BLACK
6
CONTINUOUS
10
5.8078890944881891
20
-5.5007435433070864
11
5.811373070866142
21
-5.4972595669291335
0
LINE
8
BLACK
6
CONTINUOUS
10
5.811373070866142
20
-5.4972595669291335
11
5.8157631102362206
21
-5.4950227165354333
0
LINE
8
BLACK
6
CONTINUOUS
10
5.8157631102362206
20
-5.4950227165354333
11
5.8206295275590554
21
-5.4942519685039368
0
LINE
8
BLACK
6
CONTINUOUS
10
5.8206295275590554
20
-5.4942519685039368
11
5.8254959448818893
21
-5.4950227165354333
0
LINE
8
BLACK
6
CONTINUOUS
10
4.4130000000000003
20
-5.5471259842519682
11
4.6619999999999999
21
-5.5471259842519682
0
LINE
8
BLACK
6
CONTINUOUS
10
4.6619999999999999
20
-5.5471259842519682
11
4.9100000000000001
21
-5.5471259842519682
0
LINE
8
BLACK
6
CONTINUOUS
10
4.9100000000000001
20
-5.5471259842519682
11
5.1619999999999999
21
-5.5471259842519682
0
LINE
8
BLACK
6
CONTINUOUS
10
5.1619999999999999
20
-5.5471259842519682
11
5.4119999999999999
21
-5.5471259842519682
0
LINE
8
BLACK
6
CONTINUOUS
10
5.4119999999999999
20
-5.5471259842519682
11
5.6619999999999999
21
-5.5471259842519682
0
LINE
8
BLACK
6
CONTINUOUS
10
5.6619999999999999
20
-5.5471259842519682
11
5.8780000000000001
21
-5.5471259842519682
0
LINE
8
BLACK
6
CONTINUOUS
10
5.8780000000000001
20
-5.5471259842519682
11
5.8792879133858262
21
-5.5474199212598423
0
LINE
8
BLACK
6
CONTINUOUS
10
5.8792879133858262
20
-5.5474199212598423
11
5.8806006299212594
21
-5.5475678346456689
0
LINE
8
BLACK
6
CONTINUOUS
10
5.8806006299212594
20
-5.5475678346456689
11
5.8809798031496063
21
-5.5478060629921258
0
LINE
8
BLACK
6
CONTINUOUS
10
5.8809798031496063
20
-5.5478060629921258
11
5.8814164173228347
21
-5.5479057480314955
0
LINE
8
BLACK
6
CONTINUOUS
10
5.8814164173228347
20
-5.5479057480314955
11
5.8824492913385829
21
-5.5487294488188974
0
LINE
8
BLACK
6
CONTINUOUS
10
5.8824492913385829
20
-5.5487294488188974
11
5.8835677559055117
21
-5.5494322440944881
0
LINE
8
BLACK
6
CONTINUOUS
10
5.8835677559055117
20
-5.5494322440944881
11
5.9092685826771651
21
-5.5751330314960628
0
LINE
8
BLACK
6
CONTINUOUS
10
5.9092685826771651
20
-5.5751330314960628
11
5.9099714173228346
21
-5.5762516141732279
0
LINE
8
BLACK
6
CONTINUOUS
10
5.9099714173228346
20
-5.5762516141732279
11
5.910795039370079
21
-5.5772843700787398
0
LINE
8
BLACK
6
CONTINUOUS
10
5.910795039370079
20
-5.5772843700787398
11
5.91089468503937
21
-5.5777209448818894
0
LINE
8
BLACK
6
CONTINUOUS
10
5.91089468503937
20
-5.5777209448818894
11
5.9111329527559056
21
-5.5781001574803151
0
LINE
8
BLACK
6
CONTINUOUS
10
5.9111329527559056
20
-5.5781001574803151
11
5.9112808661417322
21
-5.5794129921259845
0
LINE
8
BLACK
6
CONTINUOUS
10
5.9112808661417322
20
-5.5794129921259845
11
5.9115748031496063
21
-5.5807007874015744
0
LINE
8
BLACK
6
CONTINUOUS
10
5.9115748031496063
20
-5.5807007874015744
11
5.9115748031496063
21
-5.5910000000000002
0
LINE
8
BLACK
6
CONTINUOUS
10
5.9115748031496063
20
-5.5910000000000002
11
5.9409999999999998
21
-5.5910000000000002
0
LINE
8
BLACK
6
CONTINUOUS
10
5.9409999999999998
20
-5.5910000000000002
11
5.9409999999999998
21
-5.6509999999999998
0
LINE
8
BLACK
6
CONTINUOUS
10
5.9409999999999998
20
-5.6509999999999998
11
5.8810000000000002
21
-5.6509999999999998
0
LINE
8
BLACK
6
CONTINUOUS
10
5.8810000000000002
20
-5.6509999999999998
11
5.8810000000000002
21
-5.5910000000000002
0
LINE
8
BLACK
6
CONTINUOUS
10
5.8810000000000002
20
-5.5910000000000002
11
5.8958267716535433
21
-5.5910000000000002
0
LINE
8
BLACK
6
CONTINUOUS
10
5.8958267716535433
20
-5.5910000000000002
11
5.8958267716535433
21
-5.583962283464567
0
LINE
8
BLACK
6
CONTINUOUS
10
5.8958267716535433
20
-5.583962283464567
11
5.8747385039370075
21
-5.5628740157480312
0
LINE
8
BLACK
6
CONTINUOUS
10
5.8747385039370075
20
-5.5628740157480312
11
5.6698740157480314
21
-5.5628740157480312
0
LINE
8
BLACK
6
CONTINUOUS
10
5.6698740157480314
20
-5.5628740157480312
11
5.6698740157480314
21
-5.571067716535433
0
LINE
8
BLACK
6
CONTINUOUS
10
5.6698740157480314
20
-5.571067716535433
11
5.6699422440944884
21
-5.5716734645669286
0
LINE
8
BLACK
6
CONTINUOUS
10
5.6699422440944884
20
-5.5716734645669286
11
5.6702362204724412
21
-5.5729614173228343
0
LINE
8
BLACK
6
CONTINUOUS
10
5.6702362204724412
20
-5.5729614173228343
11
5.6702362204724412
21
-5.5887094488188973
0
LINE
8
BLACK
6
CONTINUOUS
10
5.6702362204724412
20
-5.5887094488188973
11
5.6923622047244091
21
-5.5887094488188973
0
LINE
8
BLACK
6
CONTINUOUS
10
5.6923622047244091
20
-5.5887094488188973
11
5.6923622047244091
21
-5.6487094488188978
0
LINE
8
BLACK
6
CONTINUOUS
10
5.6923622047244091
20
-5.6487094488188978
11
5.6323622047244095
21
-5.6487094488188978
0
LINE
8
BLACK
6
CONTINUOUS
10
5.6323622047244095
20
-5.6487094488188978
11
5.6323622047244095
21
-5.5887094488188973
0
LINE
8
BLACK
6
CONTINUOUS
10
5.6323622047244095
20
-5.5887094488188973
11
5.6544881889763774
21
-5.5887094488188973
0
LINE
8
BLACK
6
CONTINUOUS
10
5.6544881889763774
20
-5.5887094488188973
11
5.6544881889763774
21
-5.574492874015748
0
LINE
8
BLACK
6
CONTINUOUS
10
5.6544881889763774
20
-5.574492874015748
11
5.6544199212598425
21
-5.5738871259842515
0
LINE
8
BLACK
6
CONTINUOUS
10
5.6544199212598425
20
-5.5738871259842515
11
5.6541259842519684
21
-5.5725992125984254
0
LINE
8
BLACK
6
CONTINUOUS
10
5.6541259842519684
20
-5.5725992125984254
11
5.6541259842519684
21
-5.5628740157480312
0
LINE
8
BLACK
6
CONTINUOUS
10
5.6541259842519684
20
-5.5628740157480312
11
5.4198740157480314
21
-5.5628740157480312
0
LINE
8
BLACK
6
CONTINUOUS
10
5.4198740157480314
20
-5.5628740157480312
11
5.4198740157480314
21
-5.571067716535433
0
LINE
8
BLACK
6
CONTINUOUS
10
5.4198740157480314
20
-5.571067716535433
11
5.4199422440944884
21
-5.5716734645669286
0
LINE
8
BLACK
6
CONTINUOUS
10
5.4199422440944884
20
-5.5716734645669286
11
5.4202362204724412
21
-5.5729614173228343
0
LINE
8
BLACK
6
CONTINUOUS
10
5.4202362204724412
20
-5.5729614173228343
11
5.4202362204724412
21
-5.5887094488188973
0
LINE
8
BLACK
6
CONTINUOUS
10
5.4202362204724412
20
-5.5887094488188973
11
5.4423622047244091
21
-5.5887094488188973
0
LINE
8
BLACK
6
CONTINUOUS
10
5.4423622047244091
20
-5.5887094488188973
11
5.4423622047244091
21
-5.6487094488188978
0
LINE
8
BLACK
6
CONTINUOUS
10
5.4423622047244091
20
-5.6487094488188978
11
5.3823622047244095
21
-5.6487094488188978
0
LINE
8
BLACK
6
CONTINUOUS
10
5.3823622047244095
20
-5.6487094488188978
11
5.3823622047244095
21
-5.5887094488188973
0
LINE
8
BLACK
6
CONTINUOUS
10
5.3823622047244095
20
-5.5887094488188973
11
5.4044881889763774
21
-5.5887094488188973
0
LINE
8
BLACK
6
CONTINUOUS
10
5.4044881889763774
20
-5.5887094488188973
11
5.4044881889763774
21
-5.574492874015748
0
LINE
8
BLACK
6
CONTINUOUS
10
5.4044881889763774
20
-5.574492874015748
11
5.4044199212598425
21
-5.5738871259842515
0
LINE
8
BLACK
6
CONTINUOUS
10
5.4044199212598425
20
-5.5738871259842515
11
5.4041259842519684
21
-5.5725992125984254
0
LINE
8
BLACK
6
CONTINUOUS
10
5.4041259842519684
20
-5.5725992125984254
11
5.4041259842519684
21
-5.5628740157480312
0
LINE
8
BLACK
6
CONTINUOUS
10
5.4041259842519684
20
-5.5628740157480312
11
5.1698740157480314
21
-5.5628740157480312
0
LINE
8
BLACK
6
CONTINUOUS
10
5.1698740157480314
20
-5.5628740157480312
11
5.1698740157480314
21
-5.571067716535433
0
LINE
8
BLACK
6
CONTINUOUS
10
5.1698740157480314
20
-5.571067716535433
11
5.1699422440944884
21
-5.5716734645669286
0
LINE
8
BLACK
6
CONTINUOUS
10
5.1699422440944884
20
-5.5716734645669286
11
5.1702362204724412
21
-5.5729614173228343
0
LINE
8
BLACK
6
CONTINUOUS
10
5.1702362204724412
20
-5.5729614173228343
11
5.1702362204724412
21
-5.5887094488188973
0
LINE
8
BLACK
6
CONTINUOUS
10
5.1702362204724412
20
-5.5887094488188973
11
5.1923622047244091
21
-5.5887094488188973
0
LINE
8
BLACK
6
CONTINUOUS
10
5.1923622047244091
20
-5.5887094488188973
11
5.1923622047244091
21
-5.6487094488188978
0
LINE
8
BLACK
6
CONTINUOUS
10
5.1923622047244091
20
-5.6487094488188978
11
5.1323622047244095
21
-5.6487094488188978
0
LINE
8
BLACK
6
CONTINUOUS
10
5.1323622047244095
20
-5.6487094488188978
11
5.1323622047244095
21
-5.5887094488188973
0
LINE
8
BLACK
6
CONTINUOUS
10
5.1323622047244095
20
-5.5887094488188973
11
5.1544881889763774
21
-5.5887094488188973
0
LINE
8
BLACK
6
CONTINUOUS
10
5.1544881889763774
20
-5.5887094488188973
11
5.1544881889763774
21
-5.574492874015748
0
LINE
8
BLACK
6
CONTINUOUS
10
5.1544881889763774
20
-5.574492874015748
11
5.1544199212598425
21
-5.5738871259842515
0
LINE
8
BLACK
6
CONTINUOUS
10
5.1544199212598425
20
-5.5738871259842515
11
5.1541259842519684
21
-5.5725992125984254
0
LINE
8
BLACK
6
CONTINUOUS
10
5.1541259842519684
20
-5.5725992125984254
11
5.1541259842519684
21
-5.5628740157480312
0
LINE
8
BLACK
6
CONTINUOUS
10
5.1541259842519684
20
-5.5628740157480312
11
4.9166929133858268
21
-5.5628740157480312
0
LINE
8
BLACK
6
CONTINUOUS
10
4.9166929133858268
20
-5.5628740157480312
11
4.9166929133858268
21
-5.5929614173228348
0
LINE
8
BLACK
6
CONTINUOUS
10
4.9166929133858268
20
-5.5929614173228348
11
4.9388188976377956
21
-5.5929614173228348
0
LINE
8
BLACK
6
CONTINUOUS
10
4.9388188976377956
20
-5.5929614173228348
11
4.9388188976377956
21
-5.6529614173228344
0
LINE
8
BLACK
6
CONTINUOUS
10
4.9388188976377956
20
-5.6529614173228344
11
4.8788188976377951
21
-5.6529614173228344
0
LINE
8
BLACK
6
CONTINUOUS
10
4.8788188976377951
20
-5.6529614173228344
11
4.8788188976377951
21
-5.5929614173228348
0
LINE
8
BLACK
6
CONTINUOUS
10
4.8788188976377951
20
-5.5929614173228348
11
4.9009448818897638
21
-5.5929614173228348
0
LINE
8
BLACK
6
CONTINUOUS
10
4.9009448818897638
20
-5.5929614173228348
11
4.9009448818897638
21
-5.5628740157480312
0
LINE
8
BLACK
6
CONTINUOUS
10
4.9009448818897638
20
-5.5628740157480312
11
4.6698740157480314
21
-5.5628740157480312
0
LINE
8
BLACK
6
CONTINUOUS
10
4.6698740157480314
20
-5.5628740157480312
11
4.6698740157480314
21
-5.571067716535433
0
LINE
8
BLACK
6
CONTINUOUS
10
4.6698740157480314
20
-5.571067716535433
11
4.6699422440944884
21
-5.5716734645669286
0
LINE
8
BLACK
6
CONTINUOUS
10
4.6699422440944884
20
-5.5716734645669286
11
4.6702362204724412
21
-5.5729614173228343
0
LINE
8
BLACK
6
CONTINUOUS
10
4.6702362204724412
20
-5.5729614173228343
11
4.6702362204724412
21
-5.5887094488188973
0
LINE
8
BLACK
6
CONTINUOUS
10
4.6702362204724412
20
-5.5887094488188973
11
4.6923622047244091
21
-5.5887094488188973
0
LINE
8
BLACK
6
CONTINUOUS
10
4.6923622047244091
20
-5.5887094488188973
11
4.6923622047244091
21
-5.6487094488188978
0
LINE
8
BLACK
6
CONTINUOUS
10
4.6923622047244091
20
-5.6487094488188978
11
4.6323622047244095
21
-5.6487094488188978
0
LINE
8
BLACK
6
CONTINUOUS
10
4.6323622047244095
20
-5.6487094488188978
11
4.6323622047244095
21
-5.5887094488188973
0
LINE
8
BLACK
6
CONTINUOUS
10
4.6323622047244095
20
-5.5887094488188973
11
4.6544881889763783
21
-5.5887094488188973
0
LINE
8
BLACK
6
CONTINUOUS
10
4.6544881889763783
20
-5.5887094488188973
11
4.6544881889763783
21
-5.574492874015748
0
LINE
8
BLACK
6
CONTINUOUS
10
4.6544881889763783
20
-5.574492874015748
11
4.6544199212598425
21
-5.5738871259842515
0
LINE
8
BLACK
6
CONTINUOUS
10
4.6544199212598425
20
-5.5738871259842515
11
4.6541259842519684
21
-5.5725992125984254
0
LINE
8
BLACK
6
CONTINUOUS
10
4.6541259842519684
20
-5.5725992125984254
11
4.6541259842519684
21
-5.5628740157480312
0
LINE
8
BLACK
6
CONTINUOUS
10
4.6541259842519684
20
-5.5628740157480312
11
4.4218110236220474
21
-5.5628740157480312
0
LINE
8
BLACK
6
CONTINUOUS
10
4.4218110236220474
20
-5.5628740157480312
11
4.4218110236220474
21
-5.5905992125984252
0
LINE
8
BLACK
6
CONTINUOUS
10
4.4218110236220474
20
-5.5905992125984252
11
4.4439370078740152
21
-5.5905992125984252
0
LINE
8
BLACK
6
CONTINUOUS
10
4.4439370078740152
20
-5.5905992125984252
11
4.4439370078740152
21
-5.6505992125984248
0
LINE
8
BLACK
6
CONTINUOUS
10
4.4439370078740152
20
-5.6505992125984248
11
4.3839370078740156
21
-5.6505992125984248
0
LINE
8
BLACK
6
CONTINUOUS
10
4.3839370078740156
20
-5.6505992125984248
11
4.3839370078740156
21
-5.5905992125984252
0
LINE
8
BLACK
6
CONTINUOUS
10
4.3839370078740156
20
-5.5905992125984252
11
4.4060629921259844
21
-5.5905992125984252
0
LINE
8
BLACK
6
CONTINUOUS
10
4.4060629921259844
20
-5.5905992125984252
11
4.4060629921259844
21
-5.5628740157480312
0
LINE
8
BLACK
6
CONTINUOUS
10
4.4060629921259844
20
-5.5628740157480312
11
4.3742615354330709
21
-5.5628740157480312
0
LINE
8
BLACK
6
CONTINUOUS
10
4.3742615354330709
20
-5.5628740157480312
11
4.3293705118110237
21
-5.6077649999999997
0
LINE
8
BLACK
6
CONTINUOUS
10
4.3293705118110237
20
-5.6077649999999997
11
4.3293705118110237
21
-6.2782349999999996
0
LINE
8
BLACK
6
CONTINUOUS
10
4.3293705118110237
20
-6.2782349999999996
11
4.4641280708661419
21
-6.4129925590551178
0
LINE
8
BLACK
6
CONTINUOUS
10
4.4641280708661419
20
-6.4129925590551178
11
4.6667649999999998
21
-6.4129925590551178
0
LINE
8
BLACK
6
CONTINUOUS
10
4.6667649999999998
20
-6.4129925590551178
11
4.7421259842519685
21
-6.3376315748031491
0
LINE
8
BLACK
6
CONTINUOUS
10
4.7421259842519685
20
-6.3376315748031491
11
4.7421259842519685
21
-6.3251450393700788
0
LINE
8
BLACK
6
CONTINUOUS
10
4.7421259842519685
20
-6.3251450393700788
11
4.7381889763779528
21
-6.3251450393700788
0
LINE
8
BLACK
6
CONTINUOUS
10
4.7381889763779528
20
-6.3251450393700788
11
4.7381889763779528
21
-6.2660899212598427
0
LINE
8
BLACK
6
CONTINUOUS
10
4.7381889763779528
20
-6.2660899212598427
11
4.7618110236220472
21
-6.2660899212598427
0
LINE
8
BLACK
6
CONTINUOUS
10
4.7618110236220472
20
-6.2660899212598427
11
4.7618110236220472
21
-6.3251450393700788
0
LINE
8
BLACK
6
CONTINUOUS
10
4.7618110236220472
20
-6.3251450393700788
11
4.7578740157480315
21
-6.3251450393700788
0
LINE
8
BLACK
6
CONTINUOUS
10
4.7578740157480315
20
-6.3251450393700788
11
4.7578740157480315
21
-6.3408930708661417
0
LINE
8
BLACK
6
CONTINUOUS
10
4.7578740157480315
20
-6.3408930708661417
11
4.7575800393700787
21
-6.3421809842519687
0
LINE
8
BLACK
6
CONTINUOUS
10
4.7575800393700787
20
-6.3421809842519687
11
4.7574321653543308
21
-6.343493700787401
0
LINE
8
BLACK
6
CONTINUOUS
10
4.7574321653543308
20
-6.343493700787401
11
4.7571938976377952
21
-6.343872874015748
0
LINE
8
BLACK
6
CONTINUOUS
10
4.7571938976377952
20
-6.343872874015748
11
4.7570942519685042
21
-6.3443094881889763
0
LINE
8
BLACK
6
CONTINUOUS
10
4.7570942519685042
20
-6.3443094881889763
11
4.7562705118110236
21
-6.3453423622047245
0
LINE
8
BLACK
6
CONTINUOUS
10
4.7562705118110236
20
-6.3453423622047245
11
4.7555677559055116
21
-6.3464608267716534
0
LINE
8
BLACK
6
CONTINUOUS
10
4.7555677559055116
20
-6.3464608267716534
11
4.6755942519685041
21
-6.4264343307086609
0
LINE
8
BLACK
6
CONTINUOUS
10
4.6755942519685041
20
-6.4264343307086609
11
4.6744757874015743
21
-6.4271370866141728
0
LINE
8
BLACK
6
CONTINUOUS
10
4.6744757874015743
20
-6.4271370866141728
11
4.6734429133858271
21
-6.4279608267716535
0
LINE
8
BLACK
6
CONTINUOUS
10
4.6734429133858271
20
-6.4279608267716535
11
4.6730062992125987
21
-6.4280604724409445
0
LINE
8
BLACK
6
CONTINUOUS
10
4.6730062992125987
20
-6.4280604724409445
11
4.6726271259842518
21
-6.42829874015748
0
LINE
8
BLACK
6
CONTINUOUS
10
4.6726271259842518
20
-6.42829874015748
11
4.6713144094488186
21
-6.4284466141732279
0
LINE
8
BLACK
6
CONTINUOUS
10
4.6713144094488186
20
-6.4284466141732279
11
4.6700264960629916
21
-6.4287405905511807
0
LINE
8
BLACK
6
CONTINUOUS
10
4.6700264960629916
20
-6.4287405905511807
11
4.4608665748031493
21
-6.4287405905511807
0
LINE
8
BLACK
6
CONTINUOUS
10
4.4608665748031493
20
-6.4287405905511807
11
4.4595786220472444
21
-6.4284466141732279
0
LINE
8
BLACK
6
CONTINUOUS
10
4.4595786220472444
20
-6.4284466141732279
11
4.45826594488189
21
-6.42829874015748
0
LINE
8
BLACK
6
CONTINUOUS
10
4.45826594488189
20
-6.42829874015748
11
4.4578867322834643
21
-6.4280604724409445
0
LINE
8
BLACK
6
CONTINUOUS
10
4.4578867322834643
20
-6.4280604724409445
11
4.4574501574803147
21
-6.4279608267716535
0
LINE
8
BLACK
6
CONTINUOUS
10
4.4574501574803147
20
-6.4279608267716535
11
4.4564172440944878
21
-6.4271370866141728
0
LINE
8
BLACK
6
CONTINUOUS
10
4.4564172440944878
20
-6.4271370866141728
11
4.4552988188976377
21
-6.4264343307086609
0
LINE
8
BLACK
6
CONTINUOUS
10
4.4552988188976377
20
-6.4264343307086609
11
4.3159287401574806
21
-6.2870642519685038
0
LINE
8
BLACK
6
CONTINUOUS
10
4.3159287401574806
20
-6.2870642519685038
11
4.3152259448818899
21
-6.2859457874015749
0
LINE
8
BLACK
6
CONTINUOUS
10
4.3152259448818899
20
-6.2859457874015749
11
4.314402244094488
21
-6.2849129133858268
0
LINE
8
BLACK
6
CONTINUOUS
10
4.314402244094488
20
-6.2849129133858268
11
4.3143025590551183
21
-6.2844762992125984
0
LINE
8
BLACK
6
CONTINUOUS
10
4.3143025590551183
20
-6.2844762992125984
11
4.3140643307086615
21
-6.2840971259842515
0
LINE
8
BLACK
6
CONTINUOUS
10
4.3140643307086615
20
-6.2840971259842515
11
4.3139164173228348
21
-6.2827844094488183
0
LINE
8
BLACK
6
CONTINUOUS
10
4.3139164173228348
20
-6.2827844094488183
11
4.3136224803149608
21
-6.2814964960629922
0
LINE
8
BLACK
6
CONTINUOUS
10
4.3136224803149608
20
-6.2814964960629922
11
4.3136224803149608
21
-5.6045035039370079
0
LINE
8
BLACK
6
CONTINUOUS
10
4.3136224803149608
20
-5.6045035039370079
11
4.3139164173228348
21
-5.6032155511811021
0
LINE
8
BLACK
6
CONTINUOUS
10
4.3139164173228348
20
-5.6032155511811021
11
4.3140643307086615
21
-5.6019028740157477
0
LINE
8
BLACK
6
CONTINUOUS
10
4.3140643307086615
20
-5.6019028740157477
11
4.3143025590551183
21
-5.6015236614173229
0
LINE
8
BLACK
6
CONTINUOUS
10
4.3143025590551183
20
-5.6015236614173229
11
4.314402244094488
21
-5.6010870866141733
0
LINE
8
BLACK
6
CONTINUOUS
10
4.314402244094488
20
-5.6010870866141733
11
4.3152259448818899
21
-5.6000541732283464
0
LINE
8
BLACK
6
CONTINUOUS
10
4.3152259448818899
20
-5.6000541732283464
11
4.3159287401574806
21
-5.5989357480314963
0
LINE
8
BLACK
6
CONTINUOUS
10
4.3159287401574806
20
-5.5989357480314963
11
4.3654322440944879
21
-5.5494322047244093
0
LINE
8
BLACK
6
CONTINUOUS
10
4.3654322440944879
20
-5.5494322047244093
11
4.3665507480314956
21
-5.5487293700787399
0
LINE
8
BLACK
6
CONTINUOUS
10
4.3665507480314956
20
-5.5487293700787399
11
4.367583582677165
21
-5.5479057480314955
0
LINE
8
BLACK
6
CONTINUOUS
10
4.367583582677165
20
-5.5479057480314955
11
4.3680201968503933
21
-5.5478060629921258
0
LINE
8
BLACK
6
CONTINUOUS
10
4.3680201968503933
20
-5.5478060629921258
11
4.368399409448819
21
-5.5475678346456689
0
LINE
8
BLACK
6
CONTINUOUS
10
4.368399409448819
20
-5.5475678346456689
11
4.3697121653543309
21
-5.5474198818897635
0
LINE
8
BLACK
6
CONTINUOUS
10
4.3697121653543309
20
-5.5474198818897635
11
4.3709999999999996
21
-5.5471259842519682
0
LINE
8
BLACK
6
CONTINUOUS
10
4.3709999999999996
20
-5.5471259842519682
11
4.4130000000000003
21
-5.5471259842519682
0
LINE
8
BLACK
6
CONTINUOUS
10
4.8195746456692916
20
-6.2486811811023619
11
4.821405078740157
21
-6.2507936220472438
0
LINE
8
BLACK
6
CONTINUOUS
10
4.821405078740157
20
-6.2507936220472438
11
4.8218028740157477
21
-6.2535603149606294
0
LINE
8
BLACK
6
CONTINUOUS
10
4.8218028740157477
20
-6.2535603149606294
11
4.8208639370078741
21
-6.2558270866141727
0
LINE
8
BLACK
6
CONTINUOUS
10
4.8208639370078741
20
-6.2558270866141727
11
4.8204374803149603
21
-6.2563967322834646
0
LINE
8
BLACK
6
CONTINUOUS
10
4.8204374803149603
20
-6.2563967322834646
11
4.8204374015748028
21
-6.2563968897637796
0
LINE
8
BLACK
6
CONTINUOUS
10
4.8204374015748028
20
-6.2563968897637796
11
4.8184256299212596
21
-6.2617905118110233
0
LINE
8
BLACK
6
CONTINUOUS
10
4.8184256299212596
20
-6.2617905118110233
11
4.8184255511811021
21
-6.2617908267716533
0
LINE
8
BLACK
6
CONTINUOUS
10
4.8184255511811021
20
-6.2617908267716533
11
4.8181692913385827
21
-6.2641745669291335
0
LINE
8
BLACK
6
CONTINUOUS
10
4.8181692913385827
20
-6.2641745669291335
11
4.8181692913385827
21
-6.3270603543307082
0
LINE
8
BLACK
6
CONTINUOUS
10
4.8181692913385827
20
-6.3270603543307082
11
4.8184255511811021
21
-6.3294440944881885
0
LINE
8
BLACK
6
CONTINUOUS
10
4.8184255511811021
20
-6.3294440944881885
11
4.8191996456692916
21
-6.3315194488188977
0
LINE
8
BLACK
6
CONTINUOUS
10
4.8191996456692916
20
-6.3315194488188977
11
4.8204374409448816
21
-6.3348381102362206
0
LINE
8
BLACK
6
CONTINUOUS
10
4.8204374409448816
20
-6.3348381102362206
11
4.8211168110236216
21
-6.3357456299212593
0
LINE
8
BLACK
6
CONTINUOUS
10
4.8211168110236216
20
-6.3357456299212593
11
4.8220936614173224
21
-6.3383644881889758
0
LINE
8
BLACK
6
CONTINUOUS
10
4.8220936614173224
20
-6.3383644881889758
11
4.8221062992125985
21
-6.338718464566929
0
LINE
8
BLACK
6
CONTINUOUS
10
4.8221062992125985
20
-6.338718464566929
11
4.8221062992125985
21
-6.3656207086614174
0
LINE
8
BLACK
6
CONTINUOUS
10
4.8221062992125985
20
-6.3656207086614174
11
4.8213188188976375
21
-6.3683026377952752
0
LINE
8
BLACK
6
CONTINUOUS
10
4.8213188188976375
20
-6.3683026377952752
11
4.8210544488188978
21
-6.3686488582677168
0
LINE
8
BLACK
6
CONTINUOUS
10
4.8210544488188978
20
-6.3686488582677168
11
4.8210564566929133
21
-6.3686503149606297
0
LINE
8
BLACK
6
CONTINUOUS
10
4.8210564566929133
20
-6.3686503149606297
11
4.8209037007874018
21
-6.3688605118110235
0
LINE
8
BLACK
6
CONTINUOUS
10
4.8209037007874018
20
-6.3688605118110235
11
4.8171445669291337
21
-6.3753715748031494
0
LINE
8
BLACK
6
CONTINUOUS
10
4.8171445669291337
20
-6.3753715748031494
11
4.8171444488188975
21
-6.3753718110236219
0
LINE
8
BLACK
6
CONTINUOUS
10
4.8171444488188975
20
-6.3753718110236219
11
4.817088779527559
21
-6.3755431496062993
0
LINE
8
BLACK
6
CONTINUOUS
10
4.817088779527559
20
-6.3755431496062993
11
4.814820984251968
21
-6.3825225196850388
0
LINE
8
BLACK
6
CONTINUOUS
10
4.814820984251968
20
-6.3825225196850388
11
4.8146277559055113
21
-6.3843610236220467
0
LINE
8
BLACK
6
CONTINUOUS
10
4.8146277559055113
20
-6.3843610236220467
11
4.8135642125984255
21
-6.3869459448818899
0
LINE
8
BLACK
6
CONTINUOUS
10
4.8135642125984255
20
-6.3869459448818899
11
4.8132020078740156
21
-6.3873501181102359
0
LINE
8
BLACK
6
CONTINUOUS
10
4.8132020078740156
20
-6.3873501181102359
11
4.7775358267716532
21
-6.4230163779527558
0
LINE
8
BLACK
6
CONTINUOUS
10
4.7775358267716532
20
-6.4230163779527558
11
4.775082559055118
21
-6.4243559448818894
0
LINE
8
BLACK
6
CONTINUOUS
10
4.775082559055118
20
-6.4243559448818894
11
4.7740281102362205
21
-6.4244693307086616
0
LINE
8
BLACK
6
CONTINUOUS
10
4.7740281102362205
20
-6.4244693307086616
11
4.7178473622047239
21
-6.4244693307086616
0
LINE
8
BLACK
6
CONTINUOUS
10
4.7178473622047239
20
-6.4244693307086616
11
4.7151654330708661
21
-6.4236818503937005
0
LINE
8
BLACK
6
CONTINUOUS
10
4.7151654330708661
20
-6.4236818503937005
11
4.7133349999999998
21
-6.4215694094488187
0
LINE
8
BLACK
6
CONTINUOUS
10
4.7133349999999998
20
-6.4215694094488187
11
4.7129372047244091
21
-6.4188027165354331
0
LINE
8
BLACK
6
CONTINUOUS
10
4.7129372047244091
20
-6.4188027165354331
11
4.7140983858267713
21
-6.4162601968503932
0
LINE
8
BLACK
6
CONTINUOUS
10
4.7140983858267713
20
-6.4162601968503932
11
4.7143391732283462
21
-6.4160014960629921
0
LINE
8
BLACK
6
CONTINUOUS
10
4.7143391732283462
20
-6.4160014960629921
11
4.7690225196850395
21
-6.36131811023622
0
LINE
8
BLACK
6
CONTINUOUS
10
4.7690225196850395
20
-6.36131811023622
11
4.7692387007874011
21
-6.3611146062992123
0
LINE
8
BLACK
6
CONTINUOUS
10
4.7692387007874011
20
-6.3611146062992123
11
4.7710320866141736
21
-6.3595258661417322
0
LINE
8
BLACK
6
CONTINUOUS
10
4.7710320866141736
20
-6.3595258661417322
11
4.7723929133858265
21
-6.357554291338583
0
LINE
8
BLACK
6
CONTINUOUS
10
4.7723929133858265
20
-6.357554291338583
11
4.7725689370078737
21
-6.3573150787401573
0
LINE
8
BLACK
6
CONTINUOUS
10
4.7725689370078737
20
-6.3573150787401573
11
4.7740462598425193
21
-6.3554295275590551
0
LINE
8
BLACK
6
CONTINUOUS
10
4.7740462598425193
20
-6.3554295275590551
11
4.7742107874015751
21
-6.3550638976377956
0
LINE
8
BLACK
6
CONTINUOUS
10
4.7742107874015751
20
-6.3550638976377956
11
4.7746520472440945
21
-6.3542814566929131
0
LINE
8
BLACK
6
CONTINUOUS
10
4.7746520472440945
20
-6.3542814566929131
11
4.7748800787401571
21
-6.3539511417322831
0
LINE
8
BLACK
6
CONTINUOUS
10
4.7748800787401571
20
-6.3539511417322831
11
4.7757292913385827
21
-6.3517117322834649
0
LINE
8
BLACK
6
CONTINUOUS
10
4.7757292913385827
20
-6.3517117322834649
11
4.7758435039370077
21
-6.3514360236220471
0
LINE
8
BLACK
6
CONTINUOUS
10
4.7758435039370077
20
-6.3514360236220471
11
4.7768262992125985
21
-6.3492524803149601
0
LINE
8
BLACK
6
CONTINUOUS
10
4.7768262992125985
20
-6.3492524803149601
11
4.776898622047244
21
-6.348857637795275
0
LINE
8
BLACK
6
CONTINUOUS
10
4.776898622047244
20
-6.348857637795275
11
4.7771397244094489
21
-6.3479928740157483
0
LINE
8
BLACK
6
CONTINUOUS
10
4.7771397244094489
20
-6.3479928740157483
11
4.7772820866141732
21
-6.3476175196850395
0
LINE
8
BLACK
6
CONTINUOUS
10
4.7772820866141732
20
-6.3476175196850395
11
4.7775709055118112
21
-6.3452388188976379
0
LINE
8
BLACK
6
CONTINUOUS
10
4.7775709055118112
20
-6.3452388188976379
11
4.7776155511811025
21
-6.3449454330708663
0
LINE
8
BLACK
6
CONTINUOUS
10
4.7776155511811025
20
-6.3449454330708663
11
4.7780472834645664
21
-6.3425896456692916
0
LINE
8
BLACK
6
CONTINUOUS
10
4.7780472834645664
20
-6.3425896456692916
11
4.7779027559055116
21
-6.3402001574803144
0
LINE
8
BLACK
6
CONTINUOUS
10
4.7779027559055116
20
-6.3402001574803144
11
4.7778937007874012
21
-6.339900669291338
0
LINE
8
BLACK
6
CONTINUOUS
10
4.7778937007874012
20
-6.339900669291338
11
4.7778937007874012
21
-6.338718464566929
0
LINE
8
BLACK
6
CONTINUOUS
10
4.7778937007874012
20
-6.338718464566929
11
4.7786811811023622
21
-6.3360365354330703
0
LINE
8
BLACK
6
CONTINUOUS
10
4.7786811811023622
20
-6.3360365354330703
11
4.7788828346456693
21
-6.3357460629921256
0
LINE
8
BLACK
6
CONTINUOUS
10
4.7788828346456693
20
-6.3357460629921256
11
4.7795625590551181
21
-6.3348381102362206
0
LINE
8
BLACK
6
CONTINUOUS
10
4.7795625590551181
20
-6.3348381102362206
11
4.7815743700787401
21
-6.3294442913385822
0
LINE
8
BLACK
6
CONTINUOUS
10
4.7815743700787401
20
-6.3294442913385822
11
4.7816470472440944
21
-6.3287685826771654
0
LINE
8
BLACK
6
CONTINUOUS
10
4.7816470472440944
20
-6.3287685826771654
11
4.7818306692913382
21
-6.3270603543307082
0
LINE
8
BLACK
6
CONTINUOUS
10
4.7818306692913382
20
-6.3270603543307082
11
4.7818307086614169
21
-6.3270596850393703
0
LINE
8
BLACK
6
CONTINUOUS
10
4.7818307086614169
20
-6.3270596850393703
11
4.7818307086614169
21
-6.2641752362204723
0
LINE
8
BLACK
6
CONTINUOUS
10
4.7818307086614169
20
-6.2641752362204723
11
4.7818306692913382
21
-6.2641745669291335
0
LINE
8
BLACK
6
CONTINUOUS
10
4.7818306692913382
20
-6.2641745669291335
11
4.7815744094488188
21
-6.2617908267716533
0
LINE
8
BLACK
6
CONTINUOUS
10
4.7815744094488188
20
-6.2617908267716533
11
4.7815743307086613
21
-6.2617905118110233
0
LINE
8
BLACK
6
CONTINUOUS
10
4.7815743307086613
20
-6.2617905118110233
11
4.7800974015748032
21
-6.2578307874015744
0
LINE
8
BLACK
6
CONTINUOUS
10
4.7800974015748032
20
-6.2578307874015744
11
4.7795625590551181
21
-6.2563968503937009
0
LINE
8
BLACK
6
CONTINUOUS
10
4.7795625590551181
20
-6.2563968503937009
11
4.7795624803149606
21
-6.2563967322834646
0
LINE
8
BLACK
6
CONTINUOUS
10
4.7795624803149606
20
-6.2563967322834646
11
4.7791360629921256
21
-6.2558270866141727
0
LINE
8
BLACK
6
CONTINUOUS
10
4.7791360629921256
20
-6.2558270866141727
11
4.7781592913385822
21
-6.2532081889763775
0
LINE
8
BLACK
6
CONTINUOUS
10
4.7781592913385822
20
-6.2532081889763775
11
4.778753464566929
21
-6.2504769291338578
0
LINE
8
BLACK
6
CONTINUOUS
10
4.778753464566929
20
-6.2504769291338578
11
4.7807299212598426
21
-6.248500472440945
0
LINE
8
BLACK
6
CONTINUOUS
10
4.7807299212598426
20
-6.248500472440945
11
4.7831072834645667
21
-6.2478937007874018
0
LINE
8
BLACK
6
CONTINUOUS
10
4.7831072834645667
20
-6.2478937007874018
11
4.8168927165354329
21
-6.2478937007874018
0
LINE
8
BLACK
6
CONTINUOUS
10
4.8168927165354329
20
-6.2478937007874018
11
4.8195746456692916
21
-6.2486811811023619
0
LINE
8
BLACK
6
CONTINUOUS
10
5.4781928740157477
20
-6.1961293700787401
11
5.4795055905511809
21
-6.1962772834645667
0
LINE
8
BLACK
6
CONTINUOUS
10
5.4795055905511809
20
-6.1962772834645667
11
5.4798847637795278
21
-6.1965155118110236
0
LINE
8
BLACK
6
CONTINUOUS
10
5.4798847637795278
20
-6.1965155118110236
11
5.4803213779527562
21
-6.1966151968503933
0
LINE
8
BLACK
6
CONTINUOUS
10
5.4803213779527562
20
-6.1966151968503933
11
5.4813542519685035
21
-6.1974388976377952
0
LINE
8
BLACK
6
CONTINUOUS
10
5.4813542519685035
20
-6.1974388976377952
11
5.4824727165354332
21
-6.1981416929133859
0
LINE
8
BLACK
6
CONTINUOUS
10
5.4824727165354332
20
-6.1981416929133859
11
5.6742223622047243
21
-6.389891338582677
0
LINE
8
BLACK
6
CONTINUOUS
10
5.6742223622047243
20
-6.389891338582677
11
5.8455020078740159
21
-6.3898913779527557
0
LINE
8
BLACK
6
CONTINUOUS
10
5.8455020078740159
20
-6.3898913779527557
11
5.897637755905512
21
-6.3377556692913384
0
LINE
8
BLACK
6
CONTINUOUS
10
5.897637755905512
20
-6.3377556692913384
11
5.897637755905512
21
-6.2565835039370077
0
LINE
8
BLACK
6
CONTINUOUS
10
5.897637755905512
20
-6.2565835039370077
11
5.897931692913386
21
-6.2552955511811019
0
LINE
8
BLACK
6
CONTINUOUS
10
5.897931692913386
20
-6.2552955511811019
11
5.8980796062992127
21
-6.2539828740157475
0
LINE
8
BLACK
6
CONTINUOUS
10
5.8980796062992127
20
-6.2539828740157475
11
5.8983178346456695
21
-6.2536036614173227
0
LINE
8
BLACK
6
CONTINUOUS
10
5.8983178346456695
20
-6.2536036614173227
11
5.8984175196850392
21
-6.2531670866141731
0
LINE
8
BLACK
6
CONTINUOUS
10
5.8984175196850392
20
-6.2531670866141731
11
5.8992412204724411
21
-6.2521341732283462
0
LINE
8
BLACK
6
CONTINUOUS
10
5.8992412204724411
20
-6.2521341732283462
11
5.899944015748031
21
-6.2510157480314961
0
LINE
8
BLACK
6
CONTINUOUS
10
5.899944015748031
20
-6.2510157480314961
11
5.9078180708661412
21
-6.2431416929133858
0
LINE
8
BLACK
6
CONTINUOUS
10
5.9078180708661412
20
-6.2431416929133858
11
5.9089364960629922
21
-6.2424388976377951
0
LINE
8
BLACK
6
CONTINUOUS
10
5.9089364960629922
20
-6.2424388976377951
11
5.9099694094488191
21
-6.2416151968503932
0
LINE
8
BLACK
6
CONTINUOUS
10
5.9099694094488191
20
-6.2416151968503932
11
5.9104059842519687
21
-6.2415155118110235
0
LINE
8
BLACK
6
CONTINUOUS
10
5.9104059842519687
20
-6.2415155118110235
11
5.9107851968503935
21
-6.2412772834645667
0
LINE
8
BLACK
6
CONTINUOUS
10
5.9107851968503935
20
-6.2412772834645667
11
5.9120978740157479
21
-6.24112937007874
0
LINE
8
BLACK
6
CONTINUOUS
10
5.9120978740157479
20
-6.24112937007874
11
5.9133858267716537
21
-6.240835433070866
0
LINE
8
BLACK
6
CONTINUOUS
10
5.9133858267716537
20
-6.240835433070866
11
5.9291338582677167
21
-6.240835433070866
0
LINE
8
BLACK
6
CONTINUOUS
10
5.9291338582677167
20
-6.240835433070866
11
5.9291338582677167
21
-6.2368984251968502
0
LINE
8
BLACK
6
CONTINUOUS
10
5.9291338582677167
20
-6.2368984251968502
11
5.9881889763779528
21
-6.2368984251968502
0
LINE
8
BLACK
6
CONTINUOUS
10
5.9881889763779528
20
-6.2368984251968502
11
5.9881889763779528
21
-6.2605204724409447
0
LINE
8
BLACK
6
CONTINUOUS
10
5.9881889763779528
20
-6.2605204724409447
11
5.9291338582677167
21
-6.2605204724409447
0
LINE
8
BLACK
6
CONTINUOUS
10
5.9291338582677167
20
-6.2605204724409447
11
5.9291338582677167
21
-6.2565834645669289
0
LINE
8
BLACK
6
CONTINUOUS
10
5.9291338582677167
20
-6.2565834645669289
11
5.9166473228346455
21
-6.2565834645669289
0
LINE
8
BLACK
6
CONTINUOUS
10
5.9166473228346455
20
-6.2565834645669289
11
5.9133857874015749
21
-6.2598449999999994
0
LINE
8
BLACK
6
CONTINUOUS
10
5.9133857874015749
20
-6.2598449999999994
11
5.9133857874015749
21
-6.3410172047244089
0
LINE
8
BLACK
6
CONTINUOUS
10
5.9133857874015749
20
-6.3410172047244089
11
5.9130918110236221
21
-6.3423050787401571
0
LINE
8
BLACK
6
CONTINUOUS
10
5.9130918110236221
20
-6.3423050787401571
11
5.9129439370078742
21
-6.3436178346456691
0
LINE
8
BLACK
6
CONTINUOUS
10
5.9129439370078742
20
-6.3436178346456691
11
5.9127056692913387
21
-6.343997007874016
0
LINE
8
BLACK
6
CONTINUOUS
10
5.9127056692913387
20
-6.343997007874016
11
5.9126060236220468
21
-6.3444336220472444
0
LINE
8
BLACK
6
CONTINUOUS
10
5.9126060236220468
20
-6.3444336220472444
11
5.9117823622047245
21
-6.3454664173228341
0
LINE
8
BLACK
6
CONTINUOUS
10
5.9117823622047245
20
-6.3454664173228341
11
5.9110795275590551
21
-6.3465850000000001
0
LINE
8
BLACK
6
CONTINUOUS
10
5.9110795275590551
20
-6.3465850000000001
11
5.854331299212598
21
-6.4033331889763776
0
LINE
8
BLACK
6
CONTINUOUS
10
5.854331299212598
20
-6.4033331889763776
11
5.8532128346456691
21
-6.4040359448818895
0
LINE
8
BLACK
6
CONTINUOUS
10
5.8532128346456691
20
-6.4040359448818895
11
5.852179960629921
21
-6.4048596850393702
0
LINE
8
BLACK
6
CONTINUOUS
10
5.852179960629921
20
-6.4048596850393702
11
5.8517433464566926
21
-6.4049593307086612
0
LINE
8
BLACK
6
CONTINUOUS
10
5.8517433464566926
20
-6.4049593307086612
11
5.8513641732283466
21
-6.4051975984251968
0
LINE
8
BLACK
6
CONTINUOUS
10
5.8513641732283466
20
-6.4051975984251968
11
5.8500514566929134
21
-6.4053454724409447
0
LINE
8
BLACK
6
CONTINUOUS
10
5.8500514566929134
20
-6.4053454724409447
11
5.8487635433070864
21
-6.4056394488188975
0
LINE
8
BLACK
6
CONTINUOUS
10
5.8487635433070864
20
-6.4056394488188975
11
5.6709608661417326
21
-6.40563937007874
0
LINE
8
BLACK
6
CONTINUOUS
10
5.6709608661417326
20
-6.40563937007874
11
5.6696729133858268
21
-6.4053453937007871
0
LINE
8
BLACK
6
CONTINUOUS
10
5.6696729133858268
20
-6.4053453937007871
11
5.6683602362204724
21
-6.4051975196850393
0
LINE
8
BLACK
6
CONTINUOUS
10
5.6683602362204724
20
-6.4051975196850393
11
5.6679810236220467
21
-6.4049592519685037
0
LINE
8
BLACK
6
CONTINUOUS
10
5.6679810236220467
20
-6.4049592519685037
11
5.6675444488188971
21
-6.4048596062992127
0
LINE
8
BLACK
6
CONTINUOUS
10
5.6675444488188971
20
-6.4048596062992127
11
5.6665115354330711
21
-6.404035866141732
0
LINE
8
BLACK
6
CONTINUOUS
10
5.6665115354330711
20
-6.404035866141732
11
5.6653931102362201
21
-6.4033331102362201
0
LINE
8
BLACK
6
CONTINUOUS
10
5.6653931102362201
20
-6.4033331102362201
11
5.473643464566929
21
-6.211583464566929
0
LINE
8
BLACK
6
CONTINUOUS
10
5.473643464566929
20
-6.211583464566929
11
5.4206237401574802
21
-6.211583464566929
0
LINE
8
BLACK
6
CONTINUOUS
10
5.4206237401574802
20
-6.211583464566929
11
5.3952362204724409
21
-6.2369709448818895
0
LINE
8
BLACK
6
CONTINUOUS
10
5.3952362204724409
20
-6.2369709448818895
11
5.3952362204724409
21
-6.2534338582677167
0
LINE
8
BLACK
6
CONTINUOUS
10
5.3952362204724409
20
-6.2534338582677167
11
5.3952362204724409
21
-6.2691818897637797
0
LINE
8
BLACK
6
CONTINUOUS
10
5.3952362204724409
20
-6.2691818897637797
11
5.3991732283464566
21
-6.2691818897637797
0
LINE
8
BLACK
6
CONTINUOUS
10
5.3991732283464566
20
-6.2691818897637797
11
5.3991732283464566
21
-6.3282370078740158
0
LINE
8
BLACK
6
CONTINUOUS
10
5.3991732283464566
20
-6.3282370078740158
11
5.3755511811023622
21
-6.3282370078740158
0
LINE
8
BLACK
6
CONTINUOUS
10
5.3755511811023622
20
-6.3282370078740158
11
5.3755511811023622
21
-6.3065834645669288
0
LINE
8
BLACK
6
CONTINUOUS
10
5.3755511811023622
20
-6.3065834645669288
11
5.3491732283464568
21
-6.3065834645669288
0
LINE
8
BLACK
6
CONTINUOUS
10
5.3491732283464568
20
-6.3065834645669288
11
5.3491732283464568
21
-6.3282370078740158
0
LINE
8
BLACK
6
CONTINUOUS
10
5.3491732283464568
20
-6.3282370078740158
11
5.3255511811023624
21
-6.3282370078740158
0
LINE
8
BLACK
6
CONTINUOUS
10
5.3255511811023624
20
-6.3282370078740158
11
5.3255511811023624
21
-6.2691818897637797
0
LINE
8
BLACK
6
CONTINUOUS
10
5.3255511811023624
20
-6.2691818897637797
11
5.3491732283464568
21
-6.2691818897637797
0
LINE
8
BLACK
6
CONTINUOUS
10
5.3491732283464568
20
-6.2691818897637797
11
5.3491732283464568
21
-6.2908354330708658
0
LINE
8
BLACK
6
CONTINUOUS
10
5.3491732283464568
20
-6.2908354330708658
11
5.3755511811023622
21
-6.2908354330708658
0
LINE
8
BLACK
6
CONTINUOUS
10
5.3755511811023622
20
-6.2908354330708658
11
5.3755511811023622
21
-6.2691818897637797
0
LINE
8
BLACK
6
CONTINUOUS
10
5.3755511811023622
20
-6.2691818897637797
11
5.3794881889763779
21
-6.2691818897637797
0
LINE
8
BLACK
6
CONTINUOUS
10
5.3794881889763779
20
-6.2691818897637797
11
5.3794881889763779
21
-6.2534338582677167
0
LINE
8
BLACK
6
CONTINUOUS
10
5.3794881889763779
20
-6.2534338582677167
11
5.3794881889763779
21
-6.2337094488188978
0
LINE
8
BLACK
6
CONTINUOUS
10
5.3794881889763779
20
-6.2337094488188978
11
5.379782125984252
21
-6.232421496062992
0
LINE
8
BLACK
6
CONTINUOUS
10
5.379782125984252
20
-6.232421496062992
11
5.3799300393700786
21
-6.2311088188976376
0
LINE
8
BLACK
6
CONTINUOUS
10
5.3799300393700786
20
-6.2311088188976376
11
5.3801682677165354
21
-6.2307296062992128
0
LINE
8
BLACK
6
CONTINUOUS
10
5.3801682677165354
20
-6.2307296062992128
11
5.3802679527559052
21
-6.2302930314960632
0
LINE
8
BLACK
6
CONTINUOUS
10
5.3802679527559052
20
-6.2302930314960632
11
5.3810916535433071
21
-6.2292601181102363
0
LINE
8
BLACK
6
CONTINUOUS
10
5.3810916535433071
20
-6.2292601181102363
11
5.3817944488188978
21
-6.2281416929133853
0
LINE
8
BLACK
6
CONTINUOUS
10
5.3817944488188978
20
-6.2281416929133853
11
5.4117944488188972
21
-6.1981416535433072
0
LINE
8
BLACK
6
CONTINUOUS
10
5.4117944488188972
20
-6.1981416535433072
11
5.4129130314960632
21
-6.1974387795275589
0
LINE
8
BLACK
6
CONTINUOUS
10
5.4129130314960632
20
-6.1974387795275589
11
5.4139457874015751
21
-6.1966151968503933
0
LINE
8
BLACK
6
CONTINUOUS
10
5.4139457874015751
20
-6.1966151968503933
11
5.4143823622047247
21
-6.1965155118110236
0
LINE
8
BLACK
6
CONTINUOUS
10
5.4143823622047247
20
-6.1965155118110236
11
5.4147615748031495
21
-6.1962772834645667
0
LINE
8
BLACK
6
CONTINUOUS
10
5.4147615748031495
20
-6.1962772834645667
11
5.4160742519685039
21
-6.1961293700787401
0
LINE
8
BLACK
6
CONTINUOUS
10
5.4160742519685039
20
-6.1961293700787401
11
5.4173622047244097
21
-6.195835433070866
0
LINE
8
BLACK
6
CONTINUOUS
10
5.4173622047244097
20
-6.195835433070866
11
5.4769049606299207
21
-6.195835433070866
0
LINE
8
BLACK
6
CONTINUOUS
10
5.4769049606299207
20
-6.195835433070866
11
5.4781928740157477
21
-6.1961293700787401
0
LINE
8
BLACK
6
CONTINUOUS
10
4.4500000000000002
20
-6.0648511811023624
11
4.3899999999999997
21
-6.0648511811023624
0
LINE
8
BLACK
6
CONTINUOUS
10
4.3899999999999997
20
-6.0648511811023624
11
4.3899999999999997
21
-6.0427251968503937
0
LINE
8
BLACK
6
CONTINUOUS
10
4.3899999999999997
20
-6.0427251968503937
11
4.3775135039370081
21
-6.0427251968503937
0
LINE
8
BLACK
6
CONTINUOUS
10
4.3775135039370081
20
-6.0427251968503937
11
4.3608670078740159
21
-6.0593716535433071
0
LINE
8
BLACK
6
CONTINUOUS
10
4.3608670078740159
20
-6.0593716535433071
11
4.3608670078740159
21
-6.2651887007874016
0
LINE
8
BLACK
6
CONTINUOUS
10
4.3608670078740159
20
-6.2651887007874016
11
4.4771743700787399
21
-6.3814960629921256
0
LINE
8
BLACK
6
CONTINUOUS
10
4.4771743700787399
20
-6.3814960629921256
11
4.6482614960629922
21
-6.3814960629921256
0
LINE
8
BLACK
6
CONTINUOUS
10
4.6482614960629922
20
-6.3814960629921256
11
4.6921259842519687
21
-6.3376315354330703
0
LINE
8
BLACK
6
CONTINUOUS
10
4.6921259842519687
20
-6.3376315354330703
11
4.6921259842519687
21
-6.3251450393700788
0
LINE
8
BLACK
6
CONTINUOUS
10
4.6921259842519687
20
-6.3251450393700788
11
4.688188976377953
21
-6.3251450393700788
0
LINE
8
BLACK
6
CONTINUOUS
10
4.688188976377953
20
-6.3251450393700788
11
4.688188976377953
21
-6.2660899212598427
0
LINE
8
BLACK
6
CONTINUOUS
10
4.688188976377953
20
-6.2660899212598427
11
4.7118110236220474
21
-6.2660899212598427
0
LINE
8
BLACK
6
CONTINUOUS
10
4.7118110236220474
20
-6.2660899212598427
11
4.7118110236220474
21
-6.3251450393700788
0
LINE
8
BLACK
6
CONTINUOUS
10
4.7118110236220474
20
-6.3251450393700788
11
4.7078740157480317
21
-6.3251450393700788
0
LINE
8
BLACK
6
CONTINUOUS
10
4.7078740157480317
20
-6.3251450393700788
11
4.7078740157480317
21
-6.3408930708661417
0
LINE
8
BLACK
6
CONTINUOUS
10
4.7078740157480317
20
-6.3408930708661417
11
4.7075800393700789
21
-6.3421809842519687
0
LINE
8
BLACK
6
CONTINUOUS
10
4.7075800393700789
20
-6.3421809842519687
11
4.707432165354331
21
-6.343493700787401
0
LINE
8
BLACK
6
CONTINUOUS
10
4.707432165354331
20
-6.343493700787401
11
4.7071938976377954
21
-6.343872874015748
0
LINE
8
BLACK
6
CONTINUOUS
10
4.7071938976377954
20
-6.343872874015748
11
4.7070942519685035
21
-6.3443094881889763
0
LINE
8
BLACK
6
CONTINUOUS
10
4.7070942519685035
20
-6.3443094881889763
11
4.70627062992126
21
-6.3453422047244095
0
LINE
8
BLACK
6
CONTINUOUS
10
4.70627062992126
20
-6.3453422047244095
11
4.7055677952755905
21
-6.3464608267716534
0
LINE
8
BLACK
6
CONTINUOUS
10
4.7055677952755905
20
-6.3464608267716534
11
4.6570907480314956
21
-6.3949378346456696
0
LINE
8
BLACK
6
CONTINUOUS
10
4.6570907480314956
20
-6.3949378346456696
11
4.6559722834645667
21
-6.3956405905511806
0
LINE
8
BLACK
6
CONTINUOUS
10
4.6559722834645667
20
-6.3956405905511806
11
4.6549394094488186
21
-6.3964643307086613
0
LINE
8
BLACK
6
CONTINUOUS
10
4.6549394094488186
20
-6.3964643307086613
11
4.6545027952755902
21
-6.3965639763779523
0
LINE
8
BLACK
6
CONTINUOUS
10
4.6545027952755902
20
-6.3965639763779523
11
4.6541236220472442
21
-6.3968022440944878
0
LINE
8
BLACK
6
CONTINUOUS
10
4.6541236220472442
20
-6.3968022440944878
11
4.652810905511811
21
-6.3969501181102357
0
LINE
8
BLACK
6
CONTINUOUS
10
4.652810905511811
20
-6.3969501181102357
11
4.651522992125984
21
-6.3972440944881885
0
LINE
8
BLACK
6
CONTINUOUS
10
4.651522992125984
20
-6.3972440944881885
11
4.4739128346456694
21
-6.3972440944881885
0
LINE
8
BLACK
6
CONTINUOUS
10
4.4739128346456694
20
-6.3972440944881885
11
4.4726250393700786
21
-6.3969501574803145
0
LINE
8
BLACK
6
CONTINUOUS
10
4.4726250393700786
20
-6.3969501574803145
11
4.4713122047244092
21
-6.3968022440944878
0
LINE
8
BLACK
6
CONTINUOUS
10
4.4713122047244092
20
-6.3968022440944878
11
4.4709329921259844
21
-6.3965639763779523
0
LINE
8
BLACK
6
CONTINUOUS
10
4.4709329921259844
20
-6.3965639763779523
11
4.4704964173228348
21
-6.3964643307086613
0
LINE
8
BLACK
6
CONTINUOUS
10
4.4704964173228348
20
-6.3964643307086613
11
4.4694636614173229
21
-6.3956407086614169
0
LINE
8
BLACK
6
CONTINUOUS
10
4.4694636614173229
20
-6.3956407086614169
11
4.4683450787401577
21
-6.3949378740157483
0
LINE
8
BLACK
6
CONTINUOUS
10
4.4683450787401577
20
-6.3949378740157483
11
4.3474252362204719
21
-6.2740179921259838
0
LINE
8
BLACK
6
CONTINUOUS
10
4.3474252362204719
20
-6.2740179921259838
11
4.3467224409448821
21
-6.2728995275590549
0
LINE
8
BLACK
6
CONTINUOUS
10
4.3467224409448821
20
-6.2728995275590549
11
4.3458987401574802
21
-6.2718666535433067
0
LINE
8
BLACK
6
CONTINUOUS
10
4.3458987401574802
20
-6.2718666535433067
11
4.3457990551181105
21
-6.2714300393700784
0
LINE
8
BLACK
6
CONTINUOUS
10
4.3457990551181105
20
-6.2714300393700784
11
4.3455608267716537
21
-6.2710508661417323
0
LINE
8
BLACK
6
CONTINUOUS
10
4.3455608267716537
20
-6.2710508661417323
11
4.345412913385827
21
-6.2697381496062992
0
LINE
8
BLACK
6
CONTINUOUS
10
4.345412913385827
20
-6.2697381496062992
11
4.345118976377953
21
-6.2684502362204721
0
LINE
8
BLACK
6
CONTINUOUS
10
4.345118976377953
20
-6.2684502362204721
11
4.345118976377953
21
-6.0561101574803144
0
LINE
8
BLACK
6
CONTINUOUS
10
4.345118976377953
20
-6.0561101574803144
11
4.345412913385827
21
-6.0548222047244096
0
LINE
8
BLACK
6
CONTINUOUS
10
4.345412913385827
20
-6.0548222047244096
11
4.3455608267716537
21
-6.0535095275590551
0
LINE
8
BLACK
6
CONTINUOUS
10
4.3455608267716537
20
-6.0535095275590551
11
4.3457990551181105
21
-6.0531303149606295
0
LINE
8
BLACK
6
CONTINUOUS
10
4.3457990551181105
20
-6.0531303149606295
11
4.3458987401574802
21
-6.0526937401574799
0
LINE
8
BLACK
6
CONTINUOUS
10
4.3458987401574802
20
-6.0526937401574799
11
4.3467224409448821
21
-6.0516608267716538
0
LINE
8
BLACK
6
CONTINUOUS
10
4.3467224409448821
20
-6.0516608267716538
11
4.3474252362204719
21
-6.0505424015748028
0
LINE
8
BLACK
6
CONTINUOUS
10
4.3474252362204719
20
-6.0505424015748028
11
4.3686841732283463
21
-6.0292834251968506
0
LINE
8
BLACK
6
CONTINUOUS
10
4.3686841732283463
20
-6.0292834251968506
11
4.3698027165354327
21
-6.0285805511811024
0
LINE
8
BLACK
6
CONTINUOUS
10
4.3698027165354327
20
-6.0285805511811024
11
4.3708355511811021
21
-6.027756929133858
0
LINE
8
BLACK
6
CONTINUOUS
10
4.3708355511811021
20
-6.027756929133858
11
4.3712721259842517
21
-6.0276572440944882
0
LINE
8
BLACK
6
CONTINUOUS
10
4.3712721259842517
20
-6.0276572440944882
11
4.3716513385826774
21
-6.0274190157480314
0
LINE
8
BLACK
6
CONTINUOUS
10
4.3716513385826774
20
-6.0274190157480314
11
4.372964015748031
21
-6.0272711023622048
0
LINE
8
BLACK
6
CONTINUOUS
10
4.372964015748031
20
-6.0272711023622048
11
4.3742519685039367
21
-6.0269771653543307
0
LINE
8
BLACK
6
CONTINUOUS
10
4.3742519685039367
20
-6.0269771653543307
11
4.3899999999999997
21
-6.0269771653543307
0
LINE
8
BLACK
6
CONTINUOUS
10
4.3899999999999997
20
-6.0269771653543307
11
4.3899999999999997
21
-6.0048511811023619
0
LINE
8
BLACK
6
CONTINUOUS
10
4.3899999999999997
20
-6.0048511811023619
11
4.4500000000000002
21
-6.0048511811023619
0
LINE
8
BLACK
6
CONTINUOUS
10
4.4500000000000002
20
-6.0048511811023619
11
4.4500000000000002
21
-6.0648511811023624
0
LINE
8
BLACK
6
CONTINUOUS
10
5.9881889763779528
20
-6.0605204724409445
11
5.9291338582677167
21
-6.0605204724409445
0
LINE
8
BLACK
6
CONTINUOUS
10
5.9291338582677167
20
-6.0605204724409445
11
5.9291338582677167
21
-6.0565834645669288
0
LINE
8
BLACK
6
CONTINUOUS
10
5.9291338582677167
20
-6.0565834645669288
11
5.9166473622047242
21
-6.0565834645669288
0
LINE
8
BLACK
6
CONTINUOUS
10
5.9166473622047242
20
-6.0565834645669288
11
5.8818892913385827
21
-6.0913414960629924
0
LINE
8
BLACK
6
CONTINUOUS
10
5.8818892913385827
20
-6.0913414960629924
11
5.8818892913385827
21
-6.3279709448818897
0
LINE
8
BLACK
6
CONTINUOUS
10
5.8818892913385827
20
-6.3279709448818897
11
5.8815953149606299
21
-6.3292588582677167
0
LINE
8
BLACK
6
CONTINUOUS
10
5.8815953149606299
20
-6.3292588582677167
11
5.881447440944882
21
-6.330571574803149
0
LINE
8
BLACK
6
CONTINUOUS
10
5.881447440944882
20
-6.330571574803149
11
5.8812091732283465
21
-6.3309507480314959
0
LINE
8
BLACK
6
CONTINUOUS
10
5.8812091732283465
20
-6.3309507480314959
11
5.8811095275590546
21
-6.3313873622047243
0
LINE
8
BLACK
6
CONTINUOUS
10
5.8811095275590546
20
-6.3313873622047243
11
5.8802859055118111
21
-6.3324200787401574
0
LINE
8
BLACK
6
CONTINUOUS
10
5.8802859055118111
20
-6.3324200787401574
11
5.8795830708661416
21
-6.3335387007874013
0
LINE
8
BLACK
6
CONTINUOUS
10
5.8795830708661416
20
-6.3335387007874013
11
5.8412850393700788
21
-6.3718367322834641
0
LINE
8
BLACK
6
CONTINUOUS
10
5.8412850393700788
20
-6.3718367322834641
11
5.840166574803149
21
-6.3725394881889761
0
LINE
8
BLACK
6
CONTINUOUS
10
5.840166574803149
20
-6.3725394881889761
11
5.8391337007874018
21
-6.3733632283464567
0
LINE
8
BLACK
6
CONTINUOUS
10
5.8391337007874018
20
-6.3733632283464567
11
5.8386970866141734
21
-6.3734628740157477
0
LINE
8
BLACK
6
CONTINUOUS
10
5.8386970866141734
20
-6.3734628740157477
11
5.8383179133858265
21
-6.3737011417322833
0
LINE
8
BLACK
6
CONTINUOUS
10
5.8383179133858265
20
-6.3737011417322833
11
5.8370051968503933
21
-6.3738490157480312
0
LINE
8
BLACK
6
CONTINUOUS
10
5.8370051968503933
20
-6.3738490157480312
11
5.8357172834645672
21
-6.374142992125984
0
LINE
8
BLACK
6
CONTINUOUS
10
5.8357172834645672
20
-6.374142992125984
11
5.6840071653543305
21
-6.3741429133858265
0
LINE
8
BLACK
6
CONTINUOUS
10
5.6840071653543305
20
-6.3741429133858265
11
5.6827192519685035
21
-6.3738489370078737
0
LINE
8
BLACK
6
CONTINUOUS
10
5.6827192519685035
20
-6.3738489370078737
11
5.6814065354330712
21
-6.3737010629921258
0
LINE
8
BLACK
6
CONTINUOUS
10
5.6814065354330712
20
-6.3737010629921258
11
5.6810273228346455
21
-6.3734627952755902
0
LINE
8
BLACK
6
CONTINUOUS
10
5.6810273228346455
20
-6.3734627952755902
11
5.6805907480314959
21
-6.3733631496062992
0
LINE
8
BLACK
6
CONTINUOUS
10
5.6805907480314959
20
-6.3733631496062992
11
5.6795579133858265
21
-6.3725394881889761
0
LINE
8
BLACK
6
CONTINUOUS
10
5.6795579133858265
20
-6.3725394881889761
11
5.6784393700787401
21
-6.3718366535433066
0
LINE
8
BLACK
6
CONTINUOUS
10
5.6784393700787401
20
-6.3718366535433066
11
5.486689724409449
21
-6.1800869685039368
0
LINE
8
BLACK
6
CONTINUOUS
10
5.486689724409449
20
-6.1800869685039368
11
5.3718446062992129
21
-6.1800869685039368
0
LINE
8
BLACK
6
CONTINUOUS
10
5.3718446062992129
20
-6.1800869685039368
11
5.2952362204724412
21
-6.2566953543307084
0
LINE
8
BLACK
6
CONTINUOUS
10
5.2952362204724412
20
-6.2566953543307084
11
5.2952362204724412
21
-6.2691818897637797
0
LINE
8
BLACK
6
CONTINUOUS
10
5.2952362204724412
20
-6.2691818897637797
11
5.299173228346457
21
-6.2691818897637797
0
LINE
8
BLACK
6
CONTINUOUS
10
5.299173228346457
20
-6.2691818897637797
11
5.299173228346457
21
-6.3282370078740158
0
LINE
8
BLACK
6
CONTINUOUS
10
5.299173228346457
20
-6.3282370078740158
11
5.2755511811023617
21
-6.3282370078740158
0
LINE
8
BLACK
6
CONTINUOUS
10
5.2755511811023617
20
-6.3282370078740158
11
5.2755511811023617
21
-6.2691818897637797
0
LINE
8
BLACK
6
CONTINUOUS
10
5.2755511811023617
20
-6.2691818897637797
11
5.2794881889763774
21
-6.2691818897637797
0
LINE
8
BLACK
6
CONTINUOUS
10
5.2794881889763774
20
-6.2691818897637797
11
5.2794881889763774
21
-6.2534338582677167
0
LINE
8
BLACK
6
CONTINUOUS
10
5.2794881889763774
20
-6.2534338582677167
11
5.2797821259842515
21
-6.2521459055118109
0
LINE
8
BLACK
6
CONTINUOUS
10
5.2797821259842515
20
-6.2521459055118109
11
5.279930039370079
21
-6.2508332283464565
0
LINE
8
BLACK
6
CONTINUOUS
10
5.279930039370079
20
-6.2508332283464565
11
5.2801682677165349
21
-6.2504540157480317
0
LINE
8
BLACK
6
CONTINUOUS
10
5.2801682677165349
20
-6.2504540157480317
11
5.2802679527559055
21
-6.2500174409448821
0
LINE
8
BLACK
6
CONTINUOUS
10
5.2802679527559055
20
-6.2500174409448821
11
5.2810916535433066
21
-6.2489845275590552
0
LINE
8
BLACK
6
CONTINUOUS
10
5.2810916535433066
20
-6.2489845275590552
11
5.2817944488188973
21
-6.2478661023622042
0
LINE
8
BLACK
6
CONTINUOUS
10
5.2817944488188973
20
-6.2478661023622042
11
5.3630153543307086
21
-6.1666451968503937
0
LINE
8
BLACK
6
CONTINUOUS
10
5.3630153543307086
20
-6.1666451968503937
11
5.3641337795275588
21
-6.165942401574803
0
LINE
8
BLACK
6
CONTINUOUS
10
5.3641337795275588
20
-6.165942401574803
11
5.3651666929133857
21
-6.1651187007874011
0
LINE
8
BLACK
6
CONTINUOUS
10
5.3651666929133857
20
-6.1651187007874011
11
5.3656032677165353
21
-6.1650190157480314
0
LINE
8
BLACK
6
CONTINUOUS
10
5.3656032677165353
20
-6.1650190157480314
11
5.3659824803149609
21
-6.1647807874015745
0
LINE
8
BLACK
6
CONTINUOUS
10
5.3659824803149609
20
-6.1647807874015745
11
5.3672951574803145
21
-6.1646328740157479
0
LINE
8
BLACK
6
CONTINUOUS
10
5.3672951574803145
20
-6.1646328740157479
11
5.3685831102362203
21
-6.1643389370078738
0
LINE
8
BLACK
6
CONTINUOUS
10
5.3685831102362203
20
-6.1643389370078738
11
5.4899512204724408
21
-6.1643389370078738
0
LINE
8
BLACK
6
CONTINUOUS
10
5.4899512204724408
20
-6.1643389370078738
11
5.4912391338582678
21
-6.1646328740157479
0
LINE
8
BLACK
6
CONTINUOUS
10
5.4912391338582678
20
-6.1646328740157479
11
5.492551850393701
21
-6.1647807874015745
0
LINE
8
BLACK
6
CONTINUOUS
10
5.492551850393701
20
-6.1647807874015745
11
5.492931023622047
21
-6.1650190157480314
0
LINE
8
BLACK
6
CONTINUOUS
10
5.492931023622047
20
-6.1650190157480314
11
5.4933676377952754
21
-6.1651187007874011
0
LINE
8
BLACK
6
CONTINUOUS
10
5.4933676377952754
20
-6.1651187007874011
11
5.4944005118110235
21
-6.165942401574803
0
LINE
8
BLACK
6
CONTINUOUS
10
5.4944005118110235
20
-6.165942401574803
11
5.4955189763779524
21
-6.1666451968503937
0
LINE
8
BLACK
6
CONTINUOUS
10
5.4955189763779524
20
-6.1666451968503937
11
5.6872687007874019
21
-6.3583948818897635
0
LINE
8
BLACK
6
CONTINUOUS
10
5.6872687007874019
20
-6.3583948818897635
11
5.8324557480314958
21
-6.3583949212598423
0
LINE
8
BLACK
6
CONTINUOUS
10
5.8324557480314958
20
-6.3583949212598423
11
5.8661412598425198
21
-6.3247094488188971
0
LINE
8
BLACK
6
CONTINUOUS
10
5.8661412598425198
20
-6.3247094488188971
11
5.8661412598425198
21
-6.0880799999999997
0
LINE
8
BLACK
6
CONTINUOUS
10
5.8661412598425198
20
-6.0880799999999997
11
5.8664351968503938
21
-6.086792047244094
0
LINE
8
BLACK
6
CONTINUOUS
10
5.8664351968503938
20
-6.086792047244094
11
5.8665831102362205
21
-6.0854793700787404
0
LINE
8
BLACK
6
CONTINUOUS
10
5.8665831102362205
20
-6.0854793700787404
11
5.8668213385826773
21
-6.0851001574803147
0
LINE
8
BLACK
6
CONTINUOUS
10
5.8668213385826773
20
-6.0851001574803147
11
5.866921023622047
21
-6.0846635826771651
0
LINE
8
BLACK
6
CONTINUOUS
10
5.866921023622047
20
-6.0846635826771651
11
5.8677447244094489
21
-6.0836306692913382
0
LINE
8
BLACK
6
CONTINUOUS
10
5.8677447244094489
20
-6.0836306692913382
11
5.8684475196850396
21
-6.0825122440944881
0
LINE
8
BLACK
6
CONTINUOUS
10
5.8684475196850396
20
-6.0825122440944881
11
5.9078180708661412
21
-6.0431416535433069
0
LINE
8
BLACK
6
CONTINUOUS
10
5.9078180708661412
20
-6.0431416535433069
11
5.9089365748031497
21
-6.0424388188976375
0
LINE
8
BLACK
6
CONTINUOUS
10
5.9089365748031497
20
-6.0424388188976375
11
5.9099694094488191
21
-6.0416151968503939
0
LINE
8
BLACK
6
CONTINUOUS
10
5.9099694094488191
20
-6.0416151968503939
11
5.9104060236220475
21
-6.0415155118110233
0
LINE
8
BLACK
6
CONTINUOUS
10
5.9104060236220475
20
-6.0415155118110233
11
5.9107852362204722
21
-6.0412772834645665
0
LINE
8
BLACK
6
CONTINUOUS
10
5.9107852362204722
20
-6.0412772834645665
11
5.9120979921259842
21
-6.0411293307086611
0
LINE
8
BLACK
6
CONTINUOUS
10
5.9120979921259842
20
-6.0411293307086611
11
5.9133858267716537
21
-6.0408354330708658
0
LINE
8
BLACK
6
CONTINUOUS
10
5.9133858267716537
20
-6.0408354330708658
11
5.9291338582677167
21
-6.0408354330708658
0
LINE
8
BLACK
6
CONTINUOUS
10
5.9291338582677167
20
-6.0408354330708658
11
5.9291338582677167
21
-6.03689842519685
0
LINE
8
BLACK
6
CONTINUOUS
10
5.9291338582677167
20
-6.03689842519685
11
5.9881889763779528
21
-6.03689842519685
0
LINE
8
BLACK
6
CONTINUOUS
10
5.9881889763779528
20
-6.03689842519685
11
5.9881889763779528
21
-6.0605204724409445
0
LINE
8
BLACK
6
CONTINUOUS
10
4.4735077165354333
20
-6.1763106692913388
11
4.4739711811023621
21
-6.1768455511811018
0
LINE
8
BLACK
6
CONTINUOUS
10
4.4739711811023621
20
-6.1768455511811018
11
4.4756983464566931
21
-6.1791527952755905
0
LINE
8
BLACK
6
CONTINUOUS
10
4.4756983464566931
20
-6.1791527952755905
11
4.4803067716535434
21
-6.1826026377952754
0
LINE
8
BLACK
6
CONTINUOUS
10
4.4803067716535434
20
-6.1826026377952754
11
4.4803068503937009
21
-6.1826026771653542
0
LINE
8
BLACK
6
CONTINUOUS
10
4.4803068503937009
20
-6.1826026771653542
11
4.4803069291338584
21
-6.1826027165354329
0
LINE
8
BLACK
6
CONTINUOUS
10
4.4803069291338584
20
-6.1826027165354329
11
4.4826328740157475
21
-6.1834702362204723
0
LINE
8
BLACK
6
CONTINUOUS
10
4.4826328740157475
20
-6.1834702362204723
11
4.4857005905511809
21
-6.1846144881889762
0
LINE
8
BLACK
6
CONTINUOUS
10
4.4857005905511809
20
-6.1846144881889762
11
4.4857009055118109
21
-6.1846145669291337
0
LINE
8
BLACK
6
CONTINUOUS
10
4.4857009055118109
20
-6.1846145669291337
11
4.4880846456692911
21
-6.184870826771653
0
LINE
8
BLACK
6
CONTINUOUS
10
4.4880846456692911
20
-6.184870826771653
11
4.4880848425196849
21
-6.184870826771653
0
LINE
8
BLACK
6
CONTINUOUS
10
4.4880848425196849
20
-6.184870826771653
11
4.4880851181102361
21
-6.1848708661417318
0
LINE
8
BLACK
6
CONTINUOUS
10
4.4880851181102361
20
-6.1848708661417318
11
4.4880853543307087
21
-6.1848708661417318
0
LINE
8
BLACK
6
CONTINUOUS
10
4.4880853543307087
20
-6.1848708661417318
11
4.5519146456692914
21
-6.1848708661417318
0
LINE
8
BLACK
6
CONTINUOUS
10
4.5519146456692914
20
-6.1848708661417318
11
4.5519148818897639
21
-6.1848708661417318
0
LINE
8
BLACK
6
CONTINUOUS
10
4.5519148818897639
20
-6.1848708661417318
11
4.5519151574803152
21
-6.184870826771653
0
LINE
8
BLACK
6
CONTINUOUS
10
4.5519151574803152
20
-6.184870826771653
11
4.5519153149606302
21
-6.184870826771653
0
LINE
8
BLACK
6
CONTINUOUS
10
4.5519153149606302
20
-6.184870826771653
11
4.5542990551181104
21
-6.1846145669291337
0
LINE
8
BLACK
6
CONTINUOUS
10
4.5542990551181104
20
-6.1846145669291337
11
4.5542991732283467
21
-6.1846145275590549
0
LINE
8
BLACK
6
CONTINUOUS
10
4.5542991732283467
20
-6.1846145275590549
11
4.5542992519685042
21
-6.1846145275590549
0
LINE
8
BLACK
6
CONTINUOUS
10
4.5542992519685042
20
-6.1846145275590549
11
4.5596930708661416
21
-6.1826027165354329
0
LINE
8
BLACK
6
CONTINUOUS
10
4.5596930708661416
20
-6.1826027165354329
11
4.5643016141732282
21
-6.1791527952755905
0
LINE
8
BLACK
6
CONTINUOUS
10
4.5643016141732282
20
-6.1791527952755905
11
4.5643016929133857
21
-6.1791526377952755
0
LINE
8
BLACK
6
CONTINUOUS
10
4.5643016929133857
20
-6.1791526377952755
11
4.5644636220472439
21
-6.179031456692913
0
LINE
8
BLACK
6
CONTINUOUS
10
4.5644636220472439
20
-6.179031456692913
11
4.5670825196850391
21
-6.1780546062992121
0
LINE
8
BLACK
6
CONTINUOUS
10
4.5670825196850391
20
-6.1780546062992121
11
4.5698137795275589
21
-6.1786487401574801
0
LINE
8
BLACK
6
CONTINUOUS
10
4.5698137795275589
20
-6.1786487401574801
11
4.5709441338582675
21
-6.1794949212598427
0
LINE
8
BLACK
6
CONTINUOUS
10
4.5709441338582675
20
-6.1794949212598427
11
4.6304705118110236
21
-6.239021299212598
0
LINE
8
BLACK
6
CONTINUOUS
10
4.6304705118110236
20
-6.239021299212598
11
4.6306758661417318
21
-6.2392394488188971
0
LINE
8
BLACK
6
CONTINUOUS
10
4.6306758661417318
20
-6.2392394488188971
11
4.632263937007874
21
-6.241031968503937
0
LINE
8
BLACK
6
CONTINUOUS
10
4.632263937007874
20
-6.241031968503937
11
4.6322640551181102
21
-6.2410320866141733
0
LINE
8
BLACK
6
CONTINUOUS
10
4.6322640551181102
20
-6.2410320866141733
11
4.6342341732283465
21
-6.2423919685039371
0
LINE
8
BLACK
6
CONTINUOUS
10
4.6342341732283465
20
-6.2423919685039371
11
4.6344755511811027
21
-6.2425695669291335
0
LINE
8
BLACK
6
CONTINUOUS
10
4.6344755511811027
20
-6.2425695669291335
11
4.6363603937007873
21
-6.2440462598425199
0
LINE
8
BLACK
6
CONTINUOUS
10
4.6363603937007873
20
-6.2440462598425199
11
4.6367263779527557
21
-6.2442109448818899
0
LINE
8
BLACK
6
CONTINUOUS
10
4.6367263779527557
20
-6.2442109448818899
11
4.6375084645669293
21
-6.244652086614173
0
LINE
8
BLACK
6
CONTINUOUS
10
4.6375084645669293
20
-6.244652086614173
11
4.6378385826771655
21
-6.2448799606299215
0
LINE
8
BLACK
6
CONTINUOUS
10
4.6378385826771655
20
-6.2448799606299215
11
4.637838661417323
21
-6.2448800000000002
0
LINE
8
BLACK
6
CONTINUOUS
10
4.637838661417323
20
-6.2448800000000002
11
4.6378387795275593
21
-6.2448800787401577
0
LINE
8
BLACK
6
CONTINUOUS
10
4.6378387795275593
20
-6.2448800787401577
11
4.6378389370078743
21
-6.2448801181102365
0
LINE
8
BLACK
6
CONTINUOUS
10
4.6378389370078743
20
-6.2448801181102365
11
4.6378390551181106
21
-6.244880196850394
0
LINE
8
BLACK
6
CONTINUOUS
10
4.6378390551181106
20
-6.244880196850394
11
4.6400770078740159
21
-6.2457289370078737
0
LINE
8
BLACK
6
CONTINUOUS
10
4.6400770078740159
20
-6.2457289370078737
11
4.6403538582677166
21
-6.245843582677165
0
LINE
8
BLACK
6
CONTINUOUS
10
4.6403538582677166
20
-6.245843582677165
11
4.6425374409448814
21
-6.246826338582677
0
LINE
8
BLACK
6
CONTINUOUS
10
4.6425374409448814
20
-6.246826338582677
11
4.6429324409448816
21
-6.2468987007874013
0
LINE
8
BLACK
6
CONTINUOUS
10
4.6429324409448816
20
-6.2468987007874013
11
4.6437971653543304
21
-6.2471398031496062
0
LINE
8
BLACK
6
CONTINUOUS
10
4.6437971653543304
20
-6.2471398031496062
11
4.6441722440944879
21
-6.2472820472440942
0
LINE
8
BLACK
6
CONTINUOUS
10
4.6441722440944879
20
-6.2472820472440942
11
4.6441723228346454
21
-6.2472820472440942
0
LINE
8
BLACK
6
CONTINUOUS
10
4.6441723228346454
20
-6.2472820472440942
11
4.6441724015748029
21
-6.2472820866141729
0
LINE
8
BLACK
6
CONTINUOUS
10
4.6441724015748029
20
-6.2472820866141729
11
4.6465502755905508
21
-6.2475707874015747
0
LINE
8
BLACK
6
CONTINUOUS
10
4.6465502755905508
20
-6.2475707874015747
11
4.6468440551181098
21
-6.2476155118110235
0
LINE
8
BLACK
6
CONTINUOUS
10
4.6468440551181098
20
-6.2476155118110235
11
4.6492003149606296
21
-6.2480473228346458
0
LINE
8
BLACK
6
CONTINUOUS
10
4.6492003149606296
20
-6.2480473228346458
11
4.6515903937007872
21
-6.2479027165354326
0
LINE
8
BLACK
6
CONTINUOUS
10
4.6515903937007872
20
-6.2479027165354326
11
4.6518898425196848
21
-6.2478937007874018
0
LINE
8
BLACK
6
CONTINUOUS
10
4.6518898425196848
20
-6.2478937007874018
11
4.6668927165354326
21
-6.2478937007874018
0
LINE
8
BLACK
6
CONTINUOUS
10
4.6668927165354326
20
-6.2478937007874018
11
4.6695746456692913
21
-6.2486811811023619
0
LINE
8
BLACK
6
CONTINUOUS
10
4.6695746456692913
20
-6.2486811811023619
11
4.6714050787401575
21
-6.2507936220472438
0
LINE
8
BLACK
6
CONTINUOUS
10
4.6714050787401575
20
-6.2507936220472438
11
4.6718028740157482
21
-6.2535603149606294
0
LINE
8
BLACK
6
CONTINUOUS
10
4.6718028740157482
20
-6.2535603149606294
11
4.6708639370078737
21
-6.2558270866141727
0
LINE
8
BLACK
6
CONTINUOUS
10
4.6708639370078737
20
-6.2558270866141727
11
4.6704374803149609
21
-6.2563967322834646
0
LINE
8
BLACK
6
CONTINUOUS
10
4.6704374803149609
20
-6.2563967322834646
11
4.6704374015748034
21
-6.2563968897637796
0
LINE
8
BLACK
6
CONTINUOUS
10
4.6704374015748034
20
-6.2563968897637796
11
4.6684256299212601
21
-6.2617905118110233
0
LINE
8
BLACK
6
CONTINUOUS
10
4.6684256299212601
20
-6.2617905118110233
11
4.6684255511811026
21
-6.2617908267716533
0
LINE
8
BLACK
6
CONTINUOUS
10
4.6684255511811026
20
-6.2617908267716533
11
4.6681692913385824
21
-6.2641745669291335
0
LINE
8
BLACK
6
CONTINUOUS
10
4.6681692913385824
20
-6.2641745669291335
11
4.6681692913385824
21
-6.3270603543307082
0
LINE
8
BLACK
6
CONTINUOUS
10
4.6681692913385824
20
-6.3270603543307082
11
4.6684255511811026
21
-6.3294440551181097
0
LINE
8
BLACK
6
CONTINUOUS
10
4.6684255511811026
20
-6.3294440551181097
11
4.6684727952755907
21
-6.3296438188976376
0
LINE
8
BLACK
6
CONTINUOUS
10
4.6684727952755907
20
-6.3296438188976376
11
4.6683232677165352
21
-6.3324349606299215
0
LINE
8
BLACK
6
CONTINUOUS
10
4.6683232677165352
20
-6.3324349606299215
11
4.6671528740157475
21
-6.3342924803149607
0
LINE
8
BLACK
6
CONTINUOUS
10
4.6671528740157475
20
-6.3342924803149607
11
4.6414220078740156
21
-6.3600234251968502
0
LINE
8
BLACK
6
CONTINUOUS
10
4.6414220078740156
20
-6.3600234251968502
11
4.6389687401574804
21
-6.3613629921259838
0
LINE
8
BLACK
6
CONTINUOUS
10
4.6389687401574804
20
-6.3613629921259838
11
4.6379142913385829
21
-6.3614763779527559
0
LINE
8
BLACK
6
CONTINUOUS
10
4.6379142913385829
20
-6.3614763779527559
11
4.4875214960629917
21
-6.3614763779527559
0
LINE
8
BLACK
6
CONTINUOUS
10
4.4875214960629917
20
-6.3614763779527559
11
4.4848395669291339
21
-6.3606888976377949
0
LINE
8
BLACK
6
CONTINUOUS
10
4.4848395669291339
20
-6.3606888976377949
11
4.4840138188976377
21
-6.3600234251968502
0
LINE
8
BLACK
6
CONTINUOUS
10
4.4840138188976377
20
-6.3600234251968502
11
4.4173295669291335
21
-6.2933391732283459
0
LINE
8
BLACK
6
CONTINUOUS
10
4.4173295669291335
20
-6.2933391732283459
11
4.4159899606299211
21
-6.2908859448818895
0
LINE
8
BLACK
6
CONTINUOUS
10
4.4159899606299211
20
-6.2908859448818895
11
4.4161893700787402
21
-6.2880979527559058
0
LINE
8
BLACK
6
CONTINUOUS
10
4.4161893700787402
20
-6.2880979527559058
11
4.4178644488188974
21
-6.2858603149606296
0
LINE
8
BLACK
6
CONTINUOUS
10
4.4178644488188974
20
-6.2858603149606296
11
4.4204833464566926
21
-6.2848835039370075
0
LINE
8
BLACK
6
CONTINUOUS
10
4.4204833464566926
20
-6.2848835039370075
11
4.4208372440944883
21
-6.2848708661417323
0
LINE
8
BLACK
6
CONTINUOUS
10
4.4208372440944883
20
-6.2848708661417323
11
4.4519146456692908
21
-6.2848708661417323
0
LINE
8
BLACK
6
CONTINUOUS
10
4.4519146456692908
20
-6.2848708661417323
11
4.4519148818897634
21
-6.2848708661417323
0
LINE
8
BLACK
6
CONTINUOUS
10
4.4519148818897634
20
-6.2848708661417323
11
4.4519151574803146
21
-6.2848708267716535
0
LINE
8
BLACK
6
CONTINUOUS
10
4.4519151574803146
20
-6.2848708267716535
11
4.4519153149606296
21
-6.2848708267716535
0
LINE
8
BLACK
6
CONTINUOUS
10
4.4519153149606296
20
-6.2848708267716535
11
4.4542990551181099
21
-6.2846145669291333
0
LINE
8
BLACK
6
CONTINUOUS
10
4.4542990551181099
20
-6.2846145669291333
11
4.4542991732283461
21
-6.2846145275590546
0
LINE
8
BLACK
6
CONTINUOUS
10
4.4542991732283461
20
-6.2846145275590546
11
4.4542992519685036
21
-6.2846145275590546
0
LINE
8
BLACK
6
CONTINUOUS
10
4.4542992519685036
20
-6.2846145275590546
11
4.459693070866142
21
-6.2826027165354326
0
LINE
8
BLACK
6
CONTINUOUS
10
4.459693070866142
20
-6.2826027165354326
11
4.4643016141732286
21
-6.2791527952755901
0
LINE
8
BLACK
6
CONTINUOUS
10
4.4643016141732286
20
-6.2791527952755901
11
4.467751535433071
21
-6.2745442519685035
0
LINE
8
BLACK
6
CONTINUOUS
10
4.467751535433071
20
-6.2745442519685035
11
4.469763346456693
21
-6.2691504330708661
0
LINE
8
BLACK
6
CONTINUOUS
10
4.469763346456693
20
-6.2691504330708661
11
4.4698961023622044
21
-6.2679158267716533
0
LINE
8
BLACK
6
CONTINUOUS
10
4.4698961023622044
20
-6.2679158267716533
11
4.4700196456692911
21
-6.2667664960629921
0
LINE
8
BLACK
6
CONTINUOUS
10
4.4700196456692911
20
-6.2667664960629921
11
4.4700196850393699
21
-6.2667658267716533
0
LINE
8
BLACK
6
CONTINUOUS
10
4.4700196850393699
20
-6.2667658267716533
11
4.4700196850393699
21
-6.2029364960629918
0
LINE
8
BLACK
6
CONTINUOUS
10
4.4700196850393699
20
-6.2029364960629918
11
4.4700196456692911
21
-6.202935826771653
0
LINE
8
BLACK
6
CONTINUOUS
10
4.4700196456692911
20
-6.202935826771653
11
4.4697633858267718
21
-6.2005520866141728
0
LINE
8
BLACK
6
CONTINUOUS
10
4.4697633858267718
20
-6.2005520866141728
11
4.4697633070866143
21
-6.2005517716535428
0
LINE
8
BLACK
6
CONTINUOUS
10
4.4697633070866143
20
-6.2005517716535428
11
4.4685989763779528
21
-6.1974301574803148
0
LINE
8
BLACK
6
CONTINUOUS
10
4.4685989763779528
20
-6.1974301574803148
11
4.467751535433071
21
-6.1951581102362203
0
LINE
8
BLACK
6
CONTINUOUS
10
4.467751535433071
20
-6.1951581102362203
11
4.4677514960629923
21
-6.1951580314960628
0
LINE
8
BLACK
6
CONTINUOUS
10
4.4677514960629923
20
-6.1951580314960628
11
4.4677514566929135
21
-6.1951579527559053
0
LINE
8
BLACK
6
CONTINUOUS
10
4.4677514566929135
20
-6.1951579527559053
11
4.4643016141732286
21
-6.190549527559055
0
LINE
8
BLACK
6
CONTINUOUS
10
4.4643016141732286
20
-6.190549527559055
11
4.4619943700787399
21
-6.188822362204724
0
LINE
8
BLACK
6
CONTINUOUS
10
4.4619943700787399
20
-6.188822362204724
11
4.4603192913385827
21
-6.1865847244094487
0
LINE
8
BLACK
6
CONTINUOUS
10
4.4603192913385827
20
-6.1865847244094487
11
4.4601199212598424
21
-6.1837966929133854
0
LINE
8
BLACK
6
CONTINUOUS
10
4.4601199212598424
20
-6.1837966929133854
11
4.461459488188976
21
-6.181343464566929
0
LINE
8
BLACK
6
CONTINUOUS
10
4.461459488188976
20
-6.181343464566929
11
4.4619943700787399
21
-6.1808800000000002
0
LINE
8
BLACK
6
CONTINUOUS
10
4.4619943700787399
20
-6.1808800000000002
11
4.4643016141732286
21
-6.1791527952755905
0
LINE
8
BLACK
6
CONTINUOUS
10
4.4643016141732286
20
-6.1791527952755905
11
4.4660288188976374
21
-6.1768455511811018
0
LINE
8
BLACK
6
CONTINUOUS
10
4.4660288188976374
20
-6.1768455511811018
11
4.4682664566929136
21
-6.1751704724409446
0
LINE
8
BLACK
6
CONTINUOUS
10
4.4682664566929136
20
-6.1751704724409446
11
4.471054488188976
21
-6.1749711023622043
0
LINE
8
BLACK
6
CONTINUOUS
10
4.471054488188976
20
-6.1749711023622043
11
4.4735077165354333
21
-6.1763106692913388
0
LINE
8
BLACK
6
CONTINUOUS
10
5.9881889763779528
20
-6.0105204724409447
11
5.9291338582677167
21
-6.0105204724409447
0
LINE
8
BLACK
6
CONTINUOUS
10
5.9291338582677167
20
-6.0105204724409447
11
5.9291338582677167
21
-6.0065834645669289
0
LINE
8
BLACK
6
CONTINUOUS
10
5.9291338582677167
20
-6.0065834645669289
11
5.9166473228346455
21
-6.0065834645669289
0
LINE
8
BLACK
6
CONTINUOUS
10
5.9166473228346455
20
-6.0065834645669289
11
5.8503927952755905
21
-6.0728379921259839
0
LINE
8
BLACK
6
CONTINUOUS
10
5.8503927952755905
20
-6.0728379921259839
11
5.8503927952755905
21
-6.3149247244094484
0
LINE
8
BLACK
6
CONTINUOUS
10
5.8503927952755905
20
-6.3149247244094484
11
5.8500988188976377
21
-6.3162126377952754
0
LINE
8
BLACK
6
CONTINUOUS
10
5.8500988188976377
20
-6.3162126377952754
11
5.8499509448818898
21
-6.3175253543307086
0
LINE
8
BLACK
6
CONTINUOUS
10
5.8499509448818898
20
-6.3175253543307086
11
5.8497126771653543
21
-6.3179045275590546
0
LINE
8
BLACK
6
CONTINUOUS
10
5.8497126771653543
20
-6.3179045275590546
11
5.8496130314960633
21
-6.318341141732283
0
LINE
8
BLACK
6
CONTINUOUS
10
5.8496130314960633
20
-6.318341141732283
11
5.8487892913385826
21
-6.3193740157480311
0
LINE
8
BLACK
6
CONTINUOUS
10
5.8487892913385826
20
-6.3193740157480311
11
5.8480865354330707
21
-6.3204924803149609
0
LINE
8
BLACK
6
CONTINUOUS
10
5.8480865354330707
20
-6.3204924803149609
11
5.8282388582677163
21
-6.3403401574803144
0
LINE
8
BLACK
6
CONTINUOUS
10
5.8282388582677163
20
-6.3403401574803144
11
5.8271203937007874
21
-6.3410429133858264
0
LINE
8
BLACK
6
CONTINUOUS
10
5.8271203937007874
20
-6.3410429133858264
11
5.8260875196850392
21
-6.341866653543307
0
LINE
8
BLACK
6
CONTINUOUS
10
5.8260875196850392
20
-6.341866653543307
11
5.8256509055118109
21
-6.341966299212598
0
LINE
8
BLACK
6
CONTINUOUS
10
5.8256509055118109
20
-6.341966299212598
11
5.8252717322834648
21
-6.3422045669291336
0
LINE
8
BLACK
6
CONTINUOUS
10
5.8252717322834648
20
-6.3422045669291336
11
5.8239590157480317
21
-6.3423524409448815
0
LINE
8
BLACK
6
CONTINUOUS
10
5.8239590157480317
20
-6.3423524409448815
11
5.8226711023622046
21
-6.3426464173228343
0
LINE
8
BLACK
6
CONTINUOUS
10
5.8226711023622046
20
-6.3426464173228343
11
5.6982675984251969
21
-6.3426464173228343
0
LINE
8
BLACK
6
CONTINUOUS
10
5.6982675984251969
20
-6.3426464173228343
11
5.6969796456692912
21
-6.3423524409448815
0
LINE
8
BLACK
6
CONTINUOUS
10
5.6969796456692912
20
-6.3423524409448815
11
5.6956669685039367
21
-6.3422045669291336
0
LINE
8
BLACK
6
CONTINUOUS
10
5.6956669685039367
20
-6.3422045669291336
11
5.695287755905512
21
-6.341966299212598
0
LINE
8
BLACK
6
CONTINUOUS
10
5.695287755905512
20
-6.341966299212598
11
5.6948511811023623
21
-6.341866653543307
0
LINE
8
BLACK
6
CONTINUOUS
10
5.6948511811023623
20
-6.341866653543307
11
5.6938184251968504
21
-6.3410430314960626
0
LINE
8
BLACK
6
CONTINUOUS
10
5.6938184251968504
20
-6.3410430314960626
11
5.6926998425196853
21
-6.3403401968503932
0
LINE
8
BLACK
6
CONTINUOUS
10
5.6926998425196853
20
-6.3403401968503932
11
5.4994943700787404
21
-6.1471346850393696
0
LINE
8
BLACK
6
CONTINUOUS
10
5.4994943700787404
20
-6.1471346850393696
11
5.3952362598425196
21
-6.1471346850393696
0
LINE
8
BLACK
6
CONTINUOUS
10
5.3952362598425196
20
-6.1471346850393696
11
5.3939483070866139
21
-6.1468407086614167
0
LINE
8
BLACK
6
CONTINUOUS
10
5.3939483070866139
20
-6.1468407086614167
11
5.3926356299212594
21
-6.1466928346456688
0
LINE
8
BLACK
6
CONTINUOUS
10
5.3926356299212594
20
-6.1466928346456688
11
5.3922564173228347
21
-6.1464545669291333
0
LINE
8
BLACK
6
CONTINUOUS
10
5.3922564173228347
20
-6.1464545669291333
11
5.391819842519685
21
-6.1463549212598423
0
LINE
8
BLACK
6
CONTINUOUS
10
5.391819842519685
20
-6.1463549212598423
11
5.3907869291338582
21
-6.1455311811023616
0
LINE
8
BLACK
6
CONTINUOUS
10
5.3907869291338582
20
-6.1455311811023616
11
5.389668503937008
21
-6.1448284251968506
0
LINE
8
BLACK
6
CONTINUOUS
10
5.389668503937008
20
-6.1448284251968506
11
5.3817944488188978
21
-6.1369543700787403
0
LINE
8
BLACK
6
CONTINUOUS
10
5.3817944488188978
20
-6.1369543700787403
11
5.3810916535433071
21
-6.1358359055118106
0
LINE
8
BLACK
6
CONTINUOUS
10
5.3810916535433071
20
-6.1358359055118106
11
5.3802679527559052
21
-6.1348030314960624
0
LINE
8
BLACK
6
CONTINUOUS
10
5.3802679527559052
20
-6.1348030314960624
11
5.3801682677165354
21
-6.1343664173228349
0
LINE
8
BLACK
6
CONTINUOUS
10
5.3801682677165354
20
-6.1343664173228349
11
5.3799300393700786
21
-6.133987244094488
0
LINE
8
BLACK
6
CONTINUOUS
10
5.3799300393700786
20
-6.133987244094488
11
5.379782125984252
21
-6.1326745275590548
0
LINE
8
BLACK
6
CONTINUOUS
10
5.379782125984252
20
-6.1326745275590548
11
5.3794881889763779
21
-6.1313866141732278
0
LINE
8
BLACK
6
CONTINUOUS
10
5.3794881889763779
20
-6.1313866141732278
11
5.3794881889763779
21
-6.1156385826771649
0
LINE
8
BLACK
6
CONTINUOUS
10
5.3794881889763779
20
-6.1156385826771649
11
5.3755511811023622
21
-6.1156385826771649
0
LINE
8
BLACK
6
CONTINUOUS
10
5.3755511811023622
20
-6.1156385826771649
11
5.3755511811023622
21
-6.0565834645669288
0
LINE
8
BLACK
6
CONTINUOUS
10
5.3755511811023622
20
-6.0565834645669288
11
5.3991732283464566
21
-6.0565834645669288
0
LINE
8
BLACK
6
CONTINUOUS
10
5.3991732283464566
20
-6.0565834645669288
11
5.3991732283464566
21
-6.1156385826771649
0
LINE
8
BLACK
6
CONTINUOUS
10
5.3991732283464566
20
-6.1156385826771649
11
5.3952362204724409
21
-6.1156385826771649
0
LINE
8
BLACK
6
CONTINUOUS
10
5.3952362204724409
20
-6.1156385826771649
11
5.3952362204724409
21
-6.1281251181102361
0
LINE
8
BLACK
6
CONTINUOUS
10
5.3952362204724409
20
-6.1281251181102361
11
5.3984977559055114
21
-6.1313866535433066
0
LINE
8
BLACK
6
CONTINUOUS
10
5.3984977559055114
20
-6.1313866535433066
11
5.5027558661417322
21
-6.1313866535433066
0
LINE
8
BLACK
6
CONTINUOUS
10
5.5027558661417322
20
-6.1313866535433066
11
5.5040437795275592
21
-6.1316805905511806
0
LINE
8
BLACK
6
CONTINUOUS
10
5.5040437795275592
20
-6.1316805905511806
11
5.5053564960629924
21
-6.1318285039370073
0
LINE
8
BLACK
6
CONTINUOUS
10
5.5053564960629924
20
-6.1318285039370073
11
5.5057356692913384
21
-6.1320667322834641
0
LINE
8
BLACK
6
CONTINUOUS
10
5.5057356692913384
20
-6.1320667322834641
11
5.5061722834645668
21
-6.1321664173228347
0
LINE
8
BLACK
6
CONTINUOUS
10
5.5061722834645668
20
-6.1321664173228347
11
5.5072051574803149
21
-6.1329901181102358
0
LINE
8
BLACK
6
CONTINUOUS
10
5.5072051574803149
20
-6.1329901181102358
11
5.5083236220472438
21
-6.1336929133858265
0
LINE
8
BLACK
6
CONTINUOUS
10
5.5083236220472438
20
-6.1336929133858265
11
5.7015291338582674
21
-6.3268983858267713
0
LINE
8
BLACK
6
CONTINUOUS
10
5.7015291338582674
20
-6.3268983858267713
11
5.8194096062992129
21
-6.3268983858267713
0
LINE
8
BLACK
6
CONTINUOUS
10
5.8194096062992129
20
-6.3268983858267713
11
5.8346447637795276
21
-6.3116632283464567
0
LINE
8
BLACK
6
CONTINUOUS
10
5.8346447637795276
20
-6.3116632283464567
11
5.8346447637795276
21
-6.0695764960629921
0
LINE
8
BLACK
6
CONTINUOUS
10
5.8346447637795276
20
-6.0695764960629921
11
5.8349387007874016
21
-6.0682885433070863
0
LINE
8
BLACK
6
CONTINUOUS
10
5.8349387007874016
20
-6.0682885433070863
11
5.8350866141732283
21
-6.0669758661417319
0
LINE
8
BLACK
6
CONTINUOUS
10
5.8350866141732283
20
-6.0669758661417319
11
5.8353248425196851
21
-6.0665966535433071
0
LINE
8
BLACK
6
CONTINUOUS
10
5.8353248425196851
20
-6.0665966535433071
11
5.8354245275590548
21
-6.0661600787401575
0
LINE
8
BLACK
6
CONTINUOUS
10
5.8354245275590548
20
-6.0661600787401575
11
5.8362482283464567
21
-6.0651271653543306
0
LINE
8
BLACK
6
CONTINUOUS
10
5.8362482283464567
20
-6.0651271653543306
11
5.8369510236220474
21
-6.0640087401574805
0
LINE
8
BLACK
6
CONTINUOUS
10
5.8369510236220474
20
-6.0640087401574805
11
5.9078180708661412
21
-5.9931416929133858
0
LINE
8
BLACK
6
CONTINUOUS
10
5.9078180708661412
20
-5.9931416929133858
11
5.9089364960629922
21
-5.9924388976377951
0
LINE
8
BLACK
6
CONTINUOUS
10
5.9089364960629922
20
-5.9924388976377951
11
5.9099694094488191
21
-5.9916151968503932
0
LINE
8
BLACK
6
CONTINUOUS
10
5.9099694094488191
20
-5.9916151968503932
11
5.9104059842519687
21
-5.9915155118110235
0
LINE
8
BLACK
6
CONTINUOUS
10
5.9104059842519687
20
-5.9915155118110235
11
5.9107851968503935
21
-5.9912772834645667
0
LINE
8
BLACK
6
CONTINUOUS
10
5.9107851968503935
20
-5.9912772834645667
11
5.9120978740157479
21
-5.99112937007874
0
LINE
8
BLACK
6
CONTINUOUS
10
5.9120978740157479
20
-5.99112937007874
11
5.9133858267716537
21
-5.990835433070866
0
LINE
8
BLACK
6
CONTINUOUS
10
5.9133858267716537
20
-5.990835433070866
11
5.9291338582677167
21
-5.990835433070866
0
LINE
8
BLACK
6
CONTINUOUS
10
5.9291338582677167
20
-5.990835433070866
11
5.9291338582677167
21
-5.9868984251968502
0
LINE
8
BLACK
6
CONTINUOUS
10
5.9291338582677167
20
-5.9868984251968502
11
5.9881889763779528
21
-5.9868984251968502
0
LINE
8
BLACK
6
CONTINUOUS
10
5.9881889763779528
20
-5.9868984251968502
11
5.9881889763779528
21
-6.0105204724409447
0
LINE
8
BLACK
6
CONTINUOUS
10
4.9622879133858264
20
-6.0024199212598424
11
4.9636006299212596
21
-6.002567834645669
0
LINE
8
BLACK
6
CONTINUOUS
10
4.9636006299212596
20
-6.002567834645669
11
4.9639798031496065
21
-6.0028060629921258
0
LINE
8
BLACK
6
CONTINUOUS
10
4.9639798031496065
20
-6.0028060629921258
11
4.9644164173228349
21
-6.0029057480314956
0
LINE
8
BLACK
6
CONTINUOUS
10
4.9644164173228349
20
-6.0029057480314956
11
4.9654492913385821
21
-6.0037294488188975
0
LINE
8
BLACK
6
CONTINUOUS
10
4.9654492913385821
20
-6.0037294488188975
11
4.9665677559055119
21
-6.0044322440944882
0
LINE
8
BLACK
6
CONTINUOUS
10
4.9665677559055119
20
-6.0044322440944882
11
5.1929299606299208
21
-6.2307944094488183
0
LINE
8
BLACK
6
CONTINUOUS
10
5.1929299606299208
20
-6.2307944094488183
11
5.1936327952755903
21
-6.2319129527559056
0
LINE
8
BLACK
6
CONTINUOUS
10
5.1936327952755903
20
-6.2319129527559056
11
5.1944564566929134
21
-6.232945787401575
0
LINE
8
BLACK
6
CONTINUOUS
10
5.1944564566929134
20
-6.232945787401575
11
5.1945561023622044
21
-6.2333823622047246
0
LINE
8
BLACK
6
CONTINUOUS
10
5.1945561023622044
20
-6.2333823622047246
11
5.19479437007874
21
-6.2337615748031494
0
LINE
8
BLACK
6
CONTINUOUS
10
5.19479437007874
20
-6.2337615748031494
11
5.1949422440944879
21
-6.2350742913385826
0
LINE
8
BLACK
6
CONTINUOUS
10
5.1949422440944879
20
-6.2350742913385826
11
5.1952362204724407
21
-6.2363622047244096
0
LINE
8
BLACK
6
CONTINUOUS
10
5.1952362204724407
20
-6.2363622047244096
11
5.1952362204724407
21
-6.2691818897637797
0
LINE
8
BLACK
6
CONTINUOUS
10
5.1952362204724407
20
-6.2691818897637797
11
5.1991732283464565
21
-6.2691818897637797
0
LINE
8
BLACK
6
CONTINUOUS
10
5.1991732283464565
20
-6.2691818897637797
11
5.1991732283464565
21
-6.2908354330708658
0
LINE
8
BLACK
6
CONTINUOUS
10
5.1991732283464565
20
-6.2908354330708658
11
5.2255511811023618
21
-6.2908354330708658
0
LINE
8
BLACK
6
CONTINUOUS
10
5.2255511811023618
20
-6.2908354330708658
11
5.2255511811023618
21
-6.2691818897637797
0
LINE
8
BLACK
6
CONTINUOUS
10
5.2255511811023618
20
-6.2691818897637797
11
5.2491732283464563
21
-6.2691818897637797
0
LINE
8
BLACK
6
CONTINUOUS
10
5.2491732283464563
20
-6.2691818897637797
11
5.2491732283464563
21
-6.3282370078740158
0
LINE
8
BLACK
6
CONTINUOUS
10
5.2491732283464563
20
-6.3282370078740158
11
5.2255511811023618
21
-6.3282370078740158
0
LINE
8
BLACK
6
CONTINUOUS
10
5.2255511811023618
20
-6.3282370078740158
11
5.2255511811023618
21
-6.3065834645669288
0
LINE
8
BLACK
6
CONTINUOUS
10
5.2255511811023618
20
-6.3065834645669288
11
5.1991732283464565
21
-6.3065834645669288
0
LINE
8
BLACK
6
CONTINUOUS
10
5.1991732283464565
20
-6.3065834645669288
11
5.1991732283464565
21
-6.3282370078740158
0
LINE
8
BLACK
6
CONTINUOUS
10
5.1991732283464565
20
-6.3282370078740158
11
5.175551181102362
21
-6.3282370078740158
0
LINE
8
BLACK
6
CONTINUOUS
10
5.175551181102362
20
-6.3282370078740158
11
5.175551181102362
21
-6.2691818897637797
0
LINE
8
BLACK
6
CONTINUOUS
10
5.175551181102362
20
-6.2691818897637797
11
5.1794881889763777
21
-6.2691818897637797
0
LINE
8
BLACK
6
CONTINUOUS
10
5.1794881889763777
20
-6.2691818897637797
11
5.1794881889763777
21
-6.2396237007874014
0
LINE
8
BLACK
6
CONTINUOUS
10
5.1794881889763777
20
-6.2396237007874014
11
4.9577385039370077
21
-6.0178740157480313
0
LINE
8
BLACK
6
CONTINUOUS
10
4.9577385039370077
20
-6.0178740157480313
11
4.8424222440944877
21
-6.0178740157480313
0
LINE
8
BLACK
6
CONTINUOUS
10
4.8424222440944877
20
-6.0178740157480313
11
4.8078740157480313
21
-6.0524222047244089
0
LINE
8
BLACK
6
CONTINUOUS
10
4.8078740157480313
20
-6.0524222047244089
11
4.8078740157480313
21
-6.0534914960629918
0
LINE
8
BLACK
6
CONTINUOUS
10
4.8078740157480313
20
-6.0534914960629918
11
4.811811023622047
21
-6.0534914960629918
0
LINE
8
BLACK
6
CONTINUOUS
10
4.811811023622047
20
-6.0534914960629918
11
4.811811023622047
21
-6.1125466141732279
0
LINE
8
BLACK
6
CONTINUOUS
10
4.811811023622047
20
-6.1125466141732279
11
4.7881889763779526
21
-6.1125466141732279
0
LINE
8
BLACK
6
CONTINUOUS
10
4.7881889763779526
20
-6.1125466141732279
11
4.7881889763779526
21
-6.0534914960629918
0
LINE
8
BLACK
6
CONTINUOUS
10
4.7881889763779526
20
-6.0534914960629918
11
4.7921259842519683
21
-6.0534914960629918
0
LINE
8
BLACK
6
CONTINUOUS
10
4.7921259842519683
20
-6.0534914960629918
11
4.7921259842519683
21
-6.0491607086614172
0
LINE
8
BLACK
6
CONTINUOUS
10
4.7921259842519683
20
-6.0491607086614172
11
4.7924199212598424
21
-6.0478727559055114
0
LINE
8
BLACK
6
CONTINUOUS
10
4.7924199212598424
20
-6.0478727559055114
11
4.792567834645669
21
-6.046560078740157
0
LINE
8
BLACK
6
CONTINUOUS
10
4.792567834645669
20
-6.046560078740157
11
4.7928060629921259
21
-6.0461808661417322
0
LINE
8
BLACK
6
CONTINUOUS
10
4.7928060629921259
20
-6.0461808661417322
11
4.7929057480314956
21
-6.0457442913385826
0
LINE
8
BLACK
6
CONTINUOUS
10
4.7929057480314956
20
-6.0457442913385826
11
4.7937294488188975
21
-6.0447113779527557
0
LINE
8
BLACK
6
CONTINUOUS
10
4.7937294488188975
20
-6.0447113779527557
11
4.7944322440944882
21
-6.0435929527559056
0
LINE
8
BLACK
6
CONTINUOUS
10
4.7944322440944882
20
-6.0435929527559056
11
4.8335929527559056
21
-6.0044322047244094
0
LINE
8
BLACK
6
CONTINUOUS
10
4.8335929527559056
20
-6.0044322047244094
11
4.8347115354330708
21
-6.0037293307086612
0
LINE
8
BLACK
6
CONTINUOUS
10
4.8347115354330708
20
-6.0037293307086612
11
4.8357442913385826
21
-6.0029057480314956
0
LINE
8
BLACK
6
CONTINUOUS
10
4.8357442913385826
20
-6.0029057480314956
11
4.8361808661417323
21
-6.0028060629921258
0
LINE
8
BLACK
6
CONTINUOUS
10
4.8361808661417323
20
-6.0028060629921258
11
4.836560078740157
21
-6.002567834645669
0
LINE
8
BLACK
6
CONTINUOUS
10
4.836560078740157
20
-6.002567834645669
11
4.8378727559055115
21
-6.0024199212598424
0
LINE
8
BLACK
6
CONTINUOUS
10
4.8378727559055115
20
-6.0024199212598424
11
4.8391607086614172
21
-6.0021259842519683
0
LINE
8
BLACK
6
CONTINUOUS
10
4.8391607086614172
20
-6.0021259842519683
11
4.9610000000000003
21
-6.0021259842519683
0
LINE
8
BLACK
6
CONTINUOUS
10
4.9610000000000003
20
-6.0021259842519683
11
4.9622879133858264
21
-6.0024199212598424
0
LINE
8
BLACK
6
CONTINUOUS
10
5.4422011811023623
20
-6.2284685433070868
11
5.4465912204724409
21
-6.230705393700787
0
LINE
8
BLACK
6
CONTINUOUS
10
5.4465912204724409
20
-6.230705393700787
11
5.4500751968503938
21
-6.2341893700787399
0
LINE
8
BLACK
6
CONTINUOUS
10
5.4500751968503938
20
-6.2341893700787399
11
5.452312047244094
21
-6.2385794094488185
0
LINE
8
BLACK
6
CONTINUOUS
10
5.452312047244094
20
-6.2385794094488185
11
5.4530827952755905
21
-6.2434458267716533
0
LINE
8
BLACK
6
CONTINUOUS
10
5.4530827952755905
20
-6.2434458267716533
11
5.452312047244094
21
-6.248312244094488
0
LINE
8
BLACK
6
CONTINUOUS
10
5.452312047244094
20
-6.248312244094488
11
5.4500751968503938
21
-6.2527022834645667
0
LINE
8
BLACK
6
CONTINUOUS
10
5.4500751968503938
20
-6.2527022834645667
11
5.4465912204724409
21
-6.2561862598425195
0
LINE
8
BLACK
6
CONTINUOUS
10
5.4465912204724409
20
-6.2561862598425195
11
5.4452362204724407
21
-6.2568766535433067
0
LINE
8
BLACK
6
CONTINUOUS
10
5.4452362204724407
20
-6.2568766535433067
11
5.4452362204724407
21
-6.2691818897637797
0
LINE
8
BLACK
6
CONTINUOUS
10
5.4452362204724407
20
-6.2691818897637797
11
5.4491732283464565
21
-6.2691818897637797
0
LINE
8
BLACK
6
CONTINUOUS
10
5.4491732283464565
20
-6.2691818897637797
11
5.4491732283464565
21
-6.3282370078740158
0
LINE
8
BLACK
6
CONTINUOUS
10
5.4491732283464565
20
-6.3282370078740158
11
5.425551181102362
21
-6.3282370078740158
0
LINE
8
BLACK
6
CONTINUOUS
10
5.425551181102362
20
-6.3282370078740158
11
5.425551181102362
21
-6.2691818897637797
0
LINE
8
BLACK
6
CONTINUOUS
10
5.425551181102362
20
-6.2691818897637797
11
5.4294881889763777
21
-6.2691818897637797
0
LINE
8
BLACK
6
CONTINUOUS
10
5.4294881889763777
20
-6.2691818897637797
11
5.4294881889763777
21
-6.2569046062992122
0
LINE
8
BLACK
6
CONTINUOUS
10
5.4294881889763777
20
-6.2569046062992122
11
5.4280783070866141
21
-6.2561862598425195
0
LINE
8
BLACK
6
CONTINUOUS
10
5.4280783070866141
20
-6.2561862598425195
11
5.4245943307086613
21
-6.2527022834645667
0
LINE
8
BLACK
6
CONTINUOUS
10
5.4245943307086613
20
-6.2527022834645667
11
5.4223574803149601
21
-6.248312244094488
0
LINE
8
BLACK
6
CONTINUOUS
10
5.4223574803149601
20
-6.248312244094488
11
5.4215867322834645
21
-6.2434458267716533
0
LINE
8
BLACK
6
CONTINUOUS
10
5.4215867322834645
20
-6.2434458267716533
11
5.4223574803149601
21
-6.2385794094488185
0
LINE
8
BLACK
6
CONTINUOUS
10
5.4223574803149601
20
-6.2385794094488185
11
5.4245943307086613
21
-6.2341893700787399
0
LINE
8
BLACK
6
CONTINUOUS
10
5.4245943307086613
20
-6.2341893700787399
11
5.4280783070866141
21
-6.230705393700787
0
LINE
8
BLACK
6
CONTINUOUS
10
5.4280783070866141
20
-6.230705393700787
11
5.4324683464566927
21
-6.2284685433070868
0
LINE
8
BLACK
6
CONTINUOUS
10
5.4324683464566927
20
-6.2284685433070868
11
5.4373347637795275
21
-6.2276977952755903
0
LINE
8
BLACK
6
CONTINUOUS
10
5.4373347637795275
20
-6.2276977952755903
11
5.4422011811023623
21
-6.2284685433070868
0
LINE
8
BLACK
6
CONTINUOUS
10
4.5499999999999998
20
-6.1269771653543303
11
4.5657480314960628
21
-6.1269771653543303
0
LINE
8
BLACK
6
CONTINUOUS
10
4.5657480314960628
20
-6.1269771653543303
11
4.5670359448818898
21
-6.1272711023622044
0
LINE
8
BLACK
6
CONTINUOUS
10
4.5670359448818898
20
-6.1272711023622044
11
4.568348661417323
21
-6.1274190157480311
0
LINE
8
BLACK
6
CONTINUOUS
10
4.568348661417323
20
-6.1274190157480311
11
4.568727834645669
21
-6.1276572440944879
0
LINE
8
BLACK
6
CONTINUOUS
10
4.568727834645669
20
-6.1276572440944879
11
4.5691644488188974
21
-6.1277569291338585
0
LINE
8
BLACK
6
CONTINUOUS
10
4.5691644488188974
20
-6.1277569291338585
11
4.5701973228346455
21
-6.1285806299212595
0
LINE
8
BLACK
6
CONTINUOUS
10
4.5701973228346455
20
-6.1285806299212595
11
4.5713157874015744
21
-6.1292834251968502
0
LINE
8
BLACK
6
CONTINUOUS
10
4.5713157874015744
20
-6.1292834251968502
11
4.6541583464566925
21
-6.2121259842519683
0
LINE
8
BLACK
6
CONTINUOUS
10
4.6541583464566925
20
-6.2121259842519683
11
4.8696581102362204
21
-6.2121259842519683
0
LINE
8
BLACK
6
CONTINUOUS
10
4.8696581102362204
20
-6.2121259842519683
11
4.8709460236220474
21
-6.2124199212598423
0
LINE
8
BLACK
6
CONTINUOUS
10
4.8709460236220474
20
-6.2124199212598423
11
4.8722587401574806
21
-6.212567834645669
0
LINE
8
BLACK
6
CONTINUOUS
10
4.8722587401574806
20
-6.212567834645669
11
4.8726379133858266
21
-6.2128060629921258
0
LINE
8
BLACK
6
CONTINUOUS
10
4.8726379133858266
20
-6.2128060629921258
11
4.873074527559055
21
-6.2129057480314955
0
LINE
8
BLACK
6
CONTINUOUS
10
4.873074527559055
20
-6.2129057480314955
11
4.8741074015748032
21
-6.2137294488188974
0
LINE
8
BLACK
6
CONTINUOUS
10
4.8741074015748032
20
-6.2137294488188974
11
4.875225866141732
21
-6.2144322440944881
0
LINE
8
BLACK
6
CONTINUOUS
10
4.875225866141732
20
-6.2144322440944881
11
4.9055677952755907
21
-6.2447741338582672
0
LINE
8
BLACK
6
CONTINUOUS
10
4.9055677952755907
20
-6.2447741338582672
11
4.9062706299212602
21
-6.2458927165354332
0
LINE
8
BLACK
6
CONTINUOUS
10
4.9062706299212602
20
-6.2458927165354332
11
4.9070942519685037
21
-6.2469254724409451
0
LINE
8
BLACK
6
CONTINUOUS
10
4.9070942519685037
20
-6.2469254724409451
11
4.9071938976377956
21
-6.2473620472440947
0
LINE
8
BLACK
6
CONTINUOUS
10
4.9071938976377956
20
-6.2473620472440947
11
4.9074321653543302
21
-6.2477412598425195
0
LINE
8
BLACK
6
CONTINUOUS
10
4.9074321653543302
20
-6.2477412598425195
11
4.907580039370079
21
-6.2490539370078739
0
LINE
8
BLACK
6
CONTINUOUS
10
4.907580039370079
20
-6.2490539370078739
11
4.9078740157480309
21
-6.2503418897637797
0
LINE
8
BLACK
6
CONTINUOUS
10
4.9078740157480309
20
-6.2503418897637797
11
4.9078740157480309
21
-6.2660899212598427
0
LINE
8
BLACK
6
CONTINUOUS
10
4.9078740157480309
20
-6.2660899212598427
11
4.9118110236220467
21
-6.2660899212598427
0
LINE
8
BLACK
6
CONTINUOUS
10
4.9118110236220467
20
-6.2660899212598427
11
4.9118110236220467
21
-6.3251450393700788
0
LINE
8
BLACK
6
CONTINUOUS
10
4.9118110236220467
20
-6.3251450393700788
11
4.8881889763779522
21
-6.3251450393700788
0
LINE
8
BLACK
6
CONTINUOUS
10
4.8881889763779522
20
-6.3251450393700788
11
4.8881889763779522
21
-6.2660899212598427
0
LINE
8
BLACK
6
CONTINUOUS
10
4.8881889763779522
20
-6.2660899212598427
11
4.892125984251968
21
-6.2660899212598427
0
LINE
8
BLACK
6
CONTINUOUS
10
4.892125984251968
20
-6.2660899212598427
11
4.892125984251968
21
-6.2536033858267714
0
LINE
8
BLACK
6
CONTINUOUS
10
4.892125984251968
20
-6.2536033858267714
11
4.8663966141732287
21
-6.2278740157480312
0
LINE
8
BLACK
6
CONTINUOUS
10
4.8663966141732287
20
-6.2278740157480312
11
4.6508968503937007
21
-6.2278740157480312
0
LINE
8
BLACK
6
CONTINUOUS
10
4.6508968503937007
20
-6.2278740157480312
11
4.6496088976377949
21
-6.2275800393700784
0
LINE
8
BLACK
6
CONTINUOUS
10
4.6496088976377949
20
-6.2275800393700784
11
4.6482962204724405
21
-6.2274321653543305
0
LINE
8
BLACK
6
CONTINUOUS
10
4.6482962204724405
20
-6.2274321653543305
11
4.6479170078740157
21
-6.227193897637795
0
LINE
8
BLACK
6
CONTINUOUS
10
4.6479170078740157
20
-6.227193897637795
11
4.6474804330708661
21
-6.227094251968504
0
LINE
8
BLACK
6
CONTINUOUS
10
4.6474804330708661
20
-6.227094251968504
11
4.6464475196850392
21
-6.2262705118110233
0
LINE
8
BLACK
6
CONTINUOUS
10
4.6464475196850392
20
-6.2262705118110233
11
4.6453290944881891
21
-6.2255677559055114
0
LINE
8
BLACK
6
CONTINUOUS
10
4.6453290944881891
20
-6.2255677559055114
11
4.562486535433071
21
-6.1427251968503933
0
LINE
8
BLACK
6
CONTINUOUS
10
4.562486535433071
20
-6.1427251968503933
11
4.5499999999999998
21
-6.1427251968503933
0
LINE
8
BLACK
6
CONTINUOUS
10
4.5499999999999998
20
-6.1427251968503933
11
4.5499999999999998
21
-6.1648511811023621
0
LINE
8
BLACK
6
CONTINUOUS
10
4.5499999999999998
20
-6.1648511811023621
11
4.4900000000000002
21
-6.1648511811023621
0
LINE
8
BLACK
6
CONTINUOUS
10
4.4900000000000002
20
-6.1648511811023621
11
4.4900000000000002
21
-6.1048511811023625
0
LINE
8
BLACK
6
CONTINUOUS
10
4.4900000000000002
20
-6.1048511811023625
11
4.5499999999999998
21
-6.1048511811023625
0
LINE
8
BLACK
6
CONTINUOUS
10
4.5499999999999998
20
-6.1048511811023625
11
4.5499999999999998
21
-6.1269771653543303
0
LINE
8
BLACK
6
CONTINUOUS
10
5.8080144881889764
20
-6.2804247637795276
11
5.812404527559055
21
-6.2826616141732279
0
LINE
8
BLACK
6
CONTINUOUS
10
5.812404527559055
20
-6.2826616141732279
11
5.8158885039370078
21
-6.2861455905511807
0
LINE
8
BLACK
6
CONTINUOUS
10
5.8158885039370078
20
-6.2861455905511807
11
5.8181253543307081
21
-6.2905356299212594
0
LINE
8
BLACK
6
CONTINUOUS
10
5.8181253543307081
20
-6.2905356299212594
11
5.8188961023622046
21
-6.2954020472440941
0
LINE
8
BLACK
6
CONTINUOUS
10
5.8188961023622046
20
-6.2954020472440941
11
5.8181253543307081
21
-6.3002684645669289
0
LINE
8
BLACK
6
CONTINUOUS
10
5.8181253543307081
20
-6.3002684645669289
11
5.8158885039370078
21
-6.3046585039370076
0
LINE
8
BLACK
6
CONTINUOUS
10
5.8158885039370078
20
-6.3046585039370076
11
5.812404527559055
21
-6.3081424803149604
0
LINE
8
BLACK
6
CONTINUOUS
10
5.812404527559055
20
-6.3081424803149604
11
5.8080144881889764
21
-6.3103793307086615
0
LINE
8
BLACK
6
CONTINUOUS
10
5.8080144881889764
20
-6.3103793307086615
11
5.8031480708661416
21
-6.3111500787401571
0
LINE
8
BLACK
6
CONTINUOUS
10
5.8031480708661416
20
-6.3111500787401571
11
5.7982816535433068
21
-6.3103793307086615
0
LINE
8
BLACK
6
CONTINUOUS
10
5.7982816535433068
20
-6.3103793307086615
11
5.7938916141732282
21
-6.3081424803149604
0
LINE
8
BLACK
6
CONTINUOUS
10
5.7938916141732282
20
-6.3081424803149604
11
5.7923325984251965
21
-6.3065834645669288
0
LINE
8
BLACK
6
CONTINUOUS
10
5.7923325984251965
20
-6.3065834645669288
11
5.7755905511811019
21
-6.3065834645669288
0
LINE
8
BLACK
6
CONTINUOUS
10
5.7755905511811019
20
-6.3065834645669288
11
5.7755905511811019
21
-6.3105204724409445
0
LINE
8
BLACK
6
CONTINUOUS
10
5.7755905511811019
20
-6.3105204724409445
11
5.7165354330708658
21
-6.3105204724409445
0
LINE
8
BLACK
6
CONTINUOUS
10
5.7165354330708658
20
-6.3105204724409445
11
5.7165354330708658
21
-6.28689842519685
0
LINE
8
BLACK
6
CONTINUOUS
10
5.7165354330708658
20
-6.28689842519685
11
5.7755905511811019
21
-6.28689842519685
0
LINE
8
BLACK
6
CONTINUOUS
10
5.7755905511811019
20
-6.28689842519685
11
5.7755905511811019
21
-6.2908354330708658
0
LINE
8
BLACK
6
CONTINUOUS
10
5.7755905511811019
20
-6.2908354330708658
11
5.7881233070866136
21
-6.2908354330708658
0
LINE
8
BLACK
6
CONTINUOUS
10
5.7881233070866136
20
-6.2908354330708658
11
5.7881707874015751
21
-6.2905356299212594
0
LINE
8
BLACK
6
CONTINUOUS
10
5.7881707874015751
20
-6.2905356299212594
11
5.7904076377952753
21
-6.2861455905511807
0
LINE
8
BLACK
6
CONTINUOUS
10
5.7904076377952753
20
-6.2861455905511807
11
5.7938916141732282
21
-6.2826616141732279
0
LINE
8
BLACK
6
CONTINUOUS
10
5.7938916141732282
20
-6.2826616141732279
11
5.7982816535433068
21
-6.2804247637795276
0
LINE
8
BLACK
6
CONTINUOUS
10
5.7982816535433068
20
-6.2804247637795276
11
5.8031480708661416
21
-6.2796540157480312
0
LINE
8
BLACK
6
CONTINUOUS
10
5.8031480708661416
20
-6.2796540157480312
11
5.8080144881889764
21
-6.2804247637795276
0
LINE
8
BLACK
6
CONTINUOUS
10
6.0758883070866139
20
-6.1648494881889766
11
6.0781259055118113
21
-6.1665245669291338
0
LINE
8
BLACK
6
CONTINUOUS
10
6.0781259055118113
20
-6.1665245669291338
11
6.0791027165354325
21
-6.169143464566929
0
LINE
8
BLACK
6
CONTINUOUS
10
6.0791027165354325
20
-6.169143464566929
11
6.0791153543307086
21
-6.1694973622047247
0
LINE
8
BLACK
6
CONTINUOUS
10
6.0791153543307086
20
-6.1694973622047247
11
6.0791153543307086
21
-6.2525086614173224
0
LINE
8
BLACK
6
CONTINUOUS
10
6.0791153543307086
20
-6.2525086614173224
11
6.0783278740157476
21
-6.2551905905511811
0
LINE
8
BLACK
6
CONTINUOUS
10
6.0783278740157476
20
-6.2551905905511811
11
6.0762154330708658
21
-6.2570210236220474
0
LINE
8
BLACK
6
CONTINUOUS
10
6.0762154330708658
20
-6.2570210236220474
11
6.0741547244094489
21
-6.2574692913385821
0
LINE
8
BLACK
6
CONTINUOUS
10
6.0741547244094489
20
-6.2574692913385821
11
6.0406830708661419
21
-6.2574692913385821
0
LINE
8
BLACK
6
CONTINUOUS
10
6.0406830708661419
20
-6.2574692913385821
11
6.0382993307086616
21
-6.2577255511811023
0
LINE
8
BLACK
6
CONTINUOUS
10
6.0382993307086616
20
-6.2577255511811023
11
6.0382990157480316
21
-6.2577256299212598
0
LINE
8
BLACK
6
CONTINUOUS
10
6.0382990157480316
20
-6.2577256299212598
11
6.032905393700787
21
-6.2597374015748031
0
LINE
8
BLACK
6
CONTINUOUS
10
6.032905393700787
20
-6.2597374015748031
11
6.0329051968503933
21
-6.2597374803149606
0
LINE
8
BLACK
6
CONTINUOUS
10
6.0329051968503933
20
-6.2597374803149606
11
6.0282967716535429
21
-6.2631873228346455
0
LINE
8
BLACK
6
CONTINUOUS
10
6.0282967716535429
20
-6.2631873228346455
11
6.024846929133858
21
-6.2677957480314959
0
LINE
8
BLACK
6
CONTINUOUS
10
6.024846929133858
20
-6.2677957480314959
11
6.024676968503937
21
-6.268107125984252
0
LINE
8
BLACK
6
CONTINUOUS
10
6.024676968503937
20
-6.268107125984252
11
6.0245769291338584
21
-6.268052519685039
0
LINE
8
BLACK
6
CONTINUOUS
10
6.0245769291338584
20
-6.268052519685039
11
6.0232492125984249
21
-6.2698262598425192
0
LINE
8
BLACK
6
CONTINUOUS
10
6.0232492125984249
20
-6.2698262598425192
11
6.0206303149606297
21
-6.2708031102362201
0
LINE
8
BLACK
6
CONTINUOUS
10
6.0206303149606297
20
-6.2708031102362201
11
6.0202763385826774
21
-6.2708157480314961
0
LINE
8
BLACK
6
CONTINUOUS
10
6.0202763385826774
20
-6.2708157480314961
11
6.0128049212598427
21
-6.2708157480314961
0
LINE
8
BLACK
6
CONTINUOUS
10
6.0128049212598427
20
-6.2708157480314961
11
6.010122992125984
21
-6.2700282677165351
0
LINE
8
BLACK
6
CONTINUOUS
10
6.010122992125984
20
-6.2700282677165351
11
6.0082925590551177
21
-6.2679158267716533
0
LINE
8
BLACK
6
CONTINUOUS
10
6.0082925590551177
20
-6.2679158267716533
11
6.007894763779527
21
-6.2651491338582677
0
LINE
8
BLACK
6
CONTINUOUS
10
6.007894763779527
20
-6.2651491338582677
11
6.0079459055118107
21
-6.264879488188976
0
LINE
8
BLACK
6
CONTINUOUS
10
6.0079459055118107
20
-6.264879488188976
11
6.0082086220472437
21
-6.262435787401575
0
LINE
8
BLACK
6
CONTINUOUS
10
6.0082086220472437
20
-6.262435787401575
11
6.0082086614173225
21
-6.2624351181102362
0
LINE
8
BLACK
6
CONTINUOUS
10
6.0082086614173225
20
-6.2624351181102362
11
6.0082086614173225
21
-6.2516708267716536
0
LINE
8
BLACK
6
CONTINUOUS
10
6.0082086614173225
20
-6.2516708267716536
11
6.00694468503937
21
-6.2504068503937003
0
LINE
8
BLACK
6
CONTINUOUS
10
6.00694468503937
20
-6.2504068503937003
11
6.0047078346456688
21
-6.2460168110236216
0
LINE
8
BLACK
6
CONTINUOUS
10
6.0047078346456688
20
-6.2460168110236216
11
6.0039370866141732
21
-6.2411503937007868
0
LINE
8
BLACK
6
CONTINUOUS
10
6.0039370866141732
20
-6.2411503937007868
11
6.0047078346456688
21
-6.236283976377953
0
LINE
8
BLACK
6
CONTINUOUS
10
6.0047078346456688
20
-6.236283976377953
11
6.00694468503937
21
-6.2318939370078743
0
LINE
8
BLACK
6
CONTINUOUS
10
6.00694468503937
20
-6.2318939370078743
11
6.0074870078740155
21
-6.2313515748031492
0
LINE
8
BLACK
6
CONTINUOUS
10
6.0074870078740155
20
-6.2313515748031492
11
6.0071767322834644
21
-6.230519724409449
0
LINE
8
BLACK
6
CONTINUOUS
10
6.0071767322834644
20
-6.230519724409449
11
6.0069772834645665
21
-6.2277317322834644
0
LINE
8
BLACK
6
CONTINUOUS
10
6.0069772834645665
20
-6.2277317322834644
11
6.008316850393701
21
-6.2252784645669292
0
LINE
8
BLACK
6
CONTINUOUS
10
6.008316850393701
20
-6.2252784645669292
11
6.0100655118110238
21
-6.2241478346456693
0
LINE
8
BLACK
6
CONTINUOUS
10
6.0100655118110238
20
-6.2241478346456693
11
6.0115377559055121
21
-6.2235895275590547
0
LINE
8
BLACK
6
CONTINUOUS
10
6.0115377559055121
20
-6.2235895275590547
11
6.0118681102362199
21
-6.2233614566929134
0
LINE
8
BLACK
6
CONTINUOUS
10
6.0118681102362199
20
-6.2233614566929134
11
6.0126498425196848
21
-6.2229205118110231
0
LINE
8
BLACK
6
CONTINUOUS
10
6.0126498425196848
20
-6.2229205118110231
11
6.0130161417322832
21
-6.2227557086614169
0
LINE
8
BLACK
6
CONTINUOUS
10
6.0130161417322832
20
-6.2227557086614169
11
6.0149025196850392
21
-6.2212777559055112
0
LINE
8
BLACK
6
CONTINUOUS
10
6.0149025196850392
20
-6.2212777559055112
11
6.015140905511811
21
-6.2211023622047241
0
LINE
8
BLACK
6
CONTINUOUS
10
6.015140905511811
20
-6.2211023622047241
11
6.0171124803149603
21
-6.2197415354330703
0
LINE
8
BLACK
6
CONTINUOUS
10
6.0171124803149603
20
-6.2197415354330703
11
6.0187012204724404
21
-6.2179481496062987
0
LINE
8
BLACK
6
CONTINUOUS
10
6.0187012204724404
20
-6.2179481496062987
11
6.0189053543307089
21
-6.2177313385826771
0
LINE
8
BLACK
6
CONTINUOUS
10
6.0189053543307089
20
-6.2177313385826771
11
6.0706470866141728
21
-6.1659896062992123
0
LINE
8
BLACK
6
CONTINUOUS
10
6.0706470866141728
20
-6.1659896062992123
11
6.0731002755905514
21
-6.1646500787401575
0
LINE
8
BLACK
6
CONTINUOUS
10
6.0731002755905514
20
-6.1646500787401575
11
6.0758883070866139
21
-6.1648494881889766
0
LINE
8
BLACK
6
CONTINUOUS
10
4.4500000000000002
20
-6.2648511811023617
11
4.3899999999999997
21
-6.2648511811023617
0
LINE
8
BLACK
6
CONTINUOUS
10
4.3899999999999997
20
-6.2648511811023617
11
4.3899999999999997
21
-6.2048511811023621
0
LINE
8
BLACK
6
CONTINUOUS
10
4.3899999999999997
20
-6.2048511811023621
11
4.4500000000000002
21
-6.2048511811023621
0
LINE
8
BLACK
6
CONTINUOUS
10
4.4500000000000002
20
-6.2048511811023621
11
4.4500000000000002
21
-6.2648511811023617
0
LINE
8
BLACK
6
CONTINUOUS
10
5.6972286220472439
20
-6.2337321653543309
11
5.7016186614173225
21
-6.2359690157480312
0
LINE
8
BLACK
6
CONTINUOUS
10
5.7016186614173225
20
-6.2359690157480312
11
5.7051026377952754
21
-6.239452992125984
0
LINE
8
BLACK
6
CONTINUOUS
10
5.7051026377952754
20
-6.239452992125984
11
5.705807047244094
21
-6.240835433070866
0
LINE
8
BLACK
6
CONTINUOUS
10
5.705807047244094
20
-6.240835433070866
11
5.7165354330708658
21
-6.240835433070866
0
LINE
8
BLACK
6
CONTINUOUS
10
5.7165354330708658
20
-6.240835433070866
11
5.7165354330708658
21
-6.2368984251968502
0
LINE
8
BLACK
6
CONTINUOUS
10
5.7165354330708658
20
-6.2368984251968502
11
5.7755905511811019
21
-6.2368984251968502
0
LINE
8
BLACK
6
CONTINUOUS
10
5.7755905511811019
20
-6.2368984251968502
11
5.7755905511811019
21
-6.2605204724409447
0
LINE
8
BLACK
6
CONTINUOUS
10
5.7755905511811019
20
-6.2605204724409447
11
5.7165354330708658
21
-6.2605204724409447
0
LINE
8
BLACK
6
CONTINUOUS
10
5.7165354330708658
20
-6.2605204724409447
11
5.7165354330708658
21
-6.2565834645669289
0
LINE
8
BLACK
6
CONTINUOUS
10
5.7165354330708658
20
-6.2565834645669289
11
5.705807047244094
21
-6.2565834645669289
0
LINE
8
BLACK
6
CONTINUOUS
10
5.705807047244094
20
-6.2565834645669289
11
5.7051026377952754
21
-6.2579659055118109
0
LINE
8
BLACK
6
CONTINUOUS
10
5.7051026377952754
20
-6.2579659055118109
11
5.7016186614173225
21
-6.2614498818897637
0
LINE
8
BLACK
6
CONTINUOUS
10
5.7016186614173225
20
-6.2614498818897637
11
5.6972286220472439
21
-6.2636867322834648
0
LINE
8
BLACK
6
CONTINUOUS
10
5.6972286220472439
20
-6.2636867322834648
11
5.6923622047244091
21
-6.2644574803149604
0
LINE
8
BLACK
6
CONTINUOUS
10
5.6923622047244091
20
-6.2644574803149604
11
5.6874957874015744
21
-6.2636867322834648
0
LINE
8
BLACK
6
CONTINUOUS
10
5.6874957874015744
20
-6.2636867322834648
11
5.6831057480314957
21
-6.2614498818897637
0
LINE
8
BLACK
6
CONTINUOUS
10
5.6831057480314957
20
-6.2614498818897637
11
5.6796217716535429
21
-6.2579659055118109
0
LINE
8
BLACK
6
CONTINUOUS
10
5.6796217716535429
20
-6.2579659055118109
11
5.6773849212598426
21
-6.2535758661417322
0
LINE
8
BLACK
6
CONTINUOUS
10
5.6773849212598426
20
-6.2535758661417322
11
5.6766141732283462
21
-6.2487094488188974
0
LINE
8
BLACK
6
CONTINUOUS
10
5.6766141732283462
20
-6.2487094488188974
11
5.6773849212598426
21
-6.2438430314960627
0
LINE
8
BLACK
6
CONTINUOUS
10
5.6773849212598426
20
-6.2438430314960627
11
5.6796217716535429
21
-6.239452992125984
0
LINE
8
BLACK
6
CONTINUOUS
10
5.6796217716535429
20
-6.239452992125984
11
5.6831057480314957
21
-6.2359690157480312
0
LINE
8
BLACK
6
CONTINUOUS
10
5.6831057480314957
20
-6.2359690157480312
11
5.6874957874015744
21
-6.2337321653543309
0
LINE
8
BLACK
6
CONTINUOUS
10
5.6874957874015744
20
-6.2337321653543309
11
5.6923622047244091
21
-6.2329614173228345
0
LINE
8
BLACK
6
CONTINUOUS
10
5.6923622047244091
20
-6.2329614173228345
11
5.6972286220472439
21
-6.2337321653543309
0
LINE
8
BLACK
6
CONTINUOUS
10
5.8917503937007876
20
-5.9723906299212599
11
5.8935808267716538
21
-5.9745030708661417
0
LINE
8
BLACK
6
CONTINUOUS
10
5.8935808267716538
20
-5.9745030708661417
11
5.8939786220472437
21
-5.9772697637795273
0
LINE
8
BLACK
6
CONTINUOUS
10
5.8939786220472437
20
-5.9772697637795273
11
5.8928174409448815
21
-5.9798122834645664
0
LINE
8
BLACK
6
CONTINUOUS
10
5.8928174409448815
20
-5.9798122834645664
11
5.8925761417322837
21
-5.9800714566929134
0
LINE
8
BLACK
6
CONTINUOUS
10
5.8925761417322837
20
-5.9800714566929134
11
5.8234973622047246
21
-6.0491501968503938
0
LINE
8
BLACK
6
CONTINUOUS
10
5.8234973622047246
20
-6.0491501968503938
11
5.8232792519685042
21
-6.0493555511811019
0
LINE
8
BLACK
6
CONTINUOUS
10
5.8232792519685042
20
-6.0493555511811019
11
5.8214866535433067
21
-6.0509436614173229
0
LINE
8
BLACK
6
CONTINUOUS
10
5.8214866535433067
20
-6.0509436614173229
11
5.8201265354330705
21
-6.0529140551181104
0
LINE
8
BLACK
6
CONTINUOUS
10
5.8201265354330705
20
-6.0529140551181104
11
5.8199491338582678
21
-6.0531551574803144
0
LINE
8
BLACK
6
CONTINUOUS
10
5.8199491338582678
20
-6.0531551574803144
11
5.8184726377952751
21
-6.055039842519685
0
LINE
8
BLACK
6
CONTINUOUS
10
5.8184726377952751
20
-6.055039842519685
11
5.8184724015748026
21
-6.0550402362204725
0
LINE
8
BLACK
6
CONTINUOUS
10
5.8184724015748026
20
-6.0550402362204725
11
5.8183075590551177
21
-6.0554064173228346
0
LINE
8
BLACK
6
CONTINUOUS
10
5.8183075590551177
20
-6.0554064173228346
11
5.8178670472440945
21
-6.0561875590551182
0
LINE
8
BLACK
6
CONTINUOUS
10
5.8178670472440945
20
-6.0561875590551182
11
5.8176386614173223
21
-6.0565184645669294
0
LINE
8
BLACK
6
CONTINUOUS
10
5.8176386614173223
20
-6.0565184645669294
11
5.8167897244094489
21
-6.0587569291338585
0
LINE
8
BLACK
6
CONTINUOUS
10
5.8167897244094489
20
-6.0587569291338585
11
5.8166750787401575
21
-6.0590336220472443
0
LINE
8
BLACK
6
CONTINUOUS
10
5.8166750787401575
20
-6.0590336220472443
11
5.8156925196850393
21
-6.0612168503937003
0
LINE
8
BLACK
6
CONTINUOUS
10
5.8156925196850393
20
-6.0612168503937003
11
5.8156923622047243
21
-6.0612173622047241
0
LINE
8
BLACK
6
CONTINUOUS
10
5.8156923622047243
20
-6.0612173622047241
11
5.8156199606299213
21
-6.0616123622047242
0
LINE
8
BLACK
6
CONTINUOUS
10
5.8156199606299213
20
-6.0616123622047242
11
5.8153790551181102
21
-6.0624765354330705
0
LINE
8
BLACK
6
CONTINUOUS
10
5.8153790551181102
20
-6.0624765354330705
11
5.8152366535433071
21
-6.0628520472440943
0
LINE
8
BLACK
6
CONTINUOUS
10
5.8152366535433071
20
-6.0628520472440943
11
5.8149481102362204
21
-6.0652282283464567
0
LINE
8
BLACK
6
CONTINUOUS
10
5.8149481102362204
20
-6.0652282283464567
11
5.8149030708661416
21
-6.0655241732283462
0
LINE
8
BLACK
6
CONTINUOUS
10
5.8149030708661416
20
-6.0655241732283462
11
5.814471456692913
21
-6.0678798818897635
0
LINE
8
BLACK
6
CONTINUOUS
10
5.814471456692913
20
-6.0678798818897635
11
5.8146160236220474
21
-6.0702697244094486
0
LINE
8
BLACK
6
CONTINUOUS
10
5.8146160236220474
20
-6.0702697244094486
11
5.814625078740157
21
-6.0705692519685037
0
LINE
8
BLACK
6
CONTINUOUS
10
5.814625078740157
20
-6.0705692519685037
11
5.814625078740157
21
-6.2551488582677166
0
LINE
8
BLACK
6
CONTINUOUS
10
5.814625078740157
20
-6.2551488582677166
11
5.8138375984251969
21
-6.2578307874015744
0
LINE
8
BLACK
6
CONTINUOUS
10
5.8138375984251969
20
-6.2578307874015744
11
5.811725157480315
21
-6.2596612204724407
0
LINE
8
BLACK
6
CONTINUOUS
10
5.811725157480315
20
-6.2596612204724407
11
5.8089584645669294
21
-6.2600590157480314
0
LINE
8
BLACK
6
CONTINUOUS
10
5.8089584645669294
20
-6.2600590157480314
11
5.8086331496062993
21
-6.2600011023622049
0
LINE
8
BLACK
6
CONTINUOUS
10
5.8086331496062993
20
-6.2600011023622049
11
5.8069075196850388
21
-6.2596343307086615
0
LINE
8
BLACK
6
CONTINUOUS
10
5.8069075196850388
20
-6.2596343307086615
11
5.8069074015748035
21
-6.2596343307086615
0
LINE
8
BLACK
6
CONTINUOUS
10
5.8069074015748035
20
-6.2596343307086615
11
5.8005708661417321
21
-6.2596343307086615
0
LINE
8
BLACK
6
CONTINUOUS
10
5.8005708661417321
20
-6.2596343307086615
11
5.7978889370078734
21
-6.2588468503937005
0
LINE
8
BLACK
6
CONTINUOUS
10
5.7978889370078734
20
-6.2588468503937005
11
5.7960585039370081
21
-6.2567344094488186
0
LINE
8
BLACK
6
CONTINUOUS
10
5.7960585039370081
20
-6.2567344094488186
11
5.7956102362204724
21
-6.2546737007874018
0
LINE
8
BLACK
6
CONTINUOUS
10
5.7956102362204724
20
-6.2546737007874018
11
5.7956102362204724
21
-6.2349837401574799
0
LINE
8
BLACK
6
CONTINUOUS
10
5.7956102362204724
20
-6.2349837401574799
11
5.7956101968503937
21
-6.234983070866142
0
LINE
8
BLACK
6
CONTINUOUS
10
5.7956101968503937
20
-6.234983070866142
11
5.7953539370078735
21
-6.2325993307086609
0
LINE
8
BLACK
6
CONTINUOUS
10
5.7953539370078735
20
-6.2325993307086609
11
5.7953538976377947
21
-6.2325991732283459
0
LINE
8
BLACK
6
CONTINUOUS
10
5.7953538976377947
20
-6.2325991732283459
11
5.7933420866141727
21
-6.2272053543307084
0
LINE
8
BLACK
6
CONTINUOUS
10
5.7933420866141727
20
-6.2272053543307084
11
5.7929505118110232
21
-6.2266822834645668
0
LINE
8
BLACK
6
CONTINUOUS
10
5.7929505118110232
20
-6.2266822834645668
11
5.7919736614173223
21
-6.224063464566929
0
LINE
8
BLACK
6
CONTINUOUS
10
5.7919736614173223
20
-6.224063464566929
11
5.7925677559055115
21
-6.2213322047244093
0
LINE
8
BLACK
6
CONTINUOUS
10
5.7925677559055115
20
-6.2213322047244093
11
5.7929503937007869
21
-6.2207367322834646
0
LINE
8
BLACK
6
CONTINUOUS
10
5.7929503937007869
20
-6.2207367322834646
11
5.7933420866141727
21
-6.2202135433070866
0
LINE
8
BLACK
6
CONTINUOUS
10
5.7933420866141727
20
-6.2202135433070866
11
5.7953538976377947
21
-6.2148197244094483
0
LINE
8
BLACK
6
CONTINUOUS
10
5.7953538976377947
20
-6.2148197244094483
11
5.7956102362204724
21
-6.2124353543307089
0
LINE
8
BLACK
6
CONTINUOUS
10
5.7956102362204724
20
-6.2124353543307089
11
5.7956102362204724
21
-6.1849835433070863
0
LINE
8
BLACK
6
CONTINUOUS
10
5.7956102362204724
20
-6.1849835433070863
11
5.7956101968503937
21
-6.1849830708661413
0
LINE
8
BLACK
6
CONTINUOUS
10
5.7956101968503937
20
-6.1849830708661413
11
5.7953539370078735
21
-6.1825993307086611
0
LINE
8
BLACK
6
CONTINUOUS
10
5.7953539370078735
20
-6.1825993307086611
11
5.7953538976377947
21
-6.1825991732283461
0
LINE
8
BLACK
6
CONTINUOUS
10
5.7953538976377947
20
-6.1825991732283461
11
5.7933420866141727
21
-6.1772053543307086
0
LINE
8
BLACK
6
CONTINUOUS
10
5.7933420866141727
20
-6.1772053543307086
11
5.7929505118110232
21
-6.1766822834645669
0
LINE
8
BLACK
6
CONTINUOUS
10
5.7929505118110232
20
-6.1766822834645669
11
5.7919736614173223
21
-6.1740634645669292
0
LINE
8
BLACK
6
CONTINUOUS
10
5.7919736614173223
20
-6.1740634645669292
11
5.7925677559055115
21
-6.1713322047244095
0
LINE
8
BLACK
6
CONTINUOUS
10
5.7925677559055115
20
-6.1713322047244095
11
5.7929503937007869
21
-6.1707367322834648
0
LINE
8
BLACK
6
CONTINUOUS
10
5.7929503937007869
20
-6.1707367322834648
11
5.7933420866141727
21
-6.1702135433070868
0
LINE
8
BLACK
6
CONTINUOUS
10
5.7933420866141727
20
-6.1702135433070868
11
5.7953538976377947
21
-6.1648197244094485
0
LINE
8
BLACK
6
CONTINUOUS
10
5.7953538976377947
20
-6.1648197244094485
11
5.7953721653543306
21
-6.1646500787401575
0
LINE
8
BLACK
6
CONTINUOUS
10
5.7953721653543306
20
-6.1646500787401575
11
5.7956101968503937
21
-6.1624357874015745
0
LINE
8
BLACK
6
CONTINUOUS
10
5.7956101968503937
20
-6.1624357874015745
11
5.7956102362204724
21
-6.1624351181102357
0
LINE
8
BLACK
6
CONTINUOUS
10
5.7956102362204724
20
-6.1624351181102357
11
5.7956102362204724
21
-6.1349837401574803
0
LINE
8
BLACK
6
CONTINUOUS
10
5.7956102362204724
20
-6.1349837401574803
11
5.7956101968503937
21
-6.1349830708661415
0
LINE
8
BLACK
6
CONTINUOUS
10
5.7956101968503937
20
-6.1349830708661415
11
5.7953539370078735
21
-6.1325993307086613
0
LINE
8
BLACK
6
CONTINUOUS
10
5.7953539370078735
20
-6.1325993307086613
11
5.7953538976377947
21
-6.1325991732283462
0
LINE
8
BLACK
6
CONTINUOUS
10
5.7953538976377947
20
-6.1325991732283462
11
5.7933420866141727
21
-6.1272053543307088
0
LINE
8
BLACK
6
CONTINUOUS
10
5.7933420866141727
20
-6.1272053543307088
11
5.7929505118110232
21
-6.1266822834645671
0
LINE
8
BLACK
6
CONTINUOUS
10
5.7929505118110232
20
-6.1266822834645671
11
5.7919736614173223
21
-6.1240634645669294
0
LINE
8
BLACK
6
CONTINUOUS
10
5.7919736614173223
20
-6.1240634645669294
11
5.7925677559055115
21
-6.1213322047244096
0
LINE
8
BLACK
6
CONTINUOUS
10
5.7925677559055115
20
-6.1213322047244096
11
5.7929503937007869
21
-6.120736732283464
0
LINE
8
BLACK
6
CONTINUOUS
10
5.7929503937007869
20
-6.120736732283464
11
5.7933420866141727
21
-6.1202135433070861
0
LINE
8
BLACK
6
CONTINUOUS
10
5.7933420866141727
20
-6.1202135433070861
11
5.7953538976377947
21
-6.1148197244094487
0
LINE
8
BLACK
6
CONTINUOUS
10
5.7953538976377947
20
-6.1148197244094487
11
5.7953766141732279
21
-6.114608700787401
0
LINE
8
BLACK
6
CONTINUOUS
10
5.7953766141732279
20
-6.114608700787401
11
5.7956101968503937
21
-6.1124357874015747
0
LINE
8
BLACK
6
CONTINUOUS
10
5.7956101968503937
20
-6.1124357874015747
11
5.7956102362204724
21
-6.1124351181102359
0
LINE
8
BLACK
6
CONTINUOUS
10
5.7956102362204724
20
-6.1124351181102359
11
5.7956102362204724
21
-6.0849837401574804
0
LINE
8
BLACK
6
CONTINUOUS
10
5.7956102362204724
20
-6.0849837401574804
11
5.7956101968503937
21
-6.0849830708661417
0
LINE
8
BLACK
6
CONTINUOUS
10
5.7956101968503937
20
-6.0849830708661417
11
5.7953539370078735
21
-6.0825993307086614
0
LINE
8
BLACK
6
CONTINUOUS
10
5.7953539370078735
20
-6.0825993307086614
11
5.7952252755905507
21
-6.0822543307086612
0
LINE
8
BLACK
6
CONTINUOUS
10
5.7952252755905507
20
-6.0822543307086612
11
5.7933420866141727
21
-6.077205354330709
0
LINE
8
BLACK
6
CONTINUOUS
10
5.7933420866141727
20
-6.077205354330709
11
5.7929505118110232
21
-6.0766822834645664
0
LINE
8
BLACK
6
CONTINUOUS
10
5.7929505118110232
20
-6.0766822834645664
11
5.7919736614173223
21
-6.0740634645669287
0
LINE
8
BLACK
6
CONTINUOUS
10
5.7919736614173223
20
-6.0740634645669287
11
5.7925677559055115
21
-6.0713322047244089
0
LINE
8
BLACK
6
CONTINUOUS
10
5.7925677559055115
20
-6.0713322047244089
11
5.7929503937007869
21
-6.0707367322834642
0
LINE
8
BLACK
6
CONTINUOUS
10
5.7929503937007869
20
-6.0707367322834642
11
5.7933420866141727
21
-6.0702135433070863
0
LINE
8
BLACK
6
CONTINUOUS
10
5.7933420866141727
20
-6.0702135433070863
11
5.7953538976377947
21
-6.0648197244094488
0
LINE
8
BLACK
6
CONTINUOUS
10
5.7953538976377947
20
-6.0648197244094488
11
5.7956102362204724
21
-6.0624353543307086
0
LINE
8
BLACK
6
CONTINUOUS
10
5.7956102362204724
20
-6.0624353543307086
11
5.7956102362204724
21
-6.0349835433070869
0
LINE
8
BLACK
6
CONTINUOUS
10
5.7956102362204724
20
-6.0349835433070869
11
5.7955720472440939
21
-6.0346281889763782
0
LINE
8
BLACK
6
CONTINUOUS
10
5.7955720472440939
20
-6.0346281889763782
11
5.7953539370078735
21
-6.0325993307086616
0
LINE
8
BLACK
6
CONTINUOUS
10
5.7953539370078735
20
-6.0325993307086616
11
5.795353858267716
21
-6.0325990157480316
0
LINE
8
BLACK
6
CONTINUOUS
10
5.795353858267716
20
-6.0325990157480316
11
5.7934435826771651
21
-6.0274774803149604
0
LINE
8
BLACK
6
CONTINUOUS
10
5.7934435826771651
20
-6.0274774803149604
11
5.7933420866141727
21
-6.0272053543307083
0
LINE
8
BLACK
6
CONTINUOUS
10
5.7933420866141727
20
-6.0272053543307083
11
5.793342047244094
21
-6.0272052755905507
0
LINE
8
BLACK
6
CONTINUOUS
10
5.793342047244094
20
-6.0272052755905507
11
5.7933420078740152
21
-6.0272051968503932
0
LINE
8
BLACK
6
CONTINUOUS
10
5.7933420078740152
20
-6.0272051968503932
11
5.7898921653543303
21
-6.0225967716535429
0
LINE
8
BLACK
6
CONTINUOUS
10
5.7898921653543303
20
-6.0225967716535429
11
5.7852837401574799
21
-6.019146929133858
0
LINE
8
BLACK
6
CONTINUOUS
10
5.7852837401574799
20
-6.019146929133858
11
5.7852835433070862
21
-6.0191468503937005
0
LINE
8
BLACK
6
CONTINUOUS
10
5.7852835433070862
20
-6.0191468503937005
11
5.7798899212598425
21
-6.0171350787401572
0
LINE
8
BLACK
6
CONTINUOUS
10
5.7798899212598425
20
-6.0171350787401572
11
5.7798896062992124
21
-6.0171349999999997
0
LINE
8
BLACK
6
CONTINUOUS
10
5.7798896062992124
20
-6.0171349999999997
11
5.7775058661417322
21
-6.0168787401574804
0
LINE
8
BLACK
6
CONTINUOUS
10
5.7775058661417322
20
-6.0168787401574804
11
5.7775054330708659
21
-6.0168787401574804
0
LINE
8
BLACK
6
CONTINUOUS
10
5.7775054330708659
20
-6.0168787401574804
11
5.7146205511811026
21
-6.0168787401574804
0
LINE
8
BLACK
6
CONTINUOUS
10
5.7146205511811026
20
-6.0168787401574804
11
5.7146200787401575
21
-6.0168787401574804
0
LINE
8
BLACK
6
CONTINUOUS
10
5.7146200787401575
20
-6.0168787401574804
11
5.7122362992125986
21
-6.0171350393700784
0
LINE
8
BLACK
6
CONTINUOUS
10
5.7122362992125986
20
-6.0171350393700784
11
5.7120364173228344
21
-6.0171822834645665
0
LINE
8
BLACK
6
CONTINUOUS
10
5.7120364173228344
20
-6.0171822834645665
11
5.7092452755905514
21
-6.0170326771653544
0
LINE
8
BLACK
6
CONTINUOUS
10
5.7092452755905514
20
-6.0170326771653544
11
5.7073879133858263
21
-6.0158622834645668
0
LINE
8
BLACK
6
CONTINUOUS
10
5.7073879133858263
20
-6.0158622834645668
11
5.6715970866141729
21
-5.9800714566929134
0
LINE
8
BLACK
6
CONTINUOUS
10
5.6715970866141729
20
-5.9800714566929134
11
5.6702574803149606
21
-5.977618228346457
0
LINE
8
BLACK
6
CONTINUOUS
10
5.6702574803149606
20
-5.977618228346457
11
5.6704568897637797
21
-5.9748302362204724
0
LINE
8
BLACK
6
CONTINUOUS
10
5.6704568897637797
20
-5.9748302362204724
11
5.6721319685039369
21
-5.9725925984251971
0
LINE
8
BLACK
6
CONTINUOUS
10
5.6721319685039369
20
-5.9725925984251971
11
5.6747508661417321
21
-5.9716157874015749
0
LINE
8
BLACK
6
CONTINUOUS
10
5.6747508661417321
20
-5.9716157874015749
11
5.6751047637795278
21
-5.9716031496062989
0
LINE
8
BLACK
6
CONTINUOUS
10
5.6751047637795278
20
-5.9716031496062989
11
5.8890684645669289
21
-5.9716031496062989
0
LINE
8
BLACK
6
CONTINUOUS
10
5.8890684645669289
20
-5.9716031496062989
11
5.8917503937007876
21
-5.9723906299212599
0
LINE
8
BLACK
6
CONTINUOUS
10
5.5048606692913387
20
-6.0423906299212593
11
5.5056864173228348
21
-6.0430561023622049
0
LINE
8
BLACK
6
CONTINUOUS
10
5.5056864173228348
20
-6.0430561023622049
11
5.6736399999999998
21
-6.2110096850393699
0
LINE
8
BLACK
6
CONTINUOUS
10
5.6736399999999998
20
-6.2110096850393699
11
5.6749796062992122
21
-6.2134629133858263
0
LINE
8
BLACK
6
CONTINUOUS
10
5.6749796062992122
20
-6.2134629133858263
11
5.6747801968503939
21
-6.2162509055118109
0
LINE
8
BLACK
6
CONTINUOUS
10
5.6747801968503939
20
-6.2162509055118109
11
5.6731051181102359
21
-6.2184885433070862
0
LINE
8
BLACK
6
CONTINUOUS
10
5.6731051181102359
20
-6.2184885433070862
11
5.6730481496062994
21
-6.2185305905511807
0
LINE
8
BLACK
6
CONTINUOUS
10
5.6730481496062994
20
-6.2185305905511807
11
5.6682969291338585
21
-6.2219825590551183
0
LINE
8
BLACK
6
CONTINUOUS
10
5.6682969291338585
20
-6.2219825590551183
11
5.6632663385826767
21
-6.2275696062992125
0
LINE
8
BLACK
6
CONTINUOUS
10
5.6632663385826767
20
-6.2275696062992125
11
5.6632660629921254
21
-6.2275700000000001
0
LINE
8
BLACK
6
CONTINUOUS
10
5.6632660629921254
20
-6.2275700000000001
11
5.6596675984251963
21
-6.2338027559055114
0
LINE
8
BLACK
6
CONTINUOUS
10
5.6596675984251963
20
-6.2338027559055114
11
5.659506811023622
21
-6.2340812598425197
0
LINE
8
BLACK
6
CONTINUOUS
10
5.659506811023622
20
-6.2340812598425197
11
5.6592135826771655
21
-6.2349837401574799
0
LINE
8
BLACK
6
CONTINUOUS
10
5.6592135826771655
20
-6.2349837401574799
11
5.6571833464566925
21
-6.2412319685039366
0
LINE
8
BLACK
6
CONTINUOUS
10
5.6571833464566925
20
-6.2412319685039366
11
5.6570332677165354
21
-6.2426601574803149
0
LINE
8
BLACK
6
CONTINUOUS
10
5.6570332677165354
20
-6.2426601574803149
11
5.6559697637795274
21
-6.2452450393700785
0
LINE
8
BLACK
6
CONTINUOUS
10
5.6559697637795274
20
-6.2452450393700785
11
5.6536775590551178
21
-6.2468446456692908
0
LINE
8
BLACK
6
CONTINUOUS
10
5.6536775590551178
20
-6.2468446456692908
11
5.6508844488188972
21
-6.2469510629921254
0
LINE
8
BLACK
6
CONTINUOUS
10
5.6508844488188972
20
-6.2469510629921254
11
5.6485921259842522
21
-6.2456492913385828
0
LINE
8
BLACK
6
CONTINUOUS
10
5.6485921259842522
20
-6.2456492913385828
11
5.5231821259842517
21
-6.1202392913385824
0
LINE
8
BLACK
6
CONTINUOUS
10
5.5231821259842517
20
-6.1202392913385824
11
5.5229767322834649
21
-6.1200211417322832
0
LINE
8
BLACK
6
CONTINUOUS
10
5.5229767322834649
20
-6.1200211417322832
11
5.5213885826771651
21
-6.1182285039370079
0
LINE
8
BLACK
6
CONTINUOUS
10
5.5213885826771651
20
-6.1182285039370079
11
5.5194180708661413
21
-6.1168683070866141
0
LINE
8
BLACK
6
CONTINUOUS
10
5.5194180708661413
20
-6.1168683070866141
11
5.5191768503937011
21
-6.1166908267716531
0
LINE
8
BLACK
6
CONTINUOUS
10
5.5191768503937011
20
-6.1166908267716531
11
5.5172923228346455
21
-6.1152144094488188
0
LINE
8
BLACK
6
CONTINUOUS
10
5.5172923228346455
20
-6.1152144094488188
11
5.5172921653543305
21
-6.1152143307086613
0
LINE
8
BLACK
6
CONTINUOUS
10
5.5172921653543305
20
-6.1152143307086613
11
5.5169259055118109
21
-6.1150494488188976
0
LINE
8
BLACK
6
CONTINUOUS
10
5.5169259055118109
20
-6.1150494488188976
11
5.5161444094488186
21
-6.114608700787401
0
LINE
8
BLACK
6
CONTINUOUS
10
5.5161444094488186
20
-6.114608700787401
11
5.5158139370078736
21
-6.114380590551181
0
LINE
8
BLACK
6
CONTINUOUS
10
5.5158139370078736
20
-6.114380590551181
11
5.5148228740157483
21
-6.1140047244094484
0
LINE
8
BLACK
6
CONTINUOUS
10
5.5148228740157483
20
-6.1140047244094484
11
5.5135755905511807
21
-6.1135316535433066
0
LINE
8
BLACK
6
CONTINUOUS
10
5.5135755905511807
20
-6.1135316535433066
11
5.5132989370078738
21
-6.1134170472440941
0
LINE
8
BLACK
6
CONTINUOUS
10
5.5132989370078738
20
-6.1134170472440941
11
5.5111153937007868
21
-6.1124343700787396
0
LINE
8
BLACK
6
CONTINUOUS
10
5.5111153937007868
20
-6.1124343700787396
11
5.5111153149606302
21
-6.1124343307086617
0
LINE
8
BLACK
6
CONTINUOUS
10
5.5111153149606302
20
-6.1124343307086617
11
5.5111152755905515
21
-6.1124343307086617
0
LINE
8
BLACK
6
CONTINUOUS
10
5.5111152755905515
20
-6.1124343307086617
11
5.5107198818897638
21
-6.1123618503937003
0
LINE
8
BLACK
6
CONTINUOUS
10
5.5107198818897638
20
-6.1123618503937003
11
5.5098557086614175
21
-6.1121209055118113
0
LINE
8
BLACK
6
CONTINUOUS
10
5.5098557086614175
20
-6.1121209055118113
11
5.50948031496063
21
-6.1119785826771649
0
LINE
8
BLACK
6
CONTINUOUS
10
5.50948031496063
20
-6.1119785826771649
11
5.5094802755905512
21
-6.1119785433070861
0
LINE
8
BLACK
6
CONTINUOUS
10
5.5094802755905512
20
-6.1119785433070861
11
5.5094801968503937
21
-6.1119785433070861
0
LINE
8
BLACK
6
CONTINUOUS
10
5.5094801968503937
20
-6.1119785433070861
11
5.5094800393700787
21
-6.1119785039370074
0
LINE
8
BLACK
6
CONTINUOUS
10
5.5094800393700787
20
-6.1119785039370074
11
5.5071036220472438
21
-6.1116899606299215
0
LINE
8
BLACK
6
CONTINUOUS
10
5.5071036220472438
20
-6.1116899606299215
11
5.5068075984251967
21
-6.111644881889764
0
LINE
8
BLACK
6
CONTINUOUS
10
5.5068075984251967
20
-6.111644881889764
11
5.5052908267716534
21
-6.1113669685039369
0
LINE
8
BLACK
6
CONTINUOUS
10
5.5052908267716534
20
-6.1113669685039369
11
5.5044524803149608
21
-6.1112133464566929
0
LINE
8
BLACK
6
CONTINUOUS
10
5.5044524803149608
20
-6.1112133464566929
11
5.5044524409448821
21
-6.1112133464566929
0
LINE
8
BLACK
6
CONTINUOUS
10
5.5044524409448821
20
-6.1112133464566929
11
5.5024461023622049
21
-6.1113346850393695
0
LINE
8
BLACK
6
CONTINUOUS
10
5.5024461023622049
20
-6.1113346850393695
11
5.5020625590551182
21
-6.1113579133858265
0
LINE
8
BLACK
6
CONTINUOUS
10
5.5020625590551182
20
-6.1113579133858265
11
5.501763031496063
21
-6.1113669685039369
0
LINE
8
BLACK
6
CONTINUOUS
10
5.501763031496063
20
-6.1113669685039369
11
5.4917015748031499
21
-6.1113669685039369
0
LINE
8
BLACK
6
CONTINUOUS
10
5.4917015748031499
20
-6.1113669685039369
11
5.4909099999999995
21
-6.1121585433070864
0
LINE
8
BLACK
6
CONTINUOUS
10
5.4909099999999995
20
-6.1121585433070864
11
5.4865199606299209
21
-6.1143953937007876
0
LINE
8
BLACK
6
CONTINUOUS
10
5.4865199606299209
20
-6.1143953937007876
11
5.4816535433070861
21
-6.1151661417322831
0
LINE
8
BLACK
6
CONTINUOUS
10
5.4816535433070861
20
-6.1151661417322831
11
5.4767871259842522
21
-6.1143953937007876
0
LINE
8
BLACK
6
CONTINUOUS
10
5.4767871259842522
20
-6.1143953937007876
11
5.4723970866141727
21
-6.1121585433070864
0
LINE
8
BLACK
6
CONTINUOUS
10
5.4723970866141727
20
-6.1121585433070864
11
5.4716055118110232
21
-6.1113669685039369
0
LINE
8
BLACK
6
CONTINUOUS
10
5.4716055118110232
20
-6.1113669685039369
11
5.4491732283464565
21
-6.1113669685039369
0
LINE
8
BLACK
6
CONTINUOUS
10
5.4491732283464565
20
-6.1113669685039369
11
5.4491732283464565
21
-6.1156385826771649
0
LINE
8
BLACK
6
CONTINUOUS
10
5.4491732283464565
20
-6.1156385826771649
11
5.425551181102362
21
-6.1156385826771649
0
LINE
8
BLACK
6
CONTINUOUS
10
5.425551181102362
20
-6.1156385826771649
11
5.425551181102362
21
-6.1113669685039369
0
LINE
8
BLACK
6
CONTINUOUS
10
5.425551181102362
20
-6.1113669685039369
11
5.4241535433070869
21
-6.1113669685039369
0
LINE
8
BLACK
6
CONTINUOUS
10
5.4241535433070869
20
-6.1113669685039369
11
5.4214716141732282
21
-6.1105794881889759
0
LINE
8
BLACK
6
CONTINUOUS
10
5.4214716141732282
20
-6.1105794881889759
11
5.4196411811023619
21
-6.1084670472440941
0
LINE
8
BLACK
6
CONTINUOUS
10
5.4196411811023619
20
-6.1084670472440941
11
5.4191929133858263
21
-6.1064063385826772
0
LINE
8
BLACK
6
CONTINUOUS
10
5.4191929133858263
20
-6.1064063385826772
11
5.4191929133858263
21
-6.0546687795275593
0
LINE
8
BLACK
6
CONTINUOUS
10
5.4191929133858263
20
-6.0546687795275593
11
5.4191928740157476
21
-6.0546681102362205
0
LINE
8
BLACK
6
CONTINUOUS
10
5.4191928740157476
20
-6.0546681102362205
11
5.4189366141732283
21
-6.0522843700787403
0
LINE
8
BLACK
6
CONTINUOUS
10
5.4189366141732283
20
-6.0522843700787403
11
5.4189365748031495
21
-6.0522843307086616
0
LINE
8
BLACK
6
CONTINUOUS
10
5.4189365748031495
20
-6.0522843307086616
11
5.4189365748031495
21
-6.0522842125984253
0
LINE
8
BLACK
6
CONTINUOUS
10
5.4189365748031495
20
-6.0522842125984253
11
5.4174494881889759
21
-6.0482972834645672
0
LINE
8
BLACK
6
CONTINUOUS
10
5.4174494881889759
20
-6.0482972834645672
11
5.4172501181102364
21
-6.0455093307086614
0
LINE
8
BLACK
6
CONTINUOUS
10
5.4172501181102364
20
-6.0455093307086614
11
5.41858968503937
21
-6.0430561023622049
0
LINE
8
BLACK
6
CONTINUOUS
10
5.41858968503937
20
-6.0430561023622049
11
5.4210429527559052
21
-6.0417165354330704
0
LINE
8
BLACK
6
CONTINUOUS
10
5.4210429527559052
20
-6.0417165354330704
11
5.4220974015748027
21
-6.0416031496062992
0
LINE
8
BLACK
6
CONTINUOUS
10
5.4220974015748027
20
-6.0416031496062992
11
5.50217874015748
21
-6.0416031496062992
0
LINE
8
BLACK
6
CONTINUOUS
10
5.50217874015748
20
-6.0416031496062992
11
5.5048606692913387
21
-6.0423906299212593
0
LINE
8
BLACK
6
CONTINUOUS
10
4.4439370078740152
20
-5.850599212598425
11
4.4218110236220474
21
-5.850599212598425
0
LINE
8
BLACK
6
CONTINUOUS
10
4.4218110236220474
20
-5.850599212598425
11
4.4218110236220474
21
-5.8606755118110234
0
LINE
8
BLACK
6
CONTINUOUS
10
4.4218110236220474
20
-5.8606755118110234
11
4.4757661811023617
21
-5.9146306692913386
0
LINE
8
BLACK
6
CONTINUOUS
10
4.4757661811023617
20
-5.9146306692913386
11
4.87150468503937
21
-5.9146306692913386
0
LINE
8
BLACK
6
CONTINUOUS
10
4.87150468503937
20
-5.9146306692913386
11
4.872792598425197
21
-5.9149246062992127
0
LINE
8
BLACK
6
CONTINUOUS
10
4.872792598425197
20
-5.9149246062992127
11
4.8741053149606302
21
-5.9150725196850393
0
LINE
8
BLACK
6
CONTINUOUS
10
4.8741053149606302
20
-5.9150725196850393
11
4.8744844881889762
21
-5.9153107480314961
0
LINE
8
BLACK
6
CONTINUOUS
10
4.8744844881889762
20
-5.9153107480314961
11
4.8749211023622046
21
-5.9154104330708659
0
LINE
8
BLACK
6
CONTINUOUS
10
4.8749211023622046
20
-5.9154104330708659
11
4.8759539763779527
21
-5.9162341338582678
0
LINE
8
BLACK
6
CONTINUOUS
10
4.8759539763779527
20
-5.9162341338582678
11
4.8770724409448816
21
-5.9169369291338585
0
LINE
8
BLACK
6
CONTINUOUS
10
4.8770724409448816
20
-5.9169369291338585
11
4.8957649999999999
21
-5.935629488188976
0
LINE
8
BLACK
6
CONTINUOUS
10
4.8957649999999999
20
-5.935629488188976
11
5.1535035039370074
21
-5.935629488188976
0
LINE
8
BLACK
6
CONTINUOUS
10
5.1535035039370074
20
-5.935629488188976
11
5.1547914173228344
21
-5.93592342519685
0
LINE
8
BLACK
6
CONTINUOUS
10
5.1547914173228344
20
-5.93592342519685
11
5.1561041338582676
21
-5.9360713385826767
0
LINE
8
BLACK
6
CONTINUOUS
10
5.1561041338582676
20
-5.9360713385826767
11
5.1564833070866136
21
-5.9363095669291335
0
LINE
8
BLACK
6
CONTINUOUS
10
5.1564833070866136
20
-5.9363095669291335
11
5.156919921259842
21
-5.9364092519685041
0
LINE
8
BLACK
6
CONTINUOUS
10
5.156919921259842
20
-5.9364092519685041
11
5.1579527952755901
21
-5.9372329527559051
0
LINE
8
BLACK
6
CONTINUOUS
10
5.1579527952755901
20
-5.9372329527559051
11
5.1590712598425199
21
-5.9379357480314958
0
LINE
8
BLACK
6
CONTINUOUS
10
5.1590712598425199
20
-5.9379357480314958
11
5.2269709842519685
21
-6.0058354330708656
0
LINE
8
BLACK
6
CONTINUOUS
10
5.2269709842519685
20
-6.0058354330708656
11
5.5157874015748032
21
-6.0058354330708656
0
LINE
8
BLACK
6
CONTINUOUS
10
5.5157874015748032
20
-6.0058354330708656
11
5.5170753149606302
21
-6.0061293700787397
0
LINE
8
BLACK
6
CONTINUOUS
10
5.5170753149606302
20
-6.0061293700787397
11
5.5183880314960625
21
-6.0062772834645664
0
LINE
8
BLACK
6
CONTINUOUS
10
5.5183880314960625
20
-6.0062772834645664
11
5.5187672047244094
21
-6.0065155118110232
0
LINE
8
BLACK
6
CONTINUOUS
10
5.5187672047244094
20
-6.0065155118110232
11
5.5192038188976378
21
-6.0066151968503938
0
LINE
8
BLACK
6
CONTINUOUS
10
5.5192038188976378
20
-6.0066151968503938
11
5.5202366929133859
21
-6.0074388976377948
0
LINE
8
BLACK
6
CONTINUOUS
10
5.5202366929133859
20
-6.0074388976377948
11
5.5213551574803148
21
-6.0081416929133855
0
LINE
8
BLACK
6
CONTINUOUS
10
5.5213551574803148
20
-6.0081416929133855
11
5.7040489370078742
21
-6.1908354330708661
0
LINE
8
BLACK
6
CONTINUOUS
10
5.7040489370078742
20
-6.1908354330708661
11
5.7165354330708658
21
-6.1908354330708661
0
LINE
8
BLACK
6
CONTINUOUS
10
5.7165354330708658
20
-6.1908354330708661
11
5.7165354330708658
21
-6.1868984251968504
0
LINE
8
BLACK
6
CONTINUOUS
10
5.7165354330708658
20
-6.1868984251968504
11
5.7755905511811019
21
-6.1868984251968504
0
LINE
8
BLACK
6
CONTINUOUS
10
5.7755905511811019
20
-6.1868984251968504
11
5.7755905511811019
21
-6.2105204724409449
0
LINE
8
BLACK
6
CONTINUOUS
10
5.7755905511811019
20
-6.2105204724409449
11
5.7165354330708658
21
-6.2105204724409449
0
LINE
8
BLACK
6
CONTINUOUS
10
5.7165354330708658
20
-6.2105204724409449
11
5.7165354330708658
21
-6.2065834645669291
0
LINE
8
BLACK
6
CONTINUOUS
10
5.7165354330708658
20
-6.2065834645669291
11
5.7007874015748028
21
-6.2065834645669291
0
LINE
8
BLACK
6
CONTINUOUS
10
5.7007874015748028
20
-6.2065834645669291
11
5.6994995669291333
21
-6.2062895275590551
0
LINE
8
BLACK
6
CONTINUOUS
10
5.6994995669291333
20
-6.2062895275590551
11
5.6981868110236222
21
-6.2061416141732284
0
LINE
8
BLACK
6
CONTINUOUS
10
5.6981868110236222
20
-6.2061416141732284
11
5.6978075984251966
21
-6.2059033464566928
0
LINE
8
BLACK
6
CONTINUOUS
10
5.6978075984251966
20
-6.2059033464566928
11
5.6973709842519682
21
-6.2058037007874018
0
LINE
8
BLACK
6
CONTINUOUS
10
5.6973709842519682
20
-6.2058037007874018
11
5.6963381496062988
21
-6.2049800393700787
0
LINE
8
BLACK
6
CONTINUOUS
10
5.6963381496062988
20
-6.2049800393700787
11
5.6952196456692912
21
-6.204277244094488
0
LINE
8
BLACK
6
CONTINUOUS
10
5.6952196456692912
20
-6.204277244094488
11
5.5125259055118105
21
-6.0215834645669286
0
LINE
8
BLACK
6
CONTINUOUS
10
5.5125259055118105
20
-6.0215834645669286
11
5.2237094488188971
21
-6.0215834645669286
0
LINE
8
BLACK
6
CONTINUOUS
10
5.2237094488188971
20
-6.0215834645669286
11
5.222421535433071
21
-6.0212894881889758
0
LINE
8
BLACK
6
CONTINUOUS
10
5.222421535433071
20
-6.0212894881889758
11
5.2211088188976378
21
-6.0211416141732279
0
LINE
8
BLACK
6
CONTINUOUS
10
5.2211088188976378
20
-6.0211416141732279
11
5.2207296062992121
21
-6.0209033464566923
0
LINE
8
BLACK
6
CONTINUOUS
10
5.2207296062992121
20
-6.0209033464566923
11
5.2202930314960625
21
-6.0208037007874013
0
LINE
8
BLACK
6
CONTINUOUS
10
5.2202930314960625
20
-6.0208037007874013
11
5.219260196850394
21
-6.0199800393700782
0
LINE
8
BLACK
6
CONTINUOUS
10
5.219260196850394
20
-6.0199800393700782
11
5.2181416535433067
21
-6.0192772047244096
0
LINE
8
BLACK
6
CONTINUOUS
10
5.2181416535433067
20
-6.0192772047244096
11
5.1502420078740156
21
-5.9513775196850389
0
LINE
8
BLACK
6
CONTINUOUS
10
5.1502420078740156
20
-5.9513775196850389
11
4.8925035039370082
21
-5.9513775196850389
0
LINE
8
BLACK
6
CONTINUOUS
10
4.8925035039370082
20
-5.9513775196850389
11
4.8912155511811024
21
-5.9510835433070861
0
LINE
8
BLACK
6
CONTINUOUS
10
4.8912155511811024
20
-5.9510835433070861
11
4.889902874015748
21
-5.9509356692913382
0
LINE
8
BLACK
6
CONTINUOUS
10
4.889902874015748
20
-5.9509356692913382
11
4.8895236614173223
21
-5.9506974015748026
0
LINE
8
BLACK
6
CONTINUOUS
10
4.8895236614173223
20
-5.9506974015748026
11
4.8890870866141727
21
-5.9505977559055117
0
LINE
8
BLACK
6
CONTINUOUS
10
4.8890870866141727
20
-5.9505977559055117
11
4.8880541732283467
21
-5.949774015748031
0
LINE
8
BLACK
6
CONTINUOUS
10
4.8880541732283467
20
-5.949774015748031
11
4.8869357480314957
21
-5.9490712598425199
0
LINE
8
BLACK
6
CONTINUOUS
10
4.8869357480314957
20
-5.9490712598425199
11
4.8682431889763782
21
-5.9303787007874016
0
LINE
8
BLACK
6
CONTINUOUS
10
4.8682431889763782
20
-5.9303787007874016
11
4.4725046850393699
21
-5.9303787007874016
0
LINE
8
BLACK
6
CONTINUOUS
10
4.4725046850393699
20
-5.9303787007874016
11
4.4712167322834642
21
-5.9300847244094488
0
LINE
8
BLACK
6
CONTINUOUS
10
4.4712167322834642
20
-5.9300847244094488
11
4.4699040551181097
21
-5.9299368503937009
0
LINE
8
BLACK
6
CONTINUOUS
10
4.4699040551181097
20
-5.9299368503937009
11
4.469524842519685
21
-5.9296985826771653
0
LINE
8
BLACK
6
CONTINUOUS
10
4.469524842519685
20
-5.9296985826771653
11
4.4690882677165353
21
-5.9295989370078734
0
LINE
8
BLACK
6
CONTINUOUS
10
4.4690882677165353
20
-5.9295989370078734
11
4.4680553543307084
21
-5.9287751968503937
0
LINE
8
BLACK
6
CONTINUOUS
10
4.4680553543307084
20
-5.9287751968503937
11
4.4669369291338583
21
-5.9280724409448817
0
LINE
8
BLACK
6
CONTINUOUS
10
4.4669369291338583
20
-5.9280724409448817
11
4.4083692519685043
21
-5.8695047637795277
0
LINE
8
BLACK
6
CONTINUOUS
10
4.4083692519685043
20
-5.8695047637795277
11
4.4076664566929136
21
-5.8683862992125979
0
LINE
8
BLACK
6
CONTINUOUS
10
4.4076664566929136
20
-5.8683862992125979
11
4.4068427559055117
21
-5.8673534251968507
0
LINE
8
BLACK
6
CONTINUOUS
10
4.4068427559055117
20
-5.8673534251968507
11
4.4067430708661419
21
-5.8669168110236223
0
LINE
8
BLACK
6
CONTINUOUS
10
4.4067430708661419
20
-5.8669168110236223
11
4.4065048425196851
21
-5.8665376377952754
0
LINE
8
BLACK
6
CONTINUOUS
10
4.4065048425196851
20
-5.8665376377952754
11
4.4063569291338585
21
-5.8652249212598422
0
LINE
8
BLACK
6
CONTINUOUS
10
4.4063569291338585
20
-5.8652249212598422
11
4.4060629921259844
21
-5.8639370078740152
0
LINE
8
BLACK
6
CONTINUOUS
10
4.4060629921259844
20
-5.8639370078740152
11
4.4060629921259844
21
-5.850599212598425
0
LINE
8
BLACK
6
CONTINUOUS
10
4.4060629921259844
20
-5.850599212598425
11
4.3839370078740156
21
-5.850599212598425
0
LINE
8
BLACK
6
CONTINUOUS
10
4.3839370078740156
20
-5.850599212598425
11
4.3839370078740156
21
-5.7905992125984254
0
LINE
8
BLACK
6
CONTINUOUS
10
4.3839370078740156
20
-5.7905992125984254
11
4.4439370078740152
21
-5.7905992125984254
0
LINE
8
BLACK
6
CONTINUOUS
10
4.4439370078740152
20
-5.7905992125984254
11
4.4439370078740152
21
-5.850599212598425
0
LINE
8
BLACK
6
CONTINUOUS
10
5.9409999999999998
20
-5.851
11
5.9115748031496063
21
-5.851
0
LINE
8
BLACK
6
CONTINUOUS
10
5.9115748031496063
20
-5.851
11
5.9115748031496063
21
-5.8638731496062988
0
LINE
8
BLACK
6
CONTINUOUS
10
5.9115748031496063
20
-5.8638731496062988
11
5.9148363385826768
21
-5.8671346850393702
0
LINE
8
BLACK
6
CONTINUOUS
10
5.9148363385826768
20
-5.8671346850393702
11
6.0250087007874011
21
-5.8671346850393702
0
LINE
8
BLACK
6
CONTINUOUS
10
6.0250087007874011
20
-5.8671346850393702
11
6.0262966141732281
21
-5.8674286220472442
0
LINE
8
BLACK
6
CONTINUOUS
10
6.0262966141732281
20
-5.8674286220472442
11
6.0276093307086613
21
-5.8675765354330709
0
LINE
8
BLACK
6
CONTINUOUS
10
6.0276093307086613
20
-5.8675765354330709
11
6.0279885039370074
21
-5.8678147637795277
0
LINE
8
BLACK
6
CONTINUOUS
10
6.0279885039370074
20
-5.8678147637795277
11
6.0284251181102357
21
-5.8679144488188975
0
LINE
8
BLACK
6
CONTINUOUS
10
6.0284251181102357
20
-5.8679144488188975
11
6.0294579921259839
21
-5.8687381496062994
0
LINE
8
BLACK
6
CONTINUOUS
10
6.0294579921259839
20
-5.8687381496062994
11
6.0305764566929136
21
-5.8694409448818901
0
LINE
8
BLACK
6
CONTINUOUS
10
6.0305764566929136
20
-5.8694409448818901
11
6.0810803937007876
21
-5.9199448425196852
0
LINE
8
BLACK
6
CONTINUOUS
10
6.0810803937007876
20
-5.9199448425196852
11
6.0817832283464561
21
-5.9210634251968504
0
LINE
8
BLACK
6
CONTINUOUS
10
6.0817832283464561
20
-5.9210634251968504
11
6.0826068503937005
21
-5.9220961811023622
0
LINE
8
BLACK
6
CONTINUOUS
10
6.0826068503937005
20
-5.9220961811023622
11
6.0827064960629924
21
-5.9225327559055119
0
LINE
8
BLACK
6
CONTINUOUS
10
6.0827064960629924
20
-5.9225327559055119
11
6.0829447637795271
21
-5.9229119685039366
0
LINE
8
BLACK
6
CONTINUOUS
10
6.0829447637795271
20
-5.9229119685039366
11
6.0830926377952759
21
-5.9242246456692911
0
LINE
8
BLACK
6
CONTINUOUS
10
6.0830926377952759
20
-5.9242246456692911
11
6.0833866141732278
21
-5.9255125984251968
0
LINE
8
BLACK
6
CONTINUOUS
10
6.0833866141732278
20
-5.9255125984251968
11
6.0833866141732278
21
-6.1216765354330711
0
LINE
8
BLACK
6
CONTINUOUS
10
6.0833866141732278
20
-6.1216765354330711
11
6.0830926377952759
21
-6.1229644488188972
0
LINE
8
BLACK
6
CONTINUOUS
10
6.0830926377952759
20
-6.1229644488188972
11
6.0829447637795271
21
-6.1242771653543304
0
LINE
8
BLACK
6
CONTINUOUS
10
6.0829447637795271
20
-6.1242771653543304
11
6.0827064960629924
21
-6.1246563385826773
0
LINE
8
BLACK
6
CONTINUOUS
10
6.0827064960629924
20
-6.1246563385826773
11
6.0826068503937005
21
-6.1250929527559057
0
LINE
8
BLACK
6
CONTINUOUS
10
6.0826068503937005
20
-6.1250929527559057
11
6.0817831102362208
21
-6.126125826771653
0
LINE
8
BLACK
6
CONTINUOUS
10
6.0817831102362208
20
-6.126125826771653
11
6.0810803543307088
21
-6.1272442913385827
0
LINE
8
BLACK
6
CONTINUOUS
10
6.0810803543307088
20
-6.1272442913385827
11
6.0040474409448814
21
-6.2042772047244092
0
LINE
8
BLACK
6
CONTINUOUS
10
6.0040474409448814
20
-6.2042772047244092
11
6.0029289763779525
21
-6.2049799606299212
0
LINE
8
BLACK
6
CONTINUOUS
10
6.0029289763779525
20
-6.2049799606299212
11
6.0018961023622044
21
-6.2058037007874018
0
LINE
8
BLACK
6
CONTINUOUS
10
6.0018961023622044
20
-6.2058037007874018
11
6.001459488188976
21
-6.2059033464566928
0
LINE
8
BLACK
6
CONTINUOUS
10
6.001459488188976
20
-6.2059033464566928
11
6.00108031496063
21
-6.2061416141732284
0
LINE
8
BLACK
6
CONTINUOUS
10
6.00108031496063
20
-6.2061416141732284
11
5.9997675984251968
21
-6.2062894881889763
0
LINE
8
BLACK
6
CONTINUOUS
10
5.9997675984251968
20
-6.2062894881889763
11
5.9984796850393698
21
-6.2065834645669291
0
LINE
8
BLACK
6
CONTINUOUS
10
5.9984796850393698
20
-6.2065834645669291
11
5.9881889763779528
21
-6.2065834645669291
0
LINE
8
BLACK
6
CONTINUOUS
10
5.9881889763779528
20
-6.2065834645669291
11
5.9881889763779528
21
-6.2105204724409449
0
LINE
8
BLACK
6
CONTINUOUS
10
5.9881889763779528
20
-6.2105204724409449
11
5.9291338582677167
21
-6.2105204724409449
0
LINE
8
BLACK
6
CONTINUOUS
10
5.9291338582677167
20
-6.2105204724409449
11
5.9291338582677167
21
-6.1868984251968504
0
LINE
8
BLACK
6
CONTINUOUS
10
5.9291338582677167
20
-6.1868984251968504
11
5.9881889763779528
21
-6.1868984251968504
0
LINE
8
BLACK
6
CONTINUOUS
10
5.9881889763779528
20
-6.1868984251968504
11
5.9881889763779528
21
-6.1908354330708661
0
LINE
8
BLACK
6
CONTINUOUS
10
5.9881889763779528
20
-6.1908354330708661
11
5.995218188976378
21
-6.1908354330708661
0
LINE
8
BLACK
6
CONTINUOUS
10
5.995218188976378
20
-6.1908354330708661
11
6.0676385826771648
21
-6.1184150393700785
0
LINE
8
BLACK
6
CONTINUOUS
10
6.0676385826771648
20
-6.1184150393700785
11
6.0676385826771648
21
-5.9287740944881886
0
LINE
8
BLACK
6
CONTINUOUS
10
6.0676385826771648
20
-5.9287740944881886
11
6.0217472047244094
21
-5.8828827165354332
0
LINE
8
BLACK
6
CONTINUOUS
10
6.0217472047244094
20
-5.8828827165354332
11
5.911574842519685
21
-5.8828827165354332
0
LINE
8
BLACK
6
CONTINUOUS
10
5.911574842519685
20
-5.8828827165354332
11
5.9102868897637793
21
-5.8825887401574803
0
LINE
8
BLACK
6
CONTINUOUS
10
5.9102868897637793
20
-5.8825887401574803
11
5.9089742125984248
21
-5.8824408661417324
0
LINE
8
BLACK
6
CONTINUOUS
10
5.9089742125984248
20
-5.8824408661417324
11
5.908595
21
-5.8822025984251969
0
LINE
8
BLACK
6
CONTINUOUS
10
5.908595
20
-5.8822025984251969
11
5.9081584251968504
21
-5.882102952755905
0
LINE
8
BLACK
6
CONTINUOUS
10
5.9081584251968504
20
-5.882102952755905
11
5.9071255118110235
21
-5.8812792125984252
0
LINE
8
BLACK
6
CONTINUOUS
10
5.9071255118110235
20
-5.8812792125984252
11
5.9060070866141734
21
-5.8805764566929133
0
LINE
8
BLACK
6
CONTINUOUS
10
5.9060070866141734
20
-5.8805764566929133
11
5.8981330314960632
21
-5.8727024015748031
0
LINE
8
BLACK
6
CONTINUOUS
10
5.8981330314960632
20
-5.8727024015748031
11
5.8974302362204725
21
-5.8715839370078742
0
LINE
8
BLACK
6
CONTINUOUS
10
5.8974302362204725
20
-5.8715839370078742
11
5.8966065354330706
21
-5.870551062992126
0
LINE
8
BLACK
6
CONTINUOUS
10
5.8966065354330706
20
-5.870551062992126
11
5.8965068503937008
21
-5.8701144488188977
0
LINE
8
BLACK
6
CONTINUOUS
10
5.8965068503937008
20
-5.8701144488188977
11
5.896268622047244
21
-5.8697352755905507
0
LINE
8
BLACK
6
CONTINUOUS
10
5.896268622047244
20
-5.8697352755905507
11
5.8961207086614174
21
-5.8684225590551176
0
LINE
8
BLACK
6
CONTINUOUS
10
5.8961207086614174
20
-5.8684225590551176
11
5.8958267716535433
21
-5.8671346456692914
0
LINE
8
BLACK
6
CONTINUOUS
10
5.8958267716535433
20
-5.8671346456692914
11
5.8958267716535433
21
-5.851
0
LINE
8
BLACK
6
CONTINUOUS
10
5.8958267716535433
20
-5.851
11
5.8810000000000002
21
-5.851
0
LINE
8
BLACK
6
CONTINUOUS
10
5.8810000000000002
20
-5.851
11
5.8810000000000002
21
-5.7909999999999995
0
LINE
8
BLACK
6
CONTINUOUS
10
5.8810000000000002
20
-5.7909999999999995
11
5.9409999999999998
21
-5.7909999999999995
0
LINE
8
BLACK
6
CONTINUOUS
10
5.9409999999999998
20
-5.7909999999999995
11
5.9409999999999998
21
-5.851
0
LINE
8
BLACK
6
CONTINUOUS
10
4.4500000000000002
20
-6.1648511811023621
11
4.3899999999999997
21
-6.1648511811023621
0
LINE
8
BLACK
6
CONTINUOUS
10
4.3899999999999997
20
-6.1648511811023621
11
4.3899999999999997
21
-6.1048511811023625
0
LINE
8
BLACK
6
CONTINUOUS
10
4.3899999999999997
20
-6.1048511811023625
11
4.4500000000000002
21
-6.1048511811023625
0
LINE
8
BLACK
6
CONTINUOUS
10
4.4500000000000002
20
-6.1048511811023625
11
4.4500000000000002
21
-6.1648511811023621
0
LINE
8
BLACK
6
CONTINUOUS
10
5.1991732283464565
20
-6.1156385826771649
11
5.1952362204724407
21
-6.1156385826771649
0
LINE
8
BLACK
6
CONTINUOUS
10
5.1952362204724407
20
-6.1156385826771649
11
5.1952362204724407
21
-6.1352646062992129
0
LINE
8
BLACK
6
CONTINUOUS
10
5.1952362204724407
20
-6.1352646062992129
11
5.1966186614173226
21
-6.1359690157480316
0
LINE
8
BLACK
6
CONTINUOUS
10
5.1966186614173226
20
-6.1359690157480316
11
5.2001026377952755
21
-6.1394529921259844
0
LINE
8
BLACK
6
CONTINUOUS
10
5.2001026377952755
20
-6.1394529921259844
11
5.2023394881889766
21
-6.143843031496063
0
LINE
8
BLACK
6
CONTINUOUS
10
5.2023394881889766
20
-6.143843031496063
11
5.2031102362204722
21
-6.1487094488188978
0
LINE
8
BLACK
6
CONTINUOUS
10
5.2031102362204722
20
-6.1487094488188978
11
5.2023394881889766
21
-6.1535758661417326
0
LINE
8
BLACK
6
CONTINUOUS
10
5.2023394881889766
20
-6.1535758661417326
11
5.2001026377952755
21
-6.1579659055118112
0
LINE
8
BLACK
6
CONTINUOUS
10
5.2001026377952755
20
-6.1579659055118112
11
5.1966186614173226
21
-6.1614498818897641
0
LINE
8
BLACK
6
CONTINUOUS
10
5.1966186614173226
20
-6.1614498818897641
11
5.192228622047244
21
-6.1636867322834643
0
LINE
8
BLACK
6
CONTINUOUS
10
5.192228622047244
20
-6.1636867322834643
11
5.1873622047244092
21
-6.1644574803149608
0
LINE
8
BLACK
6
CONTINUOUS
10
5.1873622047244092
20
-6.1644574803149608
11
5.1824957874015745
21
-6.1636867322834643
0
LINE
8
BLACK
6
CONTINUOUS
10
5.1824957874015745
20
-6.1636867322834643
11
5.1781057480314958
21
-6.1614498818897641
0
LINE
8
BLACK
6
CONTINUOUS
10
5.1781057480314958
20
-6.1614498818897641
11
5.174621771653543
21
-6.1579659055118112
0
LINE
8
BLACK
6
CONTINUOUS
10
5.174621771653543
20
-6.1579659055118112
11
5.1723849212598427
21
-6.1535758661417326
0
LINE
8
BLACK
6
CONTINUOUS
10
5.1723849212598427
20
-6.1535758661417326
11
5.1716141732283463
21
-6.1487094488188978
0
LINE
8
BLACK
6
CONTINUOUS
10
5.1716141732283463
20
-6.1487094488188978
11
5.1723849212598427
21
-6.143843031496063
0
LINE
8
BLACK
6
CONTINUOUS
10
5.1723849212598427
20
-6.143843031496063
11
5.174621771653543
21
-6.1394529921259844
0
LINE
8
BLACK
6
CONTINUOUS
10
5.174621771653543
20
-6.1394529921259844
11
5.1781057480314958
21
-6.1359690157480316
0
LINE
8
BLACK
6
CONTINUOUS
10
5.1781057480314958
20
-6.1359690157480316
11
5.1794881889763777
21
-6.1352646062992129
0
LINE
8
BLACK
6
CONTINUOUS
10
5.1794881889763777
20
-6.1352646062992129
11
5.1794881889763777
21
-6.1156385826771649
0
LINE
8
BLACK
6
CONTINUOUS
10
5.1794881889763777
20
-6.1156385826771649
11
5.175551181102362
21
-6.1156385826771649
0
LINE
8
BLACK
6
CONTINUOUS
10
5.175551181102362
20
-6.1156385826771649
11
5.175551181102362
21
-6.0565834645669288
0
LINE
8
BLACK
6
CONTINUOUS
10
5.175551181102362
20
-6.0565834645669288
11
5.1991732283464565
21
-6.0565834645669288
0
LINE
8
BLACK
6
CONTINUOUS
10
5.1991732283464565
20
-6.0565834645669288
11
5.1991732283464565
21
-6.1156385826771649
0
LINE
8
BLACK
6
CONTINUOUS
10
4.6923622047244091
20
-5.8487094488188971
11
4.6702362204724412
21
-5.8487094488188971
0
LINE
8
BLACK
6
CONTINUOUS
10
4.6702362204724412
20
-5.8487094488188971
11
4.6702362204724412
21
-5.8611959448818896
0
LINE
8
BLACK
6
CONTINUOUS
10
4.6702362204724412
20
-5.8611959448818896
11
4.6921744488188972
21
-5.8831341732283464
0
LINE
8
BLACK
6
CONTINUOUS
10
4.6921744488188972
20
-5.8831341732283464
11
4.88455094488189
21
-5.8831341732283464
0
LINE
8
BLACK
6
CONTINUOUS
10
4.88455094488189
20
-5.8831341732283464
11
4.8858388582677161
21
-5.8834281102362205
0
LINE
8
BLACK
6
CONTINUOUS
10
4.8858388582677161
20
-5.8834281102362205
11
4.8871515748031493
21
-5.8835760236220471
0
LINE
8
BLACK
6
CONTINUOUS
10
4.8871515748031493
20
-5.8835760236220471
11
4.8875307480314962
21
-5.8838142519685039
0
LINE
8
BLACK
6
CONTINUOUS
10
4.8875307480314962
20
-5.8838142519685039
11
4.8879673622047246
21
-5.8839139370078737
0
LINE
8
BLACK
6
CONTINUOUS
10
4.8879673622047246
20
-5.8839139370078737
11
4.8890002362204728
21
-5.8847376377952756
0
LINE
8
BLACK
6
CONTINUOUS
10
4.8890002362204728
20
-5.8847376377952756
11
4.8901187007874016
21
-5.8854404330708663
0
LINE
8
BLACK
6
CONTINUOUS
10
4.8901187007874016
20
-5.8854404330708663
11
4.90881125984252
21
-5.9041329921259837
0
LINE
8
BLACK
6
CONTINUOUS
10
4.90881125984252
20
-5.9041329921259837
11
5.1665497637795275
21
-5.9041329921259837
0
LINE
8
BLACK
6
CONTINUOUS
10
5.1665497637795275
20
-5.9041329921259837
11
5.1678376771653545
21
-5.9044269291338578
0
LINE
8
BLACK
6
CONTINUOUS
10
5.1678376771653545
20
-5.9044269291338578
11
5.1691503937007877
21
-5.9045748425196853
0
LINE
8
BLACK
6
CONTINUOUS
10
5.1691503937007877
20
-5.9045748425196853
11
5.1695295669291337
21
-5.9048130708661413
0
LINE
8
BLACK
6
CONTINUOUS
10
5.1695295669291337
20
-5.9048130708661413
11
5.1699661811023621
21
-5.9049127559055119
0
LINE
8
BLACK
6
CONTINUOUS
10
5.1699661811023621
20
-5.9049127559055119
11
5.1709990551181102
21
-5.9057364566929129
0
LINE
8
BLACK
6
CONTINUOUS
10
5.1709990551181102
20
-5.9057364566929129
11
5.1721175196850391
21
-5.9064392519685036
0
LINE
8
BLACK
6
CONTINUOUS
10
5.1721175196850391
20
-5.9064392519685036
11
5.2365137007874019
21
-5.9708354330708664
0
LINE
8
BLACK
6
CONTINUOUS
10
5.2365137007874019
20
-5.9708354330708664
11
5.5307874015748029
21
-5.9708354330708664
0
LINE
8
BLACK
6
CONTINUOUS
10
5.5307874015748029
20
-5.9708354330708664
11
5.5320753149606299
21
-5.9711293700787405
0
LINE
8
BLACK
6
CONTINUOUS
10
5.5320753149606299
20
-5.9711293700787405
11
5.5333880314960631
21
-5.9712772834645671
0
LINE
8
BLACK
6
CONTINUOUS
10
5.5333880314960631
20
-5.9712772834645671
11
5.5337672047244091
21
-5.9715155118110239
0
LINE
8
BLACK
6
CONTINUOUS
10
5.5337672047244091
20
-5.9715155118110239
11
5.5342038188976375
21
-5.9716151968503937
0
LINE
8
BLACK
6
CONTINUOUS
10
5.5342038188976375
20
-5.9716151968503937
11
5.5352366929133856
21
-5.9724388976377956
0
LINE
8
BLACK
6
CONTINUOUS
10
5.5352366929133856
20
-5.9724388976377956
11
5.5363551574803145
21
-5.9731416929133854
0
LINE
8
BLACK
6
CONTINUOUS
10
5.5363551574803145
20
-5.9731416929133854
11
5.7040488976377954
21
-6.1408354330708663
0
LINE
8
BLACK
6
CONTINUOUS
10
5.7040488976377954
20
-6.1408354330708663
11
5.7165354330708658
21
-6.1408354330708663
0
LINE
8
BLACK
6
CONTINUOUS
10
5.7165354330708658
20
-6.1408354330708663
11
5.7165354330708658
21
-6.1368984251968506
0
LINE
8
BLACK
6
CONTINUOUS
10
5.7165354330708658
20
-6.1368984251968506
11
5.7755905511811019
21
-6.1368984251968506
0
LINE
8
BLACK
6
CONTINUOUS
10
5.7755905511811019
20
-6.1368984251968506
11
5.7755905511811019
21
-6.160520472440945
0
LINE
8
BLACK
6
CONTINUOUS
10
5.7755905511811019
20
-6.160520472440945
11
5.7165354330708658
21
-6.160520472440945
0
LINE
8
BLACK
6
CONTINUOUS
10
5.7165354330708658
20
-6.160520472440945
11
5.7165354330708658
21
-6.1565834645669293
0
LINE
8
BLACK
6
CONTINUOUS
10
5.7165354330708658
20
-6.1565834645669293
11
5.7007874015748028
21
-6.1565834645669293
0
LINE
8
BLACK
6
CONTINUOUS
10
5.7007874015748028
20
-6.1565834645669293
11
5.6994994488188979
21
-6.1562894881889765
0
LINE
8
BLACK
6
CONTINUOUS
10
5.6994994488188979
20
-6.1562894881889765
11
5.6981867716535435
21
-6.1561416141732286
0
LINE
8
BLACK
6
CONTINUOUS
10
5.6981867716535435
20
-6.1561416141732286
11
5.6978075590551178
21
-6.155903346456693
0
LINE
8
BLACK
6
CONTINUOUS
10
5.6978075590551178
20
-6.155903346456693
11
5.6973709842519682
21
-6.1558037007874011
0
LINE
8
BLACK
6
CONTINUOUS
10
5.6973709842519682
20
-6.1558037007874011
11
5.6963380708661413
21
-6.1549799606299214
0
LINE
8
BLACK
6
CONTINUOUS
10
5.6963380708661413
20
-6.1549799606299214
11
5.6952196456692912
21
-6.1542772047244094
0
LINE
8
BLACK
6
CONTINUOUS
10
5.6952196456692912
20
-6.1542772047244094
11
5.5275259055118111
21
-5.9865834645669294
0
LINE
8
BLACK
6
CONTINUOUS
10
5.5275259055118111
20
-5.9865834645669294
11
5.2332522047244092
21
-5.9865834645669294
0
LINE
8
BLACK
6
CONTINUOUS
10
5.2332522047244092
20
-5.9865834645669294
11
5.2319642519685035
21
-5.9862894881889765
0
LINE
8
BLACK
6
CONTINUOUS
10
5.2319642519685035
20
-5.9862894881889765
11
5.2306515748031499
21
-5.9861416141732287
0
LINE
8
BLACK
6
CONTINUOUS
10
5.2306515748031499
20
-5.9861416141732287
11
5.2302723622047242
21
-5.9859033464566931
0
LINE
8
BLACK
6
CONTINUOUS
10
5.2302723622047242
20
-5.9859033464566931
11
5.2298357874015746
21
-5.9858037007874012
0
LINE
8
BLACK
6
CONTINUOUS
10
5.2298357874015746
20
-5.9858037007874012
11
5.2288028740157477
21
-5.9849799606299214
0
LINE
8
BLACK
6
CONTINUOUS
10
5.2288028740157477
20
-5.9849799606299214
11
5.2276844488188976
21
-5.9842772047244095
0
LINE
8
BLACK
6
CONTINUOUS
10
5.2276844488188976
20
-5.9842772047244095
11
5.1632882677165357
21
-5.9198810236220467
0
LINE
8
BLACK
6
CONTINUOUS
10
5.1632882677165357
20
-5.9198810236220467
11
4.9055497637795273
21
-5.9198810236220467
0
LINE
8
BLACK
6
CONTINUOUS
10
4.9055497637795273
20
-5.9198810236220467
11
4.9042618110236216
21
-5.9195870472440948
0
LINE
8
BLACK
6
CONTINUOUS
10
4.9042618110236216
20
-5.9195870472440948
11
4.902949133858268
21
-5.919439173228346
0
LINE
8
BLACK
6
CONTINUOUS
10
4.902949133858268
20
-5.919439173228346
11
4.9025699212598424
21
-5.9192009055118113
0
LINE
8
BLACK
6
CONTINUOUS
10
4.9025699212598424
20
-5.9192009055118113
11
4.9021333464566927
21
-5.9191012598425194
0
LINE
8
BLACK
6
CONTINUOUS
10
4.9021333464566927
20
-5.9191012598425194
11
4.9011004330708658
21
-5.9182775196850397
0
LINE
8
BLACK
6
CONTINUOUS
10
4.9011004330708658
20
-5.9182775196850397
11
4.8999820078740157
21
-5.9175747637795277
0
LINE
8
BLACK
6
CONTINUOUS
10
4.8999820078740157
20
-5.9175747637795277
11
4.8812894488188974
21
-5.8988822047244094
0
LINE
8
BLACK
6
CONTINUOUS
10
4.8812894488188974
20
-5.8988822047244094
11
4.6889129133858267
21
-5.8988822047244094
0
LINE
8
BLACK
6
CONTINUOUS
10
4.6889129133858267
20
-5.8988822047244094
11
4.687625118110236
21
-5.8985882677165353
0
LINE
8
BLACK
6
CONTINUOUS
10
4.687625118110236
20
-5.8985882677165353
11
4.6863122834645665
21
-5.8984403543307087
0
LINE
8
BLACK
6
CONTINUOUS
10
4.6863122834645665
20
-5.8984403543307087
11
4.6859330708661417
21
-5.8982020866141731
0
LINE
8
BLACK
6
CONTINUOUS
10
4.6859330708661417
20
-5.8982020866141731
11
4.6854964960629921
21
-5.8981024409448821
0
LINE
8
BLACK
6
CONTINUOUS
10
4.6854964960629921
20
-5.8981024409448821
11
4.6844637401574802
21
-5.8972788188976377
0
LINE
8
BLACK
6
CONTINUOUS
10
4.6844637401574802
20
-5.8972788188976377
11
4.6833451574803151
21
-5.8965759842519683
0
LINE
8
BLACK
6
CONTINUOUS
10
4.6833451574803151
20
-5.8965759842519683
11
4.6567944488188973
21
-5.8700252362204726
0
LINE
8
BLACK
6
CONTINUOUS
10
4.6567944488188973
20
-5.8700252362204726
11
4.6560916535433066
21
-5.8689067716535428
0
LINE
8
BLACK
6
CONTINUOUS
10
4.6560916535433066
20
-5.8689067716535428
11
4.6552679527559055
21
-5.8678738976377955
0
LINE
8
BLACK
6
CONTINUOUS
10
4.6552679527559055
20
-5.8678738976377955
11
4.6551682677165349
21
-5.8674372834645672
0
LINE
8
BLACK
6
CONTINUOUS
10
4.6551682677165349
20
-5.8674372834645672
11
4.654930039370079
21
-5.8670581102362203
0
LINE
8
BLACK
6
CONTINUOUS
10
4.654930039370079
20
-5.8670581102362203
11
4.6547821259842515
21
-5.8657453937007871
0
LINE
8
BLACK
6
CONTINUOUS
10
4.6547821259842515
20
-5.8657453937007871
11
4.6544881889763783
21
-5.8644574803149601
0
LINE
8
BLACK
6
CONTINUOUS
10
4.6544881889763783
20
-5.8644574803149601
11
4.6544881889763783
21
-5.8487094488188971
0
LINE
8
BLACK
6
CONTINUOUS
10
4.6544881889763783
20
-5.8487094488188971
11
4.6323622047244095
21
-5.8487094488188971
0
LINE
8
BLACK
6
CONTINUOUS
10
4.6323622047244095
20
-5.8487094488188971
11
4.6323622047244095
21
-5.7887094488188975
0
LINE
8
BLACK
6
CONTINUOUS
10
4.6323622047244095
20
-5.7887094488188975
11
4.6923622047244091
21
-5.7887094488188975
0
LINE
8
BLACK
6
CONTINUOUS
10
4.6923622047244091
20
-5.7887094488188975
11
4.6923622047244091
21
-5.8487094488188971
0
LINE
8
BLACK
6
CONTINUOUS
10
5.6923622047244091
20
-5.8487094488188971
11
5.6702362204724412
21
-5.8487094488188971
0
LINE
8
BLACK
6
CONTINUOUS
10
5.6702362204724412
20
-5.8487094488188971
11
5.6702362204724412
21
-5.8611959842519683
0
LINE
8
BLACK
6
CONTINUOUS
10
5.6702362204724412
20
-5.8611959842519683
11
5.7098756692913382
21
-5.9008354330708661
0
LINE
8
BLACK
6
CONTINUOUS
10
5.7098756692913382
20
-5.9008354330708661
11
6.0141666929133857
21
-5.9008354330708661
0
LINE
8
BLACK
6
CONTINUOUS
10
6.0141666929133857
20
-5.9008354330708661
11
6.0154546062992127
21
-5.9011293700787402
0
LINE
8
BLACK
6
CONTINUOUS
10
6.0154546062992127
20
-5.9011293700787402
11
6.0167673228346459
21
-5.9012772834645668
0
LINE
8
BLACK
6
CONTINUOUS
10
6.0167673228346459
20
-5.9012772834645668
11
6.0171464960629919
21
-5.9015155118110236
0
LINE
8
BLACK
6
CONTINUOUS
10
6.0171464960629919
20
-5.9015155118110236
11
6.0175831102362203
21
-5.9016151968503934
0
LINE
8
BLACK
6
CONTINUOUS
10
6.0175831102362203
20
-5.9016151968503934
11
6.0186159842519684
21
-5.9024388976377953
0
LINE
8
BLACK
6
CONTINUOUS
10
6.0186159842519684
20
-5.9024388976377953
11
6.0197344488188973
21
-5.903141692913386
0
LINE
8
BLACK
6
CONTINUOUS
10
6.0197344488188973
20
-5.903141692913386
11
6.0495838582677166
21
-5.9329910629921256
0
LINE
8
BLACK
6
CONTINUOUS
10
6.0495838582677166
20
-5.9329910629921256
11
6.0502866929133861
21
-5.934109606299212
0
LINE
8
BLACK
6
CONTINUOUS
10
6.0502866929133861
20
-5.934109606299212
11
6.0511103543307083
21
-5.9351424409448814
0
LINE
8
BLACK
6
CONTINUOUS
10
6.0511103543307083
20
-5.9351424409448814
11
6.0512100000000002
21
-5.935579015748031
0
LINE
8
BLACK
6
CONTINUOUS
10
6.0512100000000002
20
-5.935579015748031
11
6.0514482677165349
21
-5.9359582283464567
0
LINE
8
BLACK
6
CONTINUOUS
10
6.0514482677165349
20
-5.9359582283464567
11
6.0515961417322837
21
-5.9372709448818899
0
LINE
8
BLACK
6
CONTINUOUS
10
6.0515961417322837
20
-5.9372709448818899
11
6.0518901181102365
21
-5.938558858267716
0
LINE
8
BLACK
6
CONTINUOUS
10
6.0518901181102365
20
-5.938558858267716
11
6.0518901181102365
21
-6.1086303543307086
0
LINE
8
BLACK
6
CONTINUOUS
10
6.0518901181102365
20
-6.1086303543307086
11
6.0515961417322837
21
-6.1099182677165356
0
LINE
8
BLACK
6
CONTINUOUS
10
6.0515961417322837
20
-6.1099182677165356
11
6.0514482677165349
21
-6.1112309842519688
0
LINE
8
BLACK
6
CONTINUOUS
10
6.0514482677165349
20
-6.1112309842519688
11
6.0512100000000002
21
-6.1116101574803148
0
LINE
8
BLACK
6
CONTINUOUS
10
6.0512100000000002
20
-6.1116101574803148
11
6.0511103543307083
21
-6.1120467716535432
0
LINE
8
BLACK
6
CONTINUOUS
10
6.0511103543307083
20
-6.1120467716535432
11
6.0502866141732285
21
-6.1130796456692913
0
LINE
8
BLACK
6
CONTINUOUS
10
6.0502866141732285
20
-6.1130796456692913
11
6.0495838582677166
21
-6.1141981102362202
0
LINE
8
BLACK
6
CONTINUOUS
10
6.0495838582677166
20
-6.1141981102362202
11
6.0095047637795274
21
-6.1542772047244094
0
LINE
8
BLACK
6
CONTINUOUS
10
6.0095047637795274
20
-6.1542772047244094
11
6.0083862992125985
21
-6.1549799606299214
0
LINE
8
BLACK
6
CONTINUOUS
10
6.0083862992125985
20
-6.1549799606299214
11
6.0073534251968503
21
-6.1558037007874011
0
LINE
8
BLACK
6
CONTINUOUS
10
6.0073534251968503
20
-6.1558037007874011
11
6.006916811023622
21
-6.155903346456693
0
LINE
8
BLACK
6
CONTINUOUS
10
6.006916811023622
20
-6.155903346456693
11
6.0065376377952751
21
-6.1561416141732286
0
LINE
8
BLACK
6
CONTINUOUS
10
6.0065376377952751
20
-6.1561416141732286
11
6.0052249212598428
21
-6.1562894881889765
0
LINE
8
BLACK
6
CONTINUOUS
10
6.0052249212598428
20
-6.1562894881889765
11
6.0039370078740157
21
-6.1565834645669293
0
LINE
8
BLACK
6
CONTINUOUS
10
6.0039370078740157
20
-6.1565834645669293
11
5.9881889763779528
21
-6.1565834645669293
0
LINE
8
BLACK
6
CONTINUOUS
10
5.9881889763779528
20
-6.1565834645669293
11
5.9881889763779528
21
-6.160520472440945
0
LINE
8
BLACK
6
CONTINUOUS
10
5.9881889763779528
20
-6.160520472440945
11
5.9291338582677167
21
-6.160520472440945
0
LINE
8
BLACK
6
CONTINUOUS
10
5.9291338582677167
20
-6.160520472440945
11
5.9291338582677167
21
-6.1368984251968506
0
LINE
8
BLACK
6
CONTINUOUS
10
5.9291338582677167
20
-6.1368984251968506
11
5.9881889763779528
21
-6.1368984251968506
0
LINE
8
BLACK
6
CONTINUOUS
10
5.9881889763779528
20
-6.1368984251968506
11
5.9881889763779528
21
-6.1408354330708663
0
LINE
8
BLACK
6
CONTINUOUS
10
5.9881889763779528
20
-6.1408354330708663
11
6.0006755118110231
21
-6.1408354330708663
0
LINE
8
BLACK
6
CONTINUOUS
10
6.0006755118110231
20
-6.1408354330708663
11
6.0361420866141735
21
-6.1053688582677168
0
LINE
8
BLACK
6
CONTINUOUS
10
6.0361420866141735
20
-6.1053688582677168
11
6.0361420866141735
21
-5.9418203543307087
0
LINE
8
BLACK
6
CONTINUOUS
10
6.0361420866141735
20
-5.9418203543307087
11
6.0109051968503939
21
-5.9165834645669291
0
LINE
8
BLACK
6
CONTINUOUS
10
6.0109051968503939
20
-5.9165834645669291
11
5.7066141732283464
21
-5.9165834645669291
0
LINE
8
BLACK
6
CONTINUOUS
10
5.7066141732283464
20
-5.9165834645669291
11
5.7053262204724406
21
-5.9162894881889763
0
LINE
8
BLACK
6
CONTINUOUS
10
5.7053262204724406
20
-5.9162894881889763
11
5.7040135433070862
21
-5.9161416141732284
0
LINE
8
BLACK
6
CONTINUOUS
10
5.7040135433070862
20
-5.9161416141732284
11
5.7036343307086614
21
-5.9159033464566928
0
LINE
8
BLACK
6
CONTINUOUS
10
5.7036343307086614
20
-5.9159033464566928
11
5.7031977559055118
21
-5.9158037007874018
0
LINE
8
BLACK
6
CONTINUOUS
10
5.7031977559055118
20
-5.9158037007874018
11
5.7021648425196849
21
-5.9149799606299212
0
LINE
8
BLACK
6
CONTINUOUS
10
5.7021648425196849
20
-5.9149799606299212
11
5.7010464173228348
21
-5.9142772047244092
0
LINE
8
BLACK
6
CONTINUOUS
10
5.7010464173228348
20
-5.9142772047244092
11
5.6567944488188973
21
-5.8700252362204726
0
LINE
8
BLACK
6
CONTINUOUS
10
5.6567944488188973
20
-5.8700252362204726
11
5.6560916535433066
21
-5.8689067716535428
0
LINE
8
BLACK
6
CONTINUOUS
10
5.6560916535433066
20
-5.8689067716535428
11
5.6552679527559055
21
-5.8678738976377955
0
LINE
8
BLACK
6
CONTINUOUS
10
5.6552679527559055
20
-5.8678738976377955
11
5.6551682677165349
21
-5.8674372834645672
0
LINE
8
BLACK
6
CONTINUOUS
10
5.6551682677165349
20
-5.8674372834645672
11
5.654930039370079
21
-5.8670581102362203
0
LINE
8
BLACK
6
CONTINUOUS
10
5.654930039370079
20
-5.8670581102362203
11
5.6547821259842515
21
-5.8657453937007871
0
LINE
8
BLACK
6
CONTINUOUS
10
5.6547821259842515
20
-5.8657453937007871
11
5.6544881889763774
21
-5.8644574803149601
0
LINE
8
BLACK
6
CONTINUOUS
10
5.6544881889763774
20
-5.8644574803149601
11
5.6544881889763774
21
-5.8487094488188971
0
LINE
8
BLACK
6
CONTINUOUS
10
5.6544881889763774
20
-5.8487094488188971
11
5.6323622047244095
21
-5.8487094488188971
0
LINE
8
BLACK
6
CONTINUOUS
10
5.6323622047244095
20
-5.8487094488188971
11
5.6323622047244095
21
-5.7887094488188975
0
LINE
8
BLACK
6
CONTINUOUS
10
5.6323622047244095
20
-5.7887094488188975
11
5.6923622047244091
21
-5.7887094488188975
0
LINE
8
BLACK
6
CONTINUOUS
10
5.6923622047244091
20
-5.7887094488188975
11
5.6923622047244091
21
-5.8487094488188971
0
LINE
8
BLACK
6
CONTINUOUS
10
4.8618110236220469
20
-6.1125466141732279
11
4.8578740157480311
21
-6.1125466141732279
0
LINE
8
BLACK
6
CONTINUOUS
10
4.8578740157480311
20
-6.1125466141732279
11
4.8578740157480311
21
-6.1282878346456693
0
LINE
8
BLACK
6
CONTINUOUS
10
4.8578740157480311
20
-6.1282878346456693
11
4.8592564566929131
21
-6.128992244094488
0
LINE
8
BLACK
6
CONTINUOUS
10
4.8592564566929131
20
-6.128992244094488
11
4.8627404330708659
21
-6.1324762204724408
0
LINE
8
BLACK
6
CONTINUOUS
10
4.8627404330708659
20
-6.1324762204724408
11
4.864977283464567
21
-6.1368662598425194
0
LINE
8
BLACK
6
CONTINUOUS
10
4.864977283464567
20
-6.1368662598425194
11
4.8657480314960626
21
-6.1417326771653542
0
LINE
8
BLACK
6
CONTINUOUS
10
4.8657480314960626
20
-6.1417326771653542
11
4.864977283464567
21
-6.146599094488189
0
LINE
8
BLACK
6
CONTINUOUS
10
4.864977283464567
20
-6.146599094488189
11
4.8627404330708659
21
-6.1509891338582676
0
LINE
8
BLACK
6
CONTINUOUS
10
4.8627404330708659
20
-6.1509891338582676
11
4.8592564566929131
21
-6.1544731102362205
0
LINE
8
BLACK
6
CONTINUOUS
10
4.8592564566929131
20
-6.1544731102362205
11
4.8548664173228344
21
-6.1567099606299207
0
LINE
8
BLACK
6
CONTINUOUS
10
4.8548664173228344
20
-6.1567099606299207
11
4.8499999999999996
21
-6.1574807086614172
0
LINE
8
BLACK
6
CONTINUOUS
10
4.8499999999999996
20
-6.1574807086614172
11
4.8451335826771649
21
-6.1567099606299207
0
LINE
8
BLACK
6
CONTINUOUS
10
4.8451335826771649
20
-6.1567099606299207
11
4.8407435433070862
21
-6.1544731102362205
0
LINE
8
BLACK
6
CONTINUOUS
10
4.8407435433070862
20
-6.1544731102362205
11
4.8372595669291334
21
-6.1509891338582676
0
LINE
8
BLACK
6
CONTINUOUS
10
4.8372595669291334
20
-6.1509891338582676
11
4.8350227165354331
21
-6.146599094488189
0
LINE
8
BLACK
6
CONTINUOUS
10
4.8350227165354331
20
-6.146599094488189
11
4.8342519685039367
21
-6.1417326771653542
0
LINE
8
BLACK
6
CONTINUOUS
10
4.8342519685039367
20
-6.1417326771653542
11
4.8350227165354331
21
-6.1368662598425194
0
LINE
8
BLACK
6
CONTINUOUS
10
4.8350227165354331
20
-6.1368662598425194
11
4.8372595669291334
21
-6.1324762204724408
0
LINE
8
BLACK
6
CONTINUOUS
10
4.8372595669291334
20
-6.1324762204724408
11
4.8407435433070862
21
-6.128992244094488
0
LINE
8
BLACK
6
CONTINUOUS
10
4.8407435433070862
20
-6.128992244094488
11
4.8421259842519682
21
-6.1282878346456693
0
LINE
8
BLACK
6
CONTINUOUS
10
4.8421259842519682
20
-6.1282878346456693
11
4.8421259842519682
21
-6.1125466141732279
0
LINE
8
BLACK
6
CONTINUOUS
10
4.8421259842519682
20
-6.1125466141732279
11
4.8381889763779524
21
-6.1125466141732279
0
LINE
8
BLACK
6
CONTINUOUS
10
4.8381889763779524
20
-6.1125466141732279
11
4.8381889763779524
21
-6.0534914960629918
0
LINE
8
BLACK
6
CONTINUOUS
10
4.8381889763779524
20
-6.0534914960629918
11
4.8618110236220469
21
-6.0534914960629918
0
LINE
8
BLACK
6
CONTINUOUS
10
4.8618110236220469
20
-6.0534914960629918
11
4.8618110236220469
21
-6.1125466141732279
0
LINE
8
BLACK
6
CONTINUOUS
10
4.4439370078740152
20
-5.7505992125984253
11
4.3839370078740156
21
-5.7505992125984253
0
LINE
8
BLACK
6
CONTINUOUS
10
4.3839370078740156
20
-5.7505992125984253
11
4.3839370078740156
21
-5.7284732283464566
0
LINE
8
BLACK
6
CONTINUOUS
10
4.3839370078740156
20
-5.7284732283464566
11
4.3714504724409444
21
-5.7284732283464566
0
LINE
8
BLACK
6
CONTINUOUS
10
4.3714504724409444
20
-5.7284732283464566
11
4.3681889370078739
21
-5.7317347637795271
0
LINE
8
BLACK
6
CONTINUOUS
10
4.3681889370078739
20
-5.7317347637795271
11
4.3681889370078739
21
-5.8870533858267713
0
LINE
8
BLACK
6
CONTINUOUS
10
4.3681889370078739
20
-5.8870533858267713
11
4.4482615354330708
21
-5.9671259842519682
0
LINE
8
BLACK
6
CONTINUOUS
10
4.4482615354330708
20
-5.9671259842519682
11
4.5627289370078739
21
-5.9671259842519682
0
LINE
8
BLACK
6
CONTINUOUS
10
4.5627289370078739
20
-5.9671259842519682
11
4.585
21
-5.9671259842519682
0
LINE
8
BLACK
6
CONTINUOUS
10
4.585
20
-5.9671259842519682
11
4.6020000000000003
21
-5.9671259842519682
0
LINE
8
BLACK
6
CONTINUOUS
10
4.6020000000000003
20
-5.9671259842519682
11
4.6499999999999995
21
-5.9671259842519682
0
LINE
8
BLACK
6
CONTINUOUS
10
4.6499999999999995
20
-5.9671259842519682
11
4.9749999999999996
21
-5.9671259842519682
0
LINE
8
BLACK
6
CONTINUOUS
10
4.9749999999999996
20
-5.9671259842519682
11
4.9762879133858267
21
-5.9674199212598422
0
LINE
8
BLACK
6
CONTINUOUS
10
4.9762879133858267
20
-5.9674199212598422
11
4.9776006299212598
21
-5.9675678346456689
0
LINE
8
BLACK
6
CONTINUOUS
10
4.9776006299212598
20
-5.9675678346456689
11
4.9779798031496059
21
-5.9678060629921257
0
LINE
8
BLACK
6
CONTINUOUS
10
4.9779798031496059
20
-5.9678060629921257
11
4.9784164173228342
21
-5.9679057480314963
0
LINE
8
BLACK
6
CONTINUOUS
10
4.9784164173228342
20
-5.9679057480314963
11
4.9794492913385824
21
-5.9687294488188973
0
LINE
8
BLACK
6
CONTINUOUS
10
4.9794492913385824
20
-5.9687294488188973
11
4.9805677559055113
21
-5.969432244094488
0
LINE
8
BLACK
6
CONTINUOUS
10
4.9805677559055113
20
-5.969432244094488
11
5.089372519685039
21
-6.0782370078740158
0
LINE
8
BLACK
6
CONTINUOUS
10
5.089372519685039
20
-6.0782370078740158
11
5.1255511811023622
21
-6.0782370078740158
0
LINE
8
BLACK
6
CONTINUOUS
10
5.1255511811023622
20
-6.0782370078740158
11
5.1255511811023622
21
-6.0565834645669288
0
LINE
8
BLACK
6
CONTINUOUS
10
5.1255511811023622
20
-6.0565834645669288
11
5.1491732283464566
21
-6.0565834645669288
0
LINE
8
BLACK
6
CONTINUOUS
10
5.1491732283464566
20
-6.0565834645669288
11
5.1491732283464566
21
-6.1156385826771649
0
LINE
8
BLACK
6
CONTINUOUS
10
5.1491732283464566
20
-6.1156385826771649
11
5.1255511811023622
21
-6.1156385826771649
0
LINE
8
BLACK
6
CONTINUOUS
10
5.1255511811023622
20
-6.1156385826771649
11
5.1255511811023622
21
-6.0939850393700787
0
LINE
8
BLACK
6
CONTINUOUS
10
5.1255511811023622
20
-6.0939850393700787
11
5.0861110236220473
21
-6.0939850393700787
0
LINE
8
BLACK
6
CONTINUOUS
10
5.0861110236220473
20
-6.0939850393700787
11
5.0848230708661415
21
-6.0936910629921259
0
LINE
8
BLACK
6
CONTINUOUS
10
5.0848230708661415
20
-6.0936910629921259
11
5.0835103937007871
21
-6.093543188976378
0
LINE
8
BLACK
6
CONTINUOUS
10
5.0835103937007871
20
-6.093543188976378
11
5.0831311811023623
21
-6.0933049212598425
0
LINE
8
BLACK
6
CONTINUOUS
10
5.0831311811023623
20
-6.0933049212598425
11
5.0826946062992127
21
-6.0932052755905515
0
LINE
8
BLACK
6
CONTINUOUS
10
5.0826946062992127
20
-6.0932052755905515
11
5.0816616929133858
21
-6.0923815354330708
0
LINE
8
BLACK
6
CONTINUOUS
10
5.0816616929133858
20
-6.0923815354330708
11
5.0805432677165356
21
-6.0916787795275589
0
LINE
8
BLACK
6
CONTINUOUS
10
5.0805432677165356
20
-6.0916787795275589
11
4.9717385039370079
21
-5.9828740157480311
0
LINE
8
BLACK
6
CONTINUOUS
10
4.9717385039370079
20
-5.9828740157480311
11
4.6578740157480309
21
-5.9828740157480311
0
LINE
8
BLACK
6
CONTINUOUS
10
4.6578740157480309
20
-5.9828740157480311
11
4.6578740157480309
21
-6.0534914960629918
0
LINE
8
BLACK
6
CONTINUOUS
10
4.6578740157480309
20
-6.0534914960629918
11
4.6618110236220476
21
-6.0534914960629918
0
LINE
8
BLACK
6
CONTINUOUS
10
4.6618110236220476
20
-6.0534914960629918
11
4.6618110236220476
21
-6.1125466141732279
0
LINE
8
BLACK
6
CONTINUOUS
10
4.6618110236220476
20
-6.1125466141732279
11
4.6381889763779522
21
-6.1125466141732279
0
LINE
8
BLACK
6
CONTINUOUS
10
4.6381889763779522
20
-6.1125466141732279
11
4.6381889763779522
21
-6.0534914960629918
0
LINE
8
BLACK
6
CONTINUOUS
10
4.6381889763779522
20
-6.0534914960629918
11
4.642125984251968
21
-6.0534914960629918
0
LINE
8
BLACK
6
CONTINUOUS
10
4.642125984251968
20
-6.0534914960629918
11
4.642125984251968
21
-5.9828740157480311
0
LINE
8
BLACK
6
CONTINUOUS
10
4.642125984251968
20
-5.9828740157480311
11
4.6020000000000003
21
-5.9828740157480311
0
LINE
8
BLACK
6
CONTINUOUS
10
4.6020000000000003
20
-5.9828740157480311
11
4.585
21
-5.9828740157480311
0
LINE
8
BLACK
6
CONTINUOUS
10
4.585
20
-5.9828740157480311
11
4.5627289370078739
21
-5.9828740157480311
0
LINE
8
BLACK
6
CONTINUOUS
10
4.5627289370078739
20
-5.9828740157480311
11
4.4450000000000003
21
-5.9828740157480311
0
LINE
8
BLACK
6
CONTINUOUS
10
4.4450000000000003
20
-5.9828740157480311
11
4.4437120472440945
21
-5.9825800393700783
0
LINE
8
BLACK
6
CONTINUOUS
10
4.4437120472440945
20
-5.9825800393700783
11
4.4423993700787401
21
-5.9824321653543304
0
LINE
8
BLACK
6
CONTINUOUS
10
4.4423993700787401
20
-5.9824321653543304
11
4.4420201574803144
21
-5.9821938976377949
0
LINE
8
BLACK
6
CONTINUOUS
10
4.4420201574803144
20
-5.9821938976377949
11
4.4415835826771657
21
-5.9820942519685039
0
LINE
8
BLACK
6
CONTINUOUS
10
4.4415835826771657
20
-5.9820942519685039
11
4.4405508267716538
21
-5.9812706299212595
0
LINE
8
BLACK
6
CONTINUOUS
10
4.4405508267716538
20
-5.9812706299212595
11
4.4394322440944878
21
-5.98056779527559
0
LINE
8
BLACK
6
CONTINUOUS
10
4.4394322440944878
20
-5.98056779527559
11
4.3547471653543308
21
-5.8958826771653543
0
LINE
8
BLACK
6
CONTINUOUS
10
4.3547471653543308
20
-5.8958826771653543
11
4.3540443700787401
21
-5.8947642125984254
0
LINE
8
BLACK
6
CONTINUOUS
10
4.3540443700787401
20
-5.8947642125984254
11
4.3532206692913382
21
-5.8937313385826773
0
LINE
8
BLACK
6
CONTINUOUS
10
4.3532206692913382
20
-5.8937313385826773
11
4.3531209842519685
21
-5.8932947244094489
0
LINE
8
BLACK
6
CONTINUOUS
10
4.3531209842519685
20
-5.8932947244094489
11
4.3528827559055117
21
-5.892915551181102
0
LINE
8
BLACK
6
CONTINUOUS
10
4.3528827559055117
20
-5.892915551181102
11
4.352734842519685
21
-5.8916028346456688
0
LINE
8
BLACK
6
CONTINUOUS
10
4.352734842519685
20
-5.8916028346456688
11
4.352440905511811
21
-5.8903149212598427
0
LINE
8
BLACK
6
CONTINUOUS
10
4.352440905511811
20
-5.8903149212598427
11
4.352440905511811
21
-5.7284732677165353
0
LINE
8
BLACK
6
CONTINUOUS
10
4.352440905511811
20
-5.7284732677165353
11
4.352734842519685
21
-5.7271853149606295
0
LINE
8
BLACK
6
CONTINUOUS
10
4.352734842519685
20
-5.7271853149606295
11
4.3528827559055117
21
-5.7258726377952751
0
LINE
8
BLACK
6
CONTINUOUS
10
4.3528827559055117
20
-5.7258726377952751
11
4.3531209842519685
21
-5.7254934251968503
0
LINE
8
BLACK
6
CONTINUOUS
10
4.3531209842519685
20
-5.7254934251968503
11
4.3532206692913382
21
-5.7250568503937007
0
LINE
8
BLACK
6
CONTINUOUS
10
4.3532206692913382
20
-5.7250568503937007
11
4.3540443700787401
21
-5.7240239370078738
0
LINE
8
BLACK
6
CONTINUOUS
10
4.3540443700787401
20
-5.7240239370078738
11
4.3547471653543308
21
-5.7229055118110237
0
LINE
8
BLACK
6
CONTINUOUS
10
4.3547471653543308
20
-5.7229055118110237
11
4.3626212204724411
21
-5.7150314566929135
0
LINE
8
BLACK
6
CONTINUOUS
10
4.3626212204724411
20
-5.7150314566929135
11
4.3637396456692912
21
-5.7143286614173228
0
LINE
8
BLACK
6
CONTINUOUS
10
4.3637396456692912
20
-5.7143286614173228
11
4.3647725590551181
21
-5.7135049606299209
0
LINE
8
BLACK
6
CONTINUOUS
10
4.3647725590551181
20
-5.7135049606299209
11
4.3652091338582677
21
-5.7134052755905511
0
LINE
8
BLACK
6
CONTINUOUS
10
4.3652091338582677
20
-5.7134052755905511
11
4.3655883464566925
21
-5.7131670472440943
0
LINE
8
BLACK
6
CONTINUOUS
10
4.3655883464566925
20
-5.7131670472440943
11
4.3669010236220469
21
-5.7130191338582677
0
LINE
8
BLACK
6
CONTINUOUS
10
4.3669010236220469
20
-5.7130191338582677
11
4.3681889763779527
21
-5.7127251968503936
0
LINE
8
BLACK
6
CONTINUOUS
10
4.3681889763779527
20
-5.7127251968503936
11
4.3839370078740156
21
-5.7127251968503936
0
LINE
8
BLACK
6
CONTINUOUS
10
4.3839370078740156
20
-5.7127251968503936
11
4.3839370078740156
21
-5.6905992125984248
0
LINE
8
BLACK
6
CONTINUOUS
10
4.3839370078740156
20
-5.6905992125984248
11
4.4439370078740152
21
-5.6905992125984248
0
LINE
8
BLACK
6
CONTINUOUS
10
4.4439370078740152
20
-5.6905992125984248
11
4.4439370078740152
21
-5.7505992125984253
0
LINE
8
BLACK
6
CONTINUOUS
10
5.2491732283464563
20
-6.0782370078740158
11
5.2755511811023617
21
-6.0782370078740158
0
LINE
8
BLACK
6
CONTINUOUS
10
5.2755511811023617
20
-6.0782370078740158
11
5.2755511811023617
21
-6.0565834645669288
0
LINE
8
BLACK
6
CONTINUOUS
10
5.2755511811023617
20
-6.0565834645669288
11
5.299173228346457
21
-6.0565834645669288
0
LINE
8
BLACK
6
CONTINUOUS
10
5.299173228346457
20
-6.0565834645669288
11
5.299173228346457
21
-6.0782370078740158
0
LINE
8
BLACK
6
CONTINUOUS
10
5.299173228346457
20
-6.0782370078740158
11
5.3255511811023624
21
-6.0782370078740158
0
LINE
8
BLACK
6
CONTINUOUS
10
5.3255511811023624
20
-6.0782370078740158
11
5.3255511811023624
21
-6.0565834645669288
0
LINE
8
BLACK
6
CONTINUOUS
10
5.3255511811023624
20
-6.0565834645669288
11
5.3491732283464568
21
-6.0565834645669288
0
LINE
8
BLACK
6
CONTINUOUS
10
5.3491732283464568
20
-6.0565834645669288
11
5.3491732283464568
21
-6.1156385826771649
0
LINE
8
BLACK
6
CONTINUOUS
10
5.3491732283464568
20
-6.1156385826771649
11
5.3255511811023624
21
-6.1156385826771649
0
LINE
8
BLACK
6
CONTINUOUS
10
5.3255511811023624
20
-6.1156385826771649
11
5.3255511811023624
21
-6.0939850393700787
0
LINE
8
BLACK
6
CONTINUOUS
10
5.3255511811023624
20
-6.0939850393700787
11
5.299173228346457
21
-6.0939850393700787
0
LINE
8
BLACK
6
CONTINUOUS
10
5.299173228346457
20
-6.0939850393700787
11
5.299173228346457
21
-6.1156385826771649
0
LINE
8
BLACK
6
CONTINUOUS
10
5.299173228346457
20
-6.1156385826771649
11
5.2755511811023617
21
-6.1156385826771649
0
LINE
8
BLACK
6
CONTINUOUS
10
5.2755511811023617
20
-6.1156385826771649
11
5.2755511811023617
21
-6.0939850393700787
0
LINE
8
BLACK
6
CONTINUOUS
10
5.2755511811023617
20
-6.0939850393700787
11
5.2491732283464563
21
-6.0939850393700787
0
LINE
8
BLACK
6
CONTINUOUS
10
5.2491732283464563
20
-6.0939850393700787
11
5.2491732283464563
21
-6.1156385826771649
0
LINE
8
BLACK
6
CONTINUOUS
10
5.2491732283464563
20
-6.1156385826771649
11
5.2255511811023618
21
-6.1156385826771649
0
LINE
8
BLACK
6
CONTINUOUS
10
5.2255511811023618
20
-6.1156385826771649
11
5.2255511811023618
21
-6.0565834645669288
0
LINE
8
BLACK
6
CONTINUOUS
10
5.2255511811023618
20
-6.0565834645669288
11
5.2491732283464563
21
-6.0565834645669288
0
LINE
8
BLACK
6
CONTINUOUS
10
5.2491732283464563
20
-6.0565834645669288
11
5.2491732283464563
21
-6.0782370078740158
0
LINE
8
BLACK
6
CONTINUOUS
10
4.7048664173228349
20
-6.0050227165354331
11
4.7092564566929136
21
-6.0072595669291333
0
LINE
8
BLACK
6
CONTINUOUS
10
4.7092564566929136
20
-6.0072595669291333
11
4.7127404330708664
21
-6.0107435433070862
0
LINE
8
BLACK
6
CONTINUOUS
10
4.7127404330708664
20
-6.0107435433070862
11
4.7149772834645667
21
-6.0151335826771648
0
LINE
8
BLACK
6
CONTINUOUS
10
4.7149772834645667
20
-6.0151335826771648
11
4.7157480314960631
21
-6.0199999999999996
0
LINE
8
BLACK
6
CONTINUOUS
10
4.7157480314960631
20
-6.0199999999999996
11
4.7149772834645667
21
-6.0248664173228343
0
LINE
8
BLACK
6
CONTINUOUS
10
4.7149772834645667
20
-6.0248664173228343
11
4.7127404330708664
21
-6.029256456692913
0
LINE
8
BLACK
6
CONTINUOUS
10
4.7127404330708664
20
-6.029256456692913
11
4.7092564566929136
21
-6.0327404330708658
0
LINE
8
BLACK
6
CONTINUOUS
10
4.7092564566929136
20
-6.0327404330708658
11
4.7078740157480317
21
-6.0334448031496057
0
LINE
8
BLACK
6
CONTINUOUS
10
4.7078740157480317
20
-6.0334448031496057
11
4.7078740157480317
21
-6.0534914960629918
0
LINE
8
BLACK
6
CONTINUOUS
10
4.7078740157480317
20
-6.0534914960629918
11
4.7118110236220474
21
-6.0534914960629918
0
LINE
8
BLACK
6
CONTINUOUS
10
4.7118110236220474
20
-6.0534914960629918
11
4.7118110236220474
21
-6.1125466141732279
0
LINE
8
BLACK
6
CONTINUOUS
10
4.7118110236220474
20
-6.1125466141732279
11
4.688188976377953
21
-6.1125466141732279
0
LINE
8
BLACK
6
CONTINUOUS
10
4.688188976377953
20
-6.1125466141732279
11
4.688188976377953
21
-6.0534914960629918
0
LINE
8
BLACK
6
CONTINUOUS
10
4.688188976377953
20
-6.0534914960629918
11
4.6921259842519687
21
-6.0534914960629918
0
LINE
8
BLACK
6
CONTINUOUS
10
4.6921259842519687
20
-6.0534914960629918
11
4.6921259842519687
21
-6.0334448031496057
0
LINE
8
BLACK
6
CONTINUOUS
10
4.6921259842519687
20
-6.0334448031496057
11
4.6907435433070868
21
-6.0327404330708658
0
LINE
8
BLACK
6
CONTINUOUS
10
4.6907435433070868
20
-6.0327404330708658
11
4.6872595669291339
21
-6.029256456692913
0
LINE
8
BLACK
6
CONTINUOUS
10
4.6872595669291339
20
-6.029256456692913
11
4.6850227165354328
21
-6.0248664173228343
0
LINE
8
BLACK
6
CONTINUOUS
10
4.6850227165354328
20
-6.0248664173228343
11
4.6842519685039372
21
-6.0199999999999996
0
LINE
8
BLACK
6
CONTINUOUS
10
4.6842519685039372
20
-6.0199999999999996
11
4.6850227165354328
21
-6.0151335826771648
0
LINE
8
BLACK
6
CONTINUOUS
10
4.6850227165354328
20
-6.0151335826771648
11
4.6872595669291339
21
-6.0107435433070862
0
LINE
8
BLACK
6
CONTINUOUS
10
4.6872595669291339
20
-6.0107435433070862
11
4.6907435433070868
21
-6.0072595669291333
0
LINE
8
BLACK
6
CONTINUOUS
10
4.6907435433070868
20
-6.0072595669291333
11
4.6951335826771654
21
-6.0050227165354331
0
LINE
8
BLACK
6
CONTINUOUS
10
4.6951335826771654
20
-6.0050227165354331
11
4.7000000000000002
21
-6.0042519685039366
0
LINE
8
BLACK
6
CONTINUOUS
10
4.7000000000000002
20
-6.0042519685039366
11
4.7048664173228349
21
-6.0050227165354331
0
LINE
8
BLACK
6
CONTINUOUS
10
4.9388188976377956
20
-5.8529614173228346
11
4.9166929133858268
21
-5.8529614173228346
0
LINE
8
BLACK
6
CONTINUOUS
10
4.9166929133858268
20
-5.8529614173228346
11
4.9166929133858268
21
-5.8654479133858271
0
LINE
8
BLACK
6
CONTINUOUS
10
4.9166929133858268
20
-5.8654479133858271
11
4.9238814960629922
21
-5.8726364960629924
0
LINE
8
BLACK
6
CONTINUOUS
10
4.9238814960629922
20
-5.8726364960629924
11
5.1795960236220475
21
-5.8726364960629924
0
LINE
8
BLACK
6
CONTINUOUS
10
5.1795960236220475
20
-5.8726364960629924
11
5.1808839370078736
21
-5.8729304330708656
0
LINE
8
BLACK
6
CONTINUOUS
10
5.1808839370078736
20
-5.8729304330708656
11
5.1821966535433068
21
-5.8730783464566931
0
LINE
8
BLACK
6
CONTINUOUS
10
5.1821966535433068
20
-5.8730783464566931
11
5.1825758267716537
21
-5.8733165748031491
0
LINE
8
BLACK
6
CONTINUOUS
10
5.1825758267716537
20
-5.8733165748031491
11
5.1830124409448821
21
-5.8734162598425197
0
LINE
8
BLACK
6
CONTINUOUS
10
5.1830124409448821
20
-5.8734162598425197
11
5.1840453149606294
21
-5.8742399606299207
0
LINE
8
BLACK
6
CONTINUOUS
10
5.1840453149606294
20
-5.8742399606299207
11
5.1851637795275591
21
-5.8749427559055114
0
LINE
8
BLACK
6
CONTINUOUS
10
5.1851637795275591
20
-5.8749427559055114
11
5.2460564960629918
21
-5.9358354330708663
0
LINE
8
BLACK
6
CONTINUOUS
10
5.2460564960629918
20
-5.9358354330708663
11
5.5457874015748034
21
-5.9358354330708663
0
LINE
8
BLACK
6
CONTINUOUS
10
5.5457874015748034
20
-5.9358354330708663
11
5.5470753149606296
21
-5.9361293700787403
0
LINE
8
BLACK
6
CONTINUOUS
10
5.5470753149606296
20
-5.9361293700787403
11
5.5483880314960627
21
-5.936277283464567
0
LINE
8
BLACK
6
CONTINUOUS
10
5.5483880314960627
20
-5.936277283464567
11
5.5487672047244097
21
-5.9365155118110238
0
LINE
8
BLACK
6
CONTINUOUS
10
5.5487672047244097
20
-5.9365155118110238
11
5.549203818897638
21
-5.9366151968503935
0
LINE
8
BLACK
6
CONTINUOUS
10
5.549203818897638
20
-5.9366151968503935
11
5.5502366929133853
21
-5.9374388976377954
0
LINE
8
BLACK
6
CONTINUOUS
10
5.5502366929133853
20
-5.9374388976377954
11
5.5513551574803151
21
-5.9381416929133861
0
LINE
8
BLACK
6
CONTINUOUS
10
5.5513551574803151
20
-5.9381416929133861
11
5.7040489370078742
21
-6.0908354330708656
0
LINE
8
BLACK
6
CONTINUOUS
10
5.7040489370078742
20
-6.0908354330708656
11
5.7165354330708658
21
-6.0908354330708656
0
LINE
8
BLACK
6
CONTINUOUS
10
5.7165354330708658
20
-6.0908354330708656
11
5.7165354330708658
21
-6.0868984251968499
0
LINE
8
BLACK
6
CONTINUOUS
10
5.7165354330708658
20
-6.0868984251968499
11
5.7755905511811019
21
-6.0868984251968499
0
LINE
8
BLACK
6
CONTINUOUS
10
5.7755905511811019
20
-6.0868984251968499
11
5.7755905511811019
21
-6.1105204724409443
0
LINE
8
BLACK
6
CONTINUOUS
10
5.7755905511811019
20
-6.1105204724409443
11
5.7165354330708658
21
-6.1105204724409443
0
LINE
8
BLACK
6
CONTINUOUS
10
5.7165354330708658
20
-6.1105204724409443
11
5.7165354330708658
21
-6.1065834645669286
0
LINE
8
BLACK
6
CONTINUOUS
10
5.7165354330708658
20
-6.1065834645669286
11
5.7007874015748028
21
-6.1065834645669286
0
LINE
8
BLACK
6
CONTINUOUS
10
5.7007874015748028
20
-6.1065834645669286
11
5.6994994488188979
21
-6.1062894881889767
0
LINE
8
BLACK
6
CONTINUOUS
10
5.6994994488188979
20
-6.1062894881889767
11
5.6981867716535435
21
-6.1061416141732279
0
LINE
8
BLACK
6
CONTINUOUS
10
5.6981867716535435
20
-6.1061416141732279
11
5.6978075590551178
21
-6.1059033464566932
0
LINE
8
BLACK
6
CONTINUOUS
10
5.6978075590551178
20
-6.1059033464566932
11
5.6973709842519682
21
-6.1058037007874013
0
LINE
8
BLACK
6
CONTINUOUS
10
5.6973709842519682
20
-6.1058037007874013
11
5.6963382283464563
21
-6.1049800787401569
0
LINE
8
BLACK
6
CONTINUOUS
10
5.6963382283464563
20
-6.1049800787401569
11
5.6952196456692912
21
-6.1042772440944884
0
LINE
8
BLACK
6
CONTINUOUS
10
5.6952196456692912
20
-6.1042772440944884
11
5.5425259055118108
21
-5.9515834645669292
0
LINE
8
BLACK
6
CONTINUOUS
10
5.5425259055118108
20
-5.9515834645669292
11
5.2427949606299213
21
-5.9515834645669292
0
LINE
8
BLACK
6
CONTINUOUS
10
5.2427949606299213
20
-5.9515834645669292
11
5.2415071259842518
21
-5.9512895275590552
0
LINE
8
BLACK
6
CONTINUOUS
10
5.2415071259842518
20
-5.9512895275590552
11
5.2401943700787399
21
-5.9511416141732285
0
LINE
8
BLACK
6
CONTINUOUS
10
5.2401943700787399
20
-5.9511416141732285
11
5.2398151574803151
21
-5.9509033464566929
0
LINE
8
BLACK
6
CONTINUOUS
10
5.2398151574803151
20
-5.9509033464566929
11
5.2393785433070867
21
-5.9508037007874011
0
LINE
8
BLACK
6
CONTINUOUS
10
5.2393785433070867
20
-5.9508037007874011
11
5.2383457086614174
21
-5.9499800393700788
0
LINE
8
BLACK
6
CONTINUOUS
10
5.2383457086614174
20
-5.9499800393700788
11
5.2372272047244097
21
-5.9492772440944881
0
LINE
8
BLACK
6
CONTINUOUS
10
5.2372272047244097
20
-5.9492772440944881
11
5.1763345275590549
21
-5.8883845275590554
0
LINE
8
BLACK
6
CONTINUOUS
10
5.1763345275590549
20
-5.8883845275590554
11
4.9206199606299208
21
-5.8883845275590554
0
LINE
8
BLACK
6
CONTINUOUS
10
4.9206199606299208
20
-5.8883845275590554
11
4.9193320472440947
21
-5.8880905511811026
0
LINE
8
BLACK
6
CONTINUOUS
10
4.9193320472440947
20
-5.8880905511811026
11
4.9180193307086615
21
-5.8879426771653538
0
LINE
8
BLACK
6
CONTINUOUS
10
4.9180193307086615
20
-5.8879426771653538
11
4.9176401181102358
21
-5.8877044094488191
0
LINE
8
BLACK
6
CONTINUOUS
10
4.9176401181102358
20
-5.8877044094488191
11
4.9172035433070862
21
-5.8876047637795272
0
LINE
8
BLACK
6
CONTINUOUS
10
4.9172035433070862
20
-5.8876047637795272
11
4.9161707086614168
21
-5.886781102362205
0
LINE
8
BLACK
6
CONTINUOUS
10
4.9161707086614168
20
-5.886781102362205
11
4.9150521653543304
21
-5.8860782677165355
0
LINE
8
BLACK
6
CONTINUOUS
10
4.9150521653543304
20
-5.8860782677165355
11
4.9032511417322837
21
-5.8742772047244092
0
LINE
8
BLACK
6
CONTINUOUS
10
4.9032511417322837
20
-5.8742772047244092
11
4.902548346456693
21
-5.8731587401574803
0
LINE
8
BLACK
6
CONTINUOUS
10
4.902548346456693
20
-5.8731587401574803
11
4.9017246456692911
21
-5.8721258661417322
0
LINE
8
BLACK
6
CONTINUOUS
10
4.9017246456692911
20
-5.8721258661417322
11
4.9016249606299214
21
-5.8716892519685038
0
LINE
8
BLACK
6
CONTINUOUS
10
4.9016249606299214
20
-5.8716892519685038
11
4.9013867322834646
21
-5.8713100787401578
0
LINE
8
BLACK
6
CONTINUOUS
10
4.9013867322834646
20
-5.8713100787401578
11
4.9012388188976379
21
-5.8699973622047246
0
LINE
8
BLACK
6
CONTINUOUS
10
4.9012388188976379
20
-5.8699973622047246
11
4.9009448818897638
21
-5.8687094488188976
0
LINE
8
BLACK
6
CONTINUOUS
10
4.9009448818897638
20
-5.8687094488188976
11
4.9009448818897638
21
-5.8529614173228346
0
LINE
8
BLACK
6
CONTINUOUS
10
4.9009448818897638
20
-5.8529614173228346
11
4.8788188976377951
21
-5.8529614173228346
0
LINE
8
BLACK
6
CONTINUOUS
10
4.8788188976377951
20
-5.8529614173228346
11
4.8788188976377951
21
-5.7929614173228341
0
LINE
8
BLACK
6
CONTINUOUS
10
4.8788188976377951
20
-5.7929614173228341
11
4.9388188976377956
21
-5.7929614173228341
0
LINE
8
BLACK
6
CONTINUOUS
10
4.9388188976377956
20
-5.7929614173228341
11
4.9388188976377956
21
-5.8529614173228346
0
LINE
8
BLACK
6
CONTINUOUS
10
5.4423622047244091
20
-5.8487094488188971
11
5.4202362204724412
21
-5.8487094488188971
0
LINE
8
BLACK
6
CONTINUOUS
10
5.4202362204724412
20
-5.8487094488188971
11
5.4202362204724412
21
-5.8611959842519683
0
LINE
8
BLACK
6
CONTINUOUS
10
5.4202362204724412
20
-5.8611959842519683
11
5.4234977559055118
21
-5.8644575196850388
0
LINE
8
BLACK
6
CONTINUOUS
10
5.4234977559055118
20
-5.8644575196850388
11
5.5695025590551177
21
-5.8644575196850388
0
LINE
8
BLACK
6
CONTINUOUS
10
5.5695025590551177
20
-5.8644575196850388
11
5.5707904724409447
21
-5.8647514566929129
0
LINE
8
BLACK
6
CONTINUOUS
10
5.5707904724409447
20
-5.8647514566929129
11
5.5721031889763779
21
-5.8648993700787404
0
LINE
8
BLACK
6
CONTINUOUS
10
5.5721031889763779
20
-5.8648993700787404
11
5.5724823622047239
21
-5.8651375984251963
0
LINE
8
BLACK
6
CONTINUOUS
10
5.5724823622047239
20
-5.8651375984251963
11
5.5729189763779523
21
-5.865237283464567
0
LINE
8
BLACK
6
CONTINUOUS
10
5.5729189763779523
20
-5.865237283464567
11
5.5739518503937004
21
-5.866060984251968
0
LINE
8
BLACK
6
CONTINUOUS
10
5.5739518503937004
20
-5.866060984251968
11
5.5750703149606302
21
-5.8667637795275587
0
LINE
8
BLACK
6
CONTINUOUS
10
5.5750703149606302
20
-5.8667637795275587
11
5.6441420078740157
21
-5.9358354330708663
0
LINE
8
BLACK
6
CONTINUOUS
10
5.6441420078740157
20
-5.9358354330708663
11
6.0046239370078736
21
-5.9358354330708663
0
LINE
8
BLACK
6
CONTINUOUS
10
6.0046239370078736
20
-5.9358354330708663
11
6.0059118503937006
21
-5.9361293700787403
0
LINE
8
BLACK
6
CONTINUOUS
10
6.0059118503937006
20
-5.9361293700787403
11
6.0072245669291338
21
-5.936277283464567
0
LINE
8
BLACK
6
CONTINUOUS
10
6.0072245669291338
20
-5.936277283464567
11
6.0076037401574798
21
-5.9365155118110238
0
LINE
8
BLACK
6
CONTINUOUS
10
6.0076037401574798
20
-5.9365155118110238
11
6.0080403543307082
21
-5.9366151968503935
0
LINE
8
BLACK
6
CONTINUOUS
10
6.0080403543307082
20
-5.9366151968503935
11
6.0090732283464563
21
-5.9374388976377954
0
LINE
8
BLACK
6
CONTINUOUS
10
6.0090732283464563
20
-5.9374388976377954
11
6.0101916929133861
21
-5.9381416929133861
0
LINE
8
BLACK
6
CONTINUOUS
10
6.0101916929133861
20
-5.9381416929133861
11
6.0180874015748032
21
-5.9460373622047245
0
LINE
8
BLACK
6
CONTINUOUS
10
6.0180874015748032
20
-5.9460373622047245
11
6.0187901968503938
21
-5.9471558661417321
0
LINE
8
BLACK
6
CONTINUOUS
10
6.0187901968503938
20
-5.9471558661417321
11
6.0196138582677161
21
-5.9481887007874015
0
LINE
8
BLACK
6
CONTINUOUS
10
6.0196138582677161
20
-5.9481887007874015
11
6.019713503937008
21
-5.9486253149606299
0
LINE
8
BLACK
6
CONTINUOUS
10
6.019713503937008
20
-5.9486253149606299
11
6.0199517716535436
21
-5.9490045275590546
0
LINE
8
BLACK
6
CONTINUOUS
10
6.0199517716535436
20
-5.9490045275590546
11
6.0200996850393702
21
-5.9503172834645666
0
LINE
8
BLACK
6
CONTINUOUS
10
6.0200996850393702
20
-5.9503172834645666
11
6.0203936220472443
21
-5.9516051181102361
0
LINE
8
BLACK
6
CONTINUOUS
10
6.0203936220472443
20
-5.9516051181102361
11
6.0203936220472443
21
-6.0901268503937009
0
LINE
8
BLACK
6
CONTINUOUS
10
6.0203936220472443
20
-6.0901268503937009
11
6.0200996456692915
21
-6.0914147637795271
0
LINE
8
BLACK
6
CONTINUOUS
10
6.0200996456692915
20
-6.0914147637795271
11
6.0199517716535436
21
-6.0927274803149603
0
LINE
8
BLACK
6
CONTINUOUS
10
6.0199517716535436
20
-6.0927274803149603
11
6.019713503937008
21
-6.0931066535433072
0
LINE
8
BLACK
6
CONTINUOUS
10
6.019713503937008
20
-6.0931066535433072
11
6.0196138582677161
21
-6.0935432677165355
0
LINE
8
BLACK
6
CONTINUOUS
10
6.0196138582677161
20
-6.0935432677165355
11
6.0187902362204726
21
-6.0945759842519687
0
LINE
8
BLACK
6
CONTINUOUS
10
6.0187902362204726
20
-6.0945759842519687
11
6.0180874015748032
21
-6.0956946062992126
0
LINE
8
BLACK
6
CONTINUOUS
10
6.0180874015748032
20
-6.0956946062992126
11
6.0095047637795274
21
-6.1042772047244096
0
LINE
8
BLACK
6
CONTINUOUS
10
6.0095047637795274
20
-6.1042772047244096
11
6.0083862992125985
21
-6.1049799606299215
0
LINE
8
BLACK
6
CONTINUOUS
10
6.0083862992125985
20
-6.1049799606299215
11
6.0073534251968503
21
-6.1058037007874013
0
LINE
8
BLACK
6
CONTINUOUS
10
6.0073534251968503
20
-6.1058037007874013
11
6.006916811023622
21
-6.1059033464566932
0
LINE
8
BLACK
6
CONTINUOUS
10
6.006916811023622
20
-6.1059033464566932
11
6.0065376377952751
21
-6.1061416141732279
0
LINE
8
BLACK
6
CONTINUOUS
10
6.0065376377952751
20
-6.1061416141732279
11
6.0052249212598428
21
-6.1062894881889767
0
LINE
8
BLACK
6
CONTINUOUS
10
6.0052249212598428
20
-6.1062894881889767
11
6.0039370078740157
21
-6.1065834645669286
0
LINE
8
BLACK
6
CONTINUOUS
10
6.0039370078740157
20
-6.1065834645669286
11
5.9881889763779528
21
-6.1065834645669286
0
LINE
8
BLACK
6
CONTINUOUS
10
5.9881889763779528
20
-6.1065834645669286
11
5.9881889763779528
21
-6.1105204724409443
0
LINE
8
BLACK
6
CONTINUOUS
10
5.9881889763779528
20
-6.1105204724409443
11
5.9291338582677167
21
-6.1105204724409443
0
LINE
8
BLACK
6
CONTINUOUS
10
5.9291338582677167
20
-6.1105204724409443
11
5.9291338582677167
21
-6.0868984251968499
0
LINE
8
BLACK
6
CONTINUOUS
10
5.9291338582677167
20
-6.0868984251968499
11
5.9881889763779528
21
-6.0868984251968499
0
LINE
8
BLACK
6
CONTINUOUS
10
5.9881889763779528
20
-6.0868984251968499
11
5.9881889763779528
21
-6.0908354330708656
0
LINE
8
BLACK
6
CONTINUOUS
10
5.9881889763779528
20
-6.0908354330708656
11
6.0006755118110231
21
-6.0908354330708656
0
LINE
8
BLACK
6
CONTINUOUS
10
6.0006755118110231
20
-6.0908354330708656
11
6.0046455905511813
21
-6.0868653149606295
0
LINE
8
BLACK
6
CONTINUOUS
10
6.0046455905511813
20
-6.0868653149606295
11
6.0046455905511813
21
-5.9548666141732278
0
LINE
8
BLACK
6
CONTINUOUS
10
6.0046455905511813
20
-5.9548666141732278
11
6.0013624409448818
21
-5.9515834645669292
0
LINE
8
BLACK
6
CONTINUOUS
10
6.0013624409448818
20
-5.9515834645669292
11
5.6408804724409451
21
-5.9515834645669292
0
LINE
8
BLACK
6
CONTINUOUS
10
5.6408804724409451
20
-5.9515834645669292
11
5.6395925196850394
21
-5.9512894881889764
0
LINE
8
BLACK
6
CONTINUOUS
10
5.6395925196850394
20
-5.9512894881889764
11
5.6382798425196849
21
-5.9511416141732285
0
LINE
8
BLACK
6
CONTINUOUS
10
5.6382798425196849
20
-5.9511416141732285
11
5.6379006299212593
21
-5.9509033464566929
0
LINE
8
BLACK
6
CONTINUOUS
10
5.6379006299212593
20
-5.9509033464566929
11
5.6374640551181106
21
-5.9508037007874011
0
LINE
8
BLACK
6
CONTINUOUS
10
5.6374640551181106
20
-5.9508037007874011
11
5.6364312992125987
21
-5.9499800787401576
0
LINE
8
BLACK
6
CONTINUOUS
10
5.6364312992125987
20
-5.9499800787401576
11
5.6353127165354326
21
-5.9492772440944881
0
LINE
8
BLACK
6
CONTINUOUS
10
5.6353127165354326
20
-5.9492772440944881
11
5.566241062992126
21
-5.8802055511811027
0
LINE
8
BLACK
6
CONTINUOUS
10
5.566241062992126
20
-5.8802055511811027
11
5.42023625984252
21
-5.8802055511811027
0
LINE
8
BLACK
6
CONTINUOUS
10
5.42023625984252
20
-5.8802055511811027
11
5.4189483070866142
21
-5.8799115748031499
0
LINE
8
BLACK
6
CONTINUOUS
10
5.4189483070866142
20
-5.8799115748031499
11
5.4176356299212598
21
-5.8797637007874011
0
LINE
8
BLACK
6
CONTINUOUS
10
5.4176356299212598
20
-5.8797637007874011
11
5.4172564173228341
21
-5.8795254330708664
0
LINE
8
BLACK
6
CONTINUOUS
10
5.4172564173228341
20
-5.8795254330708664
11
5.4168198425196845
21
-5.8794257874015745
0
LINE
8
BLACK
6
CONTINUOUS
10
5.4168198425196845
20
-5.8794257874015745
11
5.4157869291338585
21
-5.8786020472440947
0
LINE
8
BLACK
6
CONTINUOUS
10
5.4157869291338585
20
-5.8786020472440947
11
5.4146685039370075
21
-5.8778992913385828
0
LINE
8
BLACK
6
CONTINUOUS
10
5.4146685039370075
20
-5.8778992913385828
11
5.4067944488188973
21
-5.8700252362204726
0
LINE
8
BLACK
6
CONTINUOUS
10
5.4067944488188973
20
-5.8700252362204726
11
5.4060916535433066
21
-5.8689067716535428
0
LINE
8
BLACK
6
CONTINUOUS
10
5.4060916535433066
20
-5.8689067716535428
11
5.4052679527559055
21
-5.8678738976377955
0
LINE
8
BLACK
6
CONTINUOUS
10
5.4052679527559055
20
-5.8678738976377955
11
5.4051682677165349
21
-5.8674372834645672
0
LINE
8
BLACK
6
CONTINUOUS
10
5.4051682677165349
20
-5.8674372834645672
11
5.404930039370079
21
-5.8670581102362203
0
LINE
8
BLACK
6
CONTINUOUS
10
5.404930039370079
20
-5.8670581102362203
11
5.4047821259842515
21
-5.8657453937007871
0
LINE
8
BLACK
6
CONTINUOUS
10
5.4047821259842515
20
-5.8657453937007871
11
5.4044881889763774
21
-5.8644574803149601
0
LINE
8
BLACK
6
CONTINUOUS
10
5.4044881889763774
20
-5.8644574803149601
11
5.4044881889763774
21
-5.8487094488188971
0
LINE
8
BLACK
6
CONTINUOUS
10
5.4044881889763774
20
-5.8487094488188971
11
5.3823622047244095
21
-5.8487094488188971
0
LINE
8
BLACK
6
CONTINUOUS
10
5.3823622047244095
20
-5.8487094488188971
11
5.3823622047244095
21
-5.7887094488188975
0
LINE
8
BLACK
6
CONTINUOUS
10
5.3823622047244095
20
-5.7887094488188975
11
5.4423622047244091
21
-5.7887094488188975
0
LINE
8
BLACK
6
CONTINUOUS
10
5.4423622047244091
20
-5.7887094488188975
11
5.4423622047244091
21
-5.8487094488188971
0
LINE
8
BLACK
6
CONTINUOUS
10
4.5499999999999998
20
-6.0648511811023624
11
4.4900000000000002
21
-6.0648511811023624
0
LINE
8
BLACK
6
CONTINUOUS
10
4.4900000000000002
20
-6.0648511811023624
11
4.4900000000000002
21
-6.0048511811023619
0
LINE
8
BLACK
6
CONTINUOUS
10
4.4900000000000002
20
-6.0048511811023619
11
4.5499999999999998
21
-6.0048511811023619
0
LINE
8
BLACK
6
CONTINUOUS
10
4.5499999999999998
20
-6.0048511811023619
11
4.5499999999999998
21
-6.0648511811023624
0
LINE
8
BLACK
6
CONTINUOUS
10
5.1923622047244091
20
-5.8375738976377951
11
5.2556237401574801
21
-5.9008354330708661
0
LINE
8
BLACK
6
CONTINUOUS
10
5.2556237401574801
20
-5.9008354330708661
11
5.5607874015748031
21
-5.9008354330708661
0
LINE
8
BLACK
6
CONTINUOUS
10
5.5607874015748031
20
-5.9008354330708661
11
5.5620753149606301
21
-5.9011293700787402
0
LINE
8
BLACK
6
CONTINUOUS
10
5.5620753149606301
20
-5.9011293700787402
11
5.5633880314960624
21
-5.9012772834645668
0
LINE
8
BLACK
6
CONTINUOUS
10
5.5633880314960624
20
-5.9012772834645668
11
5.5637672047244093
21
-5.9015155118110236
0
LINE
8
BLACK
6
CONTINUOUS
10
5.5637672047244093
20
-5.9015155118110236
11
5.5642038188976377
21
-5.9016151968503934
0
LINE
8
BLACK
6
CONTINUOUS
10
5.5642038188976377
20
-5.9016151968503934
11
5.5652366929133859
21
-5.9024388976377953
0
LINE
8
BLACK
6
CONTINUOUS
10
5.5652366929133859
20
-5.9024388976377953
11
5.5663551574803147
21
-5.903141692913386
0
LINE
8
BLACK
6
CONTINUOUS
10
5.5663551574803147
20
-5.903141692913386
11
5.7040489370078742
21
-6.0408354330708658
0
LINE
8
BLACK
6
CONTINUOUS
10
5.7040489370078742
20
-6.0408354330708658
11
5.7165354330708658
21
-6.0408354330708658
0
LINE
8
BLACK
6
CONTINUOUS
10
5.7165354330708658
20
-6.0408354330708658
11
5.7165354330708658
21
-6.03689842519685
0
LINE
8
BLACK
6
CONTINUOUS
10
5.7165354330708658
20
-6.03689842519685
11
5.7755905511811019
21
-6.03689842519685
0
LINE
8
BLACK
6
CONTINUOUS
10
5.7755905511811019
20
-6.03689842519685
11
5.7755905511811019
21
-6.0605204724409445
0
LINE
8
BLACK
6
CONTINUOUS
10
5.7755905511811019
20
-6.0605204724409445
11
5.7165354330708658
21
-6.0605204724409445
0
LINE
8
BLACK
6
CONTINUOUS
10
5.7165354330708658
20
-6.0605204724409445
11
5.7165354330708658
21
-6.0565834645669288
0
LINE
8
BLACK
6
CONTINUOUS
10
5.7165354330708658
20
-6.0565834645669288
11
5.7007874015748028
21
-6.0565834645669288
0
LINE
8
BLACK
6
CONTINUOUS
10
5.7007874015748028
20
-6.0565834645669288
11
5.6994994881889767
21
-6.0562894881889759
0
LINE
8
BLACK
6
CONTINUOUS
10
5.6994994881889767
20
-6.0562894881889759
11
5.6981867716535435
21
-6.056141614173228
0
LINE
8
BLACK
6
CONTINUOUS
10
5.6981867716535435
20
-6.056141614173228
11
5.6978075590551178
21
-6.0559033464566925
0
LINE
8
BLACK
6
CONTINUOUS
10
5.6978075590551178
20
-6.0559033464566925
11
5.6973709842519682
21
-6.0558037007874015
0
LINE
8
BLACK
6
CONTINUOUS
10
5.6973709842519682
20
-6.0558037007874015
11
5.6963381496062988
21
-6.0549800393700783
0
LINE
8
BLACK
6
CONTINUOUS
10
5.6963381496062988
20
-6.0549800393700783
11
5.6952196062992124
21
-6.0542772047244089
0
LINE
8
BLACK
6
CONTINUOUS
10
5.6952196062992124
20
-6.0542772047244089
11
5.5575259055118105
21
-5.9165834645669291
0
LINE
8
BLACK
6
CONTINUOUS
10
5.5575259055118105
20
-5.9165834645669291
11
5.2523622047244096
21
-5.9165834645669291
0
LINE
8
BLACK
6
CONTINUOUS
10
5.2523622047244096
20
-5.9165834645669291
11
5.2510742519685039
21
-5.9162894881889763
0
LINE
8
BLACK
6
CONTINUOUS
10
5.2510742519685039
20
-5.9162894881889763
11
5.2497615748031494
21
-5.9161416141732284
0
LINE
8
BLACK
6
CONTINUOUS
10
5.2497615748031494
20
-5.9161416141732284
11
5.2493823622047247
21
-5.9159033464566928
0
LINE
8
BLACK
6
CONTINUOUS
10
5.2493823622047247
20
-5.9159033464566928
11
5.248945787401575
21
-5.9158037007874018
0
LINE
8
BLACK
6
CONTINUOUS
10
5.248945787401575
20
-5.9158037007874018
11
5.2479129527559056
21
-5.9149800393700787
0
LINE
8
BLACK
6
CONTINUOUS
10
5.2479129527559056
20
-5.9149800393700787
11
5.2467944094488184
21
-5.9142772047244092
0
LINE
8
BLACK
6
CONTINUOUS
10
5.2467944094488184
20
-5.9142772047244092
11
5.1812266929133859
21
-5.8487094488188971
0
LINE
8
BLACK
6
CONTINUOUS
10
5.1812266929133859
20
-5.8487094488188971
11
5.1323622047244095
21
-5.8487094488188971
0
LINE
8
BLACK
6
CONTINUOUS
10
5.1323622047244095
20
-5.8487094488188971
11
5.1323622047244095
21
-5.7887094488188975
0
LINE
8
BLACK
6
CONTINUOUS
10
5.1323622047244095
20
-5.7887094488188975
11
5.1923622047244091
21
-5.7887094488188975
0
LINE
8
BLACK
6
CONTINUOUS
10
5.1923622047244091
20
-5.7887094488188975
11
5.1923622047244091
21
-5.8375738976377951
0
LINE
8
BLACK
6
CONTINUOUS
10
5.6100638188976379
20
-5.5836811811023619
11
5.6118942519685042
21
-5.5857936220472437
0
LINE
8
BLACK
6
CONTINUOUS
10
5.6118942519685042
20
-5.5857936220472437
11
5.6123425196850389
21
-5.5878543307086614
0
LINE
8
BLACK
6
CONTINUOUS
10
5.6123425196850389
20
-5.5878543307086614
11
5.6123425196850389
21
-5.6506247637795273
0
LINE
8
BLACK
6
CONTINUOUS
10
5.6123425196850389
20
-5.6506247637795273
11
5.6125987795275591
21
-5.6530085039370075
0
LINE
8
BLACK
6
CONTINUOUS
10
5.6125987795275591
20
-5.6530085039370075
11
5.6125988582677167
21
-5.6530088188976375
0
LINE
8
BLACK
6
CONTINUOUS
10
5.6125988582677167
20
-5.6530088188976375
11
5.6146106299212599
21
-5.6584024409448821
0
LINE
8
BLACK
6
CONTINUOUS
10
5.6146106299212599
20
-5.6584024409448821
11
5.6146107086614174
21
-5.6584026377952759
0
LINE
8
BLACK
6
CONTINUOUS
10
5.6146107086614174
20
-5.6584026377952759
11
5.6180605905511811
21
-5.6630110629921262
0
LINE
8
BLACK
6
CONTINUOUS
10
5.6180605905511811
20
-5.6630110629921262
11
5.6203678346456689
21
-5.6647383070866137
0
LINE
8
BLACK
6
CONTINUOUS
10
5.6203678346456689
20
-5.6647383070866137
11
5.6220428740157482
21
-5.6669759448818899
0
LINE
8
BLACK
6
CONTINUOUS
10
5.6220428740157482
20
-5.6669759448818899
11
5.6222422440944877
21
-5.6697639370078736
0
LINE
8
BLACK
6
CONTINUOUS
10
5.6222422440944877
20
-5.6697639370078736
11
5.6209026771653541
21
-5.672217165354331
0
LINE
8
BLACK
6
CONTINUOUS
10
5.6209026771653541
20
-5.672217165354331
11
5.6203678346456689
21
-5.672680590551181
0
LINE
8
BLACK
6
CONTINUOUS
10
5.6203678346456689
20
-5.672680590551181
11
5.6180605905511811
21
-5.6744077952755907
0
LINE
8
BLACK
6
CONTINUOUS
10
5.6180605905511811
20
-5.6744077952755907
11
5.6146107086614174
21
-5.679016220472441
0
LINE
8
BLACK
6
CONTINUOUS
10
5.6146107086614174
20
-5.679016220472441
11
5.6146106299212599
21
-5.6790164173228348
0
LINE
8
BLACK
6
CONTINUOUS
10
5.6146106299212599
20
-5.6790164173228348
11
5.6125988582677167
21
-5.6844100393700785
0
LINE
8
BLACK
6
CONTINUOUS
10
5.6125988582677167
20
-5.6844100393700785
11
5.6125987795275591
21
-5.6844103543307085
0
LINE
8
BLACK
6
CONTINUOUS
10
5.6125987795275591
20
-5.6844103543307085
11
5.6123425196850389
21
-5.6867940944881887
0
LINE
8
BLACK
6
CONTINUOUS
10
5.6123425196850389
20
-5.6867940944881887
11
5.6123425196850389
21
-5.7506247637795278
0
LINE
8
BLACK
6
CONTINUOUS
10
5.6123425196850389
20
-5.7506247637795278
11
5.6125987795275591
21
-5.753008503937008
0
LINE
8
BLACK
6
CONTINUOUS
10
5.6125987795275591
20
-5.753008503937008
11
5.6125988582677167
21
-5.753008818897638
0
LINE
8
BLACK
6
CONTINUOUS
10
5.6125988582677167
20
-5.753008818897638
11
5.6146106299212599
21
-5.7584024409448817
0
LINE
8
BLACK
6
CONTINUOUS
10
5.6146106299212599
20
-5.7584024409448817
11
5.6146107086614174
21
-5.7584026377952755
0
LINE
8
BLACK
6
CONTINUOUS
10
5.6146107086614174
20
-5.7584026377952755
11
5.6180605905511811
21
-5.7630110629921258
0
LINE
8
BLACK
6
CONTINUOUS
10
5.6180605905511811
20
-5.7630110629921258
11
5.6203678346456689
21
-5.7647383070866143
0
LINE
8
BLACK
6
CONTINUOUS
10
5.6203678346456689
20
-5.7647383070866143
11
5.6220428740157482
21
-5.7669759448818896
0
LINE
8
BLACK
6
CONTINUOUS
10
5.6220428740157482
20
-5.7669759448818896
11
5.6222422440944877
21
-5.7697639370078742
0
LINE
8
BLACK
6
CONTINUOUS
10
5.6222422440944877
20
-5.7697639370078742
11
5.6209026771653541
21
-5.7722171653543306
0
LINE
8
BLACK
6
CONTINUOUS
10
5.6209026771653541
20
-5.7722171653543306
11
5.6203678346456689
21
-5.7726805905511807
0
LINE
8
BLACK
6
CONTINUOUS
10
5.6203678346456689
20
-5.7726805905511807
11
5.6180605905511811
21
-5.7744077952755903
0
LINE
8
BLACK
6
CONTINUOUS
10
5.6180605905511811
20
-5.7744077952755903
11
5.6146107086614174
21
-5.7790162204724407
0
LINE
8
BLACK
6
CONTINUOUS
10
5.6146107086614174
20
-5.7790162204724407
11
5.6146106299212599
21
-5.7790164173228344
0
LINE
8
BLACK
6
CONTINUOUS
10
5.6146106299212599
20
-5.7790164173228344
11
5.6125988582677167
21
-5.784410039370079
0
LINE
8
BLACK
6
CONTINUOUS
10
5.6125988582677167
20
-5.784410039370079
11
5.6125987795275591
21
-5.7844103543307082
0
LINE
8
BLACK
6
CONTINUOUS
10
5.6125987795275591
20
-5.7844103543307082
11
5.6123425196850389
21
-5.7867940944881893
0
LINE
8
BLACK
6
CONTINUOUS
10
5.6123425196850389
20
-5.7867940944881893
11
5.6123425196850389
21
-5.8506247637795274
0
LINE
8
BLACK
6
CONTINUOUS
10
5.6123425196850389
20
-5.8506247637795274
11
5.6125987795275591
21
-5.8530085039370077
0
LINE
8
BLACK
6
CONTINUOUS
10
5.6125987795275591
20
-5.8530085039370077
11
5.6125988582677167
21
-5.8530088188976377
0
LINE
8
BLACK
6
CONTINUOUS
10
5.6125988582677167
20
-5.8530088188976377
11
5.6146106299212599
21
-5.8584024409448814
0
LINE
8
BLACK
6
CONTINUOUS
10
5.6146106299212599
20
-5.8584024409448814
11
5.6146107086614174
21
-5.8584026377952751
0
LINE
8
BLACK
6
CONTINUOUS
10
5.6146107086614174
20
-5.8584026377952751
11
5.6180605511811024
21
-5.8630110629921255
0
LINE
8
BLACK
6
CONTINUOUS
10
5.6180605511811024
20
-5.8630110629921255
11
5.6226689763779527
21
-5.8664609055118113
0
LINE
8
BLACK
6
CONTINUOUS
10
5.6226689763779527
20
-5.8664609055118113
11
5.6226690551181102
21
-5.8664609448818901
0
LINE
8
BLACK
6
CONTINUOUS
10
5.6226690551181102
20
-5.8664609448818901
11
5.6226691338582677
21
-5.8664609842519679
0
LINE
8
BLACK
6
CONTINUOUS
10
5.6226691338582677
20
-5.8664609842519679
11
5.6229512992125983
21
-5.8665662204724409
0
LINE
8
BLACK
6
CONTINUOUS
10
5.6229512992125983
20
-5.8665662204724409
11
5.6280627952755902
21
-5.8684727559055121
0
LINE
8
BLACK
6
CONTINUOUS
10
5.6280627952755902
20
-5.8684727559055121
11
5.6280631102362202
21
-5.8684728346456696
0
LINE
8
BLACK
6
CONTINUOUS
10
5.6280631102362202
20
-5.8684728346456696
11
5.6304468503937004
21
-5.8687290944881889
0
LINE
8
BLACK
6
CONTINUOUS
10
5.6304468503937004
20
-5.8687290944881889
11
5.6304470472440942
21
-5.8687290944881889
0
LINE
8
BLACK
6
CONTINUOUS
10
5.6304470472440942
20
-5.8687290944881889
11
5.6304473228346454
21
-5.8687291338582677
0
LINE
8
BLACK
6
CONTINUOUS
10
5.6304473228346454
20
-5.8687291338582677
11
5.6306525984251969
21
-5.8687291338582677
0
LINE
8
BLACK
6
CONTINUOUS
10
5.6306525984251969
20
-5.8687291338582677
11
5.6333345275590547
21
-5.8695166141732278
0
LINE
8
BLACK
6
CONTINUOUS
10
5.6333345275590547
20
-5.8695166141732278
11
5.635164960629921
21
-5.8716290551181105
0
LINE
8
BLACK
6
CONTINUOUS
10
5.635164960629921
20
-5.8716290551181105
11
5.6355319291338581
21
-5.87279531496063
0
LINE
8
BLACK
6
CONTINUOUS
10
5.6355319291338581
20
-5.87279531496063
11
5.6355359055118113
21
-5.8728170078740156
0
LINE
8
BLACK
6
CONTINUOUS
10
5.6355359055118113
20
-5.8728170078740156
11
5.6365185826771649
21
-5.8750005511811025
0
LINE
8
BLACK
6
CONTINUOUS
10
5.6365185826771649
20
-5.8750005511811025
11
5.6366331889763774
21
-5.8752772047244095
0
LINE
8
BLACK
6
CONTINUOUS
10
5.6366331889763774
20
-5.8752772047244095
11
5.6371303937007875
21
-5.8765881102362201
0
LINE
8
BLACK
6
CONTINUOUS
10
5.6371303937007875
20
-5.8765881102362201
11
5.6374821259842518
21
-5.8775155511811024
0
LINE
8
BLACK
6
CONTINUOUS
10
5.6374821259842518
20
-5.8775155511811024
11
5.6376882283464562
21
-5.8778141338582675
0
LINE
8
BLACK
6
CONTINUOUS
10
5.6376882283464562
20
-5.8778141338582675
11
5.6377102362204727
21
-5.8778460236220473
0
LINE
8
BLACK
6
CONTINUOUS
10
5.6377102362204727
20
-5.8778460236220473
11
5.6381509842519684
21
-5.8786275196850388
0
LINE
8
BLACK
6
CONTINUOUS
10
5.6381509842519684
20
-5.8786275196850388
11
5.6383158661417321
21
-5.8789937795275593
0
LINE
8
BLACK
6
CONTINUOUS
10
5.6383158661417321
20
-5.8789937795275593
11
5.6383159448818896
21
-5.8789939370078743
0
LINE
8
BLACK
6
CONTINUOUS
10
5.6383159448818896
20
-5.8789939370078743
11
5.6397923622047239
21
-5.880878464566929
0
LINE
8
BLACK
6
CONTINUOUS
10
5.6397923622047239
20
-5.880878464566929
11
5.6399698425196849
21
-5.8811196850393701
0
LINE
8
BLACK
6
CONTINUOUS
10
5.6399698425196849
20
-5.8811196850393701
11
5.6413300393700787
21
-5.8830901968503939
0
LINE
8
BLACK
6
CONTINUOUS
10
5.6413300393700787
20
-5.8830901968503939
11
5.643122677165354
21
-5.8846783464566927
0
LINE
8
BLACK
6
CONTINUOUS
10
5.643122677165354
20
-5.8846783464566927
11
5.6433408267716532
21
-5.8848837401574805
0
LINE
8
BLACK
6
CONTINUOUS
10
5.6433408267716532
20
-5.8848837401574805
11
5.6658045275590547
21
-5.9073474409448821
0
LINE
8
BLACK
6
CONTINUOUS
10
5.6658045275590547
20
-5.9073474409448821
11
5.667144133858268
21
-5.9098006692913385
0
LINE
8
BLACK
6
CONTINUOUS
10
5.667144133858268
20
-5.9098006692913385
11
5.6669447244094489
21
-5.9125886614173231
0
LINE
8
BLACK
6
CONTINUOUS
10
5.6669447244094489
20
-5.9125886614173231
11
5.6652696456692908
21
-5.9148262992125984
0
LINE
8
BLACK
6
CONTINUOUS
10
5.6652696456692908
20
-5.9148262992125984
11
5.6626507480314956
21
-5.9158031102362205
0
LINE
8
BLACK
6
CONTINUOUS
10
5.6626507480314956
20
-5.9158031102362205
11
5.6622968503937008
21
-5.9158157480314957
0
LINE
8
BLACK
6
CONTINUOUS
10
5.6622968503937008
20
-5.9158157480314957
11
5.6544891338582675
21
-5.9158157480314957
0
LINE
8
BLACK
6
CONTINUOUS
10
5.6544891338582675
20
-5.9158157480314957
11
5.6518072047244097
21
-5.9150282677165356
0
LINE
8
BLACK
6
CONTINUOUS
10
5.6518072047244097
20
-5.9150282677165356
11
5.6509814566929135
21
-5.9143627952755908
0
LINE
8
BLACK
6
CONTINUOUS
10
5.6509814566929135
20
-5.9143627952755908
11
5.5899288188976373
21
-5.8533101574803146
0
LINE
8
BLACK
6
CONTINUOUS
10
5.5899288188976373
20
-5.8533101574803146
11
5.5897234251968504
21
-5.8530920078740154
0
LINE
8
BLACK
6
CONTINUOUS
10
5.5897234251968504
20
-5.8530920078740154
11
5.5892118110236222
21
-5.8525145275590553
0
LINE
8
BLACK
6
CONTINUOUS
10
5.5892118110236222
20
-5.8525145275590553
11
5.5881353543307082
21
-5.8512994488188976
0
LINE
8
BLACK
6
CONTINUOUS
10
5.5881353543307082
20
-5.8512994488188976
11
5.5881353149606294
21
-5.8512994094488189
0
LINE
8
BLACK
6
CONTINUOUS
10
5.5881353149606294
20
-5.8512994094488189
11
5.5881352755905507
21
-5.8512993700787401
0
LINE
8
BLACK
6
CONTINUOUS
10
5.5881352755905507
20
-5.8512993700787401
11
5.5861647637795278
21
-5.8499391732283463
0
LINE
8
BLACK
6
CONTINUOUS
10
5.5861647637795278
20
-5.8499391732283463
11
5.5859235433070866
21
-5.8497616929133853
0
LINE
8
BLACK
6
CONTINUOUS
10
5.5859235433070866
20
-5.8497616929133853
11
5.5840390157480311
21
-5.848285275590551
0
LINE
8
BLACK
6
CONTINUOUS
10
5.5840390157480311
20
-5.848285275590551
11
5.5840388582677161
21
-5.8482851968503935
0
LINE
8
BLACK
6
CONTINUOUS
10
5.5840388582677161
20
-5.8482851968503935
11
5.5836725984251965
21
-5.8481203149606298
0
LINE
8
BLACK
6
CONTINUOUS
10
5.5836725984251965
20
-5.8481203149606298
11
5.582891102362205
21
-5.8476795669291342
0
LINE
8
BLACK
6
CONTINUOUS
10
5.582891102362205
20
-5.8476795669291342
11
5.58256062992126
21
-5.8474514566929132
0
LINE
8
BLACK
6
CONTINUOUS
10
5.58256062992126
20
-5.8474514566929132
11
5.58189811023622
21
-5.8472001968503937
0
LINE
8
BLACK
6
CONTINUOUS
10
5.58189811023622
20
-5.8472001968503937
11
5.5803222834645672
21
-5.8466025196850389
0
LINE
8
BLACK
6
CONTINUOUS
10
5.5803222834645672
20
-5.8466025196850389
11
5.5800456299212593
21
-5.8464879133858263
0
LINE
8
BLACK
6
CONTINUOUS
10
5.5800456299212593
20
-5.8464879133858263
11
5.5778620866141733
21
-5.8455052362204727
0
LINE
8
BLACK
6
CONTINUOUS
10
5.5778620866141733
20
-5.8455052362204727
11
5.5778620078740158
21
-5.8455051968503939
0
LINE
8
BLACK
6
CONTINUOUS
10
5.5778620078740158
20
-5.8455051968503939
11
5.577861968503937
21
-5.8455051968503939
0
LINE
8
BLACK
6
CONTINUOUS
10
5.577861968503937
20
-5.8455051968503939
11
5.5774665748031493
21
-5.8454327165354325
0
LINE
8
BLACK
6
CONTINUOUS
10
5.5774665748031493
20
-5.8454327165354325
11
5.576602401574803
21
-5.8451917716535435
0
LINE
8
BLACK
6
CONTINUOUS
10
5.576602401574803
20
-5.8451917716535435
11
5.5762270078740155
21
-5.8450494488188971
0
LINE
8
BLACK
6
CONTINUOUS
10
5.5762270078740155
20
-5.8450494488188971
11
5.5762269685039367
21
-5.8450494094488183
0
LINE
8
BLACK
6
CONTINUOUS
10
5.5762269685039367
20
-5.8450494094488183
11
5.5762268897637792
21
-5.8450494094488183
0
LINE
8
BLACK
6
CONTINUOUS
10
5.5762268897637792
20
-5.8450494094488183
11
5.5762267322834642
21
-5.8450493700787396
0
LINE
8
BLACK
6
CONTINUOUS
10
5.5762267322834642
20
-5.8450493700787396
11
5.5738503149606302
21
-5.8447608267716538
0
LINE
8
BLACK
6
CONTINUOUS
10
5.5738503149606302
20
-5.8447608267716538
11
5.5735542913385823
21
-5.8447157480314962
0
LINE
8
BLACK
6
CONTINUOUS
10
5.5735542913385823
20
-5.8447157480314962
11
5.5720375196850389
21
-5.8444378346456691
0
LINE
8
BLACK
6
CONTINUOUS
10
5.5720375196850389
20
-5.8444378346456691
11
5.5711991732283463
21
-5.8442842125984251
0
LINE
8
BLACK
6
CONTINUOUS
10
5.5711991732283463
20
-5.8442842125984251
11
5.5711991338582676
21
-5.8442842125984251
0
LINE
8
BLACK
6
CONTINUOUS
10
5.5711991338582676
20
-5.8442842125984251
11
5.5691927952755904
21
-5.8444055511811026
0
LINE
8
BLACK
6
CONTINUOUS
10
5.5691927952755904
20
-5.8444055511811026
11
5.5688092519685037
21
-5.8444287795275587
0
LINE
8
BLACK
6
CONTINUOUS
10
5.5688092519685037
20
-5.8444287795275587
11
5.5685097244094486
21
-5.8444378346456691
0
LINE
8
BLACK
6
CONTINUOUS
10
5.5685097244094486
20
-5.8444378346456691
11
5.5423622047244097
21
-5.8444378346456691
0
LINE
8
BLACK
6
CONTINUOUS
10
5.5423622047244097
20
-5.8444378346456691
11
5.5423622047244097
21
-5.8487094488188971
0
LINE
8
BLACK
6
CONTINUOUS
10
5.5423622047244097
20
-5.8487094488188971
11
5.4823622047244092
21
-5.8487094488188971
0
LINE
8
BLACK
6
CONTINUOUS
10
5.4823622047244092
20
-5.8487094488188971
11
5.4823622047244092
21
-5.8444378346456691
0
LINE
8
BLACK
6
CONTINUOUS
10
5.4823622047244092
20
-5.8444378346456691
11
5.4673425196850394
21
-5.8444378346456691
0
LINE
8
BLACK
6
CONTINUOUS
10
5.4673425196850394
20
-5.8444378346456691
11
5.4646605905511807
21
-5.8436503543307081
0
LINE
8
BLACK
6
CONTINUOUS
10
5.4646605905511807
20
-5.8436503543307081
11
5.4628301574803144
21
-5.8415379133858263
0
LINE
8
BLACK
6
CONTINUOUS
10
5.4628301574803144
20
-5.8415379133858263
11
5.4623818897637797
21
-5.8394772047244095
0
LINE
8
BLACK
6
CONTINUOUS
10
5.4623818897637797
20
-5.8394772047244095
11
5.4623818897637797
21
-5.7867947637795272
0
LINE
8
BLACK
6
CONTINUOUS
10
5.4623818897637797
20
-5.7867947637795272
11
5.4623818503937009
21
-5.7867940944881893
0
LINE
8
BLACK
6
CONTINUOUS
10
5.4623818503937009
20
-5.7867940944881893
11
5.4621255905511807
21
-5.7844103543307082
0
LINE
8
BLACK
6
CONTINUOUS
10
5.4621255905511807
20
-5.7844103543307082
11
5.4621255118110232
21
-5.784410039370079
0
LINE
8
BLACK
6
CONTINUOUS
10
5.4621255118110232
20
-5.784410039370079
11
5.46011374015748
21
-5.7790164173228344
0
LINE
8
BLACK
6
CONTINUOUS
10
5.46011374015748
20
-5.7790164173228344
11
5.4601136614173225
21
-5.7790162204724407
0
LINE
8
BLACK
6
CONTINUOUS
10
5.4601136614173225
20
-5.7790162204724407
11
5.4566638188976375
21
-5.7744077952755903
0
LINE
8
BLACK
6
CONTINUOUS
10
5.4566638188976375
20
-5.7744077952755903
11
5.4543565748031497
21
-5.7726806299212594
0
LINE
8
BLACK
6
CONTINUOUS
10
5.4543565748031497
20
-5.7726806299212594
11
5.4526814960629917
21
-5.7704429921259841
0
LINE
8
BLACK
6
CONTINUOUS
10
5.4526814960629917
20
-5.7704429921259841
11
5.4524821259842522
21
-5.7676549606299208
0
LINE
8
BLACK
6
CONTINUOUS
10
5.4524821259842522
20
-5.7676549606299208
11
5.4538216929133858
21
-5.7652017322834643
0
LINE
8
BLACK
6
CONTINUOUS
10
5.4538216929133858
20
-5.7652017322834643
11
5.4543565748031497
21
-5.7647382677165355
0
LINE
8
BLACK
6
CONTINUOUS
10
5.4543565748031497
20
-5.7647382677165355
11
5.4566638188976375
21
-5.7630110629921258
0
LINE
8
BLACK
6
CONTINUOUS
10
5.4566638188976375
20
-5.7630110629921258
11
5.4583910236220472
21
-5.7607038188976381
0
LINE
8
BLACK
6
CONTINUOUS
10
5.4583910236220472
20
-5.7607038188976381
11
5.4606286614173225
21
-5.75902874015748
0
LINE
8
BLACK
6
CONTINUOUS
10
5.4606286614173225
20
-5.75902874015748
11
5.4634166929133858
21
-5.7588293700787396
0
LINE
8
BLACK
6
CONTINUOUS
10
5.4634166929133858
20
-5.7588293700787396
11
5.4658699212598423
21
-5.7601689370078741
0
LINE
8
BLACK
6
CONTINUOUS
10
5.4658699212598423
20
-5.7601689370078741
11
5.4663333858267711
21
-5.7607038188976381
0
LINE
8
BLACK
6
CONTINUOUS
10
5.4663333858267711
20
-5.7607038188976381
11
5.468060551181102
21
-5.7630110629921258
0
LINE
8
BLACK
6
CONTINUOUS
10
5.468060551181102
20
-5.7630110629921258
11
5.4726689763779524
21
-5.7664609055118108
0
LINE
8
BLACK
6
CONTINUOUS
10
5.4726689763779524
20
-5.7664609055118108
11
5.4726690551181099
21
-5.7664609448818895
0
LINE
8
BLACK
6
CONTINUOUS
10
5.4726690551181099
20
-5.7664609448818895
11
5.4726691338582674
21
-5.7664609842519683
0
LINE
8
BLACK
6
CONTINUOUS
10
5.4726691338582674
20
-5.7664609842519683
11
5.4748194881889765
21
-5.7672630314960625
0
LINE
8
BLACK
6
CONTINUOUS
10
5.4748194881889765
20
-5.7672630314960625
11
5.4780627952755907
21
-5.7684727559055116
0
LINE
8
BLACK
6
CONTINUOUS
10
5.4780627952755907
20
-5.7684727559055116
11
5.4780631102362207
21
-5.7684728346456691
0
LINE
8
BLACK
6
CONTINUOUS
10
5.4780631102362207
20
-5.7684728346456691
11
5.4804468503937009
21
-5.7687290944881893
0
LINE
8
BLACK
6
CONTINUOUS
10
5.4804468503937009
20
-5.7687290944881893
11
5.4804470472440947
21
-5.7687290944881893
0
LINE
8
BLACK
6
CONTINUOUS
10
5.4804470472440947
20
-5.7687290944881893
11
5.480447322834646
21
-5.768729133858268
0
LINE
8
BLACK
6
CONTINUOUS
10
5.480447322834646
20
-5.768729133858268
11
5.4804475590551176
21
-5.768729133858268
0
LINE
8
BLACK
6
CONTINUOUS
10
5.4804475590551176
20
-5.768729133858268
11
5.5442768503937003
21
-5.768729133858268
0
LINE
8
BLACK
6
CONTINUOUS
10
5.5442768503937003
20
-5.768729133858268
11
5.5442770866141728
21
-5.768729133858268
0
LINE
8
BLACK
6
CONTINUOUS
10
5.5442770866141728
20
-5.768729133858268
11
5.5442773622047241
21
-5.7687290944881893
0
LINE
8
BLACK
6
CONTINUOUS
10
5.5442773622047241
20
-5.7687290944881893
11
5.5442775196850391
21
-5.7687290944881893
0
LINE
8
BLACK
6
CONTINUOUS
10
5.5442775196850391
20
-5.7687290944881893
11
5.5466612598425193
21
-5.7684728346456691
0
LINE
8
BLACK
6
CONTINUOUS
10
5.5466612598425193
20
-5.7684728346456691
11
5.5466613779527556
21
-5.7684727952755903
0
LINE
8
BLACK
6
CONTINUOUS
10
5.5466613779527556
20
-5.7684727952755903
11
5.5466614566929131
21
-5.7684727952755903
0
LINE
8
BLACK
6
CONTINUOUS
10
5.5466614566929131
20
-5.7684727952755903
11
5.5469887007874012
21
-5.7683507480314962
0
LINE
8
BLACK
6
CONTINUOUS
10
5.5469887007874012
20
-5.7683507480314962
11
5.5474033464566928
21
-5.7681960629921258
0
LINE
8
BLACK
6
CONTINUOUS
10
5.5474033464566928
20
-5.7681960629921258
11
5.5520552755905515
21
-5.7664609842519683
0
LINE
8
BLACK
6
CONTINUOUS
10
5.5520552755905515
20
-5.7664609842519683
11
5.5543565748031494
21
-5.7647382677165355
0
LINE
8
BLACK
6
CONTINUOUS
10
5.5543565748031494
20
-5.7647382677165355
11
5.5566638188976381
21
-5.7630110629921258
0
LINE
8
BLACK
6
CONTINUOUS
10
5.5566638188976381
20
-5.7630110629921258
11
5.560113661417323
21
-5.7584026377952755
0
LINE
8
BLACK
6
CONTINUOUS
10
5.560113661417323
20
-5.7584026377952755
11
5.560113661417323
21
-5.7584025984251968
0
LINE
8
BLACK
6
CONTINUOUS
10
5.560113661417323
20
-5.7584025984251968
11
5.5601137401574805
21
-5.7584025196850392
0
LINE
8
BLACK
6
CONTINUOUS
10
5.5601137401574805
20
-5.7584025196850392
11
5.561848818897638
21
-5.7537505905511805
0
LINE
8
BLACK
6
CONTINUOUS
10
5.561848818897638
20
-5.7537505905511805
11
5.5621255118110238
21
-5.753008818897638
0
LINE
8
BLACK
6
CONTINUOUS
10
5.5621255118110238
20
-5.753008818897638
11
5.5621255905511813
21
-5.753008503937008
0
LINE
8
BLACK
6
CONTINUOUS
10
5.5621255905511813
20
-5.753008503937008
11
5.5623818503937006
21
-5.7506247637795278
0
LINE
8
BLACK
6
CONTINUOUS
10
5.5623818503937006
20
-5.7506247637795278
11
5.5623818897637793
21
-5.750624094488189
0
LINE
8
BLACK
6
CONTINUOUS
10
5.5623818897637793
20
-5.750624094488189
11
5.5623818897637793
21
-5.6867947637795275
0
LINE
8
BLACK
6
CONTINUOUS
10
5.5623818897637793
20
-5.6867947637795275
11
5.5623818503937006
21
-5.6867940944881887
0
LINE
8
BLACK
6
CONTINUOUS
10
5.5623818503937006
20
-5.6867940944881887
11
5.5621255905511813
21
-5.6844103543307085
0
LINE
8
BLACK
6
CONTINUOUS
10
5.5621255905511813
20
-5.6844103543307085
11
5.5621255118110238
21
-5.6844100393700785
0
LINE
8
BLACK
6
CONTINUOUS
10
5.5621255118110238
20
-5.6844100393700785
11
5.5601137401574805
21
-5.6790164173228348
0
LINE
8
BLACK
6
CONTINUOUS
10
5.5601137401574805
20
-5.6790164173228348
11
5.560113661417323
21
-5.679016220472441
0
LINE
8
BLACK
6
CONTINUOUS
10
5.560113661417323
20
-5.679016220472441
11
5.5566638188976381
21
-5.6744077952755907
0
LINE
8
BLACK
6
CONTINUOUS
10
5.5566638188976381
20
-5.6744077952755907
11
5.5543565748031494
21
-5.6726806299212598
0
LINE
8
BLACK
6
CONTINUOUS
10
5.5543565748031494
20
-5.6726806299212598
11
5.5526814960629922
21
-5.6704429921259845
0
LINE
8
BLACK
6
CONTINUOUS
10
5.5526814960629922
20
-5.6704429921259845
11
5.5524821259842518
21
-5.6676549606299211
0
LINE
8
BLACK
6
CONTINUOUS
10
5.5524821259842518
20
-5.6676549606299211
11
5.5538216929133855
21
-5.6652017322834647
0
LINE
8
BLACK
6
CONTINUOUS
10
5.5538216929133855
20
-5.6652017322834647
11
5.5543565748031494
21
-5.664738267716535
0
LINE
8
BLACK
6
CONTINUOUS
10
5.5543565748031494
20
-5.664738267716535
11
5.5566638188976381
21
-5.6630110629921262
0
LINE
8
BLACK
6
CONTINUOUS
10
5.5566638188976381
20
-5.6630110629921262
11
5.560113661417323
21
-5.6584026377952759
0
LINE
8
BLACK
6
CONTINUOUS
10
5.560113661417323
20
-5.6584026377952759
11
5.560113661417323
21
-5.6584025984251971
0
LINE
8
BLACK
6
CONTINUOUS
10
5.560113661417323
20
-5.6584025984251971
11
5.5601137401574805
21
-5.6584025196850396
0
LINE
8
BLACK
6
CONTINUOUS
10
5.5601137401574805
20
-5.6584025196850396
11
5.561848818897638
21
-5.6537505905511809
0
LINE
8
BLACK
6
CONTINUOUS
10
5.561848818897638
20
-5.6537505905511809
11
5.5621255118110238
21
-5.6530088188976375
0
LINE
8
BLACK
6
CONTINUOUS
10
5.5621255118110238
20
-5.6530088188976375
11
5.5621255905511813
21
-5.6530085039370075
0
LINE
8
BLACK
6
CONTINUOUS
10
5.5621255905511813
20
-5.6530085039370075
11
5.5623818503937006
21
-5.6506247637795273
0
LINE
8
BLACK
6
CONTINUOUS
10
5.5623818503937006
20
-5.6506247637795273
11
5.5623818897637793
21
-5.6506240944881885
0
LINE
8
BLACK
6
CONTINUOUS
10
5.5623818897637793
20
-5.6506240944881885
11
5.5623818897637793
21
-5.5878543307086614
0
LINE
8
BLACK
6
CONTINUOUS
10
5.5623818897637793
20
-5.5878543307086614
11
5.5631693700787404
21
-5.5851724015748028
0
LINE
8
BLACK
6
CONTINUOUS
10
5.5631693700787404
20
-5.5851724015748028
11
5.5652818110236222
21
-5.5833419685039365
0
LINE
8
BLACK
6
CONTINUOUS
10
5.5652818110236222
20
-5.5833419685039365
11
5.567342519685039
21
-5.5828937007874018
0
LINE
8
BLACK
6
CONTINUOUS
10
5.567342519685039
20
-5.5828937007874018
11
5.6073818897637793
21
-5.5828937007874018
0
LINE
8
BLACK
6
CONTINUOUS
10
5.6073818897637793
20
-5.5828937007874018
11
5.6100638188976379
21
-5.5836811811023619
0
LINE
8
BLACK
6
CONTINUOUS
10
4.6100638188976379
20
-5.5836811811023619
11
4.6118942519685042
21
-5.5857936220472437
0
LINE
8
BLACK
6
CONTINUOUS
10
4.6118942519685042
20
-5.5857936220472437
11
4.6123425196850389
21
-5.5878543307086614
0
LINE
8
BLACK
6
CONTINUOUS
10
4.6123425196850389
20
-5.5878543307086614
11
4.6123425196850389
21
-5.6506247637795273
0
LINE
8
BLACK
6
CONTINUOUS
10
4.6123425196850389
20
-5.6506247637795273
11
4.6125987795275591
21
-5.6530085039370075
0
LINE
8
BLACK
6
CONTINUOUS
10
4.6125987795275591
20
-5.6530085039370075
11
4.6125988582677167
21
-5.6530088188976375
0
LINE
8
BLACK
6
CONTINUOUS
10
4.6125988582677167
20
-5.6530088188976375
11
4.6146106299212599
21
-5.6584024409448821
0
LINE
8
BLACK
6
CONTINUOUS
10
4.6146106299212599
20
-5.6584024409448821
11
4.6146107086614174
21
-5.6584026377952759
0
LINE
8
BLACK
6
CONTINUOUS
10
4.6146107086614174
20
-5.6584026377952759
11
4.6180605905511811
21
-5.6630110629921262
0
LINE
8
BLACK
6
CONTINUOUS
10
4.6180605905511811
20
-5.6630110629921262
11
4.6203678346456689
21
-5.6647383070866137
0
LINE
8
BLACK
6
CONTINUOUS
10
4.6203678346456689
20
-5.6647383070866137
11
4.6220428740157482
21
-5.6669759448818899
0
LINE
8
BLACK
6
CONTINUOUS
10
4.6220428740157482
20
-5.6669759448818899
11
4.6222422440944877
21
-5.6697639370078736
0
LINE
8
BLACK
6
CONTINUOUS
10
4.6222422440944877
20
-5.6697639370078736
11
4.6209026771653541
21
-5.672217165354331
0
LINE
8
BLACK
6
CONTINUOUS
10
4.6209026771653541
20
-5.672217165354331
11
4.6203678346456689
21
-5.672680590551181
0
LINE
8
BLACK
6
CONTINUOUS
10
4.6203678346456689
20
-5.672680590551181
11
4.6180605905511811
21
-5.6744077952755907
0
LINE
8
BLACK
6
CONTINUOUS
10
4.6180605905511811
20
-5.6744077952755907
11
4.6146107086614174
21
-5.679016220472441
0
LINE
8
BLACK
6
CONTINUOUS
10
4.6146107086614174
20
-5.679016220472441
11
4.6146106299212599
21
-5.6790164173228348
0
LINE
8
BLACK
6
CONTINUOUS
10
4.6146106299212599
20
-5.6790164173228348
11
4.6125988582677167
21
-5.6844100393700785
0
LINE
8
BLACK
6
CONTINUOUS
10
4.6125988582677167
20
-5.6844100393700785
11
4.6125987795275591
21
-5.6844103543307085
0
LINE
8
BLACK
6
CONTINUOUS
10
4.6125987795275591
20
-5.6844103543307085
11
4.6123425196850389
21
-5.6867940944881887
0
LINE
8
BLACK
6
CONTINUOUS
10
4.6123425196850389
20
-5.6867940944881887
11
4.6123425196850389
21
-5.7506247637795278
0
LINE
8
BLACK
6
CONTINUOUS
10
4.6123425196850389
20
-5.7506247637795278
11
4.6125987795275591
21
-5.753008503937008
0
LINE
8
BLACK
6
CONTINUOUS
10
4.6125987795275591
20
-5.753008503937008
11
4.6125988582677167
21
-5.753008818897638
0
LINE
8
BLACK
6
CONTINUOUS
10
4.6125988582677167
20
-5.753008818897638
11
4.6146106299212599
21
-5.7584024409448817
0
LINE
8
BLACK
6
CONTINUOUS
10
4.6146106299212599
20
-5.7584024409448817
11
4.6146107086614174
21
-5.7584026377952755
0
LINE
8
BLACK
6
CONTINUOUS
10
4.6146107086614174
20
-5.7584026377952755
11
4.6180605905511811
21
-5.7630110629921258
0
LINE
8
BLACK
6
CONTINUOUS
10
4.6180605905511811
20
-5.7630110629921258
11
4.6203678346456689
21
-5.7647383070866143
0
LINE
8
BLACK
6
CONTINUOUS
10
4.6203678346456689
20
-5.7647383070866143
11
4.6220428740157482
21
-5.7669759448818896
0
LINE
8
BLACK
6
CONTINUOUS
10
4.6220428740157482
20
-5.7669759448818896
11
4.6222422440944877
21
-5.7697639370078742
0
LINE
8
BLACK
6
CONTINUOUS
10
4.6222422440944877
20
-5.7697639370078742
11
4.6209026771653541
21
-5.7722171653543306
0
LINE
8
BLACK
6
CONTINUOUS
10
4.6209026771653541
20
-5.7722171653543306
11
4.6203678346456689
21
-5.7726805905511807
0
LINE
8
BLACK
6
CONTINUOUS
10
4.6203678346456689
20
-5.7726805905511807
11
4.6180605905511811
21
-5.7744077952755903
0
LINE
8
BLACK
6
CONTINUOUS
10
4.6180605905511811
20
-5.7744077952755903
11
4.6146107086614174
21
-5.7790162204724407
0
LINE
8
BLACK
6
CONTINUOUS
10
4.6146107086614174
20
-5.7790162204724407
11
4.6146106299212599
21
-5.7790164173228344
0
LINE
8
BLACK
6
CONTINUOUS
10
4.6146106299212599
20
-5.7790164173228344
11
4.6125988582677167
21
-5.784410039370079
0
LINE
8
BLACK
6
CONTINUOUS
10
4.6125988582677167
20
-5.784410039370079
11
4.6125987795275591
21
-5.7844103543307082
0
LINE
8
BLACK
6
CONTINUOUS
10
4.6125987795275591
20
-5.7844103543307082
11
4.6123425196850389
21
-5.7867940944881893
0
LINE
8
BLACK
6
CONTINUOUS
10
4.6123425196850389
20
-5.7867940944881893
11
4.6123425196850389
21
-5.8506247637795274
0
LINE
8
BLACK
6
CONTINUOUS
10
4.6123425196850389
20
-5.8506247637795274
11
4.6125987795275591
21
-5.8530085039370077
0
LINE
8
BLACK
6
CONTINUOUS
10
4.6125987795275591
20
-5.8530085039370077
11
4.6125988582677167
21
-5.8530088188976377
0
LINE
8
BLACK
6
CONTINUOUS
10
4.6125988582677167
20
-5.8530088188976377
11
4.6146106299212599
21
-5.8584024409448814
0
LINE
8
BLACK
6
CONTINUOUS
10
4.6146106299212599
20
-5.8584024409448814
11
4.6146107086614174
21
-5.8584026377952751
0
LINE
8
BLACK
6
CONTINUOUS
10
4.6146107086614174
20
-5.8584026377952751
11
4.6180605511811024
21
-5.8630110629921255
0
LINE
8
BLACK
6
CONTINUOUS
10
4.6180605511811024
20
-5.8630110629921255
11
4.6226689763779527
21
-5.8664609055118113
0
LINE
8
BLACK
6
CONTINUOUS
10
4.6226689763779527
20
-5.8664609055118113
11
4.6226690551181102
21
-5.8664609448818901
0
LINE
8
BLACK
6
CONTINUOUS
10
4.6226690551181102
20
-5.8664609448818901
11
4.6226691338582677
21
-5.8664609842519679
0
LINE
8
BLACK
6
CONTINUOUS
10
4.6226691338582677
20
-5.8664609842519679
11
4.6229512992125983
21
-5.8665662204724409
0
LINE
8
BLACK
6
CONTINUOUS
10
4.6229512992125983
20
-5.8665662204724409
11
4.6280627952755902
21
-5.8684727559055121
0
LINE
8
BLACK
6
CONTINUOUS
10
4.6280627952755902
20
-5.8684727559055121
11
4.6280631102362202
21
-5.8684728346456696
0
LINE
8
BLACK
6
CONTINUOUS
10
4.6280631102362202
20
-5.8684728346456696
11
4.6304468503937004
21
-5.8687290944881889
0
LINE
8
BLACK
6
CONTINUOUS
10
4.6304468503937004
20
-5.8687290944881889
11
4.6304470472440942
21
-5.8687290944881889
0
LINE
8
BLACK
6
CONTINUOUS
10
4.6304470472440942
20
-5.8687290944881889
11
4.6304473228346454
21
-5.8687291338582677
0
LINE
8
BLACK
6
CONTINUOUS
10
4.6304473228346454
20
-5.8687291338582677
11
4.6306525984251969
21
-5.8687291338582677
0
LINE
8
BLACK
6
CONTINUOUS
10
4.6306525984251969
20
-5.8687291338582677
11
4.6333345275590547
21
-5.8695166141732278
0
LINE
8
BLACK
6
CONTINUOUS
10
4.6333345275590547
20
-5.8695166141732278
11
4.635164960629921
21
-5.8716290551181105
0
LINE
8
BLACK
6
CONTINUOUS
10
4.635164960629921
20
-5.8716290551181105
11
4.6355319291338581
21
-5.87279531496063
0
LINE
8
BLACK
6
CONTINUOUS
10
4.6355319291338581
20
-5.87279531496063
11
4.6355359055118113
21
-5.8728170078740156
0
LINE
8
BLACK
6
CONTINUOUS
10
4.6355359055118113
20
-5.8728170078740156
11
4.6365185826771649
21
-5.8750005511811025
0
LINE
8
BLACK
6
CONTINUOUS
10
4.6365185826771649
20
-5.8750005511811025
11
4.6366331889763774
21
-5.8752772047244095
0
LINE
8
BLACK
6
CONTINUOUS
10
4.6366331889763774
20
-5.8752772047244095
11
4.6371303937007875
21
-5.8765881102362201
0
LINE
8
BLACK
6
CONTINUOUS
10
4.6371303937007875
20
-5.8765881102362201
11
4.6374821259842518
21
-5.8775155511811024
0
LINE
8
BLACK
6
CONTINUOUS
10
4.6374821259842518
20
-5.8775155511811024
11
4.6376882283464562
21
-5.8778141338582675
0
LINE
8
BLACK
6
CONTINUOUS
10
4.6376882283464562
20
-5.8778141338582675
11
4.6377102362204727
21
-5.8778460236220473
0
LINE
8
BLACK
6
CONTINUOUS
10
4.6377102362204727
20
-5.8778460236220473
11
4.6381509842519684
21
-5.8786275196850388
0
LINE
8
BLACK
6
CONTINUOUS
10
4.6381509842519684
20
-5.8786275196850388
11
4.6383158661417321
21
-5.8789937795275593
0
LINE
8
BLACK
6
CONTINUOUS
10
4.6383158661417321
20
-5.8789937795275593
11
4.6383159448818896
21
-5.8789939370078743
0
LINE
8
BLACK
6
CONTINUOUS
10
4.6383159448818896
20
-5.8789939370078743
11
4.6397923622047239
21
-5.880878464566929
0
LINE
8
BLACK
6
CONTINUOUS
10
4.6397923622047239
20
-5.880878464566929
11
4.6399698425196849
21
-5.8811196850393701
0
LINE
8
BLACK
6
CONTINUOUS
10
4.6399698425196849
20
-5.8811196850393701
11
4.6413300393700787
21
-5.8830901968503939
0
LINE
8
BLACK
6
CONTINUOUS
10
4.6413300393700787
20
-5.8830901968503939
11
4.643122677165354
21
-5.8846783464566927
0
LINE
8
BLACK
6
CONTINUOUS
10
4.643122677165354
20
-5.8846783464566927
11
4.6433408267716532
21
-5.8848837401574805
0
LINE
8
BLACK
6
CONTINUOUS
10
4.6433408267716532
20
-5.8848837401574805
11
4.6445997637795271
21
-5.8861426771653544
0
LINE
8
BLACK
6
CONTINUOUS
10
4.6445997637795271
20
-5.8861426771653544
11
4.6459393700787404
21
-5.8885959055118109
0
LINE
8
BLACK
6
CONTINUOUS
10
4.6459393700787404
20
-5.8885959055118109
11
4.6457399606299212
21
-5.8913838976377955
0
LINE
8
BLACK
6
CONTINUOUS
10
4.6457399606299212
20
-5.8913838976377955
11
4.6440648818897641
21
-5.8936215354330708
0
LINE
8
BLACK
6
CONTINUOUS
10
4.6440648818897641
20
-5.8936215354330708
11
4.641445984251968
21
-5.8945983464566929
0
LINE
8
BLACK
6
CONTINUOUS
10
4.641445984251968
20
-5.8945983464566929
11
4.6410920866141732
21
-5.8946109842519681
0
LINE
8
BLACK
6
CONTINUOUS
10
4.6410920866141732
20
-5.8946109842519681
11
4.4861133464566931
21
-5.8946109842519681
0
LINE
8
BLACK
6
CONTINUOUS
10
4.4861133464566931
20
-5.8946109842519681
11
4.4834314173228345
21
-5.8938235039370079
0
LINE
8
BLACK
6
CONTINUOUS
10
4.4834314173228345
20
-5.8938235039370079
11
4.4826056692913383
21
-5.8931580314960632
0
LINE
8
BLACK
6
CONTINUOUS
10
4.4826056692913383
20
-5.8931580314960632
11
4.4596126377952752
21
-5.8701650000000001
0
LINE
8
BLACK
6
CONTINUOUS
10
4.4596126377952752
20
-5.8701650000000001
11
4.4582730314960628
21
-5.8677117716535427
0
LINE
8
BLACK
6
CONTINUOUS
10
4.4582730314960628
20
-5.8677117716535427
11
4.4584724409448819
21
-5.8649237795275591
0
LINE
8
BLACK
6
CONTINUOUS
10
4.4584724409448819
20
-5.8649237795275591
11
4.4591490157480314
21
-5.8636846062992127
0
LINE
8
BLACK
6
CONTINUOUS
10
4.4591490157480314
20
-5.8636846062992127
11
4.4616885433070861
21
-5.8602922834645668
0
LINE
8
BLACK
6
CONTINUOUS
10
4.4616885433070861
20
-5.8602922834645668
11
4.463700354330709
21
-5.8548984645669293
0
LINE
8
BLACK
6
CONTINUOUS
10
4.463700354330709
20
-5.8548984645669293
11
4.4637027165354333
21
-5.8548767322834641
0
LINE
8
BLACK
6
CONTINUOUS
10
4.4637027165354333
20
-5.8548767322834641
11
4.4639566535433071
21
-5.8525145275590553
0
LINE
8
BLACK
6
CONTINUOUS
10
4.4639566535433071
20
-5.8525145275590553
11
4.4639566929133858
21
-5.8525138582677165
0
LINE
8
BLACK
6
CONTINUOUS
10
4.4639566929133858
20
-5.8525138582677165
11
4.4639566929133858
21
-5.788684527559055
0
LINE
8
BLACK
6
CONTINUOUS
10
4.4639566929133858
20
-5.788684527559055
11
4.4639566535433071
21
-5.7886838582677163
0
LINE
8
BLACK
6
CONTINUOUS
10
4.4639566535433071
20
-5.7886838582677163
11
4.4637003937007869
21
-5.786300118110236
0
LINE
8
BLACK
6
CONTINUOUS
10
4.4637003937007869
20
-5.786300118110236
11
4.4637003149606302
21
-5.786299803149606
0
LINE
8
BLACK
6
CONTINUOUS
10
4.4637003149606302
20
-5.786299803149606
11
4.4616885433070861
21
-5.7809061811023623
0
LINE
8
BLACK
6
CONTINUOUS
10
4.4616885433070861
20
-5.7809061811023623
11
4.4616884645669295
21
-5.7809059842519686
0
LINE
8
BLACK
6
CONTINUOUS
10
4.4616884645669295
20
-5.7809059842519686
11
4.4582386220472436
21
-5.7762975590551182
0
LINE
8
BLACK
6
CONTINUOUS
10
4.4582386220472436
20
-5.7762975590551182
11
4.4559313779527558
21
-5.7745703937007873
0
LINE
8
BLACK
6
CONTINUOUS
10
4.4559313779527558
20
-5.7745703937007873
11
4.4542562992125987
21
-5.772332755905512
0
LINE
8
BLACK
6
CONTINUOUS
10
4.4542562992125987
20
-5.772332755905512
11
4.4540569291338583
21
-5.7695447244094487
0
LINE
8
BLACK
6
CONTINUOUS
10
4.4540569291338583
20
-5.7695447244094487
11
4.4553964960629919
21
-5.7670914960629922
0
LINE
8
BLACK
6
CONTINUOUS
10
4.4553964960629919
20
-5.7670914960629922
11
4.4559313779527558
21
-5.7666280314960625
0
LINE
8
BLACK
6
CONTINUOUS
10
4.4559313779527558
20
-5.7666280314960625
11
4.4582386220472436
21
-5.7649008267716537
0
LINE
8
BLACK
6
CONTINUOUS
10
4.4582386220472436
20
-5.7649008267716537
11
4.4599658267716533
21
-5.762593582677165
0
LINE
8
BLACK
6
CONTINUOUS
10
4.4599658267716533
20
-5.762593582677165
11
4.4622034645669286
21
-5.7609185039370079
0
LINE
8
BLACK
6
CONTINUOUS
10
4.4622034645669286
20
-5.7609185039370079
11
4.4649914960629919
21
-5.7607191338582675
0
LINE
8
BLACK
6
CONTINUOUS
10
4.4649914960629919
20
-5.7607191338582675
11
4.4674447244094484
21
-5.7620587007874011
0
LINE
8
BLACK
6
CONTINUOUS
10
4.4674447244094484
20
-5.7620587007874011
11
4.4679081889763781
21
-5.762593582677165
0
LINE
8
BLACK
6
CONTINUOUS
10
4.4679081889763781
20
-5.762593582677165
11
4.4696353543307081
21
-5.7649008267716537
0
LINE
8
BLACK
6
CONTINUOUS
10
4.4696353543307081
20
-5.7649008267716537
11
4.4742437795275594
21
-5.7683506692913387
0
LINE
8
BLACK
6
CONTINUOUS
10
4.4742437795275594
20
-5.7683506692913387
11
4.4742438582677169
21
-5.7683507086614174
0
LINE
8
BLACK
6
CONTINUOUS
10
4.4742438582677169
20
-5.7683507086614174
11
4.4742439370078735
21
-5.7683507480314962
0
LINE
8
BLACK
6
CONTINUOUS
10
4.4742439370078735
20
-5.7683507480314962
11
4.4765698818897635
21
-5.7692182677165356
0
LINE
8
BLACK
6
CONTINUOUS
10
4.4765698818897635
20
-5.7692182677165356
11
4.4796375984251968
21
-5.7703625196850394
0
LINE
8
BLACK
6
CONTINUOUS
10
4.4796375984251968
20
-5.7703625196850394
11
4.4796379133858268
21
-5.7703625984251969
0
LINE
8
BLACK
6
CONTINUOUS
10
4.4796379133858268
20
-5.7703625984251969
11
4.4820216535433071
21
-5.7706188582677163
0
LINE
8
BLACK
6
CONTINUOUS
10
4.4820216535433071
20
-5.7706188582677163
11
4.4820218503937008
21
-5.7706188582677163
0
LINE
8
BLACK
6
CONTINUOUS
10
4.4820218503937008
20
-5.7706188582677163
11
4.4820221259842521
21
-5.770618897637795
0
LINE
8
BLACK
6
CONTINUOUS
10
4.4820221259842521
20
-5.770618897637795
11
4.4820223622047246
21
-5.770618897637795
0
LINE
8
BLACK
6
CONTINUOUS
10
4.4820223622047246
20
-5.770618897637795
11
4.5458516535433073
21
-5.770618897637795
0
LINE
8
BLACK
6
CONTINUOUS
10
4.5458516535433073
20
-5.770618897637795
11
4.5458518897637799
21
-5.770618897637795
0
LINE
8
BLACK
6
CONTINUOUS
10
4.5458518897637799
20
-5.770618897637795
11
4.5458521653543302
21
-5.7706188582677163
0
LINE
8
BLACK
6
CONTINUOUS
10
4.5458521653543302
20
-5.7706188582677163
11
4.5458523228346452
21
-5.7706188582677163
0
LINE
8
BLACK
6
CONTINUOUS
10
4.5458523228346452
20
-5.7706188582677163
11
4.5482360629921255
21
-5.7703625984251969
0
LINE
8
BLACK
6
CONTINUOUS
10
4.5482360629921255
20
-5.7703625984251969
11
4.5482361811023617
21
-5.7703625590551182
0
LINE
8
BLACK
6
CONTINUOUS
10
4.5482361811023617
20
-5.7703625590551182
11
4.5482362598425192
21
-5.7703625590551182
0
LINE
8
BLACK
6
CONTINUOUS
10
4.5482362598425192
20
-5.7703625590551182
11
4.5536300787401576
21
-5.7683507480314962
0
LINE
8
BLACK
6
CONTINUOUS
10
4.5536300787401576
20
-5.7683507480314962
11
4.5545595669291341
21
-5.7676549606299208
0
LINE
8
BLACK
6
CONTINUOUS
10
4.5545595669291341
20
-5.7676549606299208
11
4.5582386220472442
21
-5.7649008267716537
0
LINE
8
BLACK
6
CONTINUOUS
10
4.5582386220472442
20
-5.7649008267716537
11
4.5616884645669291
21
-5.7602924015748034
0
LINE
8
BLACK
6
CONTINUOUS
10
4.5616884645669291
20
-5.7602924015748034
11
4.5616884645669291
21
-5.7602923622047246
0
LINE
8
BLACK
6
CONTINUOUS
10
4.5616884645669291
20
-5.7602923622047246
11
4.5616885433070866
21
-5.7602922834645671
0
LINE
8
BLACK
6
CONTINUOUS
10
4.5616885433070866
20
-5.7602922834645671
11
4.5637003543307086
21
-5.7548984645669288
0
LINE
8
BLACK
6
CONTINUOUS
10
4.5637003543307086
20
-5.7548984645669288
11
4.5637027165354329
21
-5.7548767322834644
0
LINE
8
BLACK
6
CONTINUOUS
10
4.5637027165354329
20
-5.7548767322834644
11
4.5639566535433067
21
-5.7525145275590548
0
LINE
8
BLACK
6
CONTINUOUS
10
4.5639566535433067
20
-5.7525145275590548
11
4.5639566929133855
21
-5.752513858267716
0
LINE
8
BLACK
6
CONTINUOUS
10
4.5639566929133855
20
-5.752513858267716
11
4.5639566929133855
21
-5.6886845275590554
0
LINE
8
BLACK
6
CONTINUOUS
10
4.5639566929133855
20
-5.6886845275590554
11
4.5639566535433067
21
-5.6886838582677166
0
LINE
8
BLACK
6
CONTINUOUS
10
4.5639566535433067
20
-5.6886838582677166
11
4.5637003937007874
21
-5.6863001181102364
0
LINE
8
BLACK
6
CONTINUOUS
10
4.5637003937007874
20
-5.6863001181102364
11
4.5637003149606299
21
-5.6862998031496064
0
LINE
8
BLACK
6
CONTINUOUS
10
4.5637003149606299
20
-5.6862998031496064
11
4.5616885433070866
21
-5.6809061811023618
0
LINE
8
BLACK
6
CONTINUOUS
10
4.5616885433070866
20
-5.6809061811023618
11
4.5616884645669291
21
-5.680905984251968
0
LINE
8
BLACK
6
CONTINUOUS
10
4.5616884645669291
20
-5.680905984251968
11
4.5582386220472442
21
-5.6762975590551177
0
LINE
8
BLACK
6
CONTINUOUS
10
4.5582386220472442
20
-5.6762975590551177
11
4.5559313779527555
21
-5.6745703937007876
0
LINE
8
BLACK
6
CONTINUOUS
10
4.5559313779527555
20
-5.6745703937007876
11
4.5542562992125983
21
-5.6723327559055114
0
LINE
8
BLACK
6
CONTINUOUS
10
4.5542562992125983
20
-5.6723327559055114
11
4.554056929133858
21
-5.669544724409449
0
LINE
8
BLACK
6
CONTINUOUS
10
4.554056929133858
20
-5.669544724409449
11
4.5553964960629925
21
-5.6670914960629917
0
LINE
8
BLACK
6
CONTINUOUS
10
4.5553964960629925
20
-5.6670914960629917
11
4.5559313779527555
21
-5.6666280314960629
0
LINE
8
BLACK
6
CONTINUOUS
10
4.5559313779527555
20
-5.6666280314960629
11
4.5582386220472442
21
-5.6649008267716532
0
LINE
8
BLACK
6
CONTINUOUS
10
4.5582386220472442
20
-5.6649008267716532
11
4.5616884645669291
21
-5.6602924015748028
0
LINE
8
BLACK
6
CONTINUOUS
10
4.5616884645669291
20
-5.6602924015748028
11
4.5616884645669291
21
-5.6602923622047241
0
LINE
8
BLACK
6
CONTINUOUS
10
4.5616884645669291
20
-5.6602923622047241
11
4.5616885433070866
21
-5.6602922834645666
0
LINE
8
BLACK
6
CONTINUOUS
10
4.5616885433070866
20
-5.6602922834645666
11
4.5637003543307086
21
-5.6548984645669291
0
LINE
8
BLACK
6
CONTINUOUS
10
4.5637003543307086
20
-5.6548984645669291
11
4.5637027165354329
21
-5.6548767322834648
0
LINE
8
BLACK
6
CONTINUOUS
10
4.5637027165354329
20
-5.6548767322834648
11
4.5639566535433067
21
-5.6525145275590551
0
LINE
8
BLACK
6
CONTINUOUS
10
4.5639566535433067
20
-5.6525145275590551
11
4.5639566929133855
21
-5.6525138582677164
0
LINE
8
BLACK
6
CONTINUOUS
10
4.5639566929133855
20
-5.6525138582677164
11
4.5639566929133855
21
-5.5886845275590549
0
LINE
8
BLACK
6
CONTINUOUS
10
4.5639566929133855
20
-5.5886845275590549
11
4.563956614173228
21
-5.5886836614173223
0
LINE
8
BLACK
6
CONTINUOUS
10
4.563956614173228
20
-5.5886836614173223
11
4.5639244881889764
21
-5.5883844881889759
0
LINE
8
BLACK
6
CONTINUOUS
10
4.5639244881889764
20
-5.5883844881889759
11
4.5644208267716531
21
-5.5856337401574798
0
LINE
8
BLACK
6
CONTINUOUS
10
4.5644208267716531
20
-5.5856337401574798
11
4.5663255511811025
21
-5.5835880708661412
0
LINE
8
BLACK
6
CONTINUOUS
10
4.5663255511811025
20
-5.5835880708661412
11
4.5688566929133856
21
-5.5828937007874018
0
LINE
8
BLACK
6
CONTINUOUS
10
4.5688566929133856
20
-5.5828937007874018
11
4.6073818897637793
21
-5.5828937007874018
0
LINE
8
BLACK
6
CONTINUOUS
10
4.6073818897637793
20
-5.5828937007874018
11
4.6100638188976379
21
-5.5836811811023619
0
LINE
8
BLACK
6
CONTINUOUS
10
6.0758882677165351
20
-5.7021801574803153
11
6.0781259055118113
21
-5.7038552362204724
0
LINE
8
BLACK
6
CONTINUOUS
10
6.0781259055118113
20
-5.7038552362204724
11
6.0791027165354325
21
-5.7064741338582676
0
LINE
8
BLACK
6
CONTINUOUS
10
6.0791027165354325
20
-5.7064741338582676
11
6.0791153543307086
21
-5.7068280314960624
0
LINE
8
BLACK
6
CONTINUOUS
10
6.0791153543307086
20
-5.7068280314960624
11
6.0791153543307086
21
-5.8776917322834645
0
LINE
8
BLACK
6
CONTINUOUS
10
6.0791153543307086
20
-5.8776917322834645
11
6.0783278740157476
21
-5.8803736614173223
0
LINE
8
BLACK
6
CONTINUOUS
10
6.0783278740157476
20
-5.8803736614173223
11
6.0762154330708658
21
-5.8822040944881886
0
LINE
8
BLACK
6
CONTINUOUS
10
6.0762154330708658
20
-5.8822040944881886
11
6.0734487401574802
21
-5.8826018897637793
0
LINE
8
BLACK
6
CONTINUOUS
10
6.0734487401574802
20
-5.8826018897637793
11
6.0709062204724411
21
-5.8814407086614171
0
LINE
8
BLACK
6
CONTINUOUS
10
6.0709062204724411
20
-5.8814407086614171
11
6.0706470472440941
21
-5.8811994094488185
0
LINE
8
BLACK
6
CONTINUOUS
10
6.0706470472440941
20
-5.8811994094488185
11
6.0454349606299207
21
-5.855987322834646
0
LINE
8
BLACK
6
CONTINUOUS
10
6.0454349606299207
20
-5.855987322834646
11
6.0452295669291338
21
-5.8557691732283459
0
LINE
8
BLACK
6
CONTINUOUS
10
6.0452295669291338
20
-5.8557691732283459
11
6.0448130708661418
21
-5.8552990551181097
0
LINE
8
BLACK
6
CONTINUOUS
10
6.0448130708661418
20
-5.8552990551181097
11
6.0436414960629916
21
-5.8539766141732281
0
LINE
8
BLACK
6
CONTINUOUS
10
6.0436414960629916
20
-5.8539766141732281
11
6.0436414566929129
21
-5.8539765748031494
0
LINE
8
BLACK
6
CONTINUOUS
10
6.0436414566929129
20
-5.8539765748031494
11
6.0436414173228341
21
-5.8539765354330706
0
LINE
8
BLACK
6
CONTINUOUS
10
6.0436414173228341
20
-5.8539765354330706
11
6.0416709055118112
21
-5.8526163385826768
0
LINE
8
BLACK
6
CONTINUOUS
10
6.0416709055118112
20
-5.8526163385826768
11
6.0414296850393701
21
-5.8524388582677167
0
LINE
8
BLACK
6
CONTINUOUS
10
6.0414296850393701
20
-5.8524388582677167
11
6.0395931102362201
21
-5.851
0
LINE
8
BLACK
6
CONTINUOUS
10
6.0395931102362201
20
-5.851
11
5.9809999999999999
21
-5.851
0
LINE
8
BLACK
6
CONTINUOUS
10
5.9809999999999999
20
-5.851
11
5.9809999999999999
21
-5.8471149999999996
0
LINE
8
BLACK
6
CONTINUOUS
10
5.9809999999999999
20
-5.8471149999999996
11
5.9659803149606301
21
-5.8471149999999996
0
LINE
8
BLACK
6
CONTINUOUS
10
5.9659803149606301
20
-5.8471149999999996
11
5.9632983858267714
21
-5.8463275196850395
0
LINE
8
BLACK
6
CONTINUOUS
10
5.9632983858267714
20
-5.8463275196850395
11
5.9614679527559051
21
-5.8442150787401577
0
LINE
8
BLACK
6
CONTINUOUS
10
5.9614679527559051
20
-5.8442150787401577
11
5.9610196850393695
21
-5.8421543700787399
0
LINE
8
BLACK
6
CONTINUOUS
10
5.9610196850393695
20
-5.8421543700787399
11
5.9610196850393695
21
-5.7890853149606301
0
LINE
8
BLACK
6
CONTINUOUS
10
5.9610196850393695
20
-5.7890853149606301
11
5.9610196456692908
21
-5.7890846456692913
0
LINE
8
BLACK
6
CONTINUOUS
10
5.9610196456692908
20
-5.7890846456692913
11
5.9607633858267715
21
-5.786700905511811
0
LINE
8
BLACK
6
CONTINUOUS
10
5.9607633858267715
20
-5.786700905511811
11
5.9607633070866139
21
-5.786700590551181
0
LINE
8
BLACK
6
CONTINUOUS
10
5.9607633070866139
20
-5.786700590551181
11
5.9587515354330707
21
-5.7813069685039364
0
LINE
8
BLACK
6
CONTINUOUS
10
5.9587515354330707
20
-5.7813069685039364
11
5.9587514566929132
21
-5.7813067716535436
0
LINE
8
BLACK
6
CONTINUOUS
10
5.9587514566929132
20
-5.7813067716535436
11
5.9553016141732282
21
-5.7766983464566932
0
LINE
8
BLACK
6
CONTINUOUS
10
5.9553016141732282
20
-5.7766983464566932
11
5.9529943700787404
21
-5.7749711811023623
0
LINE
8
BLACK
6
CONTINUOUS
10
5.9529943700787404
20
-5.7749711811023623
11
5.9513192913385824
21
-5.7727335433070861
0
LINE
8
BLACK
6
CONTINUOUS
10
5.9513192913385824
20
-5.7727335433070861
11
5.951119921259842
21
-5.7699455118110237
0
LINE
8
BLACK
6
CONTINUOUS
10
5.951119921259842
20
-5.7699455118110237
11
5.9524594881889765
21
-5.7674922834645672
0
LINE
8
BLACK
6
CONTINUOUS
10
5.9524594881889765
20
-5.7674922834645672
11
5.9529943700787404
21
-5.7670288188976375
0
LINE
8
BLACK
6
CONTINUOUS
10
5.9529943700787404
20
-5.7670288188976375
11
5.9553016141732282
21
-5.7653016141732278
0
LINE
8
BLACK
6
CONTINUOUS
10
5.9553016141732282
20
-5.7653016141732278
11
5.9570288188976379
21
-5.76299437007874
0
LINE
8
BLACK
6
CONTINUOUS
10
5.9570288188976379
20
-5.76299437007874
11
5.9592664566929132
21
-5.7613192913385829
0
LINE
8
BLACK
6
CONTINUOUS
10
5.9592664566929132
20
-5.7613192913385829
11
5.9620544881889765
21
-5.7611199212598425
0
LINE
8
BLACK
6
CONTINUOUS
10
5.9620544881889765
20
-5.7611199212598425
11
5.964507716535433
21
-5.7624594881889761
0
LINE
8
BLACK
6
CONTINUOUS
10
5.964507716535433
20
-5.7624594881889761
11
5.9649711811023618
21
-5.76299437007874
0
LINE
8
BLACK
6
CONTINUOUS
10
5.9649711811023618
20
-5.76299437007874
11
5.9666983464566927
21
-5.7653016141732278
0
LINE
8
BLACK
6
CONTINUOUS
10
5.9666983464566927
20
-5.7653016141732278
11
5.9713067716535431
21
-5.7687514566929137
0
LINE
8
BLACK
6
CONTINUOUS
10
5.9713067716535431
20
-5.7687514566929137
11
5.9713068503937006
21
-5.7687514960629924
0
LINE
8
BLACK
6
CONTINUOUS
10
5.9713068503937006
20
-5.7687514960629924
11
5.9713069291338581
21
-5.7687515354330712
0
LINE
8
BLACK
6
CONTINUOUS
10
5.9713069291338581
20
-5.7687515354330712
11
5.973189488188976
21
-5.7694537007874018
0
LINE
8
BLACK
6
CONTINUOUS
10
5.973189488188976
20
-5.7694537007874018
11
5.9767005905511805
21
-5.7707633070866144
0
LINE
8
BLACK
6
CONTINUOUS
10
5.9767005905511805
20
-5.7707633070866144
11
5.9767009055118105
21
-5.770763385826772
0
LINE
8
BLACK
6
CONTINUOUS
10
5.9767009055118105
20
-5.770763385826772
11
5.9790846456692908
21
-5.7710196456692913
0
LINE
8
BLACK
6
CONTINUOUS
10
5.9790846456692908
20
-5.7710196456692913
11
5.9790848425196845
21
-5.7710196456692913
0
LINE
8
BLACK
6
CONTINUOUS
10
5.9790848425196845
20
-5.7710196456692913
11
5.9790851181102358
21
-5.77101968503937
0
LINE
8
BLACK
6
CONTINUOUS
10
5.9790851181102358
20
-5.77101968503937
11
5.9790853543307083
21
-5.77101968503937
0
LINE
8
BLACK
6
CONTINUOUS
10
5.9790853543307083
20
-5.77101968503937
11
6.042914645669291
21
-5.77101968503937
0
LINE
8
BLACK
6
CONTINUOUS
10
6.042914645669291
20
-5.77101968503937
11
6.0429148818897636
21
-5.77101968503937
0
LINE
8
BLACK
6
CONTINUOUS
10
6.0429148818897636
20
-5.77101968503937
11
6.0429151574803148
21
-5.7710196456692913
0
LINE
8
BLACK
6
CONTINUOUS
10
6.0429151574803148
20
-5.7710196456692913
11
6.0429153149606298
21
-5.7710196456692913
0
LINE
8
BLACK
6
CONTINUOUS
10
6.0429153149606298
20
-5.7710196456692913
11
6.0452990551181101
21
-5.770763385826772
0
LINE
8
BLACK
6
CONTINUOUS
10
6.0452990551181101
20
-5.770763385826772
11
6.0452991732283463
21
-5.7707633464566932
0
LINE
8
BLACK
6
CONTINUOUS
10
6.0452991732283463
20
-5.7707633464566932
11
6.0452992519685038
21
-5.7707633464566932
0
LINE
8
BLACK
6
CONTINUOUS
10
6.0452992519685038
20
-5.7707633464566932
11
6.0457393307086615
21
-5.7705992125984249
0
LINE
8
BLACK
6
CONTINUOUS
10
6.0457393307086615
20
-5.7705992125984249
11
6.0463738976377952
21
-5.7703625196850394
0
LINE
8
BLACK
6
CONTINUOUS
10
6.0463738976377952
20
-5.7703625196850394
11
6.0506930708661413
21
-5.7687515354330712
0
LINE
8
BLACK
6
CONTINUOUS
10
6.0506930708661413
20
-5.7687515354330712
11
6.0507230708661419
21
-5.7687290944881893
0
LINE
8
BLACK
6
CONTINUOUS
10
6.0507230708661419
20
-5.7687290944881893
11
6.0553016141732279
21
-5.7653016141732278
0
LINE
8
BLACK
6
CONTINUOUS
10
6.0553016141732279
20
-5.7653016141732278
11
6.0587514566929128
21
-5.7606931889763775
0
LINE
8
BLACK
6
CONTINUOUS
10
6.0587514566929128
20
-5.7606931889763775
11
6.0587514566929128
21
-5.7606931496062987
0
LINE
8
BLACK
6
CONTINUOUS
10
6.0587514566929128
20
-5.7606931496062987
11
6.0587515354330703
21
-5.7606930708661412
0
LINE
8
BLACK
6
CONTINUOUS
10
6.0587515354330703
20
-5.7606930708661412
11
6.0607633464566923
21
-5.7552992519685038
0
LINE
8
BLACK
6
CONTINUOUS
10
6.0607633464566923
20
-5.7552992519685038
11
6.0608064566929132
21
-5.754898582677165
0
LINE
8
BLACK
6
CONTINUOUS
10
6.0608064566929132
20
-5.754898582677165
11
6.0610196456692913
21
-5.7529153149606298
0
LINE
8
BLACK
6
CONTINUOUS
10
6.0610196456692913
20
-5.7529153149606298
11
6.0610196850393701
21
-5.752914645669291
0
LINE
8
BLACK
6
CONTINUOUS
10
6.0610196850393701
20
-5.752914645669291
11
6.0610196850393701
21
-5.7150024409448816
0
LINE
8
BLACK
6
CONTINUOUS
10
6.0610196850393701
20
-5.7150024409448816
11
6.0618071653543302
21
-5.7123205118110238
0
LINE
8
BLACK
6
CONTINUOUS
10
6.0618071653543302
20
-5.7123205118110238
11
6.0624726377952758
21
-5.7114947637795277
0
LINE
8
BLACK
6
CONTINUOUS
10
6.0624726377952758
20
-5.7114947637795277
11
6.0706470472440941
21
-5.7033203543307085
0
LINE
8
BLACK
6
CONTINUOUS
10
6.0706470472440941
20
-5.7033203543307085
11
6.0731002755905514
21
-5.7019807480314961
0
LINE
8
BLACK
6
CONTINUOUS
10
6.0731002755905514
20
-5.7019807480314961
11
6.0758882677165351
21
-5.7021801574803153
0
LINE
8
BLACK
6
CONTINUOUS
10
5.3600638188976379
20
-5.5836811811023619
11
5.3618942519685042
21
-5.5857936220472437
0
LINE
8
BLACK
6
CONTINUOUS
10
5.3618942519685042
20
-5.5857936220472437
11
5.3623425196850389
21
-5.5878543307086614
0
LINE
8
BLACK
6
CONTINUOUS
10
5.3623425196850389
20
-5.5878543307086614
11
5.3623425196850389
21
-5.6506247637795273
0
LINE
8
BLACK
6
CONTINUOUS
10
5.3623425196850389
20
-5.6506247637795273
11
5.3625987795275591
21
-5.6530085039370075
0
LINE
8
BLACK
6
CONTINUOUS
10
5.3625987795275591
20
-5.6530085039370075
11
5.3625988582677167
21
-5.6530088188976375
0
LINE
8
BLACK
6
CONTINUOUS
10
5.3625988582677167
20
-5.6530088188976375
11
5.3646106299212599
21
-5.6584024409448821
0
LINE
8
BLACK
6
CONTINUOUS
10
5.3646106299212599
20
-5.6584024409448821
11
5.3646107086614174
21
-5.6584026377952759
0
LINE
8
BLACK
6
CONTINUOUS
10
5.3646107086614174
20
-5.6584026377952759
11
5.3680605905511811
21
-5.6630110629921262
0
LINE
8
BLACK
6
CONTINUOUS
10
5.3680605905511811
20
-5.6630110629921262
11
5.3703678346456689
21
-5.6647383070866137
0
LINE
8
BLACK
6
CONTINUOUS
10
5.3703678346456689
20
-5.6647383070866137
11
5.3720428740157482
21
-5.6669759448818899
0
LINE
8
BLACK
6
CONTINUOUS
10
5.3720428740157482
20
-5.6669759448818899
11
5.3722422440944877
21
-5.6697639370078736
0
LINE
8
BLACK
6
CONTINUOUS
10
5.3722422440944877
20
-5.6697639370078736
11
5.3709026771653541
21
-5.672217165354331
0
LINE
8
BLACK
6
CONTINUOUS
10
5.3709026771653541
20
-5.672217165354331
11
5.3703678346456689
21
-5.672680590551181
0
LINE
8
BLACK
6
CONTINUOUS
10
5.3703678346456689
20
-5.672680590551181
11
5.3680605905511811
21
-5.6744077952755907
0
LINE
8
BLACK
6
CONTINUOUS
10
5.3680605905511811
20
-5.6744077952755907
11
5.3646107086614174
21
-5.679016220472441
0
LINE
8
BLACK
6
CONTINUOUS
10
5.3646107086614174
20
-5.679016220472441
11
5.3646106299212599
21
-5.6790164173228348
0
LINE
8
BLACK
6
CONTINUOUS
10
5.3646106299212599
20
-5.6790164173228348
11
5.3625988582677167
21
-5.6844100393700785
0
LINE
8
BLACK
6
CONTINUOUS
10
5.3625988582677167
20
-5.6844100393700785
11
5.3625987795275591
21
-5.6844103543307085
0
LINE
8
BLACK
6
CONTINUOUS
10
5.3625987795275591
20
-5.6844103543307085
11
5.3623425196850389
21
-5.6867940944881887
0
LINE
8
BLACK
6
CONTINUOUS
10
5.3623425196850389
20
-5.6867940944881887
11
5.3623425196850389
21
-5.7506247637795278
0
LINE
8
BLACK
6
CONTINUOUS
10
5.3623425196850389
20
-5.7506247637795278
11
5.3625987795275591
21
-5.753008503937008
0
LINE
8
BLACK
6
CONTINUOUS
10
5.3625987795275591
20
-5.753008503937008
11
5.3625988582677167
21
-5.753008818897638
0
LINE
8
BLACK
6
CONTINUOUS
10
5.3625988582677167
20
-5.753008818897638
11
5.3646106299212599
21
-5.7584024409448817
0
LINE
8
BLACK
6
CONTINUOUS
10
5.3646106299212599
20
-5.7584024409448817
11
5.3646107086614174
21
-5.7584026377952755
0
LINE
8
BLACK
6
CONTINUOUS
10
5.3646107086614174
20
-5.7584026377952755
11
5.3680605905511811
21
-5.7630110629921258
0
LINE
8
BLACK
6
CONTINUOUS
10
5.3680605905511811
20
-5.7630110629921258
11
5.3703678346456689
21
-5.7647383070866143
0
LINE
8
BLACK
6
CONTINUOUS
10
5.3703678346456689
20
-5.7647383070866143
11
5.3720428740157482
21
-5.7669759448818896
0
LINE
8
BLACK
6
CONTINUOUS
10
5.3720428740157482
20
-5.7669759448818896
11
5.3722422440944877
21
-5.7697639370078742
0
LINE
8
BLACK
6
CONTINUOUS
10
5.3722422440944877
20
-5.7697639370078742
11
5.3709026771653541
21
-5.7722171653543306
0
LINE
8
BLACK
6
CONTINUOUS
10
5.3709026771653541
20
-5.7722171653543306
11
5.3703678346456689
21
-5.7726805905511807
0
LINE
8
BLACK
6
CONTINUOUS
10
5.3703678346456689
20
-5.7726805905511807
11
5.3680605905511811
21
-5.7744077952755903
0
LINE
8
BLACK
6
CONTINUOUS
10
5.3680605905511811
20
-5.7744077952755903
11
5.3646107086614174
21
-5.7790162204724407
0
LINE
8
BLACK
6
CONTINUOUS
10
5.3646107086614174
20
-5.7790162204724407
11
5.3646106299212599
21
-5.7790164173228344
0
LINE
8
BLACK
6
CONTINUOUS
10
5.3646106299212599
20
-5.7790164173228344
11
5.3625988582677167
21
-5.784410039370079
0
LINE
8
BLACK
6
CONTINUOUS
10
5.3625988582677167
20
-5.784410039370079
11
5.3625987795275591
21
-5.7844103543307082
0
LINE
8
BLACK
6
CONTINUOUS
10
5.3625987795275591
20
-5.7844103543307082
11
5.3623425196850389
21
-5.7867940944881893
0
LINE
8
BLACK
6
CONTINUOUS
10
5.3623425196850389
20
-5.7867940944881893
11
5.3623425196850389
21
-5.8506247637795274
0
LINE
8
BLACK
6
CONTINUOUS
10
5.3623425196850389
20
-5.8506247637795274
11
5.3625987795275591
21
-5.8530085039370077
0
LINE
8
BLACK
6
CONTINUOUS
10
5.3625987795275591
20
-5.8530085039370077
11
5.3625988582677167
21
-5.8530088188976377
0
LINE
8
BLACK
6
CONTINUOUS
10
5.3625988582677167
20
-5.8530088188976377
11
5.3646106299212599
21
-5.8584024409448814
0
LINE
8
BLACK
6
CONTINUOUS
10
5.3646106299212599
20
-5.8584024409448814
11
5.3646107086614174
21
-5.8584026377952751
0
LINE
8
BLACK
6
CONTINUOUS
10
5.3646107086614174
20
-5.8584026377952751
11
5.3680605511811024
21
-5.8630110629921255
0
LINE
8
BLACK
6
CONTINUOUS
10
5.3680605511811024
20
-5.8630110629921255
11
5.3726689763779527
21
-5.8664609055118113
0
LINE
8
BLACK
6
CONTINUOUS
10
5.3726689763779527
20
-5.8664609055118113
11
5.3726690551181102
21
-5.8664609448818901
0
LINE
8
BLACK
6
CONTINUOUS
10
5.3726690551181102
20
-5.8664609448818901
11
5.3726691338582677
21
-5.8664609842519679
0
LINE
8
BLACK
6
CONTINUOUS
10
5.3726691338582677
20
-5.8664609842519679
11
5.3729512992125983
21
-5.8665662204724409
0
LINE
8
BLACK
6
CONTINUOUS
10
5.3729512992125983
20
-5.8665662204724409
11
5.3780627952755902
21
-5.8684727559055121
0
LINE
8
BLACK
6
CONTINUOUS
10
5.3780627952755902
20
-5.8684727559055121
11
5.3780631102362202
21
-5.8684728346456696
0
LINE
8
BLACK
6
CONTINUOUS
10
5.3780631102362202
20
-5.8684728346456696
11
5.3804468503937004
21
-5.8687290944881889
0
LINE
8
BLACK
6
CONTINUOUS
10
5.3804468503937004
20
-5.8687290944881889
11
5.3804470472440942
21
-5.8687290944881889
0
LINE
8
BLACK
6
CONTINUOUS
10
5.3804470472440942
20
-5.8687290944881889
11
5.3804473228346454
21
-5.8687291338582677
0
LINE
8
BLACK
6
CONTINUOUS
10
5.3804473228346454
20
-5.8687291338582677
11
5.3806525984251969
21
-5.8687291338582677
0
LINE
8
BLACK
6
CONTINUOUS
10
5.3806525984251969
20
-5.8687291338582677
11
5.3833345275590547
21
-5.8695166141732278
0
LINE
8
BLACK
6
CONTINUOUS
10
5.3833345275590547
20
-5.8695166141732278
11
5.385164960629921
21
-5.8716290551181105
0
LINE
8
BLACK
6
CONTINUOUS
10
5.385164960629921
20
-5.8716290551181105
11
5.3855319291338581
21
-5.87279531496063
0
LINE
8
BLACK
6
CONTINUOUS
10
5.3855319291338581
20
-5.87279531496063
11
5.3855359055118113
21
-5.8728170078740156
0
LINE
8
BLACK
6
CONTINUOUS
10
5.3855359055118113
20
-5.8728170078740156
11
5.3859869685039365
21
-5.8738192913385827
0
LINE
8
BLACK
6
CONTINUOUS
10
5.3859869685039365
20
-5.8738192913385827
11
5.3863695275590553
21
-5.8765881102362201
0
LINE
8
BLACK
6
CONTINUOUS
10
5.3863695275590553
20
-5.8765881102362201
11
5.3851943700787404
21
-5.8791242519685039
0
LINE
8
BLACK
6
CONTINUOUS
10
5.3851943700787404
20
-5.8791242519685039
11
5.38283468503937
21
-5.8806224409448822
0
LINE
8
BLACK
6
CONTINUOUS
10
5.38283468503937
20
-5.8806224409448822
11
5.3814633464566928
21
-5.8808157480314955
0
LINE
8
BLACK
6
CONTINUOUS
10
5.3814633464566928
20
-5.8808157480314955
11
5.2659708661417319
21
-5.8808157480314955
0
LINE
8
BLACK
6
CONTINUOUS
10
5.2659708661417319
20
-5.8808157480314955
11
5.2632889370078741
21
-5.8800282677165354
0
LINE
8
BLACK
6
CONTINUOUS
10
5.2632889370078741
20
-5.8800282677165354
11
5.262463188976378
21
-5.8793627952755907
0
LINE
8
BLACK
6
CONTINUOUS
10
5.262463188976378
20
-5.8793627952755907
11
5.2138348425196845
21
-5.8307344488188972
0
LINE
8
BLACK
6
CONTINUOUS
10
5.2138348425196845
20
-5.8307344488188972
11
5.2124952362204722
21
-5.8282812204724408
0
LINE
8
BLACK
6
CONTINUOUS
10
5.2124952362204722
20
-5.8282812204724408
11
5.2123818897637797
21
-5.8272267716535433
0
LINE
8
BLACK
6
CONTINUOUS
10
5.2123818897637797
20
-5.8272267716535433
11
5.2123818897637797
21
-5.7867947637795272
0
LINE
8
BLACK
6
CONTINUOUS
10
5.2123818897637797
20
-5.7867947637795272
11
5.2123818503937009
21
-5.7867940944881893
0
LINE
8
BLACK
6
CONTINUOUS
10
5.2123818503937009
20
-5.7867940944881893
11
5.2121255905511807
21
-5.7844103543307082
0
LINE
8
BLACK
6
CONTINUOUS
10
5.2121255905511807
20
-5.7844103543307082
11
5.2121255118110232
21
-5.784410039370079
0
LINE
8
BLACK
6
CONTINUOUS
10
5.2121255118110232
20
-5.784410039370079
11
5.21011374015748
21
-5.7790164173228344
0
LINE
8
BLACK
6
CONTINUOUS
10
5.21011374015748
20
-5.7790164173228344
11
5.2101136614173225
21
-5.7790162204724407
0
LINE
8
BLACK
6
CONTINUOUS
10
5.2101136614173225
20
-5.7790162204724407
11
5.2066638188976375
21
-5.7744077952755903
0
LINE
8
BLACK
6
CONTINUOUS
10
5.2066638188976375
20
-5.7744077952755903
11
5.2043565748031497
21
-5.7726806299212594
0
LINE
8
BLACK
6
CONTINUOUS
10
5.2043565748031497
20
-5.7726806299212594
11
5.2026814960629917
21
-5.7704429921259841
0
LINE
8
BLACK
6
CONTINUOUS
10
5.2026814960629917
20
-5.7704429921259841
11
5.2024821259842522
21
-5.7676549606299208
0
LINE
8
BLACK
6
CONTINUOUS
10
5.2024821259842522
20
-5.7676549606299208
11
5.2038216929133858
21
-5.7652017322834643
0
LINE
8
BLACK
6
CONTINUOUS
10
5.2038216929133858
20
-5.7652017322834643
11
5.2043565748031497
21
-5.7647382677165355
0
LINE
8
BLACK
6
CONTINUOUS
10
5.2043565748031497
20
-5.7647382677165355
11
5.2066638188976375
21
-5.7630110629921258
0
LINE
8
BLACK
6
CONTINUOUS
10
5.2066638188976375
20
-5.7630110629921258
11
5.2083910236220472
21
-5.7607038188976381
0
LINE
8
BLACK
6
CONTINUOUS
10
5.2083910236220472
20
-5.7607038188976381
11
5.2106286614173225
21
-5.75902874015748
0
LINE
8
BLACK
6
CONTINUOUS
10
5.2106286614173225
20
-5.75902874015748
11
5.2134166929133858
21
-5.7588293700787396
0
LINE
8
BLACK
6
CONTINUOUS
10
5.2134166929133858
20
-5.7588293700787396
11
5.2158699212598423
21
-5.7601689370078741
0
LINE
8
BLACK
6
CONTINUOUS
10
5.2158699212598423
20
-5.7601689370078741
11
5.216333385826772
21
-5.7607038188976381
0
LINE
8
BLACK
6
CONTINUOUS
10
5.216333385826772
20
-5.7607038188976381
11
5.218060551181102
21
-5.7630110629921258
0
LINE
8
BLACK
6
CONTINUOUS
10
5.218060551181102
20
-5.7630110629921258
11
5.2226689763779524
21
-5.7664609055118108
0
LINE
8
BLACK
6
CONTINUOUS
10
5.2226689763779524
20
-5.7664609055118108
11
5.2226690551181099
21
-5.7664609448818895
0
LINE
8
BLACK
6
CONTINUOUS
10
5.2226690551181099
20
-5.7664609448818895
11
5.2226691338582674
21
-5.7664609842519683
0
LINE
8
BLACK
6
CONTINUOUS
10
5.2226691338582674
20
-5.7664609842519683
11
5.2248194881889765
21
-5.7672630314960625
0
LINE
8
BLACK
6
CONTINUOUS
10
5.2248194881889765
20
-5.7672630314960625
11
5.2280627952755907
21
-5.7684727559055116
0
LINE
8
BLACK
6
CONTINUOUS
10
5.2280627952755907
20
-5.7684727559055116
11
5.2280631102362207
21
-5.7684728346456691
0
LINE
8
BLACK
6
CONTINUOUS
10
5.2280631102362207
20
-5.7684728346456691
11
5.2304468503937009
21
-5.7687290944881893
0
LINE
8
BLACK
6
CONTINUOUS
10
5.2304468503937009
20
-5.7687290944881893
11
5.2304470472440947
21
-5.7687290944881893
0
LINE
8
BLACK
6
CONTINUOUS
10
5.2304470472440947
20
-5.7687290944881893
11
5.230447322834646
21
-5.768729133858268
0
LINE
8
BLACK
6
CONTINUOUS
10
5.230447322834646
20
-5.768729133858268
11
5.2304475590551176
21
-5.768729133858268
0
LINE
8
BLACK
6
CONTINUOUS
10
5.2304475590551176
20
-5.768729133858268
11
5.2942768503937003
21
-5.768729133858268
0
LINE
8
BLACK
6
CONTINUOUS
10
5.2942768503937003
20
-5.768729133858268
11
5.2942770866141728
21
-5.768729133858268
0
LINE
8
BLACK
6
CONTINUOUS
10
5.2942770866141728
20
-5.768729133858268
11
5.2942773622047241
21
-5.7687290944881893
0
LINE
8
BLACK
6
CONTINUOUS
10
5.2942773622047241
20
-5.7687290944881893
11
5.2942775196850391
21
-5.7687290944881893
0
LINE
8
BLACK
6
CONTINUOUS
10
5.2942775196850391
20
-5.7687290944881893
11
5.2966612598425193
21
-5.7684728346456691
0
LINE
8
BLACK
6
CONTINUOUS
10
5.2966612598425193
20
-5.7684728346456691
11
5.2966613779527556
21
-5.7684727952755903
0
LINE
8
BLACK
6
CONTINUOUS
10
5.2966613779527556
20
-5.7684727952755903
11
5.2966614566929131
21
-5.7684727952755903
0
LINE
8
BLACK
6
CONTINUOUS
10
5.2966614566929131
20
-5.7684727952755903
11
5.2969887007874012
21
-5.7683507480314962
0
LINE
8
BLACK
6
CONTINUOUS
10
5.2969887007874012
20
-5.7683507480314962
11
5.2974033464566928
21
-5.7681960629921258
0
LINE
8
BLACK
6
CONTINUOUS
10
5.2974033464566928
20
-5.7681960629921258
11
5.3020552755905515
21
-5.7664609842519683
0
LINE
8
BLACK
6
CONTINUOUS
10
5.3020552755905515
20
-5.7664609842519683
11
5.3043565748031494
21
-5.7647382677165355
0
LINE
8
BLACK
6
CONTINUOUS
10
5.3043565748031494
20
-5.7647382677165355
11
5.3066638188976381
21
-5.7630110629921258
0
LINE
8
BLACK
6
CONTINUOUS
10
5.3066638188976381
20
-5.7630110629921258
11
5.310113661417323
21
-5.7584026377952755
0
LINE
8
BLACK
6
CONTINUOUS
10
5.310113661417323
20
-5.7584026377952755
11
5.310113661417323
21
-5.7584025984251968
0
LINE
8
BLACK
6
CONTINUOUS
10
5.310113661417323
20
-5.7584025984251968
11
5.3101137401574805
21
-5.7584025196850392
0
LINE
8
BLACK
6
CONTINUOUS
10
5.3101137401574805
20
-5.7584025196850392
11
5.311848818897638
21
-5.7537505905511805
0
LINE
8
BLACK
6
CONTINUOUS
10
5.311848818897638
20
-5.7537505905511805
11
5.3121255118110238
21
-5.753008818897638
0
LINE
8
BLACK
6
CONTINUOUS
10
5.3121255118110238
20
-5.753008818897638
11
5.3121255905511813
21
-5.753008503937008
0
LINE
8
BLACK
6
CONTINUOUS
10
5.3121255905511813
20
-5.753008503937008
11
5.3123818503937006
21
-5.7506247637795278
0
LINE
8
BLACK
6
CONTINUOUS
10
5.3123818503937006
20
-5.7506247637795278
11
5.3123818897637793
21
-5.750624094488189
0
LINE
8
BLACK
6
CONTINUOUS
10
5.3123818897637793
20
-5.750624094488189
11
5.3123818897637793
21
-5.6867947637795275
0
LINE
8
BLACK
6
CONTINUOUS
10
5.3123818897637793
20
-5.6867947637795275
11
5.3123818503937006
21
-5.6867940944881887
0
LINE
8
BLACK
6
CONTINUOUS
10
5.3123818503937006
20
-5.6867940944881887
11
5.3121255905511813
21
-5.6844103543307085
0
LINE
8
BLACK
6
CONTINUOUS
10
5.3121255905511813
20
-5.6844103543307085
11
5.3121255118110238
21
-5.6844100393700785
0
LINE
8
BLACK
6
CONTINUOUS
10
5.3121255118110238
20
-5.6844100393700785
11
5.3101137401574805
21
-5.6790164173228348
0
LINE
8
BLACK
6
CONTINUOUS
10
5.3101137401574805
20
-5.6790164173228348
11
5.310113661417323
21
-5.679016220472441
0
LINE
8
BLACK
6
CONTINUOUS
10
5.310113661417323
20
-5.679016220472441
11
5.3066638188976381
21
-5.6744077952755907
0
LINE
8
BLACK
6
CONTINUOUS
10
5.3066638188976381
20
-5.6744077952755907
11
5.3043565748031494
21
-5.6726806299212598
0
LINE
8
BLACK
6
CONTINUOUS
10
5.3043565748031494
20
-5.6726806299212598
11
5.3026814960629922
21
-5.6704429921259845
0
LINE
8
BLACK
6
CONTINUOUS
10
5.3026814960629922
20
-5.6704429921259845
11
5.3024821259842518
21
-5.6676549606299211
0
LINE
8
BLACK
6
CONTINUOUS
10
5.3024821259842518
20
-5.6676549606299211
11
5.3038216929133855
21
-5.6652017322834647
0
LINE
8
BLACK
6
CONTINUOUS
10
5.3038216929133855
20
-5.6652017322834647
11
5.3043565748031494
21
-5.664738267716535
0
LINE
8
BLACK
6
CONTINUOUS
10
5.3043565748031494
20
-5.664738267716535
11
5.3066638188976381
21
-5.6630110629921262
0
LINE
8
BLACK
6
CONTINUOUS
10
5.3066638188976381
20
-5.6630110629921262
11
5.310113661417323
21
-5.6584026377952759
0
LINE
8
BLACK
6
CONTINUOUS
10
5.310113661417323
20
-5.6584026377952759
11
5.310113661417323
21
-5.6584025984251971
0
LINE
8
BLACK
6
CONTINUOUS
10
5.310113661417323
20
-5.6584025984251971
11
5.3101137401574805
21
-5.6584025196850396
0
LINE
8
BLACK
6
CONTINUOUS
10
5.3101137401574805
20
-5.6584025196850396
11
5.311848818897638
21
-5.6537505905511809
0
LINE
8
BLACK
6
CONTINUOUS
10
5.311848818897638
20
-5.6537505905511809
11
5.3121255118110238
21
-5.6530088188976375
0
LINE
8
BLACK
6
CONTINUOUS
10
5.3121255118110238
20
-5.6530088188976375
11
5.3121255905511813
21
-5.6530085039370075
0
LINE
8
BLACK
6
CONTINUOUS
10
5.3121255905511813
20
-5.6530085039370075
11
5.3123818503937006
21
-5.6506247637795273
0
LINE
8
BLACK
6
CONTINUOUS
10
5.3123818503937006
20
-5.6506247637795273
11
5.3123818897637793
21
-5.6506240944881885
0
LINE
8
BLACK
6
CONTINUOUS
10
5.3123818897637793
20
-5.6506240944881885
11
5.3123818897637793
21
-5.5878543307086614
0
LINE
8
BLACK
6
CONTINUOUS
10
5.3123818897637793
20
-5.5878543307086614
11
5.3131693700787404
21
-5.5851724015748028
0
LINE
8
BLACK
6
CONTINUOUS
10
5.3131693700787404
20
-5.5851724015748028
11
5.3152818110236222
21
-5.5833419685039365
0
LINE
8
BLACK
6
CONTINUOUS
10
5.3152818110236222
20
-5.5833419685039365
11
5.317342519685039
21
-5.5828937007874018
0
LINE
8
BLACK
6
CONTINUOUS
10
5.317342519685039
20
-5.5828937007874018
11
5.3573818897637793
21
-5.5828937007874018
0
LINE
8
BLACK
6
CONTINUOUS
10
5.3573818897637793
20
-5.5828937007874018
11
5.3600638188976379
21
-5.5836811811023619
0
LINE
8
BLACK
6
CONTINUOUS
10
5.8588053543307081
20
-5.5836811811023619
11
5.8606357874015744
21
-5.5857936220472437
0
LINE
8
BLACK
6
CONTINUOUS
10
5.8606357874015744
20
-5.5857936220472437
11
5.8610556299212595
21
-5.5883845275590547
0
LINE
8
BLACK
6
CONTINUOUS
10
5.8610556299212595
20
-5.5883845275590547
11
5.8610385826771649
21
-5.5885428740157481
0
LINE
8
BLACK
6
CONTINUOUS
10
5.8610385826771649
20
-5.5885428740157481
11
5.8609803149606297
21
-5.5890848425196848
0
LINE
8
BLACK
6
CONTINUOUS
10
5.8609803149606297
20
-5.5890848425196848
11
5.8609803149606297
21
-5.6529153149606302
0
LINE
8
BLACK
6
CONTINUOUS
10
5.8609803149606297
20
-5.6529153149606302
11
5.8612365748031499
21
-5.6552990551181104
0
LINE
8
BLACK
6
CONTINUOUS
10
5.8612365748031499
20
-5.6552990551181104
11
5.8612366535433074
21
-5.6552993700787404
0
LINE
8
BLACK
6
CONTINUOUS
10
5.8612366535433074
20
-5.6552993700787404
11
5.8632484251968506
21
-5.6606929921259841
0
LINE
8
BLACK
6
CONTINUOUS
10
5.8632484251968506
20
-5.6606929921259841
11
5.8632485039370081
21
-5.6606931889763779
0
LINE
8
BLACK
6
CONTINUOUS
10
5.8632485039370081
20
-5.6606931889763779
11
5.8666983858267718
21
-5.6653016141732282
0
LINE
8
BLACK
6
CONTINUOUS
10
5.8666983858267718
20
-5.6653016141732282
11
5.8690056299212596
21
-5.6670288582677166
0
LINE
8
BLACK
6
CONTINUOUS
10
5.8690056299212596
20
-5.6670288582677166
11
5.870680669291338
21
-5.6692664960629919
0
LINE
8
BLACK
6
CONTINUOUS
10
5.870680669291338
20
-5.6692664960629919
11
5.8708800393700784
21
-5.6720544881889765
0
LINE
8
BLACK
6
CONTINUOUS
10
5.8708800393700784
20
-5.6720544881889765
11
5.8695404724409448
21
-5.674507716535433
0
LINE
8
BLACK
6
CONTINUOUS
10
5.8695404724409448
20
-5.674507716535433
11
5.8690056299212596
21
-5.674971141732283
0
LINE
8
BLACK
6
CONTINUOUS
10
5.8690056299212596
20
-5.674971141732283
11
5.8666983858267718
21
-5.6766983464566927
0
LINE
8
BLACK
6
CONTINUOUS
10
5.8666983858267718
20
-5.6766983464566927
11
5.8632485039370081
21
-5.681306771653543
0
LINE
8
BLACK
6
CONTINUOUS
10
5.8632485039370081
20
-5.681306771653543
11
5.8632484251968506
21
-5.6813069685039368
0
LINE
8
BLACK
6
CONTINUOUS
10
5.8632484251968506
20
-5.6813069685039368
11
5.8612366535433074
21
-5.6867005905511814
0
LINE
8
BLACK
6
CONTINUOUS
10
5.8612366535433074
20
-5.6867005905511814
11
5.8612365748031499
21
-5.6867009055118105
0
LINE
8
BLACK
6
CONTINUOUS
10
5.8612365748031499
20
-5.6867009055118105
11
5.8609803149606297
21
-5.6890846456692916
0
LINE
8
BLACK
6
CONTINUOUS
10
5.8609803149606297
20
-5.6890846456692916
11
5.8609803149606297
21
-5.7529153149606298
0
LINE
8
BLACK
6
CONTINUOUS
10
5.8609803149606297
20
-5.7529153149606298
11
5.8612365748031499
21
-5.75529905511811
0
LINE
8
BLACK
6
CONTINUOUS
10
5.8612365748031499
20
-5.75529905511811
11
5.8612366535433074
21
-5.75529937007874
0
LINE
8
BLACK
6
CONTINUOUS
10
5.8612366535433074
20
-5.75529937007874
11
5.8632484251968506
21
-5.7606929921259837
0
LINE
8
BLACK
6
CONTINUOUS
10
5.8632484251968506
20
-5.7606929921259837
11
5.8632485039370081
21
-5.7606931889763775
0
LINE
8
BLACK
6
CONTINUOUS
10
5.8632485039370081
20
-5.7606931889763775
11
5.8666983858267718
21
-5.7653016141732278
0
LINE
8
BLACK
6
CONTINUOUS
10
5.8666983858267718
20
-5.7653016141732278
11
5.8690056299212596
21
-5.7670288582677163
0
LINE
8
BLACK
6
CONTINUOUS
10
5.8690056299212596
20
-5.7670288582677163
11
5.870680669291338
21
-5.7692664960629916
0
LINE
8
BLACK
6
CONTINUOUS
10
5.870680669291338
20
-5.7692664960629916
11
5.8708800393700784
21
-5.7720544881889762
0
LINE
8
BLACK
6
CONTINUOUS
10
5.8708800393700784
20
-5.7720544881889762
11
5.8695404724409448
21
-5.7745077165354326
0
LINE
8
BLACK
6
CONTINUOUS
10
5.8695404724409448
20
-5.7745077165354326
11
5.8690056299212596
21
-5.7749711417322835
0
LINE
8
BLACK
6
CONTINUOUS
10
5.8690056299212596
20
-5.7749711417322835
11
5.8666983858267718
21
-5.7766983464566932
0
LINE
8
BLACK
6
CONTINUOUS
10
5.8666983858267718
20
-5.7766983464566932
11
5.8632485039370081
21
-5.7813067716535436
0
LINE
8
BLACK
6
CONTINUOUS
10
5.8632485039370081
20
-5.7813067716535436
11
5.8632484251968506
21
-5.7813069685039364
0
LINE
8
BLACK
6
CONTINUOUS
10
5.8632484251968506
20
-5.7813069685039364
11
5.8612366535433074
21
-5.786700590551181
0
LINE
8
BLACK
6
CONTINUOUS
10
5.8612366535433074
20
-5.786700590551181
11
5.8612365748031499
21
-5.786700905511811
0
LINE
8
BLACK
6
CONTINUOUS
10
5.8612365748031499
20
-5.786700905511811
11
5.8609803149606297
21
-5.7890846456692913
0
LINE
8
BLACK
6
CONTINUOUS
10
5.8609803149606297
20
-5.7890846456692913
11
5.8609803149606297
21
-5.8529153149606294
0
LINE
8
BLACK
6
CONTINUOUS
10
5.8609803149606297
20
-5.8529153149606294
11
5.8612365748031499
21
-5.8552990551181097
0
LINE
8
BLACK
6
CONTINUOUS
10
5.8612365748031499
20
-5.8552990551181097
11
5.8612366535433074
21
-5.8552993700787397
0
LINE
8
BLACK
6
CONTINUOUS
10
5.8612366535433074
20
-5.8552993700787397
11
5.8632484251968506
21
-5.8606929921259843
0
LINE
8
BLACK
6
CONTINUOUS
10
5.8632484251968506
20
-5.8606929921259843
11
5.8632485039370081
21
-5.860693188976378
0
LINE
8
BLACK
6
CONTINUOUS
10
5.8632485039370081
20
-5.860693188976378
11
5.8666983464566931
21
-5.8653016141732284
0
LINE
8
BLACK
6
CONTINUOUS
10
5.8666983464566931
20
-5.8653016141732284
11
5.8713067716535434
21
-5.8687514566929133
0
LINE
8
BLACK
6
CONTINUOUS
10
5.8713067716535434
20
-5.8687514566929133
11
5.8713068503937009
21
-5.8687514566929133
0
LINE
8
BLACK
6
CONTINUOUS
10
5.8713068503937009
20
-5.8687514566929133
11
5.8713069291338584
21
-5.8687515354330708
0
LINE
8
BLACK
6
CONTINUOUS
10
5.8713069291338584
20
-5.8687515354330708
11
5.873184409448819
21
-5.8694517716535435
0
LINE
8
BLACK
6
CONTINUOUS
10
5.873184409448819
20
-5.8694517716535435
11
5.8754219685039368
21
-5.8711267716535431
0
LINE
8
BLACK
6
CONTINUOUS
10
5.8754219685039368
20
-5.8711267716535431
11
5.8763751968503932
21
-5.8735013779527554
0
LINE
8
BLACK
6
CONTINUOUS
10
5.8763751968503932
20
-5.8735013779527554
11
5.8764185826771653
21
-5.8738586614173229
0
LINE
8
BLACK
6
CONTINUOUS
10
5.8764185826771653
20
-5.8738586614173229
11
5.8764186614173228
21
-5.8738590157480317
0
LINE
8
BLACK
6
CONTINUOUS
10
5.8764186614173228
20
-5.8738590157480317
11
5.8765086220472442
21
-5.8740961811023622
0
LINE
8
BLACK
6
CONTINUOUS
10
5.8765086220472442
20
-5.8740961811023622
11
5.8767232677165353
21
-5.8768830708661417
0
LINE
8
BLACK
6
CONTINUOUS
10
5.8767232677165353
20
-5.8768830708661417
11
5.8753971259842519
21
-5.8793435826771656
0
LINE
8
BLACK
6
CONTINUOUS
10
5.8753971259842519
20
-5.8793435826771656
11
5.8729512598425195
21
-5.8806965354330707
0
LINE
8
BLACK
6
CONTINUOUS
10
5.8729512598425195
20
-5.8806965354330707
11
5.8718703149606295
21
-5.8808157480314955
0
LINE
8
BLACK
6
CONTINUOUS
10
5.8718703149606295
20
-5.8808157480314955
11
5.7202228346456687
21
-5.8808157480314955
0
LINE
8
BLACK
6
CONTINUOUS
10
5.7202228346456687
20
-5.8808157480314955
11
5.7175409055118109
21
-5.8800282677165354
0
LINE
8
BLACK
6
CONTINUOUS
10
5.7175409055118109
20
-5.8800282677165354
11
5.7167151574803148
21
-5.8793627952755907
0
LINE
8
BLACK
6
CONTINUOUS
10
5.7167151574803148
20
-5.8793627952755907
11
5.7070059448818897
21
-5.8696535826771656
0
LINE
8
BLACK
6
CONTINUOUS
10
5.7070059448818897
20
-5.8696535826771656
11
5.7056663385826774
21
-5.8672003543307083
0
LINE
8
BLACK
6
CONTINUOUS
10
5.7056663385826774
20
-5.8672003543307083
11
5.7058657480314956
21
-5.8644123622047246
0
LINE
8
BLACK
6
CONTINUOUS
10
5.7058657480314956
20
-5.8644123622047246
11
5.7065424803149609
21
-5.863173070866142
0
LINE
8
BLACK
6
CONTINUOUS
10
5.7065424803149609
20
-5.863173070866142
11
5.7066636614173225
21
-5.863011141732283
0
LINE
8
BLACK
6
CONTINUOUS
10
5.7066636614173225
20
-5.863011141732283
11
5.7066638188976375
21
-5.8630110629921255
0
LINE
8
BLACK
6
CONTINUOUS
10
5.7066638188976375
20
-5.8630110629921255
11
5.71011374015748
21
-5.8584025196850389
0
LINE
8
BLACK
6
CONTINUOUS
10
5.71011374015748
20
-5.8584025196850389
11
5.712125551181102
21
-5.8530087007874014
0
LINE
8
BLACK
6
CONTINUOUS
10
5.712125551181102
20
-5.8530087007874014
11
5.712125551181102
21
-5.8530086220472439
0
LINE
8
BLACK
6
CONTINUOUS
10
5.712125551181102
20
-5.8530086220472439
11
5.7121255905511807
21
-5.8530085039370077
0
LINE
8
BLACK
6
CONTINUOUS
10
5.7121255905511807
20
-5.8530085039370077
11
5.7123818503937009
21
-5.8506247637795274
0
LINE
8
BLACK
6
CONTINUOUS
10
5.7123818503937009
20
-5.8506247637795274
11
5.7123818897637797
21
-5.8506240944881887
0
LINE
8
BLACK
6
CONTINUOUS
10
5.7123818897637797
20
-5.8506240944881887
11
5.7123818897637797
21
-5.7867947637795272
0
LINE
8
BLACK
6
CONTINUOUS
10
5.7123818897637797
20
-5.7867947637795272
11
5.7123818503937009
21
-5.7867940944881893
0
LINE
8
BLACK
6
CONTINUOUS
10
5.7123818503937009
20
-5.7867940944881893
11
5.7121255905511807
21
-5.7844103543307082
0
LINE
8
BLACK
6
CONTINUOUS
10
5.7121255905511807
20
-5.7844103543307082
11
5.7121255118110232
21
-5.784410039370079
0
LINE
8
BLACK
6
CONTINUOUS
10
5.7121255118110232
20
-5.784410039370079
11
5.71011374015748
21
-5.7790164173228344
0
LINE
8
BLACK
6
CONTINUOUS
10
5.71011374015748
20
-5.7790164173228344
11
5.7101136614173225
21
-5.7790162204724407
0
LINE
8
BLACK
6
CONTINUOUS
10
5.7101136614173225
20
-5.7790162204724407
11
5.7066638188976375
21
-5.7744077952755903
0
LINE
8
BLACK
6
CONTINUOUS
10
5.7066638188976375
20
-5.7744077952755903
11
5.7043565748031497
21
-5.7726806299212594
0
LINE
8
BLACK
6
CONTINUOUS
10
5.7043565748031497
20
-5.7726806299212594
11
5.7026814960629917
21
-5.7704429921259841
0
LINE
8
BLACK
6
CONTINUOUS
10
5.7026814960629917
20
-5.7704429921259841
11
5.7024821259842522
21
-5.7676549606299208
0
LINE
8
BLACK
6
CONTINUOUS
10
5.7024821259842522
20
-5.7676549606299208
11
5.7038216929133858
21
-5.7652017322834643
0
LINE
8
BLACK
6
CONTINUOUS
10
5.7038216929133858
20
-5.7652017322834643
11
5.7043565748031497
21
-5.7647382677165355
0
LINE
8
BLACK
6
CONTINUOUS
10
5.7043565748031497
20
-5.7647382677165355
11
5.7066638188976375
21
-5.7630110629921258
0
LINE
8
BLACK
6
CONTINUOUS
10
5.7066638188976375
20
-5.7630110629921258
11
5.7083910236220472
21
-5.7607038188976381
0
LINE
8
BLACK
6
CONTINUOUS
10
5.7083910236220472
20
-5.7607038188976381
11
5.7106286614173225
21
-5.75902874015748
0
LINE
8
BLACK
6
CONTINUOUS
10
5.7106286614173225
20
-5.75902874015748
11
5.7134166929133858
21
-5.7588293700787396
0
LINE
8
BLACK
6
CONTINUOUS
10
5.7134166929133858
20
-5.7588293700787396
11
5.7158699212598423
21
-5.7601689370078741
0
LINE
8
BLACK
6
CONTINUOUS
10
5.7158699212598423
20
-5.7601689370078741
11
5.7163333858267711
21
-5.7607038188976381
0
LINE
8
BLACK
6
CONTINUOUS
10
5.7163333858267711
20
-5.7607038188976381
11
5.718060551181102
21
-5.7630110629921258
0
LINE
8
BLACK
6
CONTINUOUS
10
5.718060551181102
20
-5.7630110629921258
11
5.7226689763779524
21
-5.7664609055118108
0
LINE
8
BLACK
6
CONTINUOUS
10
5.7226689763779524
20
-5.7664609055118108
11
5.7226690551181099
21
-5.7664609448818895
0
LINE
8
BLACK
6
CONTINUOUS
10
5.7226690551181099
20
-5.7664609448818895
11
5.7226691338582674
21
-5.7664609842519683
0
LINE
8
BLACK
6
CONTINUOUS
10
5.7226691338582674
20
-5.7664609842519683
11
5.7248194881889765
21
-5.7672630314960625
0
LINE
8
BLACK
6
CONTINUOUS
10
5.7248194881889765
20
-5.7672630314960625
11
5.7280627952755907
21
-5.7684727559055116
0
LINE
8
BLACK
6
CONTINUOUS
10
5.7280627952755907
20
-5.7684727559055116
11
5.7280631102362207
21
-5.7684728346456691
0
LINE
8
BLACK
6
CONTINUOUS
10
5.7280631102362207
20
-5.7684728346456691
11
5.7304468503937009
21
-5.7687290944881893
0
LINE
8
BLACK
6
CONTINUOUS
10
5.7304468503937009
20
-5.7687290944881893
11
5.7304470472440947
21
-5.7687290944881893
0
LINE
8
BLACK
6
CONTINUOUS
10
5.7304470472440947
20
-5.7687290944881893
11
5.730447322834646
21
-5.768729133858268
0
LINE
8
BLACK
6
CONTINUOUS
10
5.730447322834646
20
-5.768729133858268
11
5.7304475590551176
21
-5.768729133858268
0
LINE
8
BLACK
6
CONTINUOUS
10
5.7304475590551176
20
-5.768729133858268
11
5.7942768503937003
21
-5.768729133858268
0
LINE
8
BLACK
6
CONTINUOUS
10
5.7942768503937003
20
-5.768729133858268
11
5.7942770866141728
21
-5.768729133858268
0
LINE
8
BLACK
6
CONTINUOUS
10
5.7942770866141728
20
-5.768729133858268
11
5.7942773622047241
21
-5.7687290944881893
0
LINE
8
BLACK
6
CONTINUOUS
10
5.7942773622047241
20
-5.7687290944881893
11
5.7942775196850391
21
-5.7687290944881893
0
LINE
8
BLACK
6
CONTINUOUS
10
5.7942775196850391
20
-5.7687290944881893
11
5.7966612598425193
21
-5.7684728346456691
0
LINE
8
BLACK
6
CONTINUOUS
10
5.7966612598425193
20
-5.7684728346456691
11
5.7966613779527556
21
-5.7684727952755903
0
LINE
8
BLACK
6
CONTINUOUS
10
5.7966613779527556
20
-5.7684727952755903
11
5.7966614566929131
21
-5.7684727952755903
0
LINE
8
BLACK
6
CONTINUOUS
10
5.7966614566929131
20
-5.7684727952755903
11
5.7969887007874012
21
-5.7683507480314962
0
LINE
8
BLACK
6
CONTINUOUS
10
5.7969887007874012
20
-5.7683507480314962
11
5.7974033464566928
21
-5.7681960629921258
0
LINE
8
BLACK
6
CONTINUOUS
10
5.7974033464566928
20
-5.7681960629921258
11
5.8020552755905515
21
-5.7664609842519683
0
LINE
8
BLACK
6
CONTINUOUS
10
5.8020552755905515
20
-5.7664609842519683
11
5.8043565748031494
21
-5.7647382677165355
0
LINE
8
BLACK
6
CONTINUOUS
10
5.8043565748031494
20
-5.7647382677165355
11
5.8066638188976381
21
-5.7630110629921258
0
LINE
8
BLACK
6
CONTINUOUS
10
5.8066638188976381
20
-5.7630110629921258
11
5.810113661417323
21
-5.7584026377952755
0
LINE
8
BLACK
6
CONTINUOUS
10
5.810113661417323
20
-5.7584026377952755
11
5.810113661417323
21
-5.7584025984251968
0
LINE
8
BLACK
6
CONTINUOUS
10
5.810113661417323
20
-5.7584025984251968
11
5.8101137401574805
21
-5.7584025196850392
0
LINE
8
BLACK
6
CONTINUOUS
10
5.8101137401574805
20
-5.7584025196850392
11
5.811848818897638
21
-5.7537505905511805
0
LINE
8
BLACK
6
CONTINUOUS
10
5.811848818897638
20
-5.7537505905511805
11
5.8121255118110238
21
-5.753008818897638
0
LINE
8
BLACK
6
CONTINUOUS
10
5.8121255118110238
20
-5.753008818897638
11
5.8121255905511813
21
-5.753008503937008
0
LINE
8
BLACK
6
CONTINUOUS
10
5.8121255905511813
20
-5.753008503937008
11
5.8123818503937006
21
-5.7506247637795278
0
LINE
8
BLACK
6
CONTINUOUS
10
5.8123818503937006
20
-5.7506247637795278
11
5.8123818897637793
21
-5.750624094488189
0
LINE
8
BLACK
6
CONTINUOUS
10
5.8123818897637793
20
-5.750624094488189
11
5.8123818897637793
21
-5.6867947637795275
0
LINE
8
BLACK
6
CONTINUOUS
10
5.8123818897637793
20
-5.6867947637795275
11
5.8123818503937006
21
-5.6867940944881887
0
LINE
8
BLACK
6
CONTINUOUS
10
5.8123818503937006
20
-5.6867940944881887
11
5.8121255905511813
21
-5.6844103543307085
0
LINE
8
BLACK
6
CONTINUOUS
10
5.8121255905511813
20
-5.6844103543307085
11
5.8121255118110238
21
-5.6844100393700785
0
LINE
8
BLACK
6
CONTINUOUS
10
5.8121255118110238
20
-5.6844100393700785
11
5.8101137401574805
21
-5.6790164173228348
0
LINE
8
BLACK
6
CONTINUOUS
10
5.8101137401574805
20
-5.6790164173228348
11
5.810113661417323
21
-5.679016220472441
0
LINE
8
BLACK
6
CONTINUOUS
10
5.810113661417323
20
-5.679016220472441
11
5.8066638188976381
21
-5.6744077952755907
0
LINE
8
BLACK
6
CONTINUOUS
10
5.8066638188976381
20
-5.6744077952755907
11
5.8043565748031494
21
-5.6726806299212598
0
LINE
8
BLACK
6
CONTINUOUS
10
5.8043565748031494
20
-5.6726806299212598
11
5.8026814960629922
21
-5.6704429921259845
0
LINE
8
BLACK
6
CONTINUOUS
10
5.8026814960629922
20
-5.6704429921259845
11
5.8024821259842518
21
-5.6676549606299211
0
LINE
8
BLACK
6
CONTINUOUS
10
5.8024821259842518
20
-5.6676549606299211
11
5.8038216929133855
21
-5.6652017322834647
0
LINE
8
BLACK
6
CONTINUOUS
10
5.8038216929133855
20
-5.6652017322834647
11
5.8043565748031494
21
-5.664738267716535
0
LINE
8
BLACK
6
CONTINUOUS
10
5.8043565748031494
20
-5.664738267716535
11
5.8066638188976381
21
-5.6630110629921262
0
LINE
8
BLACK
6
CONTINUOUS
10
5.8066638188976381
20
-5.6630110629921262
11
5.810113661417323
21
-5.6584026377952759
0
LINE
8
BLACK
6
CONTINUOUS
10
5.810113661417323
20
-5.6584026377952759
11
5.810113661417323
21
-5.6584025984251971
0
LINE
8
BLACK
6
CONTINUOUS
10
5.810113661417323
20
-5.6584025984251971
11
5.8101137401574805
21
-5.6584025196850396
0
LINE
8
BLACK
6
CONTINUOUS
10
5.8101137401574805
20
-5.6584025196850396
11
5.811848818897638
21
-5.6537505905511809
0
LINE
8
BLACK
6
CONTINUOUS
10
5.811848818897638
20
-5.6537505905511809
11
5.8121255118110238
21
-5.6530088188976375
0
LINE
8
BLACK
6
CONTINUOUS
10
5.8121255118110238
20
-5.6530088188976375
11
5.8121255905511813
21
-5.6530085039370075
0
LINE
8
BLACK
6
CONTINUOUS
10
5.8121255905511813
20
-5.6530085039370075
11
5.8123818503937006
21
-5.6506247637795273
0
LINE
8
BLACK
6
CONTINUOUS
10
5.8123818503937006
20
-5.6506247637795273
11
5.8123818897637793
21
-5.6506240944881885
0
LINE
8
BLACK
6
CONTINUOUS
10
5.8123818897637793
20
-5.6506240944881885
11
5.8123818897637793
21
-5.5878543307086614
0
LINE
8
BLACK
6
CONTINUOUS
10
5.8123818897637793
20
-5.5878543307086614
11
5.8131693700787404
21
-5.5851724015748028
0
LINE
8
BLACK
6
CONTINUOUS
10
5.8131693700787404
20
-5.5851724015748028
11
5.8152818110236222
21
-5.5833419685039365
0
LINE
8
BLACK
6
CONTINUOUS
10
5.8152818110236222
20
-5.5833419685039365
11
5.817342519685039
21
-5.5828937007874018
0
LINE
8
BLACK
6
CONTINUOUS
10
5.817342519685039
20
-5.5828937007874018
11
5.8561234251968504
21
-5.5828937007874018
0
LINE
8
BLACK
6
CONTINUOUS
10
5.8561234251968504
20
-5.5828937007874018
11
5.8588053543307081
21
-5.5836811811023619
0
LINE
8
BLACK
6
CONTINUOUS
10
4.8568350787401577
20
-5.5836811811023619
11
4.8586655118110231
21
-5.5857936220472437
0
LINE
8
BLACK
6
CONTINUOUS
10
4.8586655118110231
20
-5.5857936220472437
11
4.8590853543307082
21
-5.5883845275590547
0
LINE
8
BLACK
6
CONTINUOUS
10
4.8590853543307082
20
-5.5883845275590547
11
4.8587992519685042
21
-5.5910459448818894
0
LINE
8
BLACK
6
CONTINUOUS
10
4.8587992519685042
20
-5.5910459448818894
11
4.8587992125984254
21
-5.5910467322834645
0
LINE
8
BLACK
6
CONTINUOUS
10
4.8587992125984254
20
-5.5910467322834645
11
4.8587992125984254
21
-5.6548767322834648
0
LINE
8
BLACK
6
CONTINUOUS
10
4.8587992125984254
20
-5.6548767322834648
11
4.8590554724409447
21
-5.657260472440945
0
LINE
8
BLACK
6
CONTINUOUS
10
4.8590554724409447
20
-5.657260472440945
11
4.8590555511811022
21
-5.657260787401575
0
LINE
8
BLACK
6
CONTINUOUS
10
4.8590555511811022
20
-5.657260787401575
11
4.8610673228346455
21
-5.6626544094488187
0
LINE
8
BLACK
6
CONTINUOUS
10
4.8610673228346455
20
-5.6626544094488187
11
4.861067401574803
21
-5.6626546062992125
0
LINE
8
BLACK
6
CONTINUOUS
10
4.861067401574803
20
-5.6626546062992125
11
4.8645172834645667
21
-5.6672630314960628
0
LINE
8
BLACK
6
CONTINUOUS
10
4.8645172834645667
20
-5.6672630314960628
11
4.8668245275590554
21
-5.6689902755905512
0
LINE
8
BLACK
6
CONTINUOUS
10
4.8668245275590554
20
-5.6689902755905512
11
4.8684995669291338
21
-5.6712279133858265
0
LINE
8
BLACK
6
CONTINUOUS
10
4.8684995669291338
20
-5.6712279133858265
11
4.8686989370078742
21
-5.6740159055118111
0
LINE
8
BLACK
6
CONTINUOUS
10
4.8686989370078742
20
-5.6740159055118111
11
4.8673593700787396
21
-5.6764691338582676
0
LINE
8
BLACK
6
CONTINUOUS
10
4.8673593700787396
20
-5.6764691338582676
11
4.8668245275590554
21
-5.6769325590551176
0
LINE
8
BLACK
6
CONTINUOUS
10
4.8668245275590554
20
-5.6769325590551176
11
4.8645172834645667
21
-5.6786597637795273
0
LINE
8
BLACK
6
CONTINUOUS
10
4.8645172834645667
20
-5.6786597637795273
11
4.861067401574803
21
-5.6832681889763776
0
LINE
8
BLACK
6
CONTINUOUS
10
4.861067401574803
20
-5.6832681889763776
11
4.8610673228346455
21
-5.6832683858267714
0
LINE
8
BLACK
6
CONTINUOUS
10
4.8610673228346455
20
-5.6832683858267714
11
4.8590555511811022
21
-5.688662007874016
0
LINE
8
BLACK
6
CONTINUOUS
10
4.8590555511811022
20
-5.688662007874016
11
4.8590554724409447
21
-5.6886623228346451
0
LINE
8
BLACK
6
CONTINUOUS
10
4.8590554724409447
20
-5.6886623228346451
11
4.8587992125984254
21
-5.6910460629921262
0
LINE
8
BLACK
6
CONTINUOUS
10
4.8587992125984254
20
-5.6910460629921262
11
4.8587992125984254
21
-5.7548767322834644
0
LINE
8
BLACK
6
CONTINUOUS
10
4.8587992125984254
20
-5.7548767322834644
11
4.8590554724409447
21
-5.7572604724409446
0
LINE
8
BLACK
6
CONTINUOUS
10
4.8590554724409447
20
-5.7572604724409446
11
4.8590555511811022
21
-5.7572607874015747
0
LINE
8
BLACK
6
CONTINUOUS
10
4.8590555511811022
20
-5.7572607874015747
11
4.8610673228346455
21
-5.7626544094488183
0
LINE
8
BLACK
6
CONTINUOUS
10
4.8610673228346455
20
-5.7626544094488183
11
4.861067401574803
21
-5.7626546062992121
0
LINE
8
BLACK
6
CONTINUOUS
10
4.861067401574803
20
-5.7626546062992121
11
4.8645172834645667
21
-5.7672630314960625
0
LINE
8
BLACK
6
CONTINUOUS
10
4.8645172834645667
20
-5.7672630314960625
11
4.8668245275590554
21
-5.7689902755905509
0
LINE
8
BLACK
6
CONTINUOUS
10
4.8668245275590554
20
-5.7689902755905509
11
4.8684995669291338
21
-5.7712279133858271
0
LINE
8
BLACK
6
CONTINUOUS
10
4.8684995669291338
20
-5.7712279133858271
11
4.8686989370078742
21
-5.7740159055118108
0
LINE
8
BLACK
6
CONTINUOUS
10
4.8686989370078742
20
-5.7740159055118108
11
4.8673593700787396
21
-5.7764691338582672
0
LINE
8
BLACK
6
CONTINUOUS
10
4.8673593700787396
20
-5.7764691338582672
11
4.8668245275590554
21
-5.7769325590551182
0
LINE
8
BLACK
6
CONTINUOUS
10
4.8668245275590554
20
-5.7769325590551182
11
4.8645172834645667
21
-5.7786597637795278
0
LINE
8
BLACK
6
CONTINUOUS
10
4.8645172834645667
20
-5.7786597637795278
11
4.861067401574803
21
-5.7832681889763782
0
LINE
8
BLACK
6
CONTINUOUS
10
4.861067401574803
20
-5.7832681889763782
11
4.8610673228346455
21
-5.7832683858267719
0
LINE
8
BLACK
6
CONTINUOUS
10
4.8610673228346455
20
-5.7832683858267719
11
4.8590555511811022
21
-5.7886620078740156
0
LINE
8
BLACK
6
CONTINUOUS
10
4.8590555511811022
20
-5.7886620078740156
11
4.8590554724409447
21
-5.7886623228346457
0
LINE
8
BLACK
6
CONTINUOUS
10
4.8590554724409447
20
-5.7886623228346457
11
4.8587992125984254
21
-5.7910460629921259
0
LINE
8
BLACK
6
CONTINUOUS
10
4.8587992125984254
20
-5.7910460629921259
11
4.8587992125984254
21
-5.8548767322834641
0
LINE
8
BLACK
6
CONTINUOUS
10
4.8587992125984254
20
-5.8548767322834641
11
4.8590887007874013
21
-5.8575692519685036
0
LINE
8
BLACK
6
CONTINUOUS
10
4.8590887007874013
20
-5.8575692519685036
11
4.8589666535433071
21
-5.8575823622047238
0
LINE
8
BLACK
6
CONTINUOUS
10
4.8589666535433071
20
-5.8575823622047238
11
4.858847007874016
21
-5.859805275590551
0
LINE
8
BLACK
6
CONTINUOUS
10
4.858847007874016
20
-5.859805275590551
11
4.8572116141732282
21
-5.8620720472440944
0
LINE
8
BLACK
6
CONTINUOUS
10
4.8572116141732282
20
-5.8620720472440944
11
4.8546103149606301
21
-5.8630948425196845
0
LINE
8
BLACK
6
CONTINUOUS
10
4.8546103149606301
20
-5.8630948425196845
11
4.8541693307086611
21
-5.8631144881889758
0
LINE
8
BLACK
6
CONTINUOUS
10
4.8541693307086611
20
-5.8631144881889758
11
4.7155009448818896
21
-5.8631144881889758
0
LINE
8
BLACK
6
CONTINUOUS
10
4.7155009448818896
20
-5.8631144881889758
11
4.712819015748031
21
-5.8623270078740157
0
LINE
8
BLACK
6
CONTINUOUS
10
4.712819015748031
20
-5.8623270078740157
11
4.7109885826771656
21
-5.8602145669291339
0
LINE
8
BLACK
6
CONTINUOUS
10
4.7109885826771656
20
-5.8602145669291339
11
4.7105907874015749
21
-5.8574478740157483
0
LINE
8
BLACK
6
CONTINUOUS
10
4.7105907874015749
20
-5.8574478740157483
11
4.7108530708661416
21
-5.8564202755905512
0
LINE
8
BLACK
6
CONTINUOUS
10
4.7108530708661416
20
-5.8564202755905512
11
4.7110542125984249
21
-5.8558810236220475
0
LINE
8
BLACK
6
CONTINUOUS
10
4.7110542125984249
20
-5.8558810236220475
11
4.712125551181102
21
-5.8530087007874014
0
LINE
8
BLACK
6
CONTINUOUS
10
4.712125551181102
20
-5.8530087007874014
11
4.7121356692913388
21
-5.8529148818897641
0
LINE
8
BLACK
6
CONTINUOUS
10
4.7121356692913388
20
-5.8529148818897641
11
4.7123818503937009
21
-5.8506247637795274
0
LINE
8
BLACK
6
CONTINUOUS
10
4.7123818503937009
20
-5.8506247637795274
11
4.7123818897637797
21
-5.8506240944881887
0
LINE
8
BLACK
6
CONTINUOUS
10
4.7123818897637797
20
-5.8506240944881887
11
4.7123818897637797
21
-5.7867947637795272
0
LINE
8
BLACK
6
CONTINUOUS
10
4.7123818897637797
20
-5.7867947637795272
11
4.7123818503937009
21
-5.7867940944881893
0
LINE
8
BLACK
6
CONTINUOUS
10
4.7123818503937009
20
-5.7867940944881893
11
4.7121255905511807
21
-5.7844103543307082
0
LINE
8
BLACK
6
CONTINUOUS
10
4.7121255905511807
20
-5.7844103543307082
11
4.7121255118110232
21
-5.784410039370079
0
LINE
8
BLACK
6
CONTINUOUS
10
4.7121255118110232
20
-5.784410039370079
11
4.71011374015748
21
-5.7790164173228344
0
LINE
8
BLACK
6
CONTINUOUS
10
4.71011374015748
20
-5.7790164173228344
11
4.7101136614173225
21
-5.7790162204724407
0
LINE
8
BLACK
6
CONTINUOUS
10
4.7101136614173225
20
-5.7790162204724407
11
4.7066638188976375
21
-5.7744077952755903
0
LINE
8
BLACK
6
CONTINUOUS
10
4.7066638188976375
20
-5.7744077952755903
11
4.7043565748031497
21
-5.7726806299212594
0
LINE
8
BLACK
6
CONTINUOUS
10
4.7043565748031497
20
-5.7726806299212594
11
4.7026814960629917
21
-5.7704429921259841
0
LINE
8
BLACK
6
CONTINUOUS
10
4.7026814960629917
20
-5.7704429921259841
11
4.7024821259842522
21
-5.7676549606299208
0
LINE
8
BLACK
6
CONTINUOUS
10
4.7024821259842522
20
-5.7676549606299208
11
4.7038216929133858
21
-5.7652017322834643
0
LINE
8
BLACK
6
CONTINUOUS
10
4.7038216929133858
20
-5.7652017322834643
11
4.7043565748031497
21
-5.7647382677165355
0
LINE
8
BLACK
6
CONTINUOUS
10
4.7043565748031497
20
-5.7647382677165355
11
4.7066638188976375
21
-5.7630110629921258
0
LINE
8
BLACK
6
CONTINUOUS
10
4.7066638188976375
20
-5.7630110629921258
11
4.7083910236220472
21
-5.7607038188976381
0
LINE
8
BLACK
6
CONTINUOUS
10
4.7083910236220472
20
-5.7607038188976381
11
4.7106286614173225
21
-5.75902874015748
0
LINE
8
BLACK
6
CONTINUOUS
10
4.7106286614173225
20
-5.75902874015748
11
4.7134166929133858
21
-5.7588293700787396
0
LINE
8
BLACK
6
CONTINUOUS
10
4.7134166929133858
20
-5.7588293700787396
11
4.7158699212598423
21
-5.7601689370078741
0
LINE
8
BLACK
6
CONTINUOUS
10
4.7158699212598423
20
-5.7601689370078741
11
4.716333385826772
21
-5.7607038188976381
0
LINE
8
BLACK
6
CONTINUOUS
10
4.716333385826772
20
-5.7607038188976381
11
4.718060551181102
21
-5.7630110629921258
0
LINE
8
BLACK
6
CONTINUOUS
10
4.718060551181102
20
-5.7630110629921258
11
4.7226689763779524
21
-5.7664609055118108
0
LINE
8
BLACK
6
CONTINUOUS
10
4.7226689763779524
20
-5.7664609055118108
11
4.7226690551181099
21
-5.7664609448818895
0
LINE
8
BLACK
6
CONTINUOUS
10
4.7226690551181099
20
-5.7664609448818895
11
4.7226691338582674
21
-5.7664609842519683
0
LINE
8
BLACK
6
CONTINUOUS
10
4.7226691338582674
20
-5.7664609842519683
11
4.7248194881889765
21
-5.7672630314960625
0
LINE
8
BLACK
6
CONTINUOUS
10
4.7248194881889765
20
-5.7672630314960625
11
4.7280627952755907
21
-5.7684727559055116
0
LINE
8
BLACK
6
CONTINUOUS
10
4.7280627952755907
20
-5.7684727559055116
11
4.7280631102362207
21
-5.7684728346456691
0
LINE
8
BLACK
6
CONTINUOUS
10
4.7280631102362207
20
-5.7684728346456691
11
4.7304468503937009
21
-5.7687290944881893
0
LINE
8
BLACK
6
CONTINUOUS
10
4.7304468503937009
20
-5.7687290944881893
11
4.7304470472440947
21
-5.7687290944881893
0
LINE
8
BLACK
6
CONTINUOUS
10
4.7304470472440947
20
-5.7687290944881893
11
4.730447322834646
21
-5.768729133858268
0
LINE
8
BLACK
6
CONTINUOUS
10
4.730447322834646
20
-5.768729133858268
11
4.7304475590551176
21
-5.768729133858268
0
LINE
8
BLACK
6
CONTINUOUS
10
4.7304475590551176
20
-5.768729133858268
11
4.7942768503937003
21
-5.768729133858268
0
LINE
8
BLACK
6
CONTINUOUS
10
4.7942768503937003
20
-5.768729133858268
11
4.7942770866141728
21
-5.768729133858268
0
LINE
8
BLACK
6
CONTINUOUS
10
4.7942770866141728
20
-5.768729133858268
11
4.7942773622047241
21
-5.7687290944881893
0
LINE
8
BLACK
6
CONTINUOUS
10
4.7942773622047241
20
-5.7687290944881893
11
4.7942775196850391
21
-5.7687290944881893
0
LINE
8
BLACK
6
CONTINUOUS
10
4.7942775196850391
20
-5.7687290944881893
11
4.7966612598425193
21
-5.7684728346456691
0
LINE
8
BLACK
6
CONTINUOUS
10
4.7966612598425193
20
-5.7684728346456691
11
4.7966613779527556
21
-5.7684727952755903
0
LINE
8
BLACK
6
CONTINUOUS
10
4.7966613779527556
20
-5.7684727952755903
11
4.7966614566929131
21
-5.7684727952755903
0
LINE
8
BLACK
6
CONTINUOUS
10
4.7966614566929131
20
-5.7684727952755903
11
4.7969887007874012
21
-5.7683507480314962
0
LINE
8
BLACK
6
CONTINUOUS
10
4.7969887007874012
20
-5.7683507480314962
11
4.7974033464566928
21
-5.7681960629921258
0
LINE
8
BLACK
6
CONTINUOUS
10
4.7974033464566928
20
-5.7681960629921258
11
4.8020552755905515
21
-5.7664609842519683
0
LINE
8
BLACK
6
CONTINUOUS
10
4.8020552755905515
20
-5.7664609842519683
11
4.8043565748031494
21
-5.7647382677165355
0
LINE
8
BLACK
6
CONTINUOUS
10
4.8043565748031494
20
-5.7647382677165355
11
4.8066638188976381
21
-5.7630110629921258
0
LINE
8
BLACK
6
CONTINUOUS
10
4.8066638188976381
20
-5.7630110629921258
11
4.810113661417323
21
-5.7584026377952755
0
LINE
8
BLACK
6
CONTINUOUS
10
4.810113661417323
20
-5.7584026377952755
11
4.810113661417323
21
-5.7584025984251968
0
LINE
8
BLACK
6
CONTINUOUS
10
4.810113661417323
20
-5.7584025984251968
11
4.8101137401574805
21
-5.7584025196850392
0
LINE
8
BLACK
6
CONTINUOUS
10
4.8101137401574805
20
-5.7584025196850392
11
4.811848818897638
21
-5.7537505905511805
0
LINE
8
BLACK
6
CONTINUOUS
10
4.811848818897638
20
-5.7537505905511805
11
4.8121255118110238
21
-5.753008818897638
0
LINE
8
BLACK
6
CONTINUOUS
10
4.8121255118110238
20
-5.753008818897638
11
4.8121255905511813
21
-5.753008503937008
0
LINE
8
BLACK
6
CONTINUOUS
10
4.8121255905511813
20
-5.753008503937008
11
4.8123818503937006
21
-5.7506247637795278
0
LINE
8
BLACK
6
CONTINUOUS
10
4.8123818503937006
20
-5.7506247637795278
11
4.8123818897637793
21
-5.750624094488189
0
LINE
8
BLACK
6
CONTINUOUS
10
4.8123818897637793
20
-5.750624094488189
11
4.8123818897637793
21
-5.6867947637795275
0
LINE
8
BLACK
6
CONTINUOUS
10
4.8123818897637793
20
-5.6867947637795275
11
4.8123818503937006
21
-5.6867940944881887
0
LINE
8
BLACK
6
CONTINUOUS
10
4.8123818503937006
20
-5.6867940944881887
11
4.8121255905511813
21
-5.6844103543307085
0
LINE
8
BLACK
6
CONTINUOUS
10
4.8121255905511813
20
-5.6844103543307085
11
4.8121255118110238
21
-5.6844100393700785
0
LINE
8
BLACK
6
CONTINUOUS
10
4.8121255118110238
20
-5.6844100393700785
11
4.8101137401574805
21
-5.6790164173228348
0
LINE
8
BLACK
6
CONTINUOUS
10
4.8101137401574805
20
-5.6790164173228348
11
4.810113661417323
21
-5.679016220472441
0
LINE
8
BLACK
6
CONTINUOUS
10
4.810113661417323
20
-5.679016220472441
11
4.8066638188976381
21
-5.6744077952755907
0
LINE
8
BLACK
6
CONTINUOUS
10
4.8066638188976381
20
-5.6744077952755907
11
4.8043565748031494
21
-5.6726806299212598
0
LINE
8
BLACK
6
CONTINUOUS
10
4.8043565748031494
20
-5.6726806299212598
11
4.8026814960629922
21
-5.6704429921259845
0
LINE
8
BLACK
6
CONTINUOUS
10
4.8026814960629922
20
-5.6704429921259845
11
4.8024821259842518
21
-5.6676549606299211
0
LINE
8
BLACK
6
CONTINUOUS
10
4.8024821259842518
20
-5.6676549606299211
11
4.8038216929133855
21
-5.6652017322834647
0
LINE
8
BLACK
6
CONTINUOUS
10
4.8038216929133855
20
-5.6652017322834647
11
4.8043565748031494
21
-5.664738267716535
0
LINE
8
BLACK
6
CONTINUOUS
10
4.8043565748031494
20
-5.664738267716535
11
4.8066638188976381
21
-5.6630110629921262
0
LINE
8
BLACK
6
CONTINUOUS
10
4.8066638188976381
20
-5.6630110629921262
11
4.810113661417323
21
-5.6584026377952759
0
LINE
8
BLACK
6
CONTINUOUS
10
4.810113661417323
20
-5.6584026377952759
11
4.810113661417323
21
-5.6584025984251971
0
LINE
8
BLACK
6
CONTINUOUS
10
4.810113661417323
20
-5.6584025984251971
11
4.8101137401574805
21
-5.6584025196850396
0
LINE
8
BLACK
6
CONTINUOUS
10
4.8101137401574805
20
-5.6584025196850396
11
4.811848818897638
21
-5.6537505905511809
0
LINE
8
BLACK
6
CONTINUOUS
10
4.811848818897638
20
-5.6537505905511809
11
4.8121255118110238
21
-5.6530088188976375
0
LINE
8
BLACK
6
CONTINUOUS
10
4.8121255118110238
20
-5.6530088188976375
11
4.8121255905511813
21
-5.6530085039370075
0
LINE
8
BLACK
6
CONTINUOUS
10
4.8121255905511813
20
-5.6530085039370075
11
4.8123818503937006
21
-5.6506247637795273
0
LINE
8
BLACK
6
CONTINUOUS
10
4.8123818503937006
20
-5.6506247637795273
11
4.8123818897637793
21
-5.6506240944881885
0
LINE
8
BLACK
6
CONTINUOUS
10
4.8123818897637793
20
-5.6506240944881885
11
4.8123818897637793
21
-5.5878543307086614
0
LINE
8
BLACK
6
CONTINUOUS
10
4.8123818897637793
20
-5.5878543307086614
11
4.8131693700787404
21
-5.5851724015748028
0
LINE
8
BLACK
6
CONTINUOUS
10
4.8131693700787404
20
-5.5851724015748028
11
4.8152818110236222
21
-5.5833419685039365
0
LINE
8
BLACK
6
CONTINUOUS
10
4.8152818110236222
20
-5.5833419685039365
11
4.817342519685039
21
-5.5828937007874018
0
LINE
8
BLACK
6
CONTINUOUS
10
4.817342519685039
20
-5.5828937007874018
11
4.8541531496062991
21
-5.5828937007874018
0
LINE
8
BLACK
6
CONTINUOUS
10
4.8541531496062991
20
-5.5828937007874018
11
4.8568350787401577
21
-5.5836811811023619
0
LINE
8
BLACK
6
CONTINUOUS
10
5.1100638188976379
20
-5.5836811811023619
11
5.1118942519685042
21
-5.5857936220472437
0
LINE
8
BLACK
6
CONTINUOUS
10
5.1118942519685042
20
-5.5857936220472437
11
5.1123425196850389
21
-5.5878543307086614
0
LINE
8
BLACK
6
CONTINUOUS
10
5.1123425196850389
20
-5.5878543307086614
11
5.1123425196850389
21
-5.6506247637795273
0
LINE
8
BLACK
6
CONTINUOUS
10
5.1123425196850389
20
-5.6506247637795273
11
5.1125987795275591
21
-5.6530085039370075
0
LINE
8
BLACK
6
CONTINUOUS
10
5.1125987795275591
20
-5.6530085039370075
11
5.1125988582677167
21
-5.6530088188976375
0
LINE
8
BLACK
6
CONTINUOUS
10
5.1125988582677167
20
-5.6530088188976375
11
5.1146106299212599
21
-5.6584024409448821
0
LINE
8
BLACK
6
CONTINUOUS
10
5.1146106299212599
20
-5.6584024409448821
11
5.1146107086614174
21
-5.6584026377952759
0
LINE
8
BLACK
6
CONTINUOUS
10
5.1146107086614174
20
-5.6584026377952759
11
5.1180605905511811
21
-5.6630110629921262
0
LINE
8
BLACK
6
CONTINUOUS
10
5.1180605905511811
20
-5.6630110629921262
11
5.1203678346456689
21
-5.6647383070866137
0
LINE
8
BLACK
6
CONTINUOUS
10
5.1203678346456689
20
-5.6647383070866137
11
5.1220428740157482
21
-5.6669759448818899
0
LINE
8
BLACK
6
CONTINUOUS
10
5.1220428740157482
20
-5.6669759448818899
11
5.1222422440944877
21
-5.6697639370078736
0
LINE
8
BLACK
6
CONTINUOUS
10
5.1222422440944877
20
-5.6697639370078736
11
5.1209026771653541
21
-5.672217165354331
0
LINE
8
BLACK
6
CONTINUOUS
10
5.1209026771653541
20
-5.672217165354331
11
5.1203678346456689
21
-5.672680590551181
0
LINE
8
BLACK
6
CONTINUOUS
10
5.1203678346456689
20
-5.672680590551181
11
5.1180605905511811
21
-5.6744077952755907
0
LINE
8
BLACK
6
CONTINUOUS
10
5.1180605905511811
20
-5.6744077952755907
11
5.1146107086614174
21
-5.679016220472441
0
LINE
8
BLACK
6
CONTINUOUS
10
5.1146107086614174
20
-5.679016220472441
11
5.1146106299212599
21
-5.6790164173228348
0
LINE
8
BLACK
6
CONTINUOUS
10
5.1146106299212599
20
-5.6790164173228348
11
5.1125988582677167
21
-5.6844100393700785
0
LINE
8
BLACK
6
CONTINUOUS
10
5.1125988582677167
20
-5.6844100393700785
11
5.1125987795275591
21
-5.6844103543307085
0
LINE
8
BLACK
6
CONTINUOUS
10
5.1125987795275591
20
-5.6844103543307085
11
5.1123425196850389
21
-5.6867940944881887
0
LINE
8
BLACK
6
CONTINUOUS
10
5.1123425196850389
20
-5.6867940944881887
11
5.1123425196850389
21
-5.7506247637795278
0
LINE
8
BLACK
6
CONTINUOUS
10
5.1123425196850389
20
-5.7506247637795278
11
5.1125987795275591
21
-5.753008503937008
0
LINE
8
BLACK
6
CONTINUOUS
10
5.1125987795275591
20
-5.753008503937008
11
5.1125988582677167
21
-5.753008818897638
0
LINE
8
BLACK
6
CONTINUOUS
10
5.1125988582677167
20
-5.753008818897638
11
5.1146106299212599
21
-5.7584024409448817
0
LINE
8
BLACK
6
CONTINUOUS
10
5.1146106299212599
20
-5.7584024409448817
11
5.1146107086614174
21
-5.7584026377952755
0
LINE
8
BLACK
6
CONTINUOUS
10
5.1146107086614174
20
-5.7584026377952755
11
5.1180605905511811
21
-5.7630110629921258
0
LINE
8
BLACK
6
CONTINUOUS
10
5.1180605905511811
20
-5.7630110629921258
11
5.1203678346456689
21
-5.7647383070866143
0
LINE
8
BLACK
6
CONTINUOUS
10
5.1203678346456689
20
-5.7647383070866143
11
5.1220428740157482
21
-5.7669759448818896
0
LINE
8
BLACK
6
CONTINUOUS
10
5.1220428740157482
20
-5.7669759448818896
11
5.1222422440944877
21
-5.7697639370078742
0
LINE
8
BLACK
6
CONTINUOUS
10
5.1222422440944877
20
-5.7697639370078742
11
5.1209026771653541
21
-5.7722171653543306
0
LINE
8
BLACK
6
CONTINUOUS
10
5.1209026771653541
20
-5.7722171653543306
11
5.1203678346456689
21
-5.7726805905511807
0
LINE
8
BLACK
6
CONTINUOUS
10
5.1203678346456689
20
-5.7726805905511807
11
5.1180605905511811
21
-5.7744077952755903
0
LINE
8
BLACK
6
CONTINUOUS
10
5.1180605905511811
20
-5.7744077952755903
11
5.1146107086614174
21
-5.7790162204724407
0
LINE
8
BLACK
6
CONTINUOUS
10
5.1146107086614174
20
-5.7790162204724407
11
5.1146106299212599
21
-5.7790164173228344
0
LINE
8
BLACK
6
CONTINUOUS
10
5.1146106299212599
20
-5.7790164173228344
11
5.1125988582677167
21
-5.784410039370079
0
LINE
8
BLACK
6
CONTINUOUS
10
5.1125988582677167
20
-5.784410039370079
11
5.1125987795275591
21
-5.7844103543307082
0
LINE
8
BLACK
6
CONTINUOUS
10
5.1125987795275591
20
-5.7844103543307082
11
5.1123425196850389
21
-5.7867940944881893
0
LINE
8
BLACK
6
CONTINUOUS
10
5.1123425196850389
20
-5.7867940944881893
11
5.1123425196850389
21
-5.8476561811023622
0
LINE
8
BLACK
6
CONTINUOUS
10
5.1123425196850389
20
-5.8476561811023622
11
5.1115550393700788
21
-5.85033811023622
0
LINE
8
BLACK
6
CONTINUOUS
10
5.1115550393700788
20
-5.85033811023622
11
5.109442598425197
21
-5.8521685433070862
0
LINE
8
BLACK
6
CONTINUOUS
10
5.109442598425197
20
-5.8521685433070862
11
5.1073818897637793
21
-5.8526168110236219
0
LINE
8
BLACK
6
CONTINUOUS
10
5.1073818897637793
20
-5.8526168110236219
11
5.0388188976377952
21
-5.8526168110236219
0
LINE
8
BLACK
6
CONTINUOUS
10
5.0388188976377952
20
-5.8526168110236219
11
5.0388188976377952
21
-5.8529614173228346
0
LINE
8
BLACK
6
CONTINUOUS
10
5.0388188976377952
20
-5.8529614173228346
11
4.9788188976377947
21
-5.8529614173228346
0
LINE
8
BLACK
6
CONTINUOUS
10
4.9788188976377947
20
-5.8529614173228346
11
4.9788188976377947
21
-5.8526168110236219
0
LINE
8
BLACK
6
CONTINUOUS
10
4.9788188976377947
20
-5.8526168110236219
11
4.9637992125984249
21
-5.8526168110236219
0
LINE
8
BLACK
6
CONTINUOUS
10
4.9637992125984249
20
-5.8526168110236219
11
4.9611172834645672
21
-5.8518293307086608
0
LINE
8
BLACK
6
CONTINUOUS
10
4.9611172834645672
20
-5.8518293307086608
11
4.9592868503937009
21
-5.849716889763779
0
LINE
8
BLACK
6
CONTINUOUS
10
4.9592868503937009
20
-5.849716889763779
11
4.9588385826771653
21
-5.8476561811023622
0
LINE
8
BLACK
6
CONTINUOUS
10
4.9588385826771653
20
-5.8476561811023622
11
4.9588385826771653
21
-5.7910467322834647
0
LINE
8
BLACK
6
CONTINUOUS
10
4.9588385826771653
20
-5.7910467322834647
11
4.9588385433070865
21
-5.7910460629921259
0
LINE
8
BLACK
6
CONTINUOUS
10
4.9588385433070865
20
-5.7910460629921259
11
4.9585822834645672
21
-5.7886623228346457
0
LINE
8
BLACK
6
CONTINUOUS
10
4.9585822834645672
20
-5.7886623228346457
11
4.9585822047244097
21
-5.7886620078740156
0
LINE
8
BLACK
6
CONTINUOUS
10
4.9585822047244097
20
-5.7886620078740156
11
4.9569963779527555
21
-5.7844103543307082
0
LINE
8
BLACK
6
CONTINUOUS
10
4.9569963779527555
20
-5.7844103543307082
11
4.9565704330708664
21
-5.7832683464566932
0
LINE
8
BLACK
6
CONTINUOUS
10
4.9565704330708664
20
-5.7832683464566932
11
4.9565703937007877
21
-5.7832682677165357
0
LINE
8
BLACK
6
CONTINUOUS
10
4.9565703937007877
20
-5.7832682677165357
11
4.9565703543307089
21
-5.7832681889763782
0
LINE
8
BLACK
6
CONTINUOUS
10
4.9565703543307089
20
-5.7832681889763782
11
4.9531205118110231
21
-5.7786597637795278
0
LINE
8
BLACK
6
CONTINUOUS
10
4.9531205118110231
20
-5.7786597637795278
11
4.9508132677165353
21
-5.7769325984251969
0
LINE
8
BLACK
6
CONTINUOUS
10
4.9508132677165353
20
-5.7769325984251969
11
4.9491381889763781
21
-5.7746949606299207
0
LINE
8
BLACK
6
CONTINUOUS
10
4.9491381889763781
20
-5.7746949606299207
11
4.9489388188976378
21
-5.7719069291338583
0
LINE
8
BLACK
6
CONTINUOUS
10
4.9489388188976378
20
-5.7719069291338583
11
4.9502783858267714
21
-5.7694537007874018
0
LINE
8
BLACK
6
CONTINUOUS
10
4.9502783858267714
20
-5.7694537007874018
11
4.9508132677165353
21
-5.7689902362204721
0
LINE
8
BLACK
6
CONTINUOUS
10
4.9508132677165353
20
-5.7689902362204721
11
4.9531205118110231
21
-5.7672630314960625
0
LINE
8
BLACK
6
CONTINUOUS
10
4.9531205118110231
20
-5.7672630314960625
11
4.9548477165354328
21
-5.7649557874015747
0
LINE
8
BLACK
6
CONTINUOUS
10
4.9548477165354328
20
-5.7649557874015747
11
4.957085354330709
21
-5.7632807086614175
0
LINE
8
BLACK
6
CONTINUOUS
10
4.957085354330709
20
-5.7632807086614175
11
4.9598733858267714
21
-5.7630813385826771
0
LINE
8
BLACK
6
CONTINUOUS
10
4.9598733858267714
20
-5.7630813385826771
11
4.9623266141732278
21
-5.7644209055118107
0
LINE
8
BLACK
6
CONTINUOUS
10
4.9623266141732278
20
-5.7644209055118107
11
4.9627900787401575
21
-5.7649557874015747
0
LINE
8
BLACK
6
CONTINUOUS
10
4.9627900787401575
20
-5.7649557874015747
11
4.9645172440944885
21
-5.7672630314960625
0
LINE
8
BLACK
6
CONTINUOUS
10
4.9645172440944885
20
-5.7672630314960625
11
4.9691256692913388
21
-5.7707128740157483
0
LINE
8
BLACK
6
CONTINUOUS
10
4.9691256692913388
20
-5.7707128740157483
11
4.9691257480314963
21
-5.770712913385827
0
LINE
8
BLACK
6
CONTINUOUS
10
4.9691257480314963
20
-5.770712913385827
11
4.9691258267716538
21
-5.7707129527559058
0
LINE
8
BLACK
6
CONTINUOUS
10
4.9691258267716538
20
-5.7707129527559058
11
4.9705299212598426
21
-5.7712366535433066
0
LINE
8
BLACK
6
CONTINUOUS
10
4.9705299212598426
20
-5.7712366535433066
11
4.9745194881889763
21
-5.7727247244094491
0
LINE
8
BLACK
6
CONTINUOUS
10
4.9745194881889763
20
-5.7727247244094491
11
4.9745198031496063
21
-5.7727248031496066
0
LINE
8
BLACK
6
CONTINUOUS
10
4.9745198031496063
20
-5.7727248031496066
11
4.9769035433070865
21
-5.7729810629921259
0
LINE
8
BLACK
6
CONTINUOUS
10
4.9769035433070865
20
-5.7729810629921259
11
4.9769037401574803
21
-5.7729810629921259
0
LINE
8
BLACK
6
CONTINUOUS
10
4.9769037401574803
20
-5.7729810629921259
11
4.9769040157480315
21
-5.7729811023622046
0
LINE
8
BLACK
6
CONTINUOUS
10
4.9769040157480315
20
-5.7729811023622046
11
4.9769042519685041
21
-5.7729811023622046
0
LINE
8
BLACK
6
CONTINUOUS
10
4.9769042519685041
20
-5.7729811023622046
11
5.0407335433070868
21
-5.7729811023622046
0
LINE
8
BLACK
6
CONTINUOUS
10
5.0407335433070868
20
-5.7729811023622046
11
5.0407337795275593
21
-5.7729811023622046
0
LINE
8
BLACK
6
CONTINUOUS
10
5.0407337795275593
20
-5.7729811023622046
11
5.0407340551181097
21
-5.7729810629921259
0
LINE
8
BLACK
6
CONTINUOUS
10
5.0407340551181097
20
-5.7729810629921259
11
5.0407342125984247
21
-5.7729810629921259
0
LINE
8
BLACK
6
CONTINUOUS
10
5.0407342125984247
20
-5.7729810629921259
11
5.0431179527559058
21
-5.7727248031496066
0
LINE
8
BLACK
6
CONTINUOUS
10
5.0431179527559058
20
-5.7727248031496066
11
5.0431180708661421
21
-5.7727247637795278
0
LINE
8
BLACK
6
CONTINUOUS
10
5.0431180708661421
20
-5.7727247637795278
11
5.0431181496062987
21
-5.7727247637795278
0
LINE
8
BLACK
6
CONTINUOUS
10
5.0431181496062987
20
-5.7727247637795278
11
5.0432364960629918
21
-5.7726806299212594
0
LINE
8
BLACK
6
CONTINUOUS
10
5.0432364960629918
20
-5.7726806299212594
11
5.0449151968503934
21
-5.7720544881889762
0
LINE
8
BLACK
6
CONTINUOUS
10
5.0449151968503934
20
-5.7720544881889762
11
5.048511968503937
21
-5.7707129527559058
0
LINE
8
BLACK
6
CONTINUOUS
10
5.048511968503937
20
-5.7707129527559058
11
5.0486376377952755
21
-5.770618897637795
0
LINE
8
BLACK
6
CONTINUOUS
10
5.0486376377952755
20
-5.770618897637795
11
5.0531205118110236
21
-5.7672630314960625
0
LINE
8
BLACK
6
CONTINUOUS
10
5.0531205118110236
20
-5.7672630314960625
11
5.0565703543307086
21
-5.7626546062992121
0
LINE
8
BLACK
6
CONTINUOUS
10
5.0565703543307086
20
-5.7626546062992121
11
5.0565703543307086
21
-5.7626545669291334
0
LINE
8
BLACK
6
CONTINUOUS
10
5.0565703543307086
20
-5.7626545669291334
11
5.0565704330708661
21
-5.7626544881889759
0
LINE
8
BLACK
6
CONTINUOUS
10
5.0565704330708661
20
-5.7626544881889759
11
5.0585822440944881
21
-5.7572606692913384
0
LINE
8
BLACK
6
CONTINUOUS
10
5.0585822440944881
20
-5.7572606692913384
11
5.0588362204724406
21
-5.7548984645669288
0
LINE
8
BLACK
6
CONTINUOUS
10
5.0588362204724406
20
-5.7548984645669288
11
5.0588385433070862
21
-5.7548767322834644
0
LINE
8
BLACK
6
CONTINUOUS
10
5.0588385433070862
20
-5.7548767322834644
11
5.0588385826771649
21
-5.7548760629921256
0
LINE
8
BLACK
6
CONTINUOUS
10
5.0588385826771649
20
-5.7548760629921256
11
5.0588385826771649
21
-5.6910467322834641
0
LINE
8
BLACK
6
CONTINUOUS
10
5.0588385826771649
20
-5.6910467322834641
11
5.0588385433070862
21
-5.6910460629921262
0
LINE
8
BLACK
6
CONTINUOUS
10
5.0588385433070862
20
-5.6910460629921262
11
5.0585822834645668
21
-5.6886623228346451
0
LINE
8
BLACK
6
CONTINUOUS
10
5.0585822834645668
20
-5.6886623228346451
11
5.0585822047244093
21
-5.688662007874016
0
LINE
8
BLACK
6
CONTINUOUS
10
5.0585822047244093
20
-5.688662007874016
11
5.056996377952756
21
-5.6844103543307085
0
LINE
8
BLACK
6
CONTINUOUS
10
5.056996377952756
20
-5.6844103543307085
11
5.0565704330708661
21
-5.6832683464566927
0
LINE
8
BLACK
6
CONTINUOUS
10
5.0565704330708661
20
-5.6832683464566927
11
5.0565703937007873
21
-5.6832682677165351
0
LINE
8
BLACK
6
CONTINUOUS
10
5.0565703937007873
20
-5.6832682677165351
11
5.0565703543307086
21
-5.6832681889763776
0
LINE
8
BLACK
6
CONTINUOUS
10
5.0565703543307086
20
-5.6832681889763776
11
5.0531205118110236
21
-5.6786597637795273
0
LINE
8
BLACK
6
CONTINUOUS
10
5.0531205118110236
20
-5.6786597637795273
11
5.0508132677165349
21
-5.6769325984251964
0
LINE
8
BLACK
6
CONTINUOUS
10
5.0508132677165349
20
-5.6769325984251964
11
5.0491381889763778
21
-5.6746949606299211
0
LINE
8
BLACK
6
CONTINUOUS
10
5.0491381889763778
20
-5.6746949606299211
11
5.0489388188976374
21
-5.6719069291338577
0
LINE
8
BLACK
6
CONTINUOUS
10
5.0489388188976374
20
-5.6719069291338577
11
5.0502783858267719
21
-5.6694537007874013
0
LINE
8
BLACK
6
CONTINUOUS
10
5.0502783858267719
20
-5.6694537007874013
11
5.0508132677165349
21
-5.6689902362204725
0
LINE
8
BLACK
6
CONTINUOUS
10
5.0508132677165349
20
-5.6689902362204725
11
5.0531205118110236
21
-5.6672630314960628
0
LINE
8
BLACK
6
CONTINUOUS
10
5.0531205118110236
20
-5.6672630314960628
11
5.0565703543307086
21
-5.6626546062992125
0
LINE
8
BLACK
6
CONTINUOUS
10
5.0565703543307086
20
-5.6626546062992125
11
5.0565703543307086
21
-5.6626545669291337
0
LINE
8
BLACK
6
CONTINUOUS
10
5.0565703543307086
20
-5.6626545669291337
11
5.0565704330708661
21
-5.6626544881889762
0
LINE
8
BLACK
6
CONTINUOUS
10
5.0565704330708661
20
-5.6626544881889762
11
5.0585822440944881
21
-5.6572606692913388
0
LINE
8
BLACK
6
CONTINUOUS
10
5.0585822440944881
20
-5.6572606692913388
11
5.0588362204724406
21
-5.6548984645669291
0
LINE
8
BLACK
6
CONTINUOUS
10
5.0588362204724406
20
-5.6548984645669291
11
5.0588385433070862
21
-5.6548767322834648
0
LINE
8
BLACK
6
CONTINUOUS
10
5.0588385433070862
20
-5.6548767322834648
11
5.0588385826771649
21
-5.654876062992126
0
LINE
8
BLACK
6
CONTINUOUS
10
5.0588385826771649
20
-5.654876062992126
11
5.0588385826771649
21
-5.5910467322834645
0
LINE
8
BLACK
6
CONTINUOUS
10
5.0588385826771649
20
-5.5910467322834645
11
5.0588385039370074
21
-5.5910459448818894
0
LINE
8
BLACK
6
CONTINUOUS
10
5.0588385039370074
20
-5.5910459448818894
11
5.0585524409448821
21
-5.5883845275590547
0
LINE
8
BLACK
6
CONTINUOUS
10
5.0585524409448821
20
-5.5883845275590547
11
5.05904874015748
21
-5.5856338188976373
0
LINE
8
BLACK
6
CONTINUOUS
10
5.05904874015748
20
-5.5856338188976373
11
5.0609534251968507
21
-5.5835880708661412
0
LINE
8
BLACK
6
CONTINUOUS
10
5.0609534251968507
20
-5.5835880708661412
11
5.0634846456692912
21
-5.5828937007874018
0
LINE
8
BLACK
6
CONTINUOUS
10
5.0634846456692912
20
-5.5828937007874018
11
5.1073818897637793
21
-5.5828937007874018
0
LINE
8
BLACK
6
CONTINUOUS
10
5.1073818897637793
20
-5.5828937007874018
11
5.1100638188976379
21
-5.5836811811023619
0
LINE
8
BLACK
6
CONTINUOUS
10
4.9388188976377956
20
-5.7529614173228349
11
4.8788188976377951
21
-5.7529614173228349
0
LINE
8
BLACK
6
CONTINUOUS
10
4.8788188976377951
20
-5.7529614173228349
11
4.8788188976377951
21
-5.6929614173228344
0
LINE
8
BLACK
6
CONTINUOUS
10
4.8788188976377951
20
-5.6929614173228344
11
4.9388188976377956
21
-5.6929614173228344
0
LINE
8
BLACK
6
CONTINUOUS
10
4.9388188976377956
20
-5.6929614173228344
11
4.9388188976377956
21
-5.7529614173228349
0
LINE
8
BLACK
6
CONTINUOUS
10
5.0388188976377952
20
-5.7529614173228349
11
4.9788188976377947
21
-5.7529614173228349
0
LINE
8
BLACK
6
CONTINUOUS
10
4.9788188976377947
20
-5.7529614173228349
11
4.9788188976377947
21
-5.6929614173228344
0
LINE
8
BLACK
6
CONTINUOUS
10
4.9788188976377947
20
-5.6929614173228344
11
5.0388188976377952
21
-5.6929614173228344
0
LINE
8
BLACK
6
CONTINUOUS
10
5.0388188976377952
20
-5.6929614173228344
11
5.0388188976377952
21
-5.7529614173228349
0
LINE
8
BLACK
6
CONTINUOUS
10
5.9409999999999998
20
-5.7509999999999994
11
5.8810000000000002
21
-5.7509999999999994
0
LINE
8
BLACK
6
CONTINUOUS
10
5.8810000000000002
20
-5.7509999999999994
11
5.8810000000000002
21
-5.6909999999999998
0
LINE
8
BLACK
6
CONTINUOUS
10
5.8810000000000002
20
-5.6909999999999998
11
5.9409999999999998
21
-5.6909999999999998
0
LINE
8
BLACK
6
CONTINUOUS
10
5.9409999999999998
20
-5.6909999999999998
11
5.9409999999999998
21
-5.7509999999999994
0
LINE
8
BLACK
6
CONTINUOUS
10
4.5439370078740158
20
-5.7505992125984253
11
4.4839370078740153
21
-5.7505992125984253
0
LINE
8
BLACK
6
CONTINUOUS
10
4.4839370078740153
20
-5.7505992125984253
11
4.4839370078740153
21
-5.6905992125984248
0
LINE
8
BLACK
6
CONTINUOUS
10
4.4839370078740153
20
-5.6905992125984248
11
4.5439370078740158
21
-5.6905992125984248
0
LINE
8
BLACK
6
CONTINUOUS
10
4.5439370078740158
20
-5.6905992125984248
11
4.5439370078740158
21
-5.7505992125984253
0
LINE
8
BLACK
6
CONTINUOUS
10
4.6923622047244091
20
-5.7487094488188974
11
4.6323622047244095
21
-5.7487094488188974
0
LINE
8
BLACK
6
CONTINUOUS
10
4.6323622047244095
20
-5.7487094488188974
11
4.6323622047244095
21
-5.6887094488188978
0
LINE
8
BLACK
6
CONTINUOUS
10
4.6323622047244095
20
-5.6887094488188978
11
4.6923622047244091
21
-5.6887094488188978
0
LINE
8
BLACK
6
CONTINUOUS
10
4.6923622047244091
20
-5.6887094488188978
11
4.6923622047244091
21
-5.7487094488188974
0
LINE
8
BLACK
6
CONTINUOUS
10
4.7923622047244097
20
-5.7487094488188974
11
4.7323622047244092
21
-5.7487094488188974
0
LINE
8
BLACK
6
CONTINUOUS
10
4.7323622047244092
20
-5.7487094488188974
11
4.7323622047244092
21
-5.6887094488188978
0
LINE
8
BLACK
6
CONTINUOUS
10
4.7323622047244092
20
-5.6887094488188978
11
4.7923622047244097
21
-5.6887094488188978
0
LINE
8
BLACK
6
CONTINUOUS
10
4.7923622047244097
20
-5.6887094488188978
11
4.7923622047244097
21
-5.7487094488188974
0
LINE
8
BLACK
6
CONTINUOUS
10
5.1923622047244091
20
-5.7487094488188974
11
5.1323622047244095
21
-5.7487094488188974
0
LINE
8
BLACK
6
CONTINUOUS
10
5.1323622047244095
20
-5.7487094488188974
11
5.1323622047244095
21
-5.6887094488188978
0
LINE
8
BLACK
6
CONTINUOUS
10
5.1323622047244095
20
-5.6887094488188978
11
5.1923622047244091
21
-5.6887094488188978
0
LINE
8
BLACK
6
CONTINUOUS
10
5.1923622047244091
20
-5.6887094488188978
11
5.1923622047244091
21
-5.7487094488188974
0
LINE
8
BLACK
6
CONTINUOUS
10
5.2923622047244097
20
-5.7487094488188974
11
5.2323622047244092
21
-5.7487094488188974
0
LINE
8
BLACK
6
CONTINUOUS
10
5.2323622047244092
20
-5.7487094488188974
11
5.2323622047244092
21
-5.6887094488188978
0
LINE
8
BLACK
6
CONTINUOUS
10
5.2323622047244092
20
-5.6887094488188978
11
5.2923622047244097
21
-5.6887094488188978
0
LINE
8
BLACK
6
CONTINUOUS
10
5.2923622047244097
20
-5.6887094488188978
11
5.2923622047244097
21
-5.7487094488188974
0
LINE
8
BLACK
6
CONTINUOUS
10
5.4423622047244091
20
-5.7487094488188974
11
5.3823622047244095
21
-5.7487094488188974
0
LINE
8
BLACK
6
CONTINUOUS
10
5.3823622047244095
20
-5.7487094488188974
11
5.3823622047244095
21
-5.6887094488188978
0
LINE
8
BLACK
6
CONTINUOUS
10
5.3823622047244095
20
-5.6887094488188978
11
5.4423622047244091
21
-5.6887094488188978
0
LINE
8
BLACK
6
CONTINUOUS
10
5.4423622047244091
20
-5.6887094488188978
11
5.4423622047244091
21
-5.7487094488188974
0
LINE
8
BLACK
6
CONTINUOUS
10
5.5423622047244097
20
-5.7487094488188974
11
5.4823622047244092
21
-5.7487094488188974
0
LINE
8
BLACK
6
CONTINUOUS
10
5.4823622047244092
20
-5.7487094488188974
11
5.4823622047244092
21
-5.6887094488188978
0
LINE
8
BLACK
6
CONTINUOUS
10
5.4823622047244092
20
-5.6887094488188978
11
5.5423622047244097
21
-5.6887094488188978
0
LINE
8
BLACK
6
CONTINUOUS
10
5.5423622047244097
20
-5.6887094488188978
11
5.5423622047244097
21
-5.7487094488188974
0
LINE
8
BLACK
6
CONTINUOUS
10
5.6923622047244091
20
-5.7487094488188974
11
5.6323622047244095
21
-5.7487094488188974
0
LINE
8
BLACK
6
CONTINUOUS
10
5.6323622047244095
20
-5.7487094488188974
11
5.6323622047244095
21
-5.6887094488188978
0
LINE
8
BLACK
6
CONTINUOUS
10
5.6323622047244095
20
-5.6887094488188978
11
5.6923622047244091
21
-5.6887094488188978
0
LINE
8
BLACK
6
CONTINUOUS
10
5.6923622047244091
20
-5.6887094488188978
11
5.6923622047244091
21
-5.7487094488188974
0
LINE
8
BLACK
6
CONTINUOUS
10
5.7923622047244097
20
-5.7487094488188974
11
5.7323622047244092
21
-5.7487094488188974
0
LINE
8
BLACK
6
CONTINUOUS
10
5.7323622047244092
20
-5.7487094488188974
11
5.7323622047244092
21
-5.6887094488188978
0
LINE
8
BLACK
6
CONTINUOUS
10
5.7323622047244092
20
-5.6887094488188978
11
5.7923622047244097
21
-5.6887094488188978
0
LINE
8
BLACK
6
CONTINUOUS
10
5.7923622047244097
20
-5.6887094488188978
11
5.7923622047244097
21
-5.7487094488188974
0
LINE
8
BLACK
6
CONTINUOUS
10
5.0388188976377952
20
-5.6529614173228344
11
4.9788188976377947
21
-5.6529614173228344
0
LINE
8
BLACK
6
CONTINUOUS
10
4.9788188976377947
20
-5.6529614173228344
11
4.9788188976377947
21
-5.5929614173228348
0
LINE
8
BLACK
6
CONTINUOUS
10
4.9788188976377947
20
-5.5929614173228348
11
5.0388188976377952
21
-5.5929614173228348
0
LINE
8
BLACK
6
CONTINUOUS
10
5.0388188976377952
20
-5.5929614173228348
11
5.0388188976377952
21
-5.6529614173228344
0
LINE
8
BLACK
6
CONTINUOUS
10
6.0409999999999995
20
-5.6509999999999998
11
5.9809999999999999
21
-5.6509999999999998
0
LINE
8
BLACK
6
CONTINUOUS
10
5.9809999999999999
20
-5.6509999999999998
11
5.9809999999999999
21
-5.5910000000000002
0
LINE
8
BLACK
6
CONTINUOUS
10
5.9809999999999999
20
-5.5910000000000002
11
6.0409999999999995
21
-5.5910000000000002
0
LINE
8
BLACK
6
CONTINUOUS
10
6.0409999999999995
20
-5.5910000000000002
11
6.0409999999999995
21
-5.6509999999999998
0
LINE
8
BLACK
6
CONTINUOUS
10
4.5439370078740158
20
-5.6505992125984248
11
4.4839370078740153
21
-5.6505992125984248
0
LINE
8
BLACK
6
CONTINUOUS
10
4.4839370078740153
20
-5.6505992125984248
11
4.4839370078740153
21
-5.5905992125984252
0
LINE
8
BLACK
6
CONTINUOUS
10
4.4839370078740153
20
-5.5905992125984252
11
4.5439370078740158
21
-5.5905992125984252
0
LINE
8
BLACK
6
CONTINUOUS
10
4.5439370078740158
20
-5.5905992125984252
11
4.5439370078740158
21
-5.6505992125984248
0
LINE
8
BLACK
6
CONTINUOUS
10
4.7923622047244097
20
-5.6487094488188978
11
4.7323622047244092
21
-5.6487094488188978
0
LINE
8
BLACK
6
CONTINUOUS
10
4.7323622047244092
20
-5.6487094488188978
11
4.7323622047244092
21
-5.5887094488188973
0
LINE
8
BLACK
6
CONTINUOUS
10
4.7323622047244092
20
-5.5887094488188973
11
4.7923622047244097
21
-5.5887094488188973
0
LINE
8
BLACK
6
CONTINUOUS
10
4.7923622047244097
20
-5.5887094488188973
11
4.7923622047244097
21
-5.6487094488188978
0
LINE
8
BLACK
6
CONTINUOUS
10
5.2923622047244097
20
-5.6487094488188978
11
5.2323622047244092
21
-5.6487094488188978
0
LINE
8
BLACK
6
CONTINUOUS
10
5.2323622047244092
20
-5.6487094488188978
11
5.2323622047244092
21
-5.5887094488188973
0
LINE
8
BLACK
6
CONTINUOUS
10
5.2323622047244092
20
-5.5887094488188973
11
5.2923622047244097
21
-5.5887094488188973
0
LINE
8
BLACK
6
CONTINUOUS
10
5.2923622047244097
20
-5.5887094488188973
11
5.2923622047244097
21
-5.6487094488188978
0
LINE
8
BLACK
6
CONTINUOUS
10
5.5423622047244097
20
-5.6487094488188978
11
5.4823622047244092
21
-5.6487094488188978
0
LINE
8
BLACK
6
CONTINUOUS
10
5.4823622047244092
20
-5.6487094488188978
11
5.4823622047244092
21
-5.5887094488188973
0
LINE
8
BLACK
6
CONTINUOUS
10
5.4823622047244092
20
-5.5887094488188973
11
5.5423622047244097
21
-5.5887094488188973
0
LINE
8
BLACK
6
CONTINUOUS
10
5.5423622047244097
20
-5.5887094488188973
11
5.5423622047244097
21
-5.6487094488188978
0
LINE
8
BLACK
6
CONTINUOUS
10
5.7923622047244097
20
-5.6487094488188978
11
5.7323622047244092
21
-5.6487094488188978
0
LINE
8
BLACK
6
CONTINUOUS
10
5.7323622047244092
20
-5.6487094488188978
11
5.7323622047244092
21
-5.5887094488188973
0
LINE
8
BLACK
6
CONTINUOUS
10
5.7323622047244092
20
-5.5887094488188973
11
5.7923622047244097
21
-5.5887094488188973
0
LINE
8
BLACK
6
CONTINUOUS
10
5.7923622047244097
20
-5.5887094488188973
11
5.7923622047244097
21
-5.6487094488188978
0
LINE
8
BLACK
6
CONTINUOUS
10
4.3648664173228342
20
-5.4550223228346457
11
4.3692564566929128
21
-5.457259173228346
0
LINE
8
BLACK
6
CONTINUOUS
10
4.3692564566929128
20
-5.457259173228346
11
4.3727404330708657
21
-5.4607431496062988
0
LINE
8
BLACK
6
CONTINUOUS
10
4.3727404330708657
20
-5.4607431496062988
11
4.373445039370079
21
-5.4621259842519683
0
LINE
8
BLACK
6
CONTINUOUS
10
4.373445039370079
20
-5.4621259842519683
11
4.5965551574803145
21
-5.4621259842519683
0
LINE
8
BLACK
6
CONTINUOUS
10
4.5965551574803145
20
-5.4621259842519683
11
4.5972595669291341
21
-5.4607435433070863
0
LINE
8
BLACK
6
CONTINUOUS
10
4.5972595669291341
20
-5.4607435433070863
11
4.6007435433070869
21
-5.4572595669291335
0
LINE
8
BLACK
6
CONTINUOUS
10
4.6007435433070869
20
-5.4572595669291335
11
4.6051335826771655
21
-5.4550227165354332
0
LINE
8
BLACK
6
CONTINUOUS
10
4.6051335826771655
20
-5.4550227165354332
11
4.6100000000000003
21
-5.4542519685039368
0
LINE
8
BLACK
6
CONTINUOUS
10
4.6100000000000003
20
-5.4542519685039368
11
4.6148664173228342
21
-5.4550227165354332
0
LINE
8
BLACK
6
CONTINUOUS
10
4.6148664173228342
20
-5.4550227165354332
11
4.6192564566929128
21
-5.4572595669291335
0
LINE
8
BLACK
6
CONTINUOUS
10
4.6192564566929128
20
-5.4572595669291335
11
4.6227404330708657
21
-5.4607435433070863
0
LINE
8
BLACK
6
CONTINUOUS
10
4.6227404330708657
20
-5.4607435433070863
11
4.6234448425196852
21
-5.4621259842519683
0
LINE
8
BLACK
6
CONTINUOUS
10
4.6234448425196852
20
-5.4621259842519683
11
4.8415550393700784
21
-5.4621259842519683
0
LINE
8
BLACK
6
CONTINUOUS
10
4.8415550393700784
20
-5.4621259842519683
11
4.8422595669291342
21
-5.4607433070866138
0
LINE
8
BLACK
6
CONTINUOUS
10
4.8422595669291342
20
-5.4607433070866138
11
4.8457435433070861
21
-5.457259330708661
0
LINE
8
BLACK
6
CONTINUOUS
10
4.8457435433070861
20
-5.457259330708661
11
4.8501335826771657
21
-5.4550224803149607
0
LINE
8
BLACK
6
CONTINUOUS
10
4.8501335826771657
20
-5.4550224803149607
11
4.8549999999999995
21
-5.4542517322834643
0
LINE
8
BLACK
6
CONTINUOUS
10
4.8549999999999995
20
-5.4542517322834643
11
4.8598664173228343
21
-5.4550224803149607
0
LINE
8
BLACK
6
CONTINUOUS
10
4.8598664173228343
20
-5.4550224803149607
11
4.864256456692913
21
-5.457259330708661
0
LINE
8
BLACK
6
CONTINUOUS
10
4.864256456692913
20
-5.457259330708661
11
4.8677404330708658
21
-5.4607433070866138
0
LINE
8
BLACK
6
CONTINUOUS
10
4.8677404330708658
20
-5.4607433070866138
11
4.8684448425196853
21
-5.4621257480314958
0
LINE
8
BLACK
6
CONTINUOUS
10
4.8684448425196853
20
-5.4621257480314958
11
4.8772710629921256
21
-5.4621257480314958
0
LINE
8
BLACK
6
CONTINUOUS
10
4.8772710629921256
20
-5.4621257480314958
11
4.8772720866141732
21
-5.4621259842519683
0
LINE
8
BLACK
6
CONTINUOUS
10
4.8772720866141732
20
-5.4621259842519683
11
5.0827289370078743
21
-5.4621259842519683
0
LINE
8
BLACK
6
CONTINUOUS
10
5.0827289370078743
20
-5.4621259842519683
11
5.0915551574803146
21
-5.4621259842519683
0
LINE
8
BLACK
6
CONTINUOUS
10
5.0915551574803146
20
-5.4621259842519683
11
5.0922595669291342
21
-5.4607435433070863
0
LINE
8
BLACK
6
CONTINUOUS
10
5.0922595669291342
20
-5.4607435433070863
11
5.0957435433070861
21
-5.4572595669291335
0
LINE
8
BLACK
6
CONTINUOUS
10
5.0957435433070861
20
-5.4572595669291335
11
5.1001335826771657
21
-5.4550227165354332
0
LINE
8
BLACK
6
CONTINUOUS
10
5.1001335826771657
20
-5.4550227165354332
11
5.1049999999999995
21
-5.4542519685039368
0
LINE
8
BLACK
6
CONTINUOUS
10
5.1049999999999995
20
-5.4542519685039368
11
5.1098664173228343
21
-5.4550227165354332
0
LINE
8
BLACK
6
CONTINUOUS
10
5.1098664173228343
20
-5.4550227165354332
11
5.114256456692913
21
-5.4572595669291335
0
LINE
8
BLACK
6
CONTINUOUS
10
5.114256456692913
20
-5.4572595669291335
11
5.1177404330708658
21
-5.4607435433070863
0
LINE
8
BLACK
6
CONTINUOUS
10
5.1177404330708658
20
-5.4607435433070863
11
5.1184448425196853
21
-5.4621259842519683
0
LINE
8
BLACK
6
CONTINUOUS
10
5.1184448425196853
20
-5.4621259842519683
11
5.3327289370078743
21
-5.4621259842519683
0
LINE
8
BLACK
6
CONTINUOUS
10
5.3327289370078743
20
-5.4621259842519683
11
5.3415551574803146
21
-5.4621259842519683
0
LINE
8
BLACK
6
CONTINUOUS
10
5.3415551574803146
20
-5.4621259842519683
11
5.3422595669291342
21
-5.4607435433070863
0
LINE
8
BLACK
6
CONTINUOUS
10
5.3422595669291342
20
-5.4607435433070863
11
5.3457435433070861
21
-5.4572595669291335
0
LINE
8
BLACK
6
CONTINUOUS
10
5.3457435433070861
20
-5.4572595669291335
11
5.3501335826771657
21
-5.4550227165354332
0
LINE
8
BLACK
6
CONTINUOUS
10
5.3501335826771657
20
-5.4550227165354332
11
5.3549999999999995
21
-5.4542519685039368
0
LINE
8
BLACK
6
CONTINUOUS
10
5.3549999999999995
20
-5.4542519685039368
11
5.3598664173228343
21
-5.4550227165354332
0
LINE
8
BLACK
6
CONTINUOUS
10
5.3598664173228343
20
-5.4550227165354332
11
5.364256456692913
21
-5.4572595669291335
0
LINE
8
BLACK
6
CONTINUOUS
10
5.364256456692913
20
-5.4572595669291335
11
5.3677404330708658
21
-5.4607435433070863
0
LINE
8
BLACK
6
CONTINUOUS
10
5.3677404330708658
20
-5.4607435433070863
11
5.3684448425196853
21
-5.4621259842519683
0
LINE
8
BLACK
6
CONTINUOUS
10
5.3684448425196853
20
-5.4621259842519683
11
5.5382671653543305
21
-5.4621259842519683
0
LINE
8
BLACK
6
CONTINUOUS
10
5.5382671653543305
20
-5.4621259842519683
11
5.5382685433070868
21
-5.4621262992125983
0
LINE
8
BLACK
6
CONTINUOUS
10
5.5382685433070868
20
-5.4621262992125983
11
5.5827289370078743
21
-5.4621262992125983
0
LINE
8
BLACK
6
CONTINUOUS
10
5.5827289370078743
20
-5.4621262992125983
11
5.5915551574803146
21
-5.4621262992125983
0
LINE
8
BLACK
6
CONTINUOUS
10
5.5915551574803146
20
-5.4621262992125983
11
5.5922595669291342
21
-5.4607438582677164
0
LINE
8
BLACK
6
CONTINUOUS
10
5.5922595669291342
20
-5.4607438582677164
11
5.5957435433070861
21
-5.4572598818897635
0
LINE
8
BLACK
6
CONTINUOUS
10
5.5957435433070861
20
-5.4572598818897635
11
5.6001335826771657
21
-5.4550230314960633
0
LINE
8
BLACK
6
CONTINUOUS
10
5.6001335826771657
20
-5.4550230314960633
11
5.6049999999999995
21
-5.4542522834645668
0
LINE
8
BLACK
6
CONTINUOUS
10
5.6049999999999995
20
-5.4542522834645668
11
5.6098664173228343
21
-5.4550230314960633
0
LINE
8
BLACK
6
CONTINUOUS
10
5.6098664173228343
20
-5.4550230314960633
11
5.614256456692913
21
-5.4572598818897635
0
LINE
8
BLACK
6
CONTINUOUS
10
5.614256456692913
20
-5.4572598818897635
11
5.6177404330708658
21
-5.4607438582677164
0
LINE
8
BLACK
6
CONTINUOUS
10
5.6177404330708658
20
-5.4607438582677164
11
5.6184448425196853
21
-5.4621262992125983
0
LINE
8
BLACK
6
CONTINUOUS
10
5.6184448425196853
20
-5.4621262992125983
11
5.8004727559055116
21
-5.4621262992125983
0
LINE
8
BLACK
6
CONTINUOUS
10
5.8004727559055116
20
-5.4621262992125983
11
5.8017606692913386
21
-5.4624202362204723
0
LINE
8
BLACK
6
CONTINUOUS
10
5.8017606692913386
20
-5.4624202362204723
11
5.8030733858267718
21
-5.462568149606299
0
LINE
8
BLACK
6
CONTINUOUS
10
5.8030733858267718
20
-5.462568149606299
11
5.8033721259842519
21
-5.4627558661417321
0
LINE
8
BLACK
6
CONTINUOUS
10
5.8033721259842519
20
-5.4627558661417321
11
5.8503693307086611
21
-5.4627558661417321
0
LINE
8
BLACK
6
CONTINUOUS
10
5.8503693307086611
20
-5.4627558661417321
11
5.85322342519685
21
-5.4613016141732285
0
LINE
8
BLACK
6
CONTINUOUS
10
5.85322342519685
20
-5.4613016141732285
11
5.8580898425196848
21
-5.460530866141732
0
LINE
8
BLACK
6
CONTINUOUS
10
5.8580898425196848
20
-5.460530866141732
11
5.8629562598425196
21
-5.4613016141732285
0
LINE
8
BLACK
6
CONTINUOUS
10
5.8629562598425196
20
-5.4613016141732285
11
5.8673462992125982
21
-5.4635384645669287
0
LINE
8
BLACK
6
CONTINUOUS
10
5.8673462992125982
20
-5.4635384645669287
11
5.870830275590551
21
-5.4670224409448815
0
LINE
8
BLACK
6
CONTINUOUS
10
5.870830275590551
20
-5.4670224409448815
11
5.8730671259842522
21
-5.4714124803149602
0
LINE
8
BLACK
6
CONTINUOUS
10
5.8730671259842522
20
-5.4714124803149602
11
5.8738378740157478
21
-5.476278897637795
0
LINE
8
BLACK
6
CONTINUOUS
10
5.8738378740157478
20
-5.476278897637795
11
5.8730671259842522
21
-5.4811453149606297
0
LINE
8
BLACK
6
CONTINUOUS
10
5.8730671259842522
20
-5.4811453149606297
11
5.870830275590551
21
-5.4855353543307084
0
LINE
8
BLACK
6
CONTINUOUS
10
5.870830275590551
20
-5.4855353543307084
11
5.8673462992125982
21
-5.4890193307086612
0
LINE
8
BLACK
6
CONTINUOUS
10
5.8673462992125982
20
-5.4890193307086612
11
5.8629562598425196
21
-5.4912561811023624
0
LINE
8
BLACK
6
CONTINUOUS
10
5.8629562598425196
20
-5.4912561811023624
11
5.8580898425196848
21
-5.4920269291338579
0
LINE
8
BLACK
6
CONTINUOUS
10
5.8580898425196848
20
-5.4920269291338579
11
5.85322342519685
21
-5.4912561811023624
0
LINE
8
BLACK
6
CONTINUOUS
10
5.85322342519685
20
-5.4912561811023624
11
5.8488333858267714
21
-5.4890193307086612
0
LINE
8
BLACK
6
CONTINUOUS
10
5.8488333858267714
20
-5.4890193307086612
11
5.8453494094488185
21
-5.4855353543307084
0
LINE
8
BLACK
6
CONTINUOUS
10
5.8453494094488185
20
-5.4855353543307084
11
5.8431125590551183
21
-5.4811453149606297
0
LINE
8
BLACK
6
CONTINUOUS
10
5.8431125590551183
20
-5.4811453149606297
11
5.8426942125984249
21
-5.4785038976377951
0
LINE
8
BLACK
6
CONTINUOUS
10
5.8426942125984249
20
-5.4785038976377951
11
5.8011023228346454
21
-5.4785038976377951
0
LINE
8
BLACK
6
CONTINUOUS
10
5.8011023228346454
20
-5.4785038976377951
11
5.7998143700787397
21
-5.4782099212598423
0
LINE
8
BLACK
6
CONTINUOUS
10
5.7998143700787397
20
-5.4782099212598423
11
5.7985016929133861
21
-5.4780620472440944
0
LINE
8
BLACK
6
CONTINUOUS
10
5.7985016929133861
20
-5.4780620472440944
11
5.7982029527559051
21
-5.4778743307086613
0
LINE
8
BLACK
6
CONTINUOUS
10
5.7982029527559051
20
-5.4778743307086613
11
5.6184448425196853
21
-5.4778743307086613
0
LINE
8
BLACK
6
CONTINUOUS
10
5.6184448425196853
20
-5.4778743307086613
11
5.6177404330708658
21
-5.4792567716535432
0
LINE
8
BLACK
6
CONTINUOUS
10
5.6177404330708658
20
-5.4792567716535432
11
5.614256456692913
21
-5.482740748031496
0
LINE
8
BLACK
6
CONTINUOUS
10
5.614256456692913
20
-5.482740748031496
11
5.6098664173228343
21
-5.4849775984251972
0
LINE
8
BLACK
6
CONTINUOUS
10
5.6098664173228343
20
-5.4849775984251972
11
5.6049999999999995
21
-5.4857483464566927
0
LINE
8
BLACK
6
CONTINUOUS
10
5.6049999999999995
20
-5.4857483464566927
11
5.6001335826771657
21
-5.4849775984251972
0
LINE
8
BLACK
6
CONTINUOUS
10
5.6001335826771657
20
-5.4849775984251972
11
5.5957435433070861
21
-5.482740748031496
0
LINE
8
BLACK
6
CONTINUOUS
10
5.5957435433070861
20
-5.482740748031496
11
5.5922595669291342
21
-5.4792567716535432
0
LINE
8
BLACK
6
CONTINUOUS
10
5.5922595669291342
20
-5.4792567716535432
11
5.5915551574803146
21
-5.4778743307086613
0
LINE
8
BLACK
6
CONTINUOUS
10
5.5915551574803146
20
-5.4778743307086613
11
5.5827289370078743
21
-5.4778743307086613
0
LINE
8
BLACK
6
CONTINUOUS
10
5.5827289370078743
20
-5.4778743307086613
11
5.5382674803149605
21
-5.4778743307086613
0
LINE
8
BLACK
6
CONTINUOUS
10
5.5382674803149605
20
-5.4778743307086613
11
5.5382661023622042
21
-5.4778740157480312
0
LINE
8
BLACK
6
CONTINUOUS
10
5.5382661023622042
20
-5.4778740157480312
11
5.3684448425196853
21
-5.4778740157480312
0
LINE
8
BLACK
6
CONTINUOUS
10
5.3684448425196853
20
-5.4778740157480312
11
5.3677404330708658
21
-5.4792564566929132
0
LINE
8
BLACK
6
CONTINUOUS
10
5.3677404330708658
20
-5.4792564566929132
11
5.364256456692913
21
-5.482740433070866
0
LINE
8
BLACK
6
CONTINUOUS
10
5.364256456692913
20
-5.482740433070866
11
5.3598664173228343
21
-5.4849772834645671
0
LINE
8
BLACK
6
CONTINUOUS
10
5.3598664173228343
20
-5.4849772834645671
11
5.3549999999999995
21
-5.4857480314960627
0
LINE
8
BLACK
6
CONTINUOUS
10
5.3549999999999995
20
-5.4857480314960627
11
5.3501335826771657
21
-5.4849772834645671
0
LINE
8
BLACK
6
CONTINUOUS
10
5.3501335826771657
20
-5.4849772834645671
11
5.3457435433070861
21
-5.482740433070866
0
LINE
8
BLACK
6
CONTINUOUS
10
5.3457435433070861
20
-5.482740433070866
11
5.3422595669291342
21
-5.4792564566929132
0
LINE
8
BLACK
6
CONTINUOUS
10
5.3422595669291342
20
-5.4792564566929132
11
5.3415551574803146
21
-5.4778740157480312
0
LINE
8
BLACK
6
CONTINUOUS
10
5.3415551574803146
20
-5.4778740157480312
11
5.3327289370078743
21
-5.4778740157480312
0
LINE
8
BLACK
6
CONTINUOUS
10
5.3327289370078743
20
-5.4778740157480312
11
5.1184448425196853
21
-5.4778740157480312
0
LINE
8
BLACK
6
CONTINUOUS
10
5.1184448425196853
20
-5.4778740157480312
11
5.1177404330708658
21
-5.4792564566929132
0
LINE
8
BLACK
6
CONTINUOUS
10
5.1177404330708658
20
-5.4792564566929132
11
5.114256456692913
21
-5.482740433070866
0
LINE
8
BLACK
6
CONTINUOUS
10
5.114256456692913
20
-5.482740433070866
11
5.1098664173228343
21
-5.4849772834645671
0
LINE
8
BLACK
6
CONTINUOUS
10
5.1098664173228343
20
-5.4849772834645671
11
5.1049999999999995
21
-5.4857480314960627
0
LINE
8
BLACK
6
CONTINUOUS
10
5.1049999999999995
20
-5.4857480314960627
11
5.1001335826771657
21
-5.4849772834645671
0
LINE
8
BLACK
6
CONTINUOUS
10
5.1001335826771657
20
-5.4849772834645671
11
5.0957435433070861
21
-5.482740433070866
0
LINE
8
BLACK
6
CONTINUOUS
10
5.0957435433070861
20
-5.482740433070866
11
5.0922595669291342
21
-5.4792564566929132
0
LINE
8
BLACK
6
CONTINUOUS
10
5.0922595669291342
20
-5.4792564566929132
11
5.0915551574803146
21
-5.4778740157480312
0
LINE
8
BLACK
6
CONTINUOUS
10
5.0915551574803146
20
-5.4778740157480312
11
5.0827289370078743
21
-5.4778740157480312
0
LINE
8
BLACK
6
CONTINUOUS
10
5.0827289370078743
20
-5.4778740157480312
11
4.8772712992125982
21
-5.4778740157480312
0
LINE
8
BLACK
6
CONTINUOUS
10
4.8772712992125982
20
-5.4778740157480312
11
4.8772702755905515
21
-5.4778737795275587
0
LINE
8
BLACK
6
CONTINUOUS
10
4.8772702755905515
20
-5.4778737795275587
11
4.8684448425196853
21
-5.4778737795275587
0
LINE
8
BLACK
6
CONTINUOUS
10
4.8684448425196853
20
-5.4778737795275587
11
4.8677404330708658
21
-5.4792562204724407
0
LINE
8
BLACK
6
CONTINUOUS
10
4.8677404330708658
20
-5.4792562204724407
11
4.864256456692913
21
-5.4827401968503935
0
LINE
8
BLACK
6
CONTINUOUS
10
4.864256456692913
20
-5.4827401968503935
11
4.8598664173228343
21
-5.4849770472440946
0
LINE
8
BLACK
6
CONTINUOUS
10
4.8598664173228343
20
-5.4849770472440946
11
4.8549999999999995
21
-5.4857477952755902
0
LINE
8
BLACK
6
CONTINUOUS
10
4.8549999999999995
20
-5.4857477952755902
11
4.8501335826771657
21
-5.4849770472440946
0
LINE
8
BLACK
6
CONTINUOUS
10
4.8501335826771657
20
-5.4849770472440946
11
4.8457435433070861
21
-5.4827401968503935
0
LINE
8
BLACK
6
CONTINUOUS
10
4.8457435433070861
20
-5.4827401968503935
11
4.8422595669291342
21
-5.4792562204724407
0
LINE
8
BLACK
6
CONTINUOUS
10
4.8422595669291342
20
-5.4792562204724407
11
4.8415552755905509
21
-5.4778740157480312
0
LINE
8
BLACK
6
CONTINUOUS
10
4.8415552755905509
20
-5.4778740157480312
11
4.6234448425196852
21
-5.4778740157480312
0
LINE
8
BLACK
6
CONTINUOUS
10
4.6234448425196852
20
-5.4778740157480312
11
4.6227404330708657
21
-5.4792564566929132
0
LINE
8
BLACK
6
CONTINUOUS
10
4.6227404330708657
20
-5.4792564566929132
11
4.6192564566929128
21
-5.482740433070866
0
LINE
8
BLACK
6
CONTINUOUS
10
4.6192564566929128
20
-5.482740433070866
11
4.6148664173228342
21
-5.4849772834645671
0
LINE
8
BLACK
6
CONTINUOUS
10
4.6148664173228342
20
-5.4849772834645671
11
4.6100000000000003
21
-5.4857480314960627
0
LINE
8
BLACK
6
CONTINUOUS
10
4.6100000000000003
20
-5.4857480314960627
11
4.6051335826771655
21
-5.4849772834645671
0
LINE
8
BLACK
6
CONTINUOUS
10
4.6051335826771655
20
-5.4849772834645671
11
4.6007435433070869
21
-5.482740433070866
0
LINE
8
BLACK
6
CONTINUOUS
10
4.6007435433070869
20
-5.482740433070866
11
4.5972595669291341
21
-5.4792564566929132
0
LINE
8
BLACK
6
CONTINUOUS
10
4.5972595669291341
20
-5.4792564566929132
11
4.5965551574803145
21
-5.4778740157480312
0
LINE
8
BLACK
6
CONTINUOUS
10
4.5965551574803145
20
-5.4778740157480312
11
4.3734446062992127
21
-5.4778740157480312
0
LINE
8
BLACK
6
CONTINUOUS
10
4.3734446062992127
20
-5.4778740157480312
11
4.3727404330708657
21
-5.4792560629921256
0
LINE
8
BLACK
6
CONTINUOUS
10
4.3727404330708657
20
-5.4792560629921256
11
4.3692564566929128
21
-5.4827400393700785
0
LINE
8
BLACK
6
CONTINUOUS
10
4.3692564566929128
20
-5.4827400393700785
11
4.3648664173228342
21
-5.4849768897637796
0
LINE
8
BLACK
6
CONTINUOUS
10
4.3648664173228342
20
-5.4849768897637796
11
4.3600000000000003
21
-5.4857476377952752
0
LINE
8
BLACK
6
CONTINUOUS
10
4.3600000000000003
20
-5.4857476377952752
11
4.3551335826771655
21
-5.4849768897637796
0
LINE
8
BLACK
6
CONTINUOUS
10
4.3551335826771655
20
-5.4849768897637796
11
4.3507435433070869
21
-5.4827400393700785
0
LINE
8
BLACK
6
CONTINUOUS
10
4.3507435433070869
20
-5.4827400393700785
11
4.3472595669291341
21
-5.4792560629921256
0
LINE
8
BLACK
6
CONTINUOUS
10
4.3472595669291341
20
-5.4792560629921256
11
4.3450227165354329
21
-5.474866023622047
0
LINE
8
BLACK
6
CONTINUOUS
10
4.3450227165354329
20
-5.474866023622047
11
4.3442519685039365
21
-5.4699996062992122
0
LINE
8
BLACK
6
CONTINUOUS
10
4.3442519685039365
20
-5.4699996062992122
11
4.3450227165354329
21
-5.4651331889763775
0
LINE
8
BLACK
6
CONTINUOUS
10
4.3450227165354329
20
-5.4651331889763775
11
4.3472595669291341
21
-5.4607431496062988
0
LINE
8
BLACK
6
CONTINUOUS
10
4.3472595669291341
20
-5.4607431496062988
11
4.3507435433070869
21
-5.457259173228346
0
LINE
8
BLACK
6
CONTINUOUS
10
4.3507435433070869
20
-5.457259173228346
11
4.3551335826771655
21
-5.4550223228346457
0
LINE
8
BLACK
6
CONTINUOUS
10
4.3551335826771655
20
-5.4550223228346457
11
4.3600000000000003
21
-5.4542515748031493
0
LINE
8
BLACK
6
CONTINUOUS
10
4.3600000000000003
20
-5.4542515748031493
11
4.3648664173228342
21
-5.4550223228346457
0
LINE
8
BLACK
6
CONTINUOUS
10
6.1847488582677164
20
-5.013759921259842
11
6.1865792913385826
21
-5.0158723622047239
0
LINE
8
BLACK
6
CONTINUOUS
10
6.1865792913385826
20
-5.0158723622047239
11
6.1870275590551183
21
-5.0179330708661416
0
LINE
8
BLACK
6
CONTINUOUS
10
6.1870275590551183
20
-5.0179330708661416
11
6.1870275590551183
21
-6.9820669291338584
0
LINE
8
BLACK
6
CONTINUOUS
10
6.1870275590551183
20
-6.9820669291338584
11
6.1862400787401572
21
-6.9847488582677162
0
LINE
8
BLACK
6
CONTINUOUS
10
6.1862400787401572
20
-6.9847488582677162
11
6.1841276377952754
21
-6.9865792913385825
0
LINE
8
BLACK
6
CONTINUOUS
10
6.1841276377952754
20
-6.9865792913385825
11
6.1820669291338577
21
-6.9870275590551181
0
LINE
8
BLACK
6
CONTINUOUS
10
6.1820669291338577
20
-6.9870275590551181
11
4.2179330708661418
21
-6.9870275590551181
0
LINE
8
BLACK
6
CONTINUOUS
10
4.2179330708661418
20
-6.9870275590551181
11
4.2152511417322831
21
-6.9862400787401571
0
LINE
8
BLACK
6
CONTINUOUS
10
4.2152511417322831
20
-6.9862400787401571
11
4.2134207086614168
21
-6.9841276377952752
0
LINE
8
BLACK
6
CONTINUOUS
10
4.2134207086614168
20
-6.9841276377952752
11
4.2129724409448821
21
-6.9820669291338584
0
LINE
8
BLACK
6
CONTINUOUS
10
4.2129724409448821
20
-6.9820669291338584
11
4.2129724409448821
21
-6.8051646456692909
0
LINE
8
BLACK
6
CONTINUOUS
10
4.2129724409448821
20
-6.8051646456692909
11
4.2129724409448821
21
-6.3016965748031497
0
LINE
8
BLACK
6
CONTINUOUS
10
4.2129724409448821
20
-6.3016965748031497
11
4.2129724409448821
21
-5.2051646456692913
0
LINE
8
BLACK
6
CONTINUOUS
10
4.2129724409448821
20
-5.2051646456692913
11
4.2129724409448821
21
-5.0179330708661416
0
LINE
8
BLACK
6
CONTINUOUS
10
4.2129724409448821
20
-5.0179330708661416
11
4.2137599212598422
21
-5.0152511417322829
0
LINE
8
BLACK
6
CONTINUOUS
10
4.2137599212598422
20
-5.0152511417322829
11
4.2158723622047241
21
-5.0134207086614175
0
LINE
8
BLACK
6
CONTINUOUS
10
4.2158723622047241
20
-5.0134207086614175
11
4.2179330708661418
21
-5.0129724409448819
0
LINE
8
BLACK
6
CONTINUOUS
10
4.2179330708661418
20
-5.0129724409448819
11
6.1820669291338577
21
-5.0129724409448819
0
LINE
8
BLACK
6
CONTINUOUS
10
6.1820669291338577
20
-5.0129724409448819
11
6.1847488582677164
21
-5.013759921259842
0
LINE
8
BLACK
6
CONTINUOUS
10
4.2620625196850392
20
-6.30229594488189
11
4.262384212598425
21
-6.3040515748031494
0
LINE
8
BLACK
6
CONTINUOUS
10
4.262384212598425
20
-6.3040515748031494
11
4.2624292913385826
21
-6.3043477559055114
0
LINE
8
BLACK
6
CONTINUOUS
10
4.2624292913385826
20
-6.3043477559055114
11
4.2627178346456693
21
-6.3067241732283463
0
LINE
8
BLACK
6
CONTINUOUS
10
4.2627178346456693
20
-6.3067241732283463
11
4.2627178740157481
21
-6.3067243307086613
0
LINE
8
BLACK
6
CONTINUOUS
10
4.2627178740157481
20
-6.3067243307086613
11
4.2628602362204724
21
-6.3070997244094489
0
LINE
8
BLACK
6
CONTINUOUS
10
4.2628602362204724
20
-6.3070997244094489
11
4.263101220472441
21
-6.3079641338582677
0
LINE
8
BLACK
6
CONTINUOUS
10
4.263101220472441
20
-6.3079641338582677
11
4.2631737007874015
21
-6.3083595275590554
0
LINE
8
BLACK
6
CONTINUOUS
10
4.2631737007874015
20
-6.3083595275590554
11
4.264156377952756
21
-6.3105430708661414
0
LINE
8
BLACK
6
CONTINUOUS
10
4.264156377952756
20
-6.3105430708661414
11
4.2642709842519686
21
-6.3108197244094484
0
LINE
8
BLACK
6
CONTINUOUS
10
4.2642709842519686
20
-6.3108197244094484
11
4.2648686614173226
21
-6.3123955511811021
0
LINE
8
BLACK
6
CONTINUOUS
10
4.2648686614173226
20
-6.3123955511811021
11
4.2651199212598421
21
-6.3130580708661412
0
LINE
8
BLACK
6
CONTINUOUS
10
4.2651199212598421
20
-6.3130580708661412
11
4.265348031496063
21
-6.3133885433070862
0
LINE
8
BLACK
6
CONTINUOUS
10
4.265348031496063
20
-6.3133885433070862
11
4.2657887795275586
21
-6.3141700393700786
0
LINE
8
BLACK
6
CONTINUOUS
10
4.2657887795275586
20
-6.3141700393700786
11
4.2659536614173224
21
-6.3145362992125982
0
LINE
8
BLACK
6
CONTINUOUS
10
4.2659536614173224
20
-6.3145362992125982
11
4.2659537401574799
21
-6.3145364566929132
0
LINE
8
BLACK
6
CONTINUOUS
10
4.2659537401574799
20
-6.3145364566929132
11
4.2674301574803151
21
-6.3164209842519687
0
LINE
8
BLACK
6
CONTINUOUS
10
4.2674301574803151
20
-6.3164209842519687
11
4.2676076377952752
21
-6.316662204724409
0
LINE
8
BLACK
6
CONTINUOUS
10
4.2676076377952752
20
-6.316662204724409
11
4.268967834645669
21
-6.3186327165354328
0
LINE
8
BLACK
6
CONTINUOUS
10
4.268967834645669
20
-6.3186327165354328
11
4.2707604724409451
21
-6.3202208661417325
0
LINE
8
BLACK
6
CONTINUOUS
10
4.2707604724409451
20
-6.3202208661417325
11
4.2709786220472443
21
-6.3204262598425194
0
LINE
8
BLACK
6
CONTINUOUS
10
4.2709786220472443
20
-6.3204262598425194
11
4.4219366929133859
21
-6.4713843307086609
0
LINE
8
BLACK
6
CONTINUOUS
10
4.4219366929133859
20
-6.4713843307086609
11
4.422142047244094
21
-6.4716024803149601
0
LINE
8
BLACK
6
CONTINUOUS
10
4.422142047244094
20
-6.4716024803149601
11
4.4237301181102362
21
-6.473395
0
LINE
8
BLACK
6
CONTINUOUS
10
4.4237301181102362
20
-6.473395
11
4.4237302362204725
21
-6.4733951181102363
0
LINE
8
BLACK
6
CONTINUOUS
10
4.4237302362204725
20
-6.4733951181102363
11
4.42570094488189
21
-6.4747553937007876
0
LINE
8
BLACK
6
CONTINUOUS
10
4.42570094488189
20
-6.4747553937007876
11
4.4259411811023623
21
-6.4749321653543301
0
LINE
8
BLACK
6
CONTINUOUS
10
4.4259411811023623
20
-6.4749321653543301
11
4.4278265748031496
21
-6.4764092913385829
0
LINE
8
BLACK
6
CONTINUOUS
10
4.4278265748031496
20
-6.4764092913385829
11
4.4281922834645666
21
-6.4765738582677166
0
LINE
8
BLACK
6
CONTINUOUS
10
4.4281922834645666
20
-6.4765738582677166
11
4.4289745275590553
21
-6.4770150393700785
0
LINE
8
BLACK
6
CONTINUOUS
10
4.4289745275590553
20
-6.4770150393700785
11
4.4292194881889762
21
-6.4771840944881891
0
LINE
8
BLACK
6
CONTINUOUS
10
4.4292194881889762
20
-6.4771840944881891
11
4.4293049606299215
21
-6.4772431102362207
0
LINE
8
BLACK
6
CONTINUOUS
10
4.4293049606299215
20
-6.4772431102362207
11
4.4315448031496061
21
-6.4780925196850392
0
LINE
8
BLACK
6
CONTINUOUS
10
4.4315448031496061
20
-6.4780925196850392
11
4.4318199212598426
21
-6.4782064960629917
0
LINE
8
BLACK
6
CONTINUOUS
10
4.4318199212598426
20
-6.4782064960629917
11
4.4340036220472436
21
-6.4791893307086612
0
LINE
8
BLACK
6
CONTINUOUS
10
4.4340036220472436
20
-6.4791893307086612
11
4.434398582677165
21
-6.4792616929133855
0
LINE
8
BLACK
6
CONTINUOUS
10
4.434398582677165
20
-6.4792616929133855
11
4.4352629921259838
21
-6.4795026771653541
0
LINE
8
BLACK
6
CONTINUOUS
10
4.4352629921259838
20
-6.4795026771653541
11
4.4356385826771652
21
-6.4796451181102359
0
LINE
8
BLACK
6
CONTINUOUS
10
4.4356385826771652
20
-6.4796451181102359
11
4.4380173622047243
21
-6.4799339370078739
0
LINE
8
BLACK
6
CONTINUOUS
10
4.4380173622047243
20
-6.4799339370078739
11
4.4383103937007871
21
-6.4799785433070864
0
LINE
8
BLACK
6
CONTINUOUS
10
4.4383103937007871
20
-6.4799785433070864
11
4.440666456692913
21
-6.48041031496063
0
LINE
8
BLACK
6
CONTINUOUS
10
4.440666456692913
20
-6.48041031496063
11
4.4430558661417319
21
-6.4802657480314956
0
LINE
8
BLACK
6
CONTINUOUS
10
4.4430558661417319
20
-6.4802657480314956
11
4.4433553543307083
21
-6.4802567322834648
0
LINE
8
BLACK
6
CONTINUOUS
10
4.4433553543307083
20
-6.4802567322834648
11
4.7866439763779525
21
-6.4802567322834648
0
LINE
8
BLACK
6
CONTINUOUS
10
4.7866439763779525
20
-6.4802567322834648
11
4.7869435039370076
21
-6.4802657874015743
0
LINE
8
BLACK
6
CONTINUOUS
10
4.7869435039370076
20
-6.4802657874015743
11
4.7893333858267715
21
-6.4804103543307088
0
LINE
8
BLACK
6
CONTINUOUS
10
4.7893333858267715
20
-6.4804103543307088
11
4.79169
21
-6.4799784645669289
0
LINE
8
BLACK
6
CONTINUOUS
10
4.79169
20
-6.4799784645669289
11
4.7919831889763778
21
-6.4799338582677164
0
LINE
8
BLACK
6
CONTINUOUS
10
4.7919831889763778
20
-6.4799338582677164
11
4.7943612598425194
21
-6.4796451181102359
0
LINE
8
BLACK
6
CONTINUOUS
10
4.7943612598425194
20
-6.4796451181102359
11
4.7947364173228344
21
-6.4795027952755904
0
LINE
8
BLACK
6
CONTINUOUS
10
4.7947364173228344
20
-6.4795027952755904
11
4.7956015354330708
21
-6.4792616929133855
0
LINE
8
BLACK
6
CONTINUOUS
10
4.7956015354330708
20
-6.4792616929133855
11
4.7956021653543308
21
-6.4792615748031492
0
LINE
8
BLACK
6
CONTINUOUS
10
4.7956021653543308
20
-6.4792615748031492
11
4.7959962204724409
21
-6.47918937007874
0
LINE
8
BLACK
6
CONTINUOUS
10
4.7959962204724409
20
-6.47918937007874
11
4.7981800000000003
21
-6.478206456692913
0
LINE
8
BLACK
6
CONTINUOUS
10
4.7981800000000003
20
-6.478206456692913
11
4.7984560236220473
21
-6.4780921653543304
0
LINE
8
BLACK
6
CONTINUOUS
10
4.7984560236220473
20
-6.4780921653543304
11
4.8006948818897639
21
-6.4772431102362207
0
LINE
8
BLACK
6
CONTINUOUS
10
4.8006948818897639
20
-6.4772431102362207
11
4.8010252362204726
21
-6.4770150393700785
0
LINE
8
BLACK
6
CONTINUOUS
10
4.8010252362204726
20
-6.4770150393700785
11
4.8018069685039366
21
-6.4765740944881891
0
LINE
8
BLACK
6
CONTINUOUS
10
4.8018069685039366
20
-6.4765740944881891
11
4.802173267716535
21
-6.4764092913385829
0
LINE
8
BLACK
6
CONTINUOUS
10
4.802173267716535
20
-6.4764092913385829
11
4.804059645669291
21
-6.4749313385826772
0
LINE
8
BLACK
6
CONTINUOUS
10
4.804059645669291
20
-6.4749313385826772
11
4.8042980314960628
21
-6.4747559448818892
0
LINE
8
BLACK
6
CONTINUOUS
10
4.8042980314960628
20
-6.4747559448818892
11
4.8062696062992121
21
-6.4733951181102363
0
LINE
8
BLACK
6
CONTINUOUS
10
4.8062696062992121
20
-6.4733951181102363
11
4.8078583464566931
21
-6.4716017322834647
0
LINE
8
BLACK
6
CONTINUOUS
10
4.8078583464566931
20
-6.4716017322834647
11
4.8080624803149608
21
-6.4713849212598422
0
LINE
8
BLACK
6
CONTINUOUS
10
4.8080624803149608
20
-6.4713849212598422
11
4.8526193700787399
21
-6.4268280708661418
0
LINE
8
BLACK
6
CONTINUOUS
10
4.8526193700787399
20
-6.4268280708661418
11
4.8550724409448822
21
-6.4254885826771648
0
LINE
8
BLACK
6
CONTINUOUS
10
4.8550724409448822
20
-6.4254885826771648
11
4.8550778346456696
21
-6.4254874015748031
0
LINE
8
BLACK
6
CONTINUOUS
10
4.8550778346456696
20
-6.4254874015748031
11
4.8611135433070869
21
-6.4242044881889759
0
LINE
8
BLACK
6
CONTINUOUS
10
4.8611135433070869
20
-6.4242044881889759
11
4.8679822047244095
21
-6.4211463779527556
0
LINE
8
BLACK
6
CONTINUOUS
10
4.8679822047244095
20
-6.4211463779527556
11
4.8740649212598424
21
-6.416727007874016
0
LINE
8
BLACK
6
CONTINUOUS
10
4.8740649212598424
20
-6.416727007874016
11
4.8744852362204725
21
-6.4162601968503932
0
LINE
8
BLACK
6
CONTINUOUS
10
4.8744852362204725
20
-6.4162601968503932
11
4.8790956692913383
21
-6.4111398031496059
0
LINE
8
BLACK
6
CONTINUOUS
10
4.8790956692913383
20
-6.4111398031496059
11
4.8790957086614171
21
-6.4111397244094483
0
LINE
8
BLACK
6
CONTINUOUS
10
4.8790957086614171
20
-6.4111397244094483
11
4.8790959055118108
21
-6.4111395275590546
0
LINE
8
BLACK
6
CONTINUOUS
10
4.8790959055118108
20
-6.4111395275590546
11
4.8828552362204727
21
-6.4046281889763774
0
LINE
8
BLACK
6
CONTINUOUS
10
4.8828552362204727
20
-6.4046281889763774
11
4.8851786614173225
21
-6.3974774803149606
0
LINE
8
BLACK
6
CONTINUOUS
10
4.8851786614173225
20
-6.3974774803149606
11
4.8859645669291334
21
-6.3899999999999997
0
LINE
8
BLACK
6
CONTINUOUS
10
4.8859645669291334
20
-6.3899999999999997
11
4.8851786614173225
21
-6.3825225196850388
0
LINE
8
BLACK
6
CONTINUOUS
10
4.8851786614173225
20
-6.3825225196850388
11
4.8828552362204727
21
-6.3753718110236219
0
LINE
8
BLACK
6
CONTINUOUS
10
4.8828552362204727
20
-6.3753718110236219
11
4.879451968503937
21
-6.3694771653543309
0
LINE
8
BLACK
6
CONTINUOUS
10
4.879451968503937
20
-6.3694771653543309
11
4.8790959448818896
21
-6.3688605118110235
0
LINE
8
BLACK
6
CONTINUOUS
10
4.8790959448818896
20
-6.3688605118110235
11
4.8789432283464569
21
-6.3686503149606297
0
LINE
8
BLACK
6
CONTINUOUS
10
4.8789432283464569
20
-6.3686503149606297
11
4.879006496062992
21
-6.368604291338583
0
LINE
8
BLACK
6
CONTINUOUS
10
4.879006496062992
20
-6.368604291338583
11
4.8779584645669294
21
-6.3664200393700785
0
LINE
8
BLACK
6
CONTINUOUS
10
4.8779584645669294
20
-6.3664200393700785
11
4.8778937007874017
21
-6.3656210629921262
0
LINE
8
BLACK
6
CONTINUOUS
10
4.8778937007874017
20
-6.3656210629921262
11
4.8778937007874017
21
-6.3497609448818899
0
LINE
8
BLACK
6
CONTINUOUS
10
4.8778937007874017
20
-6.3497609448818899
11
4.8786811811023618
21
-6.3470790157480312
0
LINE
8
BLACK
6
CONTINUOUS
10
4.8786811811023618
20
-6.3470790157480312
11
4.8807936220472437
21
-6.345248582677165
0
LINE
8
BLACK
6
CONTINUOUS
10
4.8807936220472437
20
-6.345248582677165
11
4.8835603149606301
21
-6.3448507874015743
0
LINE
8
BLACK
6
CONTINUOUS
10
4.8835603149606301
20
-6.3448507874015743
11
4.8838302362204722
21
-6.3449020078740155
0
LINE
8
BLACK
6
CONTINUOUS
10
4.8838302362204722
20
-6.3449020078740155
11
4.886273622047244
21
-6.3451646850393697
0
LINE
8
BLACK
6
CONTINUOUS
10
4.886273622047244
20
-6.3451646850393697
11
4.8862738188976378
21
-6.3451646850393697
0
LINE
8
BLACK
6
CONTINUOUS
10
4.8862738188976378
20
-6.3451646850393697
11
4.8862740944881891
21
-6.3451647244094485
0
LINE
8
BLACK
6
CONTINUOUS
10
4.8862740944881891
20
-6.3451647244094485
11
4.8862743307086616
21
-6.3451647244094485
0
LINE
8
BLACK
6
CONTINUOUS
10
4.8862743307086616
20
-6.3451647244094485
11
4.9137256692913382
21
-6.3451647244094485
0
LINE
8
BLACK
6
CONTINUOUS
10
4.9137256692913382
20
-6.3451647244094485
11
4.9137259055118108
21
-6.3451647244094485
0
LINE
8
BLACK
6
CONTINUOUS
10
4.9137259055118108
20
-6.3451647244094485
11
4.913726181102362
21
-6.3451646850393697
0
LINE
8
BLACK
6
CONTINUOUS
10
4.913726181102362
20
-6.3451646850393697
11
4.913726338582677
21
-6.3451646850393697
0
LINE
8
BLACK
6
CONTINUOUS
10
4.913726338582677
20
-6.3451646850393697
11
4.9161100787401573
21
-6.3449084251968504
0
LINE
8
BLACK
6
CONTINUOUS
10
4.9161100787401573
20
-6.3449084251968504
11
4.9161101968503935
21
-6.3449083858267716
0
LINE
8
BLACK
6
CONTINUOUS
10
4.9161101968503935
20
-6.3449083858267716
11
4.916110275590551
21
-6.3449083858267716
0
LINE
8
BLACK
6
CONTINUOUS
10
4.916110275590551
20
-6.3449083858267716
11
4.9161274015748031
21
-6.3449020078740155
0
LINE
8
BLACK
6
CONTINUOUS
10
4.9161274015748031
20
-6.3449020078740155
11
4.9172148818897634
21
-6.3444963779527557
0
LINE
8
BLACK
6
CONTINUOUS
10
4.9172148818897634
20
-6.3444963779527557
11
4.9215040944881885
21
-6.3428965748031496
0
LINE
8
BLACK
6
CONTINUOUS
10
4.9215040944881885
20
-6.3428965748031496
11
4.9219141338582677
21
-6.3425896456692916
0
LINE
8
BLACK
6
CONTINUOUS
10
4.9219141338582677
20
-6.3425896456692916
11
4.9261126377952751
21
-6.3394466535433072
0
LINE
8
BLACK
6
CONTINUOUS
10
4.9261126377952751
20
-6.3394466535433072
11
4.9295624803149609
21
-6.3348382283464568
0
LINE
8
BLACK
6
CONTINUOUS
10
4.9295624803149609
20
-6.3348382283464568
11
4.9295624803149609
21
-6.3348381889763781
0
LINE
8
BLACK
6
CONTINUOUS
10
4.9295624803149609
20
-6.3348381889763781
11
4.9295625590551184
21
-6.3348381102362206
0
LINE
8
BLACK
6
CONTINUOUS
10
4.9295625590551184
20
-6.3348381102362206
11
4.9315743700787404
21
-6.3294442913385822
0
LINE
8
BLACK
6
CONTINUOUS
10
4.9315743700787404
20
-6.3294442913385822
11
4.9316470472440948
21
-6.3287685826771654
0
LINE
8
BLACK
6
CONTINUOUS
10
4.9316470472440948
20
-6.3287685826771654
11
4.9318306692913385
21
-6.3270603543307082
0
LINE
8
BLACK
6
CONTINUOUS
10
4.9318306692913385
20
-6.3270603543307082
11
4.9318307086614173
21
-6.3270596850393703
0
LINE
8
BLACK
6
CONTINUOUS
10
4.9318307086614173
20
-6.3270596850393703
11
4.9318307086614173
21
-6.2641752362204723
0
LINE
8
BLACK
6
CONTINUOUS
10
4.9318307086614173
20
-6.2641752362204723
11
4.9318306692913385
21
-6.2641745669291335
0
LINE
8
BLACK
6
CONTINUOUS
10
4.9318306692913385
20
-6.2641745669291335
11
4.9315744094488192
21
-6.2617908267716533
0
LINE
8
BLACK
6
CONTINUOUS
10
4.9315744094488192
20
-6.2617908267716533
11
4.9315743307086617
21
-6.2617905118110233
0
LINE
8
BLACK
6
CONTINUOUS
10
4.9315743307086617
20
-6.2617905118110233
11
4.9300974015748027
21
-6.2578307874015744
0
LINE
8
BLACK
6
CONTINUOUS
10
4.9300974015748027
20
-6.2578307874015744
11
4.9295625590551184
21
-6.2563968503937009
0
LINE
8
BLACK
6
CONTINUOUS
10
4.9295625590551184
20
-6.2563968503937009
11
4.9295624803149609
21
-6.2563967322834646
0
LINE
8
BLACK
6
CONTINUOUS
10
4.9295624803149609
20
-6.2563967322834646
11
4.9288831102362201
21
-6.2554891732283462
0
LINE
8
BLACK
6
CONTINUOUS
10
4.9288831102362201
20
-6.2554891732283462
11
4.9279063385826767
21
-6.252870275590551
0
LINE
8
BLACK
6
CONTINUOUS
10
4.9279063385826767
20
-6.252870275590551
11
4.9278937007874015
21
-6.2525164173228349
0
LINE
8
BLACK
6
CONTINUOUS
10
4.9278937007874015
20
-6.2525164173228349
11
4.9278937007874015
21
-6.2513348818897638
0
LINE
8
BLACK
6
CONTINUOUS
10
4.9278937007874015
20
-6.2513348818897638
11
4.927902755905512
21
-6.2510353937007874
0
LINE
8
BLACK
6
CONTINUOUS
10
4.927902755905512
20
-6.2510353937007874
11
4.9279339370078743
21
-6.2505197244094486
0
LINE
8
BLACK
6
CONTINUOUS
10
4.9279339370078743
20
-6.2505197244094486
11
4.9280473228346455
21
-6.2486453543307086
0
LINE
8
BLACK
6
CONTINUOUS
10
4.9280473228346455
20
-6.2486453543307086
11
4.9276155118110232
21
-6.2462890944881888
0
LINE
8
BLACK
6
CONTINUOUS
10
4.9276155118110232
20
-6.2462890944881888
11
4.9275707874015744
21
-6.2459953149606298
0
LINE
8
BLACK
6
CONTINUOUS
10
4.9275707874015744
20
-6.2459953149606298
11
4.9272820866141736
21
-6.2436174409448819
0
LINE
8
BLACK
6
CONTINUOUS
10
4.9272820866141736
20
-6.2436174409448819
11
4.9272820472440948
21
-6.2436173622047244
0
LINE
8
BLACK
6
CONTINUOUS
10
4.9272820472440948
20
-6.2436173622047244
11
4.9272820472440948
21
-6.2436172834645669
0
LINE
8
BLACK
6
CONTINUOUS
10
4.9272820472440948
20
-6.2436172834645669
11
4.9271398031496059
21
-6.2432422047244094
0
LINE
8
BLACK
6
CONTINUOUS
10
4.9271398031496059
20
-6.2432422047244094
11
4.9268987007874019
21
-6.242377401574803
0
LINE
8
BLACK
6
CONTINUOUS
10
4.9268987007874019
20
-6.242377401574803
11
4.9268263385826767
21
-6.2419825590551179
0
LINE
8
BLACK
6
CONTINUOUS
10
4.9268263385826767
20
-6.2419825590551179
11
4.9268263385826767
21
-6.2419824803149604
0
LINE
8
BLACK
6
CONTINUOUS
10
4.9268263385826767
20
-6.2419824803149604
11
4.9258435826771656
21
-6.2397988976377947
0
LINE
8
BLACK
6
CONTINUOUS
10
4.9258435826771656
20
-6.2397988976377947
11
4.9257289370078743
21
-6.239522047244094
0
LINE
8
BLACK
6
CONTINUOUS
10
4.9257289370078743
20
-6.239522047244094
11
4.9248801968503937
21
-6.2372840944881887
0
LINE
8
BLACK
6
CONTINUOUS
10
4.9248801968503937
20
-6.2372840944881887
11
4.9248801181102362
21
-6.2372839763779524
0
LINE
8
BLACK
6
CONTINUOUS
10
4.9248801181102362
20
-6.2372839763779524
11
4.9248800787401574
21
-6.2372838188976374
0
LINE
8
BLACK
6
CONTINUOUS
10
4.9248800787401574
20
-6.2372838188976374
11
4.9246520866141728
21
-6.2369535039370074
0
LINE
8
BLACK
6
CONTINUOUS
10
4.9246520866141728
20
-6.2369535039370074
11
4.9242109448818896
21
-6.2361714173228346
0
LINE
8
BLACK
6
CONTINUOUS
10
4.9242109448818896
20
-6.2361714173228346
11
4.9240462598425196
21
-6.2358054330708663
0
LINE
8
BLACK
6
CONTINUOUS
10
4.9240462598425196
20
-6.2358054330708663
11
4.9226954330708663
21
-6.2340812598425197
0
LINE
8
BLACK
6
CONTINUOUS
10
4.9226954330708663
20
-6.2340812598425197
11
4.9225695669291341
21
-6.2339205905511808
0
LINE
8
BLACK
6
CONTINUOUS
10
4.9225695669291341
20
-6.2339205905511808
11
4.9223919685039368
21
-6.2336792125984246
0
LINE
8
BLACK
6
CONTINUOUS
10
4.9223919685039368
20
-6.2336792125984246
11
4.921032086614173
21
-6.2317090944881892
0
LINE
8
BLACK
6
CONTINUOUS
10
4.921032086614173
20
-6.2317090944881892
11
4.9210319685039368
21
-6.231708976377953
0
LINE
8
BLACK
6
CONTINUOUS
10
4.9210319685039368
20
-6.231708976377953
11
4.9192394488188977
21
-6.2301209055118107
0
LINE
8
BLACK
6
CONTINUOUS
10
4.9192394488188977
20
-6.2301209055118107
11
4.9190212992125986
21
-6.2299155511811026
0
LINE
8
BLACK
6
CONTINUOUS
10
4.9190212992125986
20
-6.2299155511811026
11
4.89008437007874
21
-6.200978622047244
0
LINE
8
BLACK
6
CONTINUOUS
10
4.89008437007874
20
-6.200978622047244
11
4.8898789763779522
21
-6.2007604724409449
0
LINE
8
BLACK
6
CONTINUOUS
10
4.8898789763779522
20
-6.2007604724409449
11
4.8896940944881893
21
-6.2005517716535428
0
LINE
8
BLACK
6
CONTINUOUS
10
4.8896940944881893
20
-6.2005517716535428
11
4.8882909055118109
21
-6.1989679133858262
0
LINE
8
BLACK
6
CONTINUOUS
10
4.8882909055118109
20
-6.1989679133858262
11
4.8882908661417321
21
-6.1989678740157474
0
LINE
8
BLACK
6
CONTINUOUS
10
4.8882908661417321
20
-6.1989678740157474
11
4.8882908267716534
21
-6.1989678346456696
0
LINE
8
BLACK
6
CONTINUOUS
10
4.8882908267716534
20
-6.1989678346456696
11
4.8863203149606296
21
-6.1976076377952758
0
LINE
8
BLACK
6
CONTINUOUS
10
4.8863203149606296
20
-6.1976076377952758
11
4.8860790944881884
21
-6.1974301574803148
0
LINE
8
BLACK
6
CONTINUOUS
10
4.8860790944881884
20
-6.1974301574803148
11
4.8841945669291338
21
-6.1959537401574805
0
LINE
8
BLACK
6
CONTINUOUS
10
4.8841945669291338
20
-6.1959537401574805
11
4.8841944094488188
21
-6.195953661417323
0
LINE
8
BLACK
6
CONTINUOUS
10
4.8841944094488188
20
-6.195953661417323
11
4.8838281496062992
21
-6.1957887795275592
0
LINE
8
BLACK
6
CONTINUOUS
10
4.8838281496062992
20
-6.1957887795275592
11
4.8830466535433068
21
-6.1953480314960627
0
LINE
8
BLACK
6
CONTINUOUS
10
4.8830466535433068
20
-6.1953480314960627
11
4.8827161811023618
21
-6.1951199212598427
0
LINE
8
BLACK
6
CONTINUOUS
10
4.8827161811023618
20
-6.1951199212598427
11
4.8816214173228349
21
-6.1947047244094486
0
LINE
8
BLACK
6
CONTINUOUS
10
4.8816214173228349
20
-6.1947047244094486
11
4.880477834645669
21
-6.1942709842519683
0
LINE
8
BLACK
6
CONTINUOUS
10
4.880477834645669
20
-6.1942709842519683
11
4.880201181102362
21
-6.1941563779527558
0
LINE
8
BLACK
6
CONTINUOUS
10
4.880201181102362
20
-6.1941563779527558
11
4.8780176377952751
21
-6.1931737007874013
0
LINE
8
BLACK
6
CONTINUOUS
10
4.8780176377952751
20
-6.1931737007874013
11
4.8780175590551176
21
-6.1931736614173225
0
LINE
8
BLACK
6
CONTINUOUS
10
4.8780175590551176
20
-6.1931736614173225
11
4.8780175196850388
21
-6.1931736614173225
0
LINE
8
BLACK
6
CONTINUOUS
10
4.8780175196850388
20
-6.1931736614173225
11
4.877622125984252
21
-6.193101181102362
0
LINE
8
BLACK
6
CONTINUOUS
10
4.877622125984252
20
-6.193101181102362
11
4.8767579527559057
21
-6.1928602362204721
0
LINE
8
BLACK
6
CONTINUOUS
10
4.8767579527559057
20
-6.1928602362204721
11
4.8763825590551182
21
-6.1927179133858266
0
LINE
8
BLACK
6
CONTINUOUS
10
4.8763825590551182
20
-6.1927179133858266
11
4.8763825196850394
21
-6.1927178740157478
0
LINE
8
BLACK
6
CONTINUOUS
10
4.8763825196850394
20
-6.1927178740157478
11
4.8763824409448819
21
-6.1927178740157478
0
LINE
8
BLACK
6
CONTINUOUS
10
4.8763824409448819
20
-6.1927178740157478
11
4.8763822834645669
21
-6.1927178346456691
0
LINE
8
BLACK
6
CONTINUOUS
10
4.8763822834645669
20
-6.1927178346456691
11
4.874005866141732
21
-6.1924292913385823
0
LINE
8
BLACK
6
CONTINUOUS
10
4.874005866141732
20
-6.1924292913385823
11
4.873709842519685
21
-6.1923842125984248
0
LINE
8
BLACK
6
CONTINUOUS
10
4.873709842519685
20
-6.1923842125984248
11
4.8721930708661416
21
-6.1921062992125986
0
LINE
8
BLACK
6
CONTINUOUS
10
4.8721930708661416
20
-6.1921062992125986
11
4.8713547244094491
21
-6.1919526771653546
0
LINE
8
BLACK
6
CONTINUOUS
10
4.8713547244094491
20
-6.1919526771653546
11
4.8713546850393703
21
-6.1919526771653546
0
LINE
8
BLACK
6
CONTINUOUS
10
4.8713546850393703
20
-6.1919526771653546
11
4.8693483464566931
21
-6.1920740157480312
0
LINE
8
BLACK
6
CONTINUOUS
10
4.8693483464566931
20
-6.1920740157480312
11
4.8689648031496064
21
-6.1920972440944881
0
LINE
8
BLACK
6
CONTINUOUS
10
4.8689648031496064
20
-6.1920972440944881
11
4.8686652755905513
21
-6.1921062992125986
0
LINE
8
BLACK
6
CONTINUOUS
10
4.8686652755905513
20
-6.1921062992125986
11
4.6645055118110239
21
-6.1921062992125986
0
LINE
8
BLACK
6
CONTINUOUS
10
4.6645055118110239
20
-6.1921062992125986
11
4.6618235826771652
21
-6.1913188188976376
0
LINE
8
BLACK
6
CONTINUOUS
10
4.6618235826771652
20
-6.1913188188976376
11
4.6609978346456691
21
-6.1906533464566929
0
LINE
8
BLACK
6
CONTINUOUS
10
4.6609978346456691
20
-6.1906533464566929
11
4.5861742913385823
21
-6.1158298031496061
0
LINE
8
BLACK
6
CONTINUOUS
10
4.5861742913385823
20
-6.1158298031496061
11
4.5859688976377955
21
-6.1156116535433069
0
LINE
8
BLACK
6
CONTINUOUS
10
4.5859688976377955
20
-6.1156116535433069
11
4.5854708267716537
21
-6.1150494488188976
0
LINE
8
BLACK
6
CONTINUOUS
10
4.5854708267716537
20
-6.1150494488188976
11
4.5843808267716533
21
-6.1138190944881892
0
LINE
8
BLACK
6
CONTINUOUS
10
4.5843808267716533
20
-6.1138190944881892
11
4.5843807874015745
21
-6.1138190551181104
0
LINE
8
BLACK
6
CONTINUOUS
10
4.5843807874015745
20
-6.1138190551181104
11
4.5843807480314958
21
-6.1138190157480317
0
LINE
8
BLACK
6
CONTINUOUS
10
4.5843807480314958
20
-6.1138190157480317
11
4.5824102362204719
21
-6.1124588188976379
0
LINE
8
BLACK
6
CONTINUOUS
10
4.5824102362204719
20
-6.1124588188976379
11
4.5821690157480317
21
-6.1122813385826769
0
LINE
8
BLACK
6
CONTINUOUS
10
4.5821690157480317
20
-6.1122813385826769
11
4.5802844881889762
21
-6.1108049212598425
0
LINE
8
BLACK
6
CONTINUOUS
10
4.5802844881889762
20
-6.1108049212598425
11
4.5802843307086611
21
-6.110804842519685
0
LINE
8
BLACK
6
CONTINUOUS
10
4.5802843307086611
20
-6.110804842519685
11
4.5799180708661416
21
-6.1106399606299213
0
LINE
8
BLACK
6
CONTINUOUS
10
4.5799180708661416
20
-6.1106399606299213
11
4.5791365748031492
21
-6.1101992125984248
0
LINE
8
BLACK
6
CONTINUOUS
10
4.5791365748031492
20
-6.1101992125984248
11
4.5788061023622042
21
-6.1099711023622048
0
LINE
8
BLACK
6
CONTINUOUS
10
4.5788061023622042
20
-6.1099711023622048
11
4.578143582677165
21
-6.1097198425196853
0
LINE
8
BLACK
6
CONTINUOUS
10
4.578143582677165
20
-6.1097198425196853
11
4.5765677559055113
21
-6.1091221653543304
0
LINE
8
BLACK
6
CONTINUOUS
10
4.5765677559055113
20
-6.1091221653543304
11
4.5762911023622044
21
-6.1090075590551178
0
LINE
8
BLACK
6
CONTINUOUS
10
4.5762911023622044
20
-6.1090075590551178
11
4.5741075590551183
21
-6.1080248818897633
0
LINE
8
BLACK
6
CONTINUOUS
10
4.5741075590551183
20
-6.1080248818897633
11
4.5741074803149608
21
-6.1080248425196846
0
LINE
8
BLACK
6
CONTINUOUS
10
4.5741074803149608
20
-6.1080248425196846
11
4.5741074409448821
21
-6.1080248425196846
0
LINE
8
BLACK
6
CONTINUOUS
10
4.5741074409448821
20
-6.1080248425196846
11
4.5740857874015743
21
-6.1080208661417323
0
LINE
8
BLACK
6
CONTINUOUS
10
4.5740857874015743
20
-6.1080208661417323
11
4.5740712992125987
21
-6.1080135433070861
0
LINE
8
BLACK
6
CONTINUOUS
10
4.5740712992125987
20
-6.1080135433070861
11
4.5738211811023621
21
-6.1079356299212595
0
LINE
8
BLACK
6
CONTINUOUS
10
4.5738211811023621
20
-6.1079356299212595
11
4.5738341338582673
21
-6.1078940157480313
0
LINE
8
BLACK
6
CONTINUOUS
10
4.5738341338582673
20
-6.1078940157480313
11
4.5715899212598421
21
-6.1067627559055113
0
LINE
8
BLACK
6
CONTINUOUS
10
4.5715899212598421
20
-6.1067627559055113
11
4.5701703543307088
21
-6.1043549212598425
0
LINE
8
BLACK
6
CONTINUOUS
10
4.5701703543307088
20
-6.1043549212598425
11
4.5700196850393704
21
-6.1031415748031499
0
LINE
8
BLACK
6
CONTINUOUS
10
4.5700196850393704
20
-6.1031415748031499
11
4.5700196850393704
21
-6.1029364960629922
0
LINE
8
BLACK
6
CONTINUOUS
10
4.5700196850393704
20
-6.1029364960629922
11
4.5700196456692916
21
-6.1029358267716534
0
LINE
8
BLACK
6
CONTINUOUS
10
4.5700196456692916
20
-6.1029358267716534
11
4.5697633858267714
21
-6.1005520866141731
0
LINE
8
BLACK
6
CONTINUOUS
10
4.5697633858267714
20
-6.1005520866141731
11
4.5697633070866139
21
-6.1005517716535431
0
LINE
8
BLACK
6
CONTINUOUS
10
4.5697633070866139
20
-6.1005517716535431
11
4.5677515354330707
21
-6.0951581496062994
0
LINE
8
BLACK
6
CONTINUOUS
10
4.5677515354330707
20
-6.0951581496062994
11
4.5677514566929132
21
-6.0951579527559057
0
LINE
8
BLACK
6
CONTINUOUS
10
4.5677514566929132
20
-6.0951579527559057
11
4.5643016141732282
21
-6.0905495275590553
0
LINE
8
BLACK
6
CONTINUOUS
10
4.5643016141732282
20
-6.0905495275590553
11
4.5619943700787404
21
-6.0888223622047244
0
LINE
8
BLACK
6
CONTINUOUS
10
4.5619943700787404
20
-6.0888223622047244
11
4.5603192913385824
21
-6.0865847244094491
0
LINE
8
BLACK
6
CONTINUOUS
10
4.5603192913385824
20
-6.0865847244094491
11
4.560119921259842
21
-6.0837966929133858
0
LINE
8
BLACK
6
CONTINUOUS
10
4.560119921259842
20
-6.0837966929133858
11
4.5614594881889765
21
-6.0813434645669293
0
LINE
8
BLACK
6
CONTINUOUS
10
4.5614594881889765
20
-6.0813434645669293
11
4.5619943700787404
21
-6.0808799999999996
0
LINE
8
BLACK
6
CONTINUOUS
10
4.5619943700787404
20
-6.0808799999999996
11
4.5643016141732282
21
-6.0791527952755908
0
LINE
8
BLACK
6
CONTINUOUS
10
4.5643016141732282
20
-6.0791527952755908
11
4.5677514566929132
21
-6.0745443700787396
0
LINE
8
BLACK
6
CONTINUOUS
10
4.5677514566929132
20
-6.0745443700787396
11
4.5677514566929132
21
-6.0745443307086608
0
LINE
8
BLACK
6
CONTINUOUS
10
4.5677514566929132
20
-6.0745443307086608
11
4.5677515354330707
21
-6.0745442519685042
0
LINE
8
BLACK
6
CONTINUOUS
10
4.5677515354330707
20
-6.0745442519685042
11
4.5697633464566927
21
-6.0691504330708659
0
LINE
8
BLACK
6
CONTINUOUS
10
4.5697633464566927
20
-6.0691504330708659
11
4.5698999606299209
21
-6.0678799212598422
0
LINE
8
BLACK
6
CONTINUOUS
10
4.5698999606299209
20
-6.0678799212598422
11
4.5700196456692916
21
-6.0667664960629919
0
LINE
8
BLACK
6
CONTINUOUS
10
4.5700196456692916
20
-6.0667664960629919
11
4.5700196850393704
21
-6.0667658267716531
0
LINE
8
BLACK
6
CONTINUOUS
10
4.5700196850393704
20
-6.0667658267716531
11
4.5700196850393704
21
-6.0078543307086614
0
LINE
8
BLACK
6
CONTINUOUS
10
4.5700196850393704
20
-6.0078543307086614
11
4.5708071653543305
21
-6.0051724015748027
0
LINE
8
BLACK
6
CONTINUOUS
10
4.5708071653543305
20
-6.0051724015748027
11
4.5729196062992123
21
-6.0033419685039373
0
LINE
8
BLACK
6
CONTINUOUS
10
4.5729196062992123
20
-6.0033419685039373
11
4.5749803149606301
21
-6.0028937007874017
0
LINE
8
BLACK
6
CONTINUOUS
10
4.5749803149606301
20
-6.0028937007874017
11
4.5833126377952755
21
-6.0028937007874017
0
LINE
8
BLACK
6
CONTINUOUS
10
4.5833126377952755
20
-6.0028937007874017
11
4.6003126377952759
21
-6.0028937007874017
0
LINE
8
BLACK
6
CONTINUOUS
10
4.6003126377952759
20
-6.0028937007874017
11
4.6171456692913386
21
-6.0028937007874017
0
LINE
8
BLACK
6
CONTINUOUS
10
4.6171456692913386
20
-6.0028937007874017
11
4.6198275984251964
21
-6.0036811811023618
0
LINE
8
BLACK
6
CONTINUOUS
10
4.6198275984251964
20
-6.0036811811023618
11
4.6216580314960627
21
-6.0057936220472437
0
LINE
8
BLACK
6
CONTINUOUS
10
4.6216580314960627
20
-6.0057936220472437
11
4.6221062992125983
21
-6.0078543307086614
0
LINE
8
BLACK
6
CONTINUOUS
10
4.6221062992125983
20
-6.0078543307086614
11
4.6221062992125983
21
-6.039917992125984
0
LINE
8
BLACK
6
CONTINUOUS
10
4.6221062992125983
20
-6.039917992125984
11
4.6213188188976373
21
-6.0425999212598427
0
LINE
8
BLACK
6
CONTINUOUS
10
4.6213188188976373
20
-6.0425999212598427
11
4.6211168897637798
21
-6.0428907480314962
0
LINE
8
BLACK
6
CONTINUOUS
10
4.6211168897637798
20
-6.0428907480314962
11
4.6204374803149602
21
-6.0437983070866137
0
LINE
8
BLACK
6
CONTINUOUS
10
4.6204374803149602
20
-6.0437983070866137
11
4.6204374015748026
21
-6.0437984645669287
0
LINE
8
BLACK
6
CONTINUOUS
10
4.6204374015748026
20
-6.0437984645669287
11
4.6184256299212594
21
-6.0491920866141733
0
LINE
8
BLACK
6
CONTINUOUS
10
4.6184256299212594
20
-6.0491920866141733
11
4.6184255511811019
21
-6.0491924015748033
0
LINE
8
BLACK
6
CONTINUOUS
10
4.6184255511811019
20
-6.0491924015748033
11
4.6181692913385826
21
-6.0515761417322835
0
LINE
8
BLACK
6
CONTINUOUS
10
4.6181692913385826
20
-6.0515761417322835
11
4.6181692913385826
21
-6.1144619291338582
0
LINE
8
BLACK
6
CONTINUOUS
10
4.6181692913385826
20
-6.1144619291338582
11
4.6184255511811019
21
-6.1168456692913384
0
LINE
8
BLACK
6
CONTINUOUS
10
4.6184255511811019
20
-6.1168456692913384
11
4.6184256299212594
21
-6.1168459842519685
0
LINE
8
BLACK
6
CONTINUOUS
10
4.6184256299212594
20
-6.1168459842519685
11
4.6204374015748026
21
-6.1222396062992122
0
LINE
8
BLACK
6
CONTINUOUS
10
4.6204374015748026
20
-6.1222396062992122
11
4.6204374803149602
21
-6.1222398031496059
0
LINE
8
BLACK
6
CONTINUOUS
10
4.6204374803149602
20
-6.1222398031496059
11
4.623887322834646
21
-6.1268482283464563
0
LINE
8
BLACK
6
CONTINUOUS
10
4.623887322834646
20
-6.1268482283464563
11
4.6284957480314963
21
-6.1302980708661412
0
LINE
8
BLACK
6
CONTINUOUS
10
4.6284957480314963
20
-6.1302980708661412
11
4.6284958267716538
21
-6.13029811023622
0
LINE
8
BLACK
6
CONTINUOUS
10
4.6284958267716538
20
-6.13029811023622
11
4.6284959055118113
21
-6.1302981496062987
0
LINE
8
BLACK
6
CONTINUOUS
10
4.6284959055118113
20
-6.1302981496062987
11
4.6297692125984247
21
-6.1307730708661419
0
LINE
8
BLACK
6
CONTINUOUS
10
4.6297692125984247
20
-6.1307730708661419
11
4.6338895669291338
21
-6.132309921259842
0
LINE
8
BLACK
6
CONTINUOUS
10
4.6338895669291338
20
-6.132309921259842
11
4.6338898818897638
21
-6.1323099999999995
0
LINE
8
BLACK
6
CONTINUOUS
10
4.6338898818897638
20
-6.1323099999999995
11
4.636273622047244
21
-6.1325662598425197
0
LINE
8
BLACK
6
CONTINUOUS
10
4.636273622047244
20
-6.1325662598425197
11
4.6362738188976378
21
-6.1325662598425197
0
LINE
8
BLACK
6
CONTINUOUS
10
4.6362738188976378
20
-6.1325662598425197
11
4.6362740944881891
21
-6.1325662992125984
0
LINE
8
BLACK
6
CONTINUOUS
10
4.6362740944881891
20
-6.1325662992125984
11
4.6362743307086616
21
-6.1325662992125984
0
LINE
8
BLACK
6
CONTINUOUS
10
4.6362743307086616
20
-6.1325662992125984
11
4.6637256692913382
21
-6.1325662992125984
0
LINE
8
BLACK
6
CONTINUOUS
10
4.6637256692913382
20
-6.1325662992125984
11
4.6637259055118108
21
-6.1325662992125984
0
LINE
8
BLACK
6
CONTINUOUS
10
4.6637259055118108
20
-6.1325662992125984
11
4.663726181102362
21
-6.1325662598425197
0
LINE
8
BLACK
6
CONTINUOUS
10
4.663726181102362
20
-6.1325662598425197
11
4.663726338582677
21
-6.1325662598425197
0
LINE
8
BLACK
6
CONTINUOUS
10
4.663726338582677
20
-6.1325662598425197
11
4.6661100787401573
21
-6.1323099999999995
0
LINE
8
BLACK
6
CONTINUOUS
10
4.6661100787401573
20
-6.1323099999999995
11
4.666110118110236
21
-6.1323099606299207
0
LINE
8
BLACK
6
CONTINUOUS
10
4.666110118110236
20
-6.1323099606299207
11
4.666110275590551
21
-6.1323099606299207
0
LINE
8
BLACK
6
CONTINUOUS
10
4.666110275590551
20
-6.1323099606299207
11
4.6715040944881885
21
-6.1302981496062987
0
LINE
8
BLACK
6
CONTINUOUS
10
4.6715040944881885
20
-6.1302981496062987
11
4.6720271259842523
21
-6.1299065748031492
0
LINE
8
BLACK
6
CONTINUOUS
10
4.6720271259842523
20
-6.1299065748031492
11
4.6746459842519688
21
-6.1289297244094483
0
LINE
8
BLACK
6
CONTINUOUS
10
4.6746459842519688
20
-6.1289297244094483
11
4.6773772440944885
21
-6.1295238188976375
0
LINE
8
BLACK
6
CONTINUOUS
10
4.6773772440944885
20
-6.1295238188976375
11
4.6779726771653545
21
-6.1299064566929129
0
LINE
8
BLACK
6
CONTINUOUS
10
4.6779726771653545
20
-6.1299064566929129
11
4.6784959055118112
21
-6.1302981496062987
0
LINE
8
BLACK
6
CONTINUOUS
10
4.6784959055118112
20
-6.1302981496062987
11
4.6838897244094486
21
-6.1323099606299207
0
LINE
8
BLACK
6
CONTINUOUS
10
4.6838897244094486
20
-6.1323099606299207
11
4.6838897637795274
21
-6.1323099606299207
0
LINE
8
BLACK
6
CONTINUOUS
10
4.6838897637795274
20
-6.1323099606299207
11
4.6838898818897636
21
-6.1323099999999995
0
LINE
8
BLACK
6
CONTINUOUS
10
4.6838898818897636
20
-6.1323099999999995
11
4.6862736220472438
21
-6.1325662598425197
0
LINE
8
BLACK
6
CONTINUOUS
10
4.6862736220472438
20
-6.1325662598425197
11
4.6862738188976376
21
-6.1325662598425197
0
LINE
8
BLACK
6
CONTINUOUS
10
4.6862738188976376
20
-6.1325662598425197
11
4.6862740944881889
21
-6.1325662992125984
0
LINE
8
BLACK
6
CONTINUOUS
10
4.6862740944881889
20
-6.1325662992125984
11
4.6862743307086614
21
-6.1325662992125984
0
LINE
8
BLACK
6
CONTINUOUS
10
4.6862743307086614
20
-6.1325662992125984
11
4.7137256692913381
21
-6.1325662992125984
0
LINE
8
BLACK
6
CONTINUOUS
10
4.7137256692913381
20
-6.1325662992125984
11
4.7137259055118106
21
-6.1325662992125984
0
LINE
8
BLACK
6
CONTINUOUS
10
4.7137259055118106
20
-6.1325662992125984
11
4.7137261811023619
21
-6.1325662598425197
0
LINE
8
BLACK
6
CONTINUOUS
10
4.7137261811023619
20
-6.1325662598425197
11
4.7137263385826769
21
-6.1325662598425197
0
LINE
8
BLACK
6
CONTINUOUS
10
4.7137263385826769
20
-6.1325662598425197
11
4.7161100787401571
21
-6.1323099999999995
0
LINE
8
BLACK
6
CONTINUOUS
10
4.7161100787401571
20
-6.1323099999999995
11
4.7161101968503933
21
-6.1323099606299207
0
LINE
8
BLACK
6
CONTINUOUS
10
4.7161101968503933
20
-6.1323099606299207
11
4.7161102755905508
21
-6.1323099606299207
0
LINE
8
BLACK
6
CONTINUOUS
10
4.7161102755905508
20
-6.1323099606299207
11
4.7215040944881892
21
-6.1302981496062987
0
LINE
8
BLACK
6
CONTINUOUS
10
4.7215040944881892
20
-6.1302981496062987
11
4.7225385039370078
21
-6.1295238188976375
0
LINE
8
BLACK
6
CONTINUOUS
10
4.7225385039370078
20
-6.1295238188976375
11
4.7261126377952758
21
-6.1268482283464563
0
LINE
8
BLACK
6
CONTINUOUS
10
4.7261126377952758
20
-6.1268482283464563
11
4.7295624803149607
21
-6.1222398031496059
0
LINE
8
BLACK
6
CONTINUOUS
10
4.7295624803149607
20
-6.1222398031496059
11
4.7295624803149607
21
-6.1222397637795272
0
LINE
8
BLACK
6
CONTINUOUS
10
4.7295624803149607
20
-6.1222397637795272
11
4.7295625590551182
21
-6.1222396850393697
0
LINE
8
BLACK
6
CONTINUOUS
10
4.7295625590551182
20
-6.1222396850393697
11
4.7312976377952758
21
-6.1175877559055118
0
LINE
8
BLACK
6
CONTINUOUS
10
4.7312976377952758
20
-6.1175877559055118
11
4.7315743307086615
21
-6.1168459842519685
0
LINE
8
BLACK
6
CONTINUOUS
10
4.7315743307086615
20
-6.1168459842519685
11
4.7315743307086615
21
-6.1168459448818897
0
LINE
8
BLACK
6
CONTINUOUS
10
4.7315743307086615
20
-6.1168459448818897
11
4.7315743700787403
21
-6.1168458661417322
0
LINE
8
BLACK
6
CONTINUOUS
10
4.7315743700787403
20
-6.1168458661417322
11
4.7315743700787403
21
-6.1168457874015747
0
LINE
8
BLACK
6
CONTINUOUS
10
4.7315743700787403
20
-6.1168457874015747
11
4.731574409448819
21
-6.1168456692913384
0
LINE
8
BLACK
6
CONTINUOUS
10
4.731574409448819
20
-6.1168456692913384
11
4.7318306692913383
21
-6.1144619291338582
0
LINE
8
BLACK
6
CONTINUOUS
10
4.7318306692913383
20
-6.1144619291338582
11
4.7318307086614171
21
-6.1144612598425194
0
LINE
8
BLACK
6
CONTINUOUS
10
4.7318307086614171
20
-6.1144612598425194
11
4.7318307086614171
21
-6.0515768110236223
0
LINE
8
BLACK
6
CONTINUOUS
10
4.7318307086614171
20
-6.0515768110236223
11
4.7318306692913383
21
-6.0515761417322835
0
LINE
8
BLACK
6
CONTINUOUS
10
4.7318306692913383
20
-6.0515761417322835
11
4.731574409448819
21
-6.0491924015748033
0
LINE
8
BLACK
6
CONTINUOUS
10
4.731574409448819
20
-6.0491924015748033
11
4.7315743307086615
21
-6.0491920866141733
0
LINE
8
BLACK
6
CONTINUOUS
10
4.7315743307086615
20
-6.0491920866141733
11
4.7295937401574806
21
-6.0438820078740152
0
LINE
8
BLACK
6
CONTINUOUS
10
4.7295937401574806
20
-6.0438820078740152
11
4.7293942913385827
21
-6.0410939763779528
0
LINE
8
BLACK
6
CONTINUOUS
10
4.7293942913385827
20
-6.0410939763779528
11
4.7299453937007874
21
-6.0396683464566925
0
LINE
8
BLACK
6
CONTINUOUS
10
4.7299453937007874
20
-6.0396683464566925
11
4.7328553937007873
21
-6.0346281889763782
0
LINE
8
BLACK
6
CONTINUOUS
10
4.7328553937007873
20
-6.0346281889763782
11
4.735178818897638
21
-6.0274774803149604
0
LINE
8
BLACK
6
CONTINUOUS
10
4.735178818897638
20
-6.0274774803149604
11
4.7359647244094489
21
-6.0199999999999996
0
LINE
8
BLACK
6
CONTINUOUS
10
4.7359647244094489
20
-6.0199999999999996
11
4.735178818897638
21
-6.0125225196850396
0
LINE
8
BLACK
6
CONTINUOUS
10
4.735178818897638
20
-6.0125225196850396
11
4.7351581496062991
21
-6.0124588582677161
0
LINE
8
BLACK
6
CONTINUOUS
10
4.7351581496062991
20
-6.0124588582677161
11
4.7341601181102364
21
-6.009387244094488
0
LINE
8
BLACK
6
CONTINUOUS
10
4.7341601181102364
20
-6.009387244094488
11
4.7340802755905509
21
-6.0065932677165357
0
LINE
8
BLACK
6
CONTINUOUS
10
4.7340802755905509
20
-6.0065932677165357
11
4.7355237007874011
21
-6.0041996456692912
0
LINE
8
BLACK
6
CONTINUOUS
10
4.7355237007874011
20
-6.0041996456692912
11
4.7380320472440944
21
-6.0029663385826773
0
LINE
8
BLACK
6
CONTINUOUS
10
4.7380320472440944
20
-6.0029663385826773
11
4.7388779527559057
21
-6.0028937007874017
0
LINE
8
BLACK
6
CONTINUOUS
10
4.7388779527559057
20
-6.0028937007874017
11
4.7948433464566929
21
-6.0028937007874017
0
LINE
8
BLACK
6
CONTINUOUS
10
4.7948433464566929
20
-6.0028937007874017
11
4.7975252755905506
21
-6.0036811811023618
0
LINE
8
BLACK
6
CONTINUOUS
10
4.7975252755905506
20
-6.0036811811023618
11
4.7993557086614169
21
-6.0057936220472437
0
LINE
8
BLACK
6
CONTINUOUS
10
4.7993557086614169
20
-6.0057936220472437
11
4.7997535039370076
21
-6.0085603149606301
0
LINE
8
BLACK
6
CONTINUOUS
10
4.7997535039370076
20
-6.0085603149606301
11
4.7985923228346454
21
-6.0111028346456692
0
LINE
8
BLACK
6
CONTINUOUS
10
4.7985923228346454
20
-6.0111028346456692
11
4.7983510236220468
21
-6.0113620472440941
0
LINE
8
BLACK
6
CONTINUOUS
10
4.7983510236220468
20
-6.0113620472440941
11
4.7809782283464566
21
-6.0287347637795277
0
LINE
8
BLACK
6
CONTINUOUS
10
4.7809782283464566
20
-6.0287347637795277
11
4.7807601181102362
21
-6.028940078740157
0
LINE
8
BLACK
6
CONTINUOUS
10
4.7807601181102362
20
-6.028940078740157
11
4.7789678740157475
21
-6.030527874015748
0
LINE
8
BLACK
6
CONTINUOUS
10
4.7789678740157475
20
-6.030527874015748
11
4.7776077559055121
21
-6.0324982677165355
0
LINE
8
BLACK
6
CONTINUOUS
10
4.7776077559055121
20
-6.0324982677165355
11
4.7774303543307086
21
-6.0327393700787404
0
LINE
8
BLACK
6
CONTINUOUS
10
4.7774303543307086
20
-6.0327393700787404
11
4.7759538582677168
21
-6.0346240551181101
0
LINE
8
BLACK
6
CONTINUOUS
10
4.7759538582677168
20
-6.0346240551181101
11
4.7759536220472443
21
-6.0346244488188976
0
LINE
8
BLACK
6
CONTINUOUS
10
4.7759536220472443
20
-6.0346244488188976
11
4.7757887795275593
21
-6.0349906299212597
0
LINE
8
BLACK
6
CONTINUOUS
10
4.7757887795275593
20
-6.0349906299212597
11
4.7753482677165353
21
-6.0357717716535433
0
LINE
8
BLACK
6
CONTINUOUS
10
4.7753482677165353
20
-6.0357717716535433
11
4.775119881889764
21
-6.0361026771653545
0
LINE
8
BLACK
6
CONTINUOUS
10
4.775119881889764
20
-6.0361026771653545
11
4.7742709448818896
21
-6.0383411417322836
0
LINE
8
BLACK
6
CONTINUOUS
10
4.7742709448818896
20
-6.0383411417322836
11
4.774155708661417
21
-6.0386191732283461
0
LINE
8
BLACK
6
CONTINUOUS
10
4.774155708661417
20
-6.0386191732283461
11
4.7741401574803151
21
-6.0386537007874015
0
LINE
8
BLACK
6
CONTINUOUS
10
4.7741401574803151
20
-6.0386537007874015
11
4.7735883070866141
21
-6.0395893307086617
0
LINE
8
BLACK
6
CONTINUOUS
10
4.7735883070866141
20
-6.0395893307086617
11
4.7704374803149605
21
-6.0437982677165349
0
LINE
8
BLACK
6
CONTINUOUS
10
4.7704374803149605
20
-6.0437982677165349
11
4.770437401574803
21
-6.0437984645669287
0
LINE
8
BLACK
6
CONTINUOUS
10
4.770437401574803
20
-6.0437984645669287
11
4.7684256299212597
21
-6.0491920866141733
0
LINE
8
BLACK
6
CONTINUOUS
10
4.7684256299212597
20
-6.0491920866141733
11
4.7684255511811022
21
-6.0491924015748033
0
LINE
8
BLACK
6
CONTINUOUS
10
4.7684255511811022
20
-6.0491924015748033
11
4.7681692913385829
21
-6.0515761417322835
0
LINE
8
BLACK
6
CONTINUOUS
10
4.7681692913385829
20
-6.0515761417322835
11
4.7681692913385829
21
-6.1144619291338582
0
LINE
8
BLACK
6
CONTINUOUS
10
4.7681692913385829
20
-6.1144619291338582
11
4.7684255511811022
21
-6.1168456692913384
0
LINE
8
BLACK
6
CONTINUOUS
10
4.7684255511811022
20
-6.1168456692913384
11
4.7684256299212597
21
-6.1168459842519685
0
LINE
8
BLACK
6
CONTINUOUS
10
4.7684256299212597
20
-6.1168459842519685
11
4.770437401574803
21
-6.1222396062992122
0
LINE
8
BLACK
6
CONTINUOUS
10
4.770437401574803
20
-6.1222396062992122
11
4.7704374803149605
21
-6.1222398031496059
0
LINE
8
BLACK
6
CONTINUOUS
10
4.7704374803149605
20
-6.1222398031496059
11
4.7738873228346455
21
-6.1268482283464563
0
LINE
8
BLACK
6
CONTINUOUS
10
4.7738873228346455
20
-6.1268482283464563
11
4.7784957480314958
21
-6.1302980708661412
0
LINE
8
BLACK
6
CONTINUOUS
10
4.7784957480314958
20
-6.1302980708661412
11
4.7784958267716533
21
-6.13029811023622
0
LINE
8
BLACK
6
CONTINUOUS
10
4.7784958267716533
20
-6.13029811023622
11
4.7784959055118108
21
-6.1302981496062987
0
LINE
8
BLACK
6
CONTINUOUS
10
4.7784959055118108
20
-6.1302981496062987
11
4.779769212598425
21
-6.1307730708661419
0
LINE
8
BLACK
6
CONTINUOUS
10
4.779769212598425
20
-6.1307730708661419
11
4.7838895669291341
21
-6.132309921259842
0
LINE
8
BLACK
6
CONTINUOUS
10
4.7838895669291341
20
-6.132309921259842
11
4.7838898818897633
21
-6.1323099999999995
0
LINE
8
BLACK
6
CONTINUOUS
10
4.7838898818897633
20
-6.1323099999999995
11
4.7862736220472444
21
-6.1325662598425197
0
LINE
8
BLACK
6
CONTINUOUS
10
4.7862736220472444
20
-6.1325662598425197
11
4.7862738188976373
21
-6.1325662598425197
0
LINE
8
BLACK
6
CONTINUOUS
10
4.7862738188976373
20
-6.1325662598425197
11
4.7862740944881885
21
-6.1325662992125984
0
LINE
8
BLACK
6
CONTINUOUS
10
4.7862740944881885
20
-6.1325662992125984
11
4.786274330708661
21
-6.1325662992125984
0
LINE
8
BLACK
6
CONTINUOUS
10
4.786274330708661
20
-6.1325662992125984
11
4.8094893307086615
21
-6.1325662992125984
0
LINE
8
BLACK
6
CONTINUOUS
10
4.8094893307086615
20
-6.1325662992125984
11
4.8121712598425193
21
-6.1333537795275586
0
LINE
8
BLACK
6
CONTINUOUS
10
4.8121712598425193
20
-6.1333537795275586
11
4.8140016929133855
21
-6.1354662204724404
0
LINE
8
BLACK
6
CONTINUOUS
10
4.8140016929133855
20
-6.1354662204724404
11
4.8144227952755907
21
-6.1380454330708663
0
LINE
8
BLACK
6
CONTINUOUS
10
4.8144227952755907
20
-6.1380454330708663
11
4.8140352755905509
21
-6.1417326377952755
0
LINE
8
BLACK
6
CONTINUOUS
10
4.8140352755905509
20
-6.1417326377952755
11
4.814821141732283
21
-6.1492101181102363
0
LINE
8
BLACK
6
CONTINUOUS
10
4.814821141732283
20
-6.1492101181102363
11
4.8154614960629925
21
-6.151180826771653
0
LINE
8
BLACK
6
CONTINUOUS
10
4.8154614960629925
20
-6.151180826771653
11
4.8171446062992125
21
-6.1563608661417319
0
LINE
8
BLACK
6
CONTINUOUS
10
4.8171446062992125
20
-6.1563608661417319
11
4.8171447244094487
21
-6.1563610629921257
0
LINE
8
BLACK
6
CONTINUOUS
10
4.8171447244094487
20
-6.1563610629921257
11
4.8209038582677168
21
-6.1628720866141729
0
LINE
8
BLACK
6
CONTINUOUS
10
4.8209038582677168
20
-6.1628720866141729
11
4.8209041338582672
21
-6.1628724803149604
0
LINE
8
BLACK
6
CONTINUOUS
10
4.8209041338582672
20
-6.1628724803149604
11
4.8259348031496065
21
-6.1684596062992121
0
LINE
8
BLACK
6
CONTINUOUS
10
4.8259348031496065
20
-6.1684596062992121
11
4.827363149606299
21
-6.1694973622047247
0
LINE
8
BLACK
6
CONTINUOUS
10
4.827363149606299
20
-6.1694973622047247
11
4.8320176377952757
21
-6.1728790551181101
0
LINE
8
BLACK
6
CONTINUOUS
10
4.8320176377952757
20
-6.1728790551181101
11
4.8388862992125983
21
-6.1759371653543305
0
LINE
8
BLACK
6
CONTINUOUS
10
4.8388862992125983
20
-6.1759371653543305
11
4.8462406692913387
21
-6.1775003937007869
0
LINE
8
BLACK
6
CONTINUOUS
10
4.8462406692913387
20
-6.1775003937007869
11
4.8537593307086615
21
-6.1775003937007869
0
LINE
8
BLACK
6
CONTINUOUS
10
4.8537593307086615
20
-6.1775003937007869
11
4.8611137007874019
21
-6.1759371653543305
0
LINE
8
BLACK
6
CONTINUOUS
10
4.8611137007874019
20
-6.1759371653543305
11
4.8679823622047245
21
-6.1728790551181101
0
LINE
8
BLACK
6
CONTINUOUS
10
4.8679823622047245
20
-6.1728790551181101
11
4.8740650787401574
21
-6.1684596850393696
0
LINE
8
BLACK
6
CONTINUOUS
10
4.8740650787401574
20
-6.1684596850393696
11
4.8758074803149603
21
-6.1665245669291338
0
LINE
8
BLACK
6
CONTINUOUS
10
4.8758074803149603
20
-6.1665245669291338
11
4.8790958267716533
21
-6.1628724803149604
0
LINE
8
BLACK
6
CONTINUOUS
10
4.8790958267716533
20
-6.1628724803149604
11
4.8790958661417321
21
-6.1628724015748029
0
LINE
8
BLACK
6
CONTINUOUS
10
4.8790958661417321
20
-6.1628724015748029
11
4.8790960629921258
21
-6.1628722047244091
0
LINE
8
BLACK
6
CONTINUOUS
10
4.8790960629921258
20
-6.1628722047244091
11
4.8828553937007877
21
-6.1563608661417319
0
LINE
8
BLACK
6
CONTINUOUS
10
4.8828553937007877
20
-6.1563608661417319
11
4.8851788188976375
21
-6.1492101574803151
0
LINE
8
BLACK
6
CONTINUOUS
10
4.8851788188976375
20
-6.1492101574803151
11
4.8859647244094484
21
-6.1417326771653542
0
LINE
8
BLACK
6
CONTINUOUS
10
4.8859647244094484
20
-6.1417326771653542
11
4.8851788188976375
21
-6.1342551968503933
0
LINE
8
BLACK
6
CONTINUOUS
10
4.8851788188976375
20
-6.1342551968503933
11
4.8828553937007877
21
-6.1271044881889765
0
LINE
8
BLACK
6
CONTINUOUS
10
4.8828553937007877
20
-6.1271044881889765
11
4.8809211023622048
21
-6.1237542519685038
0
LINE
8
BLACK
6
CONTINUOUS
10
4.8809211023622048
20
-6.1237542519685038
11
4.8802621653543303
21
-6.1210379527559056
0
LINE
8
BLACK
6
CONTINUOUS
10
4.8802621653543303
20
-6.1210379527559056
11
4.880569291338583
21
-6.1195405118110235
0
LINE
8
BLACK
6
CONTINUOUS
10
4.880569291338583
20
-6.1195405118110235
11
4.8815743700787397
21
-6.1168458661417322
0
LINE
8
BLACK
6
CONTINUOUS
10
4.8815743700787397
20
-6.1168458661417322
11
4.8815743700787397
21
-6.1168457874015747
0
LINE
8
BLACK
6
CONTINUOUS
10
4.8815743700787397
20
-6.1168457874015747
11
4.8815744094488185
21
-6.1168456692913384
0
LINE
8
BLACK
6
CONTINUOUS
10
4.8815744094488185
20
-6.1168456692913384
11
4.8818306692913387
21
-6.1144619291338582
0
LINE
8
BLACK
6
CONTINUOUS
10
4.8818306692913387
20
-6.1144619291338582
11
4.8818307086614174
21
-6.1144612598425194
0
LINE
8
BLACK
6
CONTINUOUS
10
4.8818307086614174
20
-6.1144612598425194
11
4.8818307086614174
21
-6.0515768110236223
0
LINE
8
BLACK
6
CONTINUOUS
10
4.8818307086614174
20
-6.0515768110236223
11
4.8818306692913387
21
-6.0515761417322835
0
LINE
8
BLACK
6
CONTINUOUS
10
4.8818306692913387
20
-6.0515761417322835
11
4.8815744094488185
21
-6.0491924015748033
0
LINE
8
BLACK
6
CONTINUOUS
10
4.8815744094488185
20
-6.0491924015748033
11
4.8815743700787397
21
-6.0491923622047246
0
LINE
8
BLACK
6
CONTINUOUS
10
4.8815743700787397
20
-6.0491923622047246
11
4.8815743700787397
21
-6.0491922440944883
0
LINE
8
BLACK
6
CONTINUOUS
10
4.8815743700787397
20
-6.0491922440944883
11
4.8798569685039368
21
-6.044587834645669
0
LINE
8
BLACK
6
CONTINUOUS
10
4.8798569685039368
20
-6.044587834645669
11
4.8796575984251964
21
-6.041799881889764
0
LINE
8
BLACK
6
CONTINUOUS
10
4.8796575984251964
20
-6.041799881889764
11
4.8809971653543309
21
-6.0393466535433067
0
LINE
8
BLACK
6
CONTINUOUS
10
4.8809971653543309
20
-6.0393466535433067
11
4.8834503937007874
21
-6.0380070866141731
0
LINE
8
BLACK
6
CONTINUOUS
10
4.8834503937007874
20
-6.0380070866141731
11
4.8845048818897636
21
-6.0378937007874018
0
LINE
8
BLACK
6
CONTINUOUS
10
4.8845048818897636
20
-6.0378937007874018
11
4.9154951181102362
21
-6.0378937007874018
0
LINE
8
BLACK
6
CONTINUOUS
10
4.9154951181102362
20
-6.0378937007874018
11
4.918177047244094
21
-6.038681181102362
0
LINE
8
BLACK
6
CONTINUOUS
10
4.918177047244094
20
-6.038681181102362
11
4.9200074803149603
21
-6.0407936220472438
0
LINE
8
BLACK
6
CONTINUOUS
10
4.9200074803149603
20
-6.0407936220472438
11
4.920405275590551
21
-6.0435603149606294
0
LINE
8
BLACK
6
CONTINUOUS
10
4.920405275590551
20
-6.0435603149606294
11
4.9201429921259843
21
-6.0445877559055115
0
LINE
8
BLACK
6
CONTINUOUS
10
4.9201429921259843
20
-6.0445877559055115
11
4.9184256299212601
21
-6.0491922440944883
0
LINE
8
BLACK
6
CONTINUOUS
10
4.9184256299212601
20
-6.0491922440944883
11
4.9184255905511813
21
-6.0491923622047246
0
LINE
8
BLACK
6
CONTINUOUS
10
4.9184255905511813
20
-6.0491923622047246
11
4.9184255511811026
21
-6.0491924015748033
0
LINE
8
BLACK
6
CONTINUOUS
10
4.9184255511811026
20
-6.0491924015748033
11
4.9181692913385824
21
-6.0515761417322835
0
LINE
8
BLACK
6
CONTINUOUS
10
4.9181692913385824
20
-6.0515761417322835
11
4.9181692913385824
21
-6.1144619291338582
0
LINE
8
BLACK
6
CONTINUOUS
10
4.9181692913385824
20
-6.1144619291338582
11
4.9184255511811026
21
-6.1168456299212597
0
LINE
8
BLACK
6
CONTINUOUS
10
4.9184255511811026
20
-6.1168456299212597
11
4.9184256299212601
21
-6.116845905511811
0
LINE
8
BLACK
6
CONTINUOUS
10
4.9184256299212601
20
-6.116845905511811
11
4.9190380314960631
21
-6.118487834645669
0
LINE
8
BLACK
6
CONTINUOUS
10
4.9190380314960631
20
-6.118487834645669
11
4.9192374015748026
21
-6.1212758661417324
0
LINE
8
BLACK
6
CONTINUOUS
10
4.9192374015748026
20
-6.1212758661417324
11
4.9186862204724404
21
-6.122701614173228
0
LINE
8
BLACK
6
CONTINUOUS
10
4.9186862204724404
20
-6.122701614173228
11
4.9171446456692909
21
-6.1253716929133857
0
LINE
8
BLACK
6
CONTINUOUS
10
4.9171446456692909
20
-6.1253716929133857
11
4.9171446062992121
21
-6.1253718503937007
0
LINE
8
BLACK
6
CONTINUOUS
10
4.9171446062992121
20
-6.1253718503937007
11
4.9148211417322836
21
-6.1325225196850388
0
LINE
8
BLACK
6
CONTINUOUS
10
4.9148211417322836
20
-6.1325225196850388
11
4.9140352755905514
21
-6.1399999999999997
0
LINE
8
BLACK
6
CONTINUOUS
10
4.9140352755905514
20
-6.1399999999999997
11
4.9148211417322836
21
-6.1474774409448818
0
LINE
8
BLACK
6
CONTINUOUS
10
4.9148211417322836
20
-6.1474774409448818
11
4.9160049606299214
21
-6.1511208661417323
0
LINE
8
BLACK
6
CONTINUOUS
10
4.9160049606299214
20
-6.1511208661417323
11
4.9171446062992121
21
-6.1546281889763774
0
LINE
8
BLACK
6
CONTINUOUS
10
4.9171446062992121
20
-6.1546281889763774
11
4.9181449212598425
21
-6.1563607874015744
0
LINE
8
BLACK
6
CONTINUOUS
10
4.9181449212598425
20
-6.1563607874015744
11
4.9209038582677165
21
-6.1611394094488183
0
LINE
8
BLACK
6
CONTINUOUS
10
4.9209038582677165
20
-6.1611394094488183
11
4.9209041338582677
21
-6.1611398031496059
0
LINE
8
BLACK
6
CONTINUOUS
10
4.9209041338582677
20
-6.1611398031496059
11
4.9259348031496062
21
-6.1667269291338584
0
LINE
8
BLACK
6
CONTINUOUS
10
4.9259348031496062
20
-6.1667269291338584
11
4.9283196456692915
21
-6.1684596062992121
0
LINE
8
BLACK
6
CONTINUOUS
10
4.9283196456692915
20
-6.1684596062992121
11
4.9320176377952754
21
-6.1711463779527556
0
LINE
8
BLACK
6
CONTINUOUS
10
4.9320176377952754
20
-6.1711463779527556
11
4.9388862992125979
21
-6.1742044881889759
0
LINE
8
BLACK
6
CONTINUOUS
10
4.9388862992125979
20
-6.1742044881889759
11
4.9449043307086615
21
-6.1754836614173225
0
LINE
8
BLACK
6
CONTINUOUS
10
4.9449043307086615
20
-6.1754836614173225
11
4.9473638188976379
21
-6.1768114960629923
0
LINE
8
BLACK
6
CONTINUOUS
10
4.9473638188976379
20
-6.1768114960629923
11
4.9473805511811024
21
-6.1768281889763781
0
LINE
8
BLACK
6
CONTINUOUS
10
4.9473805511811024
20
-6.1768281889763781
11
5.0037635826771654
21
-6.233211220472441
0
LINE
8
BLACK
6
CONTINUOUS
10
5.0037635826771654
20
-6.233211220472441
11
5.0051031889763777
21
-6.2356644488188975
0
LINE
8
BLACK
6
CONTINUOUS
10
5.0051031889763777
20
-6.2356644488188975
11
5.0052165354330711
21
-6.236718897637795
0
LINE
8
BLACK
6
CONTINUOUS
10
5.0052165354330711
20
-6.236718897637795
11
5.0052165354330711
21
-6.2481357874015746
0
LINE
8
BLACK
6
CONTINUOUS
10
5.0052165354330711
20
-6.2481357874015746
11
5.0054727952755904
21
-6.2505195275590548
0
LINE
8
BLACK
6
CONTINUOUS
10
5.0054727952755904
20
-6.2505195275590548
11
5.0054728740157479
21
-6.2505198425196848
0
LINE
8
BLACK
6
CONTINUOUS
10
5.0054728740157479
20
-6.2505198425196848
11
5.0074846456692912
21
-6.2559134645669294
0
LINE
8
BLACK
6
CONTINUOUS
10
5.0074846456692912
20
-6.2559134645669294
11
5.0074847244094487
21
-6.2559136614173223
0
LINE
8
BLACK
6
CONTINUOUS
10
5.0074847244094487
20
-6.2559136614173223
11
5.0109345669291336
21
-6.2605220866141726
0
LINE
8
BLACK
6
CONTINUOUS
10
5.0109345669291336
20
-6.2605220866141726
11
5.015542992125984
21
-6.2639719291338585
0
LINE
8
BLACK
6
CONTINUOUS
10
5.015542992125984
20
-6.2639719291338585
11
5.0155430708661415
21
-6.2639719685039372
0
LINE
8
BLACK
6
CONTINUOUS
10
5.0155430708661415
20
-6.2639719685039372
11
5.015543149606299
21
-6.263972007874016
0
LINE
8
BLACK
6
CONTINUOUS
10
5.015543149606299
20
-6.263972007874016
11
5.0178159448818898
21
-6.264819724409449
0
LINE
8
BLACK
6
CONTINUOUS
10
5.0178159448818898
20
-6.264819724409449
11
5.0209368110236223
21
-6.2659837795275592
0
LINE
8
BLACK
6
CONTINUOUS
10
5.0209368110236223
20
-6.2659837795275592
11
5.0209371259842515
21
-6.2659838582677168
0
LINE
8
BLACK
6
CONTINUOUS
10
5.0209371259842515
20
-6.2659838582677168
11
5.0233208661417326
21
-6.2662401181102361
0
LINE
8
BLACK
6
CONTINUOUS
10
5.0233208661417326
20
-6.2662401181102361
11
5.0233210629921254
21
-6.2662401181102361
0
LINE
8
BLACK
6
CONTINUOUS
10
5.0233210629921254
20
-6.2662401181102361
11
5.0233213385826767
21
-6.2662401574803148
0
LINE
8
BLACK
6
CONTINUOUS
10
5.0233213385826767
20
-6.2662401574803148
11
5.0233215748031492
21
-6.2662401574803148
0
LINE
8
BLACK
6
CONTINUOUS
10
5.0233215748031492
20
-6.2662401574803148
11
5.05667842519685
21
-6.2662401574803148
0
LINE
8
BLACK
6
CONTINUOUS
10
5.05667842519685
20
-6.2662401574803148
11
5.0566786614173225
21
-6.2662401574803148
0
LINE
8
BLACK
6
CONTINUOUS
10
5.0566786614173225
20
-6.2662401574803148
11
5.0566789370078737
21
-6.2662401181102361
0
LINE
8
BLACK
6
CONTINUOUS
10
5.0566789370078737
20
-6.2662401181102361
11
5.0566790944881888
21
-6.2662401181102361
0
LINE
8
BLACK
6
CONTINUOUS
10
5.0566790944881888
20
-6.2662401181102361
11
5.059062834645669
21
-6.2659838582677168
0
LINE
8
BLACK
6
CONTINUOUS
10
5.059062834645669
20
-6.2659838582677168
11
5.0590629527559052
21
-6.265983818897638
0
LINE
8
BLACK
6
CONTINUOUS
10
5.0590629527559052
20
-6.265983818897638
11
5.0590630314960627
21
-6.265983818897638
0
LINE
8
BLACK
6
CONTINUOUS
10
5.0590630314960627
20
-6.265983818897638
11
5.0644568503937011
21
-6.263972007874016
0
LINE
8
BLACK
6
CONTINUOUS
10
5.0644568503937011
20
-6.263972007874016
11
5.0655050393700787
21
-6.2631873622047243
0
LINE
8
BLACK
6
CONTINUOUS
10
5.0655050393700787
20
-6.2631873622047243
11
5.0690653937007877
21
-6.2605220866141726
0
LINE
8
BLACK
6
CONTINUOUS
10
5.0690653937007877
20
-6.2605220866141726
11
5.0725151968503939
21
-6.2559137007874011
0
LINE
8
BLACK
6
CONTINUOUS
10
5.0725151968503939
20
-6.2559137007874011
11
5.0725151574803151
21
-6.2559137007874011
0
LINE
8
BLACK
6
CONTINUOUS
10
5.0725151574803151
20
-6.2559137007874011
11
5.0725153149606301
21
-6.255913543307086
0
LINE
8
BLACK
6
CONTINUOUS
10
5.0725153149606301
20
-6.255913543307086
11
5.0733338188976376
21
-6.2537190551181103
0
LINE
8
BLACK
6
CONTINUOUS
10
5.0733338188976376
20
-6.2537190551181103
11
5.0750088188976381
21
-6.2514815748031491
0
LINE
8
BLACK
6
CONTINUOUS
10
5.0750088188976381
20
-6.2514815748031491
11
5.0776277165354333
21
-6.250504763779527
0
LINE
8
BLACK
6
CONTINUOUS
10
5.0776277165354333
20
-6.250504763779527
11
5.0779816141732281
21
-6.2504921259842519
0
LINE
8
BLACK
6
CONTINUOUS
10
5.0779816141732281
20
-6.2504921259842519
11
5.1035297637795276
21
-6.2504921259842519
0
LINE
8
BLACK
6
CONTINUOUS
10
5.1035297637795276
20
-6.2504921259842519
11
5.1062116929133854
21
-6.2512796062992129
0
LINE
8
BLACK
6
CONTINUOUS
10
5.1062116929133854
20
-6.2512796062992129
11
5.1070374409448815
21
-6.2519450787401576
0
LINE
8
BLACK
6
CONTINUOUS
10
5.1070374409448815
20
-6.2519450787401576
11
5.1076634251968507
21
-6.2525710629921258
0
LINE
8
BLACK
6
CONTINUOUS
10
5.1076634251968507
20
-6.2525710629921258
11
5.1090030314960631
21
-6.2550242913385823
0
LINE
8
BLACK
6
CONTINUOUS
10
5.1090030314960631
20
-6.2550242913385823
11
5.1088036220472439
21
-6.2578122834645669
0
LINE
8
BLACK
6
CONTINUOUS
10
5.1088036220472439
20
-6.2578122834645669
11
5.1081270472440945
21
-6.2590514173228344
0
LINE
8
BLACK
6
CONTINUOUS
10
5.1081270472440945
20
-6.2590514173228344
11
5.1077996456692913
21
-6.2594887401574804
0
LINE
8
BLACK
6
CONTINUOUS
10
5.1077996456692913
20
-6.2594887401574804
11
5.1077996062992126
21
-6.2594888582677166
0
LINE
8
BLACK
6
CONTINUOUS
10
5.1077996062992126
20
-6.2594888582677166
11
5.1057878346456693
21
-6.2648824803149603
0
LINE
8
BLACK
6
CONTINUOUS
10
5.1057878346456693
20
-6.2648824803149603
11
5.1057877559055118
21
-6.2648827952755903
0
LINE
8
BLACK
6
CONTINUOUS
10
5.1057877559055118
20
-6.2648827952755903
11
5.1055314960629916
21
-6.2672665354330706
0
LINE
8
BLACK
6
CONTINUOUS
10
5.1055314960629916
20
-6.2672665354330706
11
5.1055314960629916
21
-6.3301523228346452
0
LINE
8
BLACK
6
CONTINUOUS
10
5.1055314960629916
20
-6.3301523228346452
11
5.1057877559055118
21
-6.3325360629921255
0
LINE
8
BLACK
6
CONTINUOUS
10
5.1057877559055118
20
-6.3325360629921255
11
5.1066463779527558
21
-6.3348381102362206
0
LINE
8
BLACK
6
CONTINUOUS
10
5.1066463779527558
20
-6.3348381102362206
11
5.1077996456692913
21
-6.3379300787401576
0
LINE
8
BLACK
6
CONTINUOUS
10
5.1077996456692913
20
-6.3379300787401576
11
5.1084790157480313
21
-6.3388375984251963
0
LINE
8
BLACK
6
CONTINUOUS
10
5.1084790157480313
20
-6.3388375984251963
11
5.1094558661417322
21
-6.3414564566929128
0
LINE
8
BLACK
6
CONTINUOUS
10
5.1094558661417322
20
-6.3414564566929128
11
5.1094685039370074
21
-6.341810433070866
0
LINE
8
BLACK
6
CONTINUOUS
10
5.1094685039370074
20
-6.341810433070866
11
5.1094685039370074
21
-6.3570143307086608
0
LINE
8
BLACK
6
CONTINUOUS
10
5.1094685039370074
20
-6.3570143307086608
11
5.1093872440944876
21
-6.357908464566929
0
LINE
8
BLACK
6
CONTINUOUS
10
5.1093872440944876
20
-6.357908464566929
11
5.1093148425196846
21
-6.3583033464566929
0
LINE
8
BLACK
6
CONTINUOUS
10
5.1093148425196846
20
-6.3583033464566929
11
5.1094299212598422
21
-6.3602055511811022
0
LINE
8
BLACK
6
CONTINUOUS
10
5.1094299212598422
20
-6.3602055511811022
11
5.1088057874015744
21
-6.3629301181102358
0
LINE
8
BLACK
6
CONTINUOUS
10
5.1088057874015744
20
-6.3629301181102358
11
5.1068077165354326
21
-6.3648847244094489
0
LINE
8
BLACK
6
CONTINUOUS
10
5.1068077165354326
20
-6.3648847244094489
11
5.1050086614173225
21
-6.365437204724409
0
LINE
8
BLACK
6
CONTINUOUS
10
5.1050086614173225
20
-6.365437204724409
11
5.1046772440944883
21
-6.3654728346456695
0
LINE
8
BLACK
6
CONTINUOUS
10
5.1046772440944883
20
-6.3654728346456695
11
5.104676968503937
21
-6.3654728740157482
0
LINE
8
BLACK
6
CONTINUOUS
10
5.104676968503937
20
-6.3654728740157482
11
5.0992833464566925
21
-6.3674846456692915
0
LINE
8
BLACK
6
CONTINUOUS
10
5.0992833464566925
20
-6.3674846456692915
11
5.0992831496062987
21
-6.367484724409449
0
LINE
8
BLACK
6
CONTINUOUS
10
5.0992831496062987
20
-6.367484724409449
11
5.0946747244094484
21
-6.370934566929134
0
LINE
8
BLACK
6
CONTINUOUS
10
5.0946747244094484
20
-6.370934566929134
11
5.0912248818897634
21
-6.3755429921259843
0
LINE
8
BLACK
6
CONTINUOUS
10
5.0912248818897634
20
-6.3755429921259843
11
5.0912248031496059
21
-6.3755431889763781
0
LINE
8
BLACK
6
CONTINUOUS
10
5.0912248031496059
20
-6.3755431889763781
11
5.0892130314960626
21
-6.3809368110236218
0
LINE
8
BLACK
6
CONTINUOUS
10
5.0892130314960626
20
-6.3809368110236218
11
5.0892129527559051
21
-6.3809371259842518
0
LINE
8
BLACK
6
CONTINUOUS
10
5.0892129527559051
20
-6.3809371259842518
11
5.0889566929133858
21
-6.383320866141732
0
LINE
8
BLACK
6
CONTINUOUS
10
5.0889566929133858
20
-6.383320866141732
11
5.0889566929133858
21
-6.4166790944881891
0
LINE
8
BLACK
6
CONTINUOUS
10
5.0889566929133858
20
-6.4166790944881891
11
5.0892129527559051
21
-6.4190628346456693
0
LINE
8
BLACK
6
CONTINUOUS
10
5.0892129527559051
20
-6.4190628346456693
11
5.0892130314960626
21
-6.4190631496062993
0
LINE
8
BLACK
6
CONTINUOUS
10
5.0892130314960626
20
-6.4190631496062993
11
5.0912248031496059
21
-6.424456771653543
0
LINE
8
BLACK
6
CONTINUOUS
10
5.0912248031496059
20
-6.424456771653543
11
5.0912248818897634
21
-6.4244569685039368
0
LINE
8
BLACK
6
CONTINUOUS
10
5.0912248818897634
20
-6.4244569685039368
11
5.0946747244094484
21
-6.4290653937007871
0
LINE
8
BLACK
6
CONTINUOUS
10
5.0946747244094484
20
-6.4290653937007871
11
5.0992831496062987
21
-6.4325152362204721
0
LINE
8
BLACK
6
CONTINUOUS
10
5.0992831496062987
20
-6.4325152362204721
11
5.0992832283464562
21
-6.4325152755905508
0
LINE
8
BLACK
6
CONTINUOUS
10
5.0992832283464562
20
-6.4325152755905508
11
5.0992833070866137
21
-6.4325153149606296
0
LINE
8
BLACK
6
CONTINUOUS
10
5.0992833070866137
20
-6.4325153149606296
11
5.1016092519685037
21
-6.433382834645669
0
LINE
8
BLACK
6
CONTINUOUS
10
5.1016092519685037
20
-6.433382834645669
11
5.104676968503937
21
-6.4345270866141728
0
LINE
8
BLACK
6
CONTINUOUS
10
5.104676968503937
20
-6.4345270866141728
11
5.1046772834645671
21
-6.4345271653543303
0
LINE
8
BLACK
6
CONTINUOUS
10
5.1046772834645671
20
-6.4345271653543303
11
5.1070610236220473
21
-6.4347834251968505
0
LINE
8
BLACK
6
CONTINUOUS
10
5.1070610236220473
20
-6.4347834251968505
11
5.107061220472441
21
-6.4347834251968505
0
LINE
8
BLACK
6
CONTINUOUS
10
5.107061220472441
20
-6.4347834251968505
11
5.1070614960629923
21
-6.4347834645669293
0
LINE
8
BLACK
6
CONTINUOUS
10
5.1070614960629923
20
-6.4347834645669293
11
5.1258795275590554
21
-6.4347834645669293
0
LINE
8
BLACK
6
CONTINUOUS
10
5.1258795275590554
20
-6.4347834645669293
11
5.1285614566929132
21
-6.4355709448818894
0
LINE
8
BLACK
6
CONTINUOUS
10
5.1285614566929132
20
-6.4355709448818894
11
5.1293872047244093
21
-6.4362364173228341
0
LINE
8
BLACK
6
CONTINUOUS
10
5.1293872047244093
20
-6.4362364173228341
11
5.1926714960629923
21
-6.4995207480314958
0
LINE
8
BLACK
6
CONTINUOUS
10
5.1926714960629923
20
-6.4995207480314958
11
5.1940111023622046
21
-6.5019739763779523
0
LINE
8
BLACK
6
CONTINUOUS
10
5.1940111023622046
20
-6.5019739763779523
11
5.1938116929133855
21
-6.5047620078740156
0
LINE
8
BLACK
6
CONTINUOUS
10
5.1938116929133855
20
-6.5047620078740156
11
5.1921366535433071
21
-6.5069995669291334
0
LINE
8
BLACK
6
CONTINUOUS
10
5.1921366535433071
20
-6.5069995669291334
11
5.1893204330708658
21
-6.5091077952755905
0
LINE
8
BLACK
6
CONTINUOUS
10
5.1893204330708658
20
-6.5091077952755905
11
5.1858705511811021
21
-6.5137162204724408
0
LINE
8
BLACK
6
CONTINUOUS
10
5.1858705511811021
20
-6.5137162204724408
11
5.1858704724409446
21
-6.5137164173228346
0
LINE
8
BLACK
6
CONTINUOUS
10
5.1858704724409446
20
-6.5137164173228346
11
5.1838587007874013
21
-6.5191100393700783
0
LINE
8
BLACK
6
CONTINUOUS
10
5.1838587007874013
20
-6.5191100393700783
11
5.1838586220472438
21
-6.5191103543307083
0
LINE
8
BLACK
6
CONTINUOUS
10
5.1838586220472438
20
-6.5191103543307083
11
5.1836023622047245
21
-6.5214940944881885
0
LINE
8
BLACK
6
CONTINUOUS
10
5.1836023622047245
20
-6.5214940944881885
11
5.1836023622047245
21
-6.5765058661417317
0
LINE
8
BLACK
6
CONTINUOUS
10
5.1836023622047245
20
-6.5765058661417317
11
5.1838586220472438
21
-6.5788896062992128
0
LINE
8
BLACK
6
CONTINUOUS
10
5.1838586220472438
20
-6.5788896062992128
11
5.1838587007874013
21
-6.578889921259842
0
LINE
8
BLACK
6
CONTINUOUS
10
5.1838587007874013
20
-6.578889921259842
11
5.1858704724409446
21
-6.5842835433070865
0
LINE
8
BLACK
6
CONTINUOUS
10
5.1858704724409446
20
-6.5842835433070865
11
5.1858705511811021
21
-6.5842837401574803
0
LINE
8
BLACK
6
CONTINUOUS
10
5.1858705511811021
20
-6.5842837401574803
11
5.189320393700787
21
-6.5888921653543306
0
LINE
8
BLACK
6
CONTINUOUS
10
5.189320393700787
20
-6.5888921653543306
11
5.1939288188976374
21
-6.5923420078740156
0
LINE
8
BLACK
6
CONTINUOUS
10
5.1939288188976374
20
-6.5923420078740156
11
5.1939288976377949
21
-6.5923420472440943
0
LINE
8
BLACK
6
CONTINUOUS
10
5.1939288976377949
20
-6.5923420472440943
11
5.1939289763779524
21
-6.5923420866141731
0
LINE
8
BLACK
6
CONTINUOUS
10
5.1939289763779524
20
-6.5923420866141731
11
5.1993227952755907
21
-6.5943538976377951
0
LINE
8
BLACK
6
CONTINUOUS
10
5.1993227952755907
20
-6.5943538976377951
11
5.1996757086614176
21
-6.5943918110236215
0
LINE
8
BLACK
6
CONTINUOUS
10
5.1996757086614176
20
-6.5943918110236215
11
5.2022581102362206
21
-6.5954613385826768
0
LINE
8
BLACK
6
CONTINUOUS
10
5.2022581102362206
20
-6.5954613385826768
11
5.2038523622047244
21
-6.5977572440944883
0
LINE
8
BLACK
6
CONTINUOUS
10
5.2038523622047244
20
-6.5977572440944883
11
5.2041062992125982
21
-6.5993240551181103
0
LINE
8
BLACK
6
CONTINUOUS
10
5.2041062992125982
20
-6.5993240551181103
11
5.2041062992125982
21
-6.6170920866141731
0
LINE
8
BLACK
6
CONTINUOUS
10
5.2041062992125982
20
-6.6170920866141731
11
5.203318818897638
21
-6.6197740157480309
0
LINE
8
BLACK
6
CONTINUOUS
10
5.203318818897638
20
-6.6197740157480309
11
5.2012063779527562
21
-6.6216044488188972
0
LINE
8
BLACK
6
CONTINUOUS
10
5.2012063779527562
20
-6.6216044488188972
11
5.1996759055118105
21
-6.6220242913385823
0
LINE
8
BLACK
6
CONTINUOUS
10
5.1996759055118105
20
-6.6220242913385823
11
5.1977009055118106
21
-6.6222365748031491
0
LINE
8
BLACK
6
CONTINUOUS
10
5.1977009055118106
20
-6.6222365748031491
11
5.1977005905511806
21
-6.6222366535433066
0
LINE
8
BLACK
6
CONTINUOUS
10
5.1977005905511806
20
-6.6222366535433066
11
5.1923069685039369
21
-6.6242484251968499
0
LINE
8
BLACK
6
CONTINUOUS
10
5.1923069685039369
20
-6.6242484251968499
11
5.1923067716535432
21
-6.6242485039370074
0
LINE
8
BLACK
6
CONTINUOUS
10
5.1923067716535432
20
-6.6242485039370074
11
5.1876983464566928
21
-6.6276983464566932
0
LINE
8
BLACK
6
CONTINUOUS
10
5.1876983464566928
20
-6.6276983464566932
11
5.1842485039370079
21
-6.6323067716535435
0
LINE
8
BLACK
6
CONTINUOUS
10
5.1842485039370079
20
-6.6323067716535435
11
5.1842484251968504
21
-6.6323069685039364
0
LINE
8
BLACK
6
CONTINUOUS
10
5.1842484251968504
20
-6.6323069685039364
11
5.1822366535433071
21
-6.637700590551181
0
LINE
8
BLACK
6
CONTINUOUS
10
5.1822366535433071
20
-6.637700590551181
11
5.1822365748031496
21
-6.637700905511811
0
LINE
8
BLACK
6
CONTINUOUS
10
5.1822365748031496
20
-6.637700905511811
11
5.1819803149606294
21
-6.6400846456692912
0
LINE
8
BLACK
6
CONTINUOUS
10
5.1819803149606294
20
-6.6400846456692912
11
5.1819803149606294
21
-6.7039153149606294
0
LINE
8
BLACK
6
CONTINUOUS
10
5.1819803149606294
20
-6.7039153149606294
11
5.1822365748031496
21
-6.7062990551181096
0
LINE
8
BLACK
6
CONTINUOUS
10
5.1822365748031496
20
-6.7062990551181096
11
5.1822366535433071
21
-6.7062993700787397
0
LINE
8
BLACK
6
CONTINUOUS
10
5.1822366535433071
20
-6.7062993700787397
11
5.1842484251968504
21
-6.7116929921259842
0
LINE
8
BLACK
6
CONTINUOUS
10
5.1842484251968504
20
-6.7116929921259842
11
5.1842485039370079
21
-6.711693188976378
0
LINE
8
BLACK
6
CONTINUOUS
10
5.1842485039370079
20
-6.711693188976378
11
5.1876983858267716
21
-6.7163016141732284
0
LINE
8
BLACK
6
CONTINUOUS
10
5.1876983858267716
20
-6.7163016141732284
11
5.1900056299212594
21
-6.7180288582677168
0
LINE
8
BLACK
6
CONTINUOUS
10
5.1900056299212594
20
-6.7180288582677168
11
5.1916806692913386
21
-6.7202664960629921
0
LINE
8
BLACK
6
CONTINUOUS
10
5.1916806692913386
20
-6.7202664960629921
11
5.191880039370079
21
-6.7230544881889767
0
LINE
8
BLACK
6
CONTINUOUS
10
5.191880039370079
20
-6.7230544881889767
11
5.1905404724409445
21
-6.7255077165354331
0
LINE
8
BLACK
6
CONTINUOUS
10
5.1905404724409445
20
-6.7255077165354331
11
5.1900056299212594
21
-6.7259711417322832
0
LINE
8
BLACK
6
CONTINUOUS
10
5.1900056299212594
20
-6.7259711417322832
11
5.1876983858267716
21
-6.7276983464566928
0
LINE
8
BLACK
6
CONTINUOUS
10
5.1876983858267716
20
-6.7276983464566928
11
5.1842485039370079
21
-6.7323067716535432
0
LINE
8
BLACK
6
CONTINUOUS
10
5.1842485039370079
20
-6.7323067716535432
11
5.1842484251968504
21
-6.732306968503937
0
LINE
8
BLACK
6
CONTINUOUS
10
5.1842484251968504
20
-6.732306968503937
11
5.1822366535433071
21
-6.7377005905511806
0
LINE
8
BLACK
6
CONTINUOUS
10
5.1822366535433071
20
-6.7377005905511806
11
5.1822365748031496
21
-6.7377009055118107
0
LINE
8
BLACK
6
CONTINUOUS
10
5.1822365748031496
20
-6.7377009055118107
11
5.1819803149606294
21
-6.7400846456692909
0
LINE
8
BLACK
6
CONTINUOUS
10
5.1819803149606294
20
-6.7400846456692909
11
5.1819803149606294
21
-6.80391531496063
0
LINE
8
BLACK
6
CONTINUOUS
10
5.1819803149606294
20
-6.80391531496063
11
5.1822365748031496
21
-6.8062990551181102
0
LINE
8
BLACK
6
CONTINUOUS
10
5.1822365748031496
20
-6.8062990551181102
11
5.1822366535433071
21
-6.8062993700787402
0
LINE
8
BLACK
6
CONTINUOUS
10
5.1822366535433071
20
-6.8062993700787402
11
5.1842484251968504
21
-6.8116929921259839
0
LINE
8
BLACK
6
CONTINUOUS
10
5.1842484251968504
20
-6.8116929921259839
11
5.1842485039370079
21
-6.8116931889763777
0
LINE
8
BLACK
6
CONTINUOUS
10
5.1842485039370079
20
-6.8116931889763777
11
5.1876983464566928
21
-6.816301614173228
0
LINE
8
BLACK
6
CONTINUOUS
10
5.1876983464566928
20
-6.816301614173228
11
5.1923067716535432
21
-6.8197514566929129
0
LINE
8
BLACK
6
CONTINUOUS
10
5.1923067716535432
20
-6.8197514566929129
11
5.1923068503937007
21
-6.8197514960629917
0
LINE
8
BLACK
6
CONTINUOUS
10
5.1923068503937007
20
-6.8197514960629917
11
5.1923069291338582
21
-6.8197515354330704
0
LINE
8
BLACK
6
CONTINUOUS
10
5.1923069291338582
20
-6.8197515354330704
11
5.1946328740157481
21
-6.8206190551181098
0
LINE
8
BLACK
6
CONTINUOUS
10
5.1946328740157481
20
-6.8206190551181098
11
5.1977005905511806
21
-6.8217633070866137
0
LINE
8
BLACK
6
CONTINUOUS
10
5.1977005905511806
20
-6.8217633070866137
11
5.1977009055118106
21
-6.8217633858267712
0
LINE
8
BLACK
6
CONTINUOUS
10
5.1977009055118106
20
-6.8217633858267712
11
5.2000846456692909
21
-6.8220196456692914
0
LINE
8
BLACK
6
CONTINUOUS
10
5.2000846456692909
20
-6.8220196456692914
11
5.2000848425196846
21
-6.8220196456692914
0
LINE
8
BLACK
6
CONTINUOUS
10
5.2000848425196846
20
-6.8220196456692914
11
5.2000851181102359
21
-6.8220196850393702
0
LINE
8
BLACK
6
CONTINUOUS
10
5.2000851181102359
20
-6.8220196850393702
11
5.2000853543307084
21
-6.8220196850393702
0
LINE
8
BLACK
6
CONTINUOUS
10
5.2000853543307084
20
-6.8220196850393702
11
5.2639146456692911
21
-6.8220196850393702
0
LINE
8
BLACK
6
CONTINUOUS
10
5.2639146456692911
20
-6.8220196850393702
11
5.2639148818897636
21
-6.8220196850393702
0
LINE
8
BLACK
6
CONTINUOUS
10
5.2639148818897636
20
-6.8220196850393702
11
5.2639151574803149
21
-6.8220196456692914
0
LINE
8
BLACK
6
CONTINUOUS
10
5.2639151574803149
20
-6.8220196456692914
11
5.2639153149606299
21
-6.8220196456692914
0
LINE
8
BLACK
6
CONTINUOUS
10
5.2639153149606299
20
-6.8220196456692914
11
5.2662990551181101
21
-6.8217633858267712
0
LINE
8
BLACK
6
CONTINUOUS
10
5.2662990551181101
20
-6.8217633858267712
11
5.2662991732283464
21
-6.8217633464566925
0
LINE
8
BLACK
6
CONTINUOUS
10
5.2662991732283464
20
-6.8217633464566925
11
5.2662992519685039
21
-6.8217633464566925
0
LINE
8
BLACK
6
CONTINUOUS
10
5.2662992519685039
20
-6.8217633464566925
11
5.2716930708661414
21
-6.8197515354330704
0
LINE
8
BLACK
6
CONTINUOUS
10
5.2716930708661414
20
-6.8197515354330704
11
5.276301614173228
21
-6.816301614173228
0
LINE
8
BLACK
6
CONTINUOUS
10
5.276301614173228
20
-6.816301614173228
11
5.2797515354330704
21
-6.8116930708661414
0
LINE
8
BLACK
6
CONTINUOUS
10
5.2797515354330704
20
-6.8116930708661414
11
5.2817633464566924
21
-6.8062992519685039
0
LINE
8
BLACK
6
CONTINUOUS
10
5.2817633464566924
20
-6.8062992519685039
11
5.2818853543307087
21
-6.8051646456692909
0
LINE
8
BLACK
6
CONTINUOUS
10
5.2818853543307087
20
-6.8051646456692909
11
5.2820196456692914
21
-6.80391531496063
0
LINE
8
BLACK
6
CONTINUOUS
10
5.2820196456692914
20
-6.80391531496063
11
5.2820196850393701
21
-6.8039146456692912
0
LINE
8
BLACK
6
CONTINUOUS
10
5.2820196850393701
20
-6.8039146456692912
11
5.2820196850393701
21
-6.7400853149606297
0
LINE
8
BLACK
6
CONTINUOUS
10
5.2820196850393701
20
-6.7400853149606297
11
5.2820196456692914
21
-6.7400846456692909
0
LINE
8
BLACK
6
CONTINUOUS
10
5.2820196456692914
20
-6.7400846456692909
11
5.2817633858267712
21
-6.7377009055118107
0
LINE
8
BLACK
6
CONTINUOUS
10
5.2817633858267712
20
-6.7377009055118107
11
5.2817633070866137
21
-6.7377005905511806
0
LINE
8
BLACK
6
CONTINUOUS
10
5.2817633070866137
20
-6.7377005905511806
11
5.2797515354330704
21
-6.732306968503937
0
LINE
8
BLACK
6
CONTINUOUS
10
5.2797515354330704
20
-6.732306968503937
11
5.2797514566929129
21
-6.7323067716535432
0
LINE
8
BLACK
6
CONTINUOUS
10
5.2797514566929129
20
-6.7323067716535432
11
5.276301614173228
21
-6.7276983464566928
0
LINE
8
BLACK
6
CONTINUOUS
10
5.276301614173228
20
-6.7276983464566928
11
5.2739943700787402
21
-6.7259711811023619
0
LINE
8
BLACK
6
CONTINUOUS
10
5.2739943700787402
20
-6.7259711811023619
11
5.2723192913385821
21
-6.7237335433070866
0
LINE
8
BLACK
6
CONTINUOUS
10
5.2723192913385821
20
-6.7237335433070866
11
5.2721199212598426
21
-6.7209455118110233
0
LINE
8
BLACK
6
CONTINUOUS
10
5.2721199212598426
20
-6.7209455118110233
11
5.2734594881889763
21
-6.7184922834645668
0
LINE
8
BLACK
6
CONTINUOUS
10
5.2734594881889763
20
-6.7184922834645668
11
5.2739943700787402
21
-6.718028818897638
0
LINE
8
BLACK
6
CONTINUOUS
10
5.2739943700787402
20
-6.718028818897638
11
5.276301614173228
21
-6.7163016141732284
0
LINE
8
BLACK
6
CONTINUOUS
10
5.276301614173228
20
-6.7163016141732284
11
5.2797514566929129
21
-6.711693188976378
0
LINE
8
BLACK
6
CONTINUOUS
10
5.2797514566929129
20
-6.711693188976378
11
5.2797514566929129
21
-6.7116931496062993
0
LINE
8
BLACK
6
CONTINUOUS
10
5.2797514566929129
20
-6.7116931496062993
11
5.2797515354330704
21
-6.7116930708661418
0
LINE
8
BLACK
6
CONTINUOUS
10
5.2797515354330704
20
-6.7116930708661418
11
5.2817633464566924
21
-6.7062992519685034
0
LINE
8
BLACK
6
CONTINUOUS
10
5.2817633464566924
20
-6.7062992519685034
11
5.2820196850393701
21
-6.703914881889764
0
LINE
8
BLACK
6
CONTINUOUS
10
5.2820196850393701
20
-6.703914881889764
11
5.2820196850393701
21
-6.6400851181102363
0
LINE
8
BLACK
6
CONTINUOUS
10
5.2820196850393701
20
-6.6400851181102363
11
5.2820196456692914
21
-6.6400846456692912
0
LINE
8
BLACK
6
CONTINUOUS
10
5.2820196456692914
20
-6.6400846456692912
11
5.2817633858267712
21
-6.637700905511811
0
LINE
8
BLACK
6
CONTINUOUS
10
5.2817633858267712
20
-6.637700905511811
11
5.2817633070866137
21
-6.637700590551181
0
LINE
8
BLACK
6
CONTINUOUS
10
5.2817633070866137
20
-6.637700590551181
11
5.2797515354330704
21
-6.6323069685039364
0
LINE
8
BLACK
6
CONTINUOUS
10
5.2797515354330704
20
-6.6323069685039364
11
5.2797514566929129
21
-6.6323067716535435
0
LINE
8
BLACK
6
CONTINUOUS
10
5.2797514566929129
20
-6.6323067716535435
11
5.276301614173228
21
-6.6276983464566932
0
LINE
8
BLACK
6
CONTINUOUS
10
5.276301614173228
20
-6.6276983464566932
11
5.2716931889763776
21
-6.6242485039370074
0
LINE
8
BLACK
6
CONTINUOUS
10
5.2716931889763776
20
-6.6242485039370074
11
5.2716929921259839
21
-6.6242484251968499
0
LINE
8
BLACK
6
CONTINUOUS
10
5.2716929921259839
20
-6.6242484251968499
11
5.2662993700787402
21
-6.6222366535433066
0
LINE
8
BLACK
6
CONTINUOUS
10
5.2662993700787402
20
-6.6222366535433066
11
5.2662990551181101
21
-6.6222365748031491
0
LINE
8
BLACK
6
CONTINUOUS
10
5.2662990551181101
20
-6.6222365748031491
11
5.2643240944881891
21
-6.6220242913385823
0
LINE
8
BLACK
6
CONTINUOUS
10
5.2643240944881891
20
-6.6220242913385823
11
5.2617417322834648
21
-6.6209546456692916
0
LINE
8
BLACK
6
CONTINUOUS
10
5.2617417322834648
20
-6.6209546456692916
11
5.2601475590551177
21
-6.6186587007874014
0
LINE
8
BLACK
6
CONTINUOUS
10
5.2601475590551177
20
-6.6186587007874014
11
5.2598937007874014
21
-6.6170920866141731
0
LINE
8
BLACK
6
CONTINUOUS
10
5.2598937007874014
20
-6.6170920866141731
11
5.2598937007874014
21
-6.5995638976377951
0
LINE
8
BLACK
6
CONTINUOUS
10
5.2598937007874014
20
-6.5995638976377951
11
5.2606811811023624
21
-6.5968819685039373
0
LINE
8
BLACK
6
CONTINUOUS
10
5.2606811811023624
20
-6.5968819685039373
11
5.2627936220472442
21
-6.595051535433071
0
LINE
8
BLACK
6
CONTINUOUS
10
5.2627936220472442
20
-6.595051535433071
11
5.2644618110236223
21
-6.5946418110236218
0
LINE
8
BLACK
6
CONTINUOUS
10
5.2644618110236223
20
-6.5946418110236218
11
5.2644599606299209
21
-6.5946244488188972
0
LINE
8
BLACK
6
CONTINUOUS
10
5.2644599606299209
20
-6.5946244488188972
11
5.264589212598425
21
-6.594610551181102
0
LINE
8
BLACK
6
CONTINUOUS
10
5.264589212598425
20
-6.594610551181102
11
5.2645901968503939
21
-6.5946103149606294
0
LINE
8
BLACK
6
CONTINUOUS
10
5.2645901968503939
20
-6.5946103149606294
11
5.2645914173228343
21
-6.5946102362204719
0
LINE
8
BLACK
6
CONTINUOUS
10
5.2645914173228343
20
-6.5946102362204719
11
5.2645920472440944
21
-6.5946102362204719
0
LINE
8
BLACK
6
CONTINUOUS
10
5.2645920472440944
20
-6.5946102362204719
11
5.265679133858268
21
-6.5944933464566926
0
LINE
8
BLACK
6
CONTINUOUS
10
5.265679133858268
20
-6.5944933464566926
11
5.2669762204724409
21
-6.5943539370078739
0
LINE
8
BLACK
6
CONTINUOUS
10
5.2669762204724409
20
-6.5943539370078739
11
5.2669763385826771
21
-6.5943538976377951
0
LINE
8
BLACK
6
CONTINUOUS
10
5.2669763385826771
20
-6.5943538976377951
11
5.2669764173228346
21
-6.5943538976377951
0
LINE
8
BLACK
6
CONTINUOUS
10
5.2669764173228346
20
-6.5943538976377951
11
5.2723702362204721
21
-6.5923420866141731
0
LINE
8
BLACK
6
CONTINUOUS
10
5.2723702362204721
20
-6.5923420866141731
11
5.2769787795275587
21
-6.5888921653543306
0
LINE
8
BLACK
6
CONTINUOUS
10
5.2769787795275587
20
-6.5888921653543306
11
5.2804287007874011
21
-6.584283622047244
0
LINE
8
BLACK
6
CONTINUOUS
10
5.2804287007874011
20
-6.584283622047244
11
5.2824405118110231
21
-6.5788898031496066
0
LINE
8
BLACK
6
CONTINUOUS
10
5.2824405118110231
20
-6.5788898031496066
11
5.2826968503937008
21
-6.5765054330708663
0
LINE
8
BLACK
6
CONTINUOUS
10
5.2826968503937008
20
-6.5765054330708663
11
5.2826968503937008
21
-6.5214945669291335
0
LINE
8
BLACK
6
CONTINUOUS
10
5.2826968503937008
20
-6.5214945669291335
11
5.2826968110236221
21
-6.5214940944881885
0
LINE
8
BLACK
6
CONTINUOUS
10
5.2826968110236221
20
-6.5214940944881885
11
5.2824405511811019
21
-6.5191103543307083
0
LINE
8
BLACK
6
CONTINUOUS
10
5.2824405511811019
20
-6.5191103543307083
11
5.2824404724409444
21
-6.5191100393700783
0
LINE
8
BLACK
6
CONTINUOUS
10
5.2824404724409444
20
-6.5191100393700783
11
5.2804287007874011
21
-6.5137164173228346
0
LINE
8
BLACK
6
CONTINUOUS
10
5.2804287007874011
20
-6.5137164173228346
11
5.2804286220472436
21
-6.5137162204724408
0
LINE
8
BLACK
6
CONTINUOUS
10
5.2804286220472436
20
-6.5137162204724408
11
5.2769787795275587
21
-6.5091077952755905
0
LINE
8
BLACK
6
CONTINUOUS
10
5.2769787795275587
20
-6.5091077952755905
11
5.2723703543307083
21
-6.5056579527559055
0
LINE
8
BLACK
6
CONTINUOUS
10
5.2723703543307083
20
-6.5056579527559055
11
5.2723701574803146
21
-6.505657874015748
0
LINE
8
BLACK
6
CONTINUOUS
10
5.2723701574803146
20
-6.505657874015748
11
5.2669765354330709
21
-6.5036461023622048
0
LINE
8
BLACK
6
CONTINUOUS
10
5.2669765354330709
20
-6.5036461023622048
11
5.2669762598425196
21
-6.503646062992126
0
LINE
8
BLACK
6
CONTINUOUS
10
5.2669762598425196
20
-6.503646062992126
11
5.2656188976377951
21
-6.5035001181102361
0
LINE
8
BLACK
6
CONTINUOUS
10
5.2656188976377951
20
-6.5035001181102361
11
5.2630365354330708
21
-6.5024304330708658
0
LINE
8
BLACK
6
CONTINUOUS
10
5.2630365354330708
20
-6.5024304330708658
11
5.2614424409448821
21
-6.5001344094488189
0
LINE
8
BLACK
6
CONTINUOUS
10
5.2614424409448821
20
-6.5001344094488189
11
5.2612522047244097
21
-6.4991495669291339
0
LINE
8
BLACK
6
CONTINUOUS
10
5.2612522047244097
20
-6.4991495669291339
11
5.2612509842519684
21
-6.4991498031496064
0
LINE
8
BLACK
6
CONTINUOUS
10
5.2612509842519684
20
-6.4991498031496064
11
5.2612274409448814
21
-6.4990213779527561
0
LINE
8
BLACK
6
CONTINUOUS
10
5.2612274409448814
20
-6.4990213779527561
11
5.2611975984251966
21
-6.4988668503937008
0
LINE
8
BLACK
6
CONTINUOUS
10
5.2611975984251966
20
-6.4988668503937008
11
5.2611968503937003
21
-6.4988551181102361
0
LINE
8
BLACK
6
CONTINUOUS
10
5.2611968503937003
20
-6.4988551181102361
11
5.2611968897637791
21
-6.4988546062992123
0
LINE
8
BLACK
6
CONTINUOUS
10
5.2611968897637791
20
-6.4988546062992123
11
5.2607652362204727
21
-6.4964992519685039
0
LINE
8
BLACK
6
CONTINUOUS
10
5.2607652362204727
20
-6.4964992519685039
11
5.2607203543307088
21
-6.4962045669291335
0
LINE
8
BLACK
6
CONTINUOUS
10
5.2607203543307088
20
-6.4962045669291335
11
5.2604316929133859
21
-6.4938267322834644
0
LINE
8
BLACK
6
CONTINUOUS
10
5.2604316929133859
20
-6.4938267322834644
11
5.2602892519685041
21
-6.4934512598425194
0
LINE
8
BLACK
6
CONTINUOUS
10
5.2602892519685041
20
-6.4934512598425194
11
5.2600482283464567
21
-6.492586456692913
0
LINE
8
BLACK
6
CONTINUOUS
10
5.2600482283464567
20
-6.492586456692913
11
5.2599759055118112
21
-6.4921917322834641
0
LINE
8
BLACK
6
CONTINUOUS
10
5.2599759055118112
20
-6.4921917322834641
11
5.2589930314960629
21
-6.4900079527559056
0
LINE
8
BLACK
6
CONTINUOUS
10
5.2589930314960629
20
-6.4900079527559056
11
5.2588790157480316
21
-6.4897326771653541
0
LINE
8
BLACK
6
CONTINUOUS
10
5.2588790157480316
20
-6.4897326771653541
11
5.2580296850393697
21
-6.4874931102362199
0
LINE
8
BLACK
6
CONTINUOUS
10
5.2580296850393697
20
-6.4874931102362199
11
5.2578014566929134
21
-6.4871624803149608
0
LINE
8
BLACK
6
CONTINUOUS
10
5.2578014566929134
20
-6.4871624803149608
11
5.2573604724409444
21
-6.4863805118110234
0
LINE
8
BLACK
6
CONTINUOUS
10
5.2573604724409444
20
-6.4863805118110234
11
5.2571959055118107
21
-6.4860148818897638
0
LINE
8
BLACK
6
CONTINUOUS
10
5.2571959055118107
20
-6.4860148818897638
11
5.257195866141732
21
-6.4860148425196851
0
LINE
8
BLACK
6
CONTINUOUS
10
5.257195866141732
20
-6.4860148425196851
11
5.2571958267716532
21
-6.4860147244094488
0
LINE
8
BLACK
6
CONTINUOUS
10
5.2571958267716532
20
-6.4860147244094488
11
5.2557193307086614
21
-6.484130078740157
0
LINE
8
BLACK
6
CONTINUOUS
10
5.2557193307086614
20
-6.484130078740157
11
5.2555418503937004
21
-6.4838888582677168
0
LINE
8
BLACK
6
CONTINUOUS
10
5.2555418503937004
20
-6.4838888582677168
11
5.2541816535433066
21
-6.481918346456693
0
LINE
8
BLACK
6
CONTINUOUS
10
5.2541816535433066
20
-6.481918346456693
11
5.2541815748031491
21
-6.4819182677165355
0
LINE
8
BLACK
6
CONTINUOUS
10
5.2541815748031491
20
-6.4819182677165355
11
5.2523894094488188
21
-6.4803305118110233
0
LINE
8
BLACK
6
CONTINUOUS
10
5.2523894094488188
20
-6.4803305118110233
11
5.2521712598425196
21
-6.4801251574803151
0
LINE
8
BLACK
6
CONTINUOUS
10
5.2521712598425196
20
-6.4801251574803151
11
5.1868098818897632
21
-6.4147637795275587
0
LINE
8
BLACK
6
CONTINUOUS
10
5.1868098818897632
20
-6.4147637795275587
11
5.1837795275590546
21
-6.4147637795275587
0
LINE
8
BLACK
6
CONTINUOUS
10
5.1837795275590546
20
-6.4147637795275587
11
5.1837795275590546
21
-6.4117334251968501
0
LINE
8
BLACK
6
CONTINUOUS
10
5.1837795275590546
20
-6.4117334251968501
11
5.1776931102362207
21
-6.4056470078740153
0
LINE
8
BLACK
6
CONTINUOUS
10
5.1776931102362207
20
-6.4056470078740153
11
5.1763535039370074
21
-6.4031937795275589
0
LINE
8
BLACK
6
CONTINUOUS
10
5.1763535039370074
20
-6.4031937795275589
11
5.176240157480315
21
-6.4021393307086614
0
LINE
8
BLACK
6
CONTINUOUS
10
5.176240157480315
20
-6.4021393307086614
11
5.176240157480315
21
-6.3915637795275586
0
LINE
8
BLACK
6
CONTINUOUS
10
5.176240157480315
20
-6.3915637795275586
11
5.1770276377952751
21
-6.3888818503937008
0
LINE
8
BLACK
6
CONTINUOUS
10
5.1770276377952751
20
-6.3888818503937008
11
5.1791400787401578
21
-6.3870514173228345
0
LINE
8
BLACK
6
CONTINUOUS
10
5.1791400787401578
20
-6.3870514173228345
11
5.1812007874015746
21
-6.3866031496062989
0
LINE
8
BLACK
6
CONTINUOUS
10
5.1812007874015746
20
-6.3866031496062989
11
5.1837795275590546
21
-6.3866031496062989
0
LINE
8
BLACK
6
CONTINUOUS
10
5.1837795275590546
20
-6.3866031496062989
11
5.1837795275590546
21
-6.3852362204724411
0
LINE
8
BLACK
6
CONTINUOUS
10
5.1837795275590546
20
-6.3852362204724411
11
5.2310236220472444
21
-6.3852362204724411
0
LINE
8
BLACK
6
CONTINUOUS
10
5.2310236220472444
20
-6.3852362204724411
11
5.2310236220472444
21
-6.3866031496062989
0
LINE
8
BLACK
6
CONTINUOUS
10
5.2310236220472444
20
-6.3866031496062989
11
5.5737535433070864
21
-6.3866031496062989
0
LINE
8
BLACK
6
CONTINUOUS
10
5.5737535433070864
20
-6.3866031496062989
11
5.5764354724409451
21
-6.3873906299212599
0
LINE
8
BLACK
6
CONTINUOUS
10
5.5764354724409451
20
-6.3873906299212599
11
5.5772612204724412
21
-6.3880561023622047
0
LINE
8
BLACK
6
CONTINUOUS
10
5.5772612204724412
20
-6.3880561023622047
11
5.637488661417323
21
-6.4482835826771652
0
LINE
8
BLACK
6
CONTINUOUS
10
5.637488661417323
20
-6.4482835826771652
11
5.6376940157480311
21
-6.4485017322834643
0
LINE
8
BLACK
6
CONTINUOUS
10
5.6376940157480311
20
-6.4485017322834643
11
5.6392816141732283
21
-6.4502937401574805
0
LINE
8
BLACK
6
CONTINUOUS
10
5.6392816141732283
20
-6.4502937401574805
11
5.6392817322834645
21
-6.4502938582677167
0
LINE
8
BLACK
6
CONTINUOUS
10
5.6392817322834645
20
-6.4502938582677167
11
5.6392818897637795
21
-6.4502940157480317
0
LINE
8
BLACK
6
CONTINUOUS
10
5.6392818897637795
20
-6.4502940157480317
11
5.6412524803149608
21
-6.4516542125984246
0
LINE
8
BLACK
6
CONTINUOUS
10
5.6412524803149608
20
-6.4516542125984246
11
5.6414926771653544
21
-6.4518309448818894
0
LINE
8
BLACK
6
CONTINUOUS
10
5.6414926771653544
20
-6.4518309448818894
11
5.6433782283464566
21
-6.4533081889763775
0
LINE
8
BLACK
6
CONTINUOUS
10
5.6433782283464566
20
-6.4533081889763775
11
5.643744212598425
21
-6.4534728740157483
0
LINE
8
BLACK
6
CONTINUOUS
10
5.643744212598425
20
-6.4534728740157483
11
5.6445262992125986
21
-6.4539140157480315
0
LINE
8
BLACK
6
CONTINUOUS
10
5.6445262992125986
20
-6.4539140157480315
11
5.6448564173228348
21
-6.454141889763779
0
LINE
8
BLACK
6
CONTINUOUS
10
5.6448564173228348
20
-6.454141889763779
11
5.6448566141732286
21
-6.4541420078740153
0
LINE
8
BLACK
6
CONTINUOUS
10
5.6448566141732286
20
-6.4541420078740153
11
5.6470959842519681
21
-6.4549912598425196
0
LINE
8
BLACK
6
CONTINUOUS
10
5.6470959842519681
20
-6.4549912598425196
11
5.6473717322834647
21
-6.4551055118110234
0
LINE
8
BLACK
6
CONTINUOUS
10
5.6473717322834647
20
-6.4551055118110234
11
5.649555236220472
21
-6.4560882283464567
0
LINE
8
BLACK
6
CONTINUOUS
10
5.649555236220472
20
-6.4560882283464567
11
5.6499499606299208
21
-6.4561605511811022
0
LINE
8
BLACK
6
CONTINUOUS
10
5.6499499606299208
20
-6.4561605511811022
11
5.6508147637795272
21
-6.4564015748031496
0
LINE
8
BLACK
6
CONTINUOUS
10
5.6508147637795272
20
-6.4564015748031496
11
5.6511902362204722
21
-6.4565440157480314
0
LINE
8
BLACK
6
CONTINUOUS
10
5.6511902362204722
20
-6.4565440157480314
11
5.6535680708661413
21
-6.4568326771653544
0
LINE
8
BLACK
6
CONTINUOUS
10
5.6535680708661413
20
-6.4568326771653544
11
5.6538627559055117
21
-6.4568775590551182
0
LINE
8
BLACK
6
CONTINUOUS
10
5.6538627559055117
20
-6.4568775590551182
11
5.6562181102362201
21
-6.4573092125984246
0
LINE
8
BLACK
6
CONTINUOUS
10
5.6562181102362201
20
-6.4573092125984246
11
5.6586075196850389
21
-6.457164645669291
0
LINE
8
BLACK
6
CONTINUOUS
10
5.6586075196850389
20
-6.457164645669291
11
5.6589070078740153
21
-6.4571556299212594
0
LINE
8
BLACK
6
CONTINUOUS
10
5.6589070078740153
20
-6.4571556299212594
11
5.8608168897637798
21
-6.4571556299212594
0
LINE
8
BLACK
6
CONTINUOUS
10
5.8608168897637798
20
-6.4571556299212594
11
5.8611164173228349
21
-6.4571646850393698
0
LINE
8
BLACK
6
CONTINUOUS
10
5.8611164173228349
20
-6.4571646850393698
11
5.8635062992125979
21
-6.4573092519685034
0
LINE
8
BLACK
6
CONTINUOUS
10
5.8635062992125979
20
-6.4573092519685034
11
5.8658629133858264
21
-6.4568773622047244
0
LINE
8
BLACK
6
CONTINUOUS
10
5.8658629133858264
20
-6.4568773622047244
11
5.8661561023622042
21
-6.4568327559055119
0
LINE
8
BLACK
6
CONTINUOUS
10
5.8661561023622042
20
-6.4568327559055119
11
5.8685341732283467
21
-6.4565440157480314
0
LINE
8
BLACK
6
CONTINUOUS
10
5.8685341732283467
20
-6.4565440157480314
11
5.8689093307086617
21
-6.4564016929133858
0
LINE
8
BLACK
6
CONTINUOUS
10
5.8689093307086617
20
-6.4564016929133858
11
5.8697744488188972
21
-6.456160590551181
0
LINE
8
BLACK
6
CONTINUOUS
10
5.8697744488188972
20
-6.456160590551181
11
5.8701691338582673
21
-6.4560882677165354
0
LINE
8
BLACK
6
CONTINUOUS
10
5.8701691338582673
20
-6.4560882677165354
11
5.8723529133858268
21
-6.4551053543307084
0
LINE
8
BLACK
6
CONTINUOUS
10
5.8723529133858268
20
-6.4551053543307084
11
5.8726287007874012
21
-6.4549911417322834
0
LINE
8
BLACK
6
CONTINUOUS
10
5.8726287007874012
20
-6.4549911417322834
11
5.8748677952755903
21
-6.4541420078740153
0
LINE
8
BLACK
6
CONTINUOUS
10
5.8748677952755903
20
-6.4541420078740153
11
5.875198149606299
21
-6.453913937007874
0
LINE
8
BLACK
6
CONTINUOUS
10
5.875198149606299
20
-6.453913937007874
11
5.8759798818897639
21
-6.4534729921259837
0
LINE
8
BLACK
6
CONTINUOUS
10
5.8759798818897639
20
-6.4534729921259837
11
5.8763461811023623
21
-6.4533081889763775
0
LINE
8
BLACK
6
CONTINUOUS
10
5.8763461811023623
20
-6.4533081889763775
11
5.8782325590551183
21
-6.4518302362204727
0
LINE
8
BLACK
6
CONTINUOUS
10
5.8782325590551183
20
-6.4518302362204727
11
5.8784709448818893
21
-6.4516548425196847
0
LINE
8
BLACK
6
CONTINUOUS
10
5.8784709448818893
20
-6.4516548425196847
11
5.8804425196850394
21
-6.4502940157480317
0
LINE
8
BLACK
6
CONTINUOUS
10
5.8804425196850394
20
-6.4502940157480317
11
5.8820312598425195
21
-6.4485006299212593
0
LINE
8
BLACK
6
CONTINUOUS
10
5.8820312598425195
20
-6.4485006299212593
11
5.8822356692913385
21
-6.4482835826771652
0
LINE
8
BLACK
6
CONTINUOUS
10
5.8822356692913385
20
-6.4482835826771652
11
5.9599817322834641
21
-6.3705375196850396
0
LINE
8
BLACK
6
CONTINUOUS
10
5.9599817322834641
20
-6.3705375196850396
11
5.9624348031496064
21
-6.3691980314960626
0
LINE
8
BLACK
6
CONTINUOUS
10
5.9624348031496064
20
-6.3691980314960626
11
5.9624401968503937
21
-6.3691968503937009
0
LINE
8
BLACK
6
CONTINUOUS
10
5.9624401968503937
20
-6.3691968503937009
11
5.9684759055118111
21
-6.3679139370078737
0
LINE
8
BLACK
6
CONTINUOUS
10
5.9684759055118111
20
-6.3679139370078737
11
5.9753445669291336
21
-6.3648558267716533
0
LINE
8
BLACK
6
CONTINUOUS
10
5.9753445669291336
20
-6.3648558267716533
11
5.9814272834645665
21
-6.3604364566929128
0
LINE
8
BLACK
6
CONTINUOUS
10
5.9814272834645665
20
-6.3604364566929128
11
5.981799173228346
21
-6.3600234251968502
0
LINE
8
BLACK
6
CONTINUOUS
10
5.981799173228346
20
-6.3600234251968502
11
5.9864580314960625
21
-6.3548492519685036
0
LINE
8
BLACK
6
CONTINUOUS
10
5.9864580314960625
20
-6.3548492519685036
11
5.9864580708661412
21
-6.3548491732283461
0
LINE
8
BLACK
6
CONTINUOUS
10
5.9864580708661412
20
-6.3548491732283461
11
5.986458267716535
21
-6.3548489763779523
0
LINE
8
BLACK
6
CONTINUOUS
10
5.986458267716535
20
-6.3548489763779523
11
5.9902175984251969
21
-6.3483376377952752
0
LINE
8
BLACK
6
CONTINUOUS
10
5.9902175984251969
20
-6.3483376377952752
11
5.9925410236220475
21
-6.3411869291338583
0
LINE
8
BLACK
6
CONTINUOUS
10
5.9925410236220475
20
-6.3411869291338583
11
5.9933269291338584
21
-6.3337094488188974
0
LINE
8
BLACK
6
CONTINUOUS
10
5.9933269291338584
20
-6.3337094488188974
11
5.9933269291338584
21
-6.3337093700787399
0
LINE
8
BLACK
6
CONTINUOUS
10
5.9933269291338584
20
-6.3337093700787399
11
5.9933269291338584
21
-6.3334494488188975
0
LINE
8
BLACK
6
CONTINUOUS
10
5.9933269291338584
20
-6.3334494488188975
11
5.9934393307086609
21
-6.3334494488188975
0
LINE
8
BLACK
6
CONTINUOUS
10
5.9934393307086609
20
-6.3334494488188975
11
5.9938536614173223
21
-6.3311850393700784
0
LINE
8
BLACK
6
CONTINUOUS
10
5.9938536614173223
20
-6.3311850393700784
11
5.9957633858267716
21
-6.3291440157480316
0
LINE
8
BLACK
6
CONTINUOUS
10
5.9957633858267716
20
-6.3291440157480316
11
5.9965502362204726
21
-6.3287687007874016
0
LINE
8
BLACK
6
CONTINUOUS
10
5.9965502362204726
20
-6.3287687007874016
11
5.9978820472440946
21
-6.3282720078740153
0
LINE
8
BLACK
6
CONTINUOUS
10
5.9978820472440946
20
-6.3282720078740153
11
5.9987896456692908
21
-6.3275925590551179
0
LINE
8
BLACK
6
CONTINUOUS
10
5.9987896456692908
20
-6.3275925590551179
11
6.0014085039370073
21
-6.3266157874015745
0
LINE
8
BLACK
6
CONTINUOUS
10
6.0014085039370073
20
-6.3266157874015745
11
6.0017624409448818
21
-6.3266031496062993
0
LINE
8
BLACK
6
CONTINUOUS
10
6.0017624409448818
20
-6.3266031496062993
11
6.0184848031496063
21
-6.3266031496062993
0
LINE
8
BLACK
6
CONTINUOUS
10
6.0184848031496063
20
-6.3266031496062993
11
6.0211667322834641
21
-6.3273906299212594
0
LINE
8
BLACK
6
CONTINUOUS
10
6.0211667322834641
20
-6.3273906299212594
11
6.0229971653543304
21
-6.3295030708661413
0
LINE
8
BLACK
6
CONTINUOUS
10
6.0229971653543304
20
-6.3295030708661413
11
6.0231326377952756
21
-6.3298301574803144
0
LINE
8
BLACK
6
CONTINUOUS
10
6.0231326377952756
20
-6.3298301574803144
11
6.0248468897637792
21
-6.3344261417322834
0
LINE
8
BLACK
6
CONTINUOUS
10
6.0248468897637792
20
-6.3344261417322834
11
6.024846929133858
21
-6.3344262598425196
0
LINE
8
BLACK
6
CONTINUOUS
10
6.024846929133858
20
-6.3344262598425196
11
6.0282967716535429
21
-6.33903468503937
0
LINE
8
BLACK
6
CONTINUOUS
10
6.0282967716535429
20
-6.33903468503937
11
6.0329051968503933
21
-6.3424845275590549
0
LINE
8
BLACK
6
CONTINUOUS
10
6.0329051968503933
20
-6.3424845275590549
11
6.0329052755905508
21
-6.3424845669291336
0
LINE
8
BLACK
6
CONTINUOUS
10
6.0329052755905508
20
-6.3424845669291336
11
6.0329053543307083
21
-6.3424846062992124
0
LINE
8
BLACK
6
CONTINUOUS
10
6.0329053543307083
20
-6.3424846062992124
11
6.0340098818897641
21
-6.3428965748031496
0
LINE
8
BLACK
6
CONTINUOUS
10
6.0340098818897641
20
-6.3428965748031496
11
6.0382990157480316
21
-6.3444963779527557
0
LINE
8
BLACK
6
CONTINUOUS
10
6.0382990157480316
20
-6.3444963779527557
11
6.0382993307086616
21
-6.3444964566929132
0
LINE
8
BLACK
6
CONTINUOUS
10
6.0382993307086616
20
-6.3444964566929132
11
6.0406830708661419
21
-6.3447527165354325
0
LINE
8
BLACK
6
CONTINUOUS
10
6.0406830708661419
20
-6.3447527165354325
11
6.0406832677165356
21
-6.3447527165354325
0
LINE
8
BLACK
6
CONTINUOUS
10
6.0406832677165356
20
-6.3447527165354325
11
6.0406835433070869
21
-6.3447527559055112
0
LINE
8
BLACK
6
CONTINUOUS
10
6.0406835433070869
20
-6.3447527559055112
11
6.0406837795275585
21
-6.3447527559055112
0
LINE
8
BLACK
6
CONTINUOUS
10
6.0406837795275585
20
-6.3447527559055112
11
6.0740406299212601
21
-6.3447527559055112
0
LINE
8
BLACK
6
CONTINUOUS
10
6.0740406299212601
20
-6.3447527559055112
11
6.0740408661417318
21
-6.3447527559055112
0
LINE
8
BLACK
6
CONTINUOUS
10
6.0740408661417318
20
-6.3447527559055112
11
6.074041141732283
21
-6.3447527165354325
0
LINE
8
BLACK
6
CONTINUOUS
10
6.074041141732283
20
-6.3447527165354325
11
6.0740412992125981
21
-6.3447527165354325
0
LINE
8
BLACK
6
CONTINUOUS
10
6.0740412992125981
20
-6.3447527165354325
11
6.0764250393700783
21
-6.3444964566929132
0
LINE
8
BLACK
6
CONTINUOUS
10
6.0764250393700783
20
-6.3444964566929132
11
6.0764251574803145
21
-6.3444964173228344
0
LINE
8
BLACK
6
CONTINUOUS
10
6.0764251574803145
20
-6.3444964173228344
11
6.076425236220472
21
-6.3444964173228344
0
LINE
8
BLACK
6
CONTINUOUS
10
6.076425236220472
20
-6.3444964173228344
11
6.0818190551181104
21
-6.3424846062992124
0
LINE
8
BLACK
6
CONTINUOUS
10
6.0818190551181104
20
-6.3424846062992124
11
6.0818709842519683
21
-6.342445748031496
0
LINE
8
BLACK
6
CONTINUOUS
10
6.0818709842519683
20
-6.342445748031496
11
6.086427598425197
21
-6.33903468503937
0
LINE
8
BLACK
6
CONTINUOUS
10
6.086427598425197
20
-6.33903468503937
11
6.0898774409448819
21
-6.3344262598425196
0
LINE
8
BLACK
6
CONTINUOUS
10
6.0898774409448819
20
-6.3344262598425196
11
6.0898774409448819
21
-6.3344262204724409
0
LINE
8
BLACK
6
CONTINUOUS
10
6.0898774409448819
20
-6.3344262204724409
11
6.0898775196850394
21
-6.3344261417322834
0
LINE
8
BLACK
6
CONTINUOUS
10
6.0898775196850394
20
-6.3344261417322834
11
6.0909616929133854
21
-6.3315192913385827
0
LINE
8
BLACK
6
CONTINUOUS
10
6.0909616929133854
20
-6.3315192913385827
11
6.0926366535433072
21
-6.3292818110236215
0
LINE
8
BLACK
6
CONTINUOUS
10
6.0926366535433072
20
-6.3292818110236215
11
6.0944222834645672
21
-6.3284365354330712
0
LINE
8
BLACK
6
CONTINUOUS
10
6.0944222834645672
20
-6.3284365354330712
11
6.0945983858267718
21
-6.3283931102362203
0
LINE
8
BLACK
6
CONTINUOUS
10
6.0945983858267718
20
-6.3283931102362203
11
6.0945984645669293
21
-6.3283931102362203
0
LINE
8
BLACK
6
CONTINUOUS
10
6.0945984645669293
20
-6.3283931102362203
11
6.0949736220472444
21
-6.3282507874015748
0
LINE
8
BLACK
6
CONTINUOUS
10
6.0949736220472444
20
-6.3282507874015748
11
6.0958387401574798
21
-6.3280096850393699
0
LINE
8
BLACK
6
CONTINUOUS
10
6.0958387401574798
20
-6.3280096850393699
11
6.09623342519685
21
-6.3279373622047244
0
LINE
8
BLACK
6
CONTINUOUS
10
6.09623342519685
20
-6.3279373622047244
11
6.0984172047244094
21
-6.3269544488188973
0
LINE
8
BLACK
6
CONTINUOUS
10
6.0984172047244094
20
-6.3269544488188973
11
6.0986929921259838
21
-6.3268402362204723
0
LINE
8
BLACK
6
CONTINUOUS
10
6.0986929921259838
20
-6.3268402362204723
11
6.100932086614173
21
-6.3259911023622042
0
LINE
8
BLACK
6
CONTINUOUS
10
6.100932086614173
20
-6.3259911023622042
11
6.1012624409448817
21
-6.3257630314960629
0
LINE
8
BLACK
6
CONTINUOUS
10
6.1012624409448817
20
-6.3257630314960629
11
6.1020441732283466
21
-6.3253220866141735
0
LINE
8
BLACK
6
CONTINUOUS
10
6.1020441732283466
20
-6.3253220866141735
11
6.1024104724409449
21
-6.3251572834645664
0
LINE
8
BLACK
6
CONTINUOUS
10
6.1024104724409449
20
-6.3251572834645664
11
6.104296850393701
21
-6.3236793307086616
0
LINE
8
BLACK
6
CONTINUOUS
10
6.104296850393701
20
-6.3236793307086616
11
6.1045352362204719
21
-6.3235039370078736
0
LINE
8
BLACK
6
CONTINUOUS
10
6.1045352362204719
20
-6.3235039370078736
11
6.106506811023622
21
-6.3221431102362207
0
LINE
8
BLACK
6
CONTINUOUS
10
6.106506811023622
20
-6.3221431102362207
11
6.1080955511811021
21
-6.3203497244094491
0
LINE
8
BLACK
6
CONTINUOUS
10
6.1080955511811021
20
-6.3203497244094491
11
6.1082996850393698
21
-6.3201329133858266
0
LINE
8
BLACK
6
CONTINUOUS
10
6.1082996850393698
20
-6.3201329133858266
11
6.1260309448818893
21
-6.3024016535433072
0
LINE
8
BLACK
6
CONTINUOUS
10
6.1260309448818893
20
-6.3024016535433072
11
6.1262477559055117
21
-6.3021975196850395
0
LINE
8
BLACK
6
CONTINUOUS
10
6.1262477559055117
20
-6.3021975196850395
11
6.1280411417322833
21
-6.3006087795275585
0
LINE
8
BLACK
6
CONTINUOUS
10
6.1280411417322833
20
-6.3006087795275585
11
6.1294019685039371
21
-6.2986372047244092
0
LINE
8
BLACK
6
CONTINUOUS
10
6.1294019685039371
20
-6.2986372047244092
11
6.1295779921259843
21
-6.2983979921259845
0
LINE
8
BLACK
6
CONTINUOUS
10
6.1295779921259843
20
-6.2983979921259845
11
6.1310553149606299
21
-6.2965124409448814
0
LINE
8
BLACK
6
CONTINUOUS
10
6.1310553149606299
20
-6.2965124409448814
11
6.1312198425196849
21
-6.2961468110236218
0
LINE
8
BLACK
6
CONTINUOUS
10
6.1312198425196849
20
-6.2961468110236218
11
6.1316611023622043
21
-6.2953643700787403
0
LINE
8
BLACK
6
CONTINUOUS
10
6.1316611023622043
20
-6.2953643700787403
11
6.1318891338582677
21
-6.2950340551181103
0
LINE
8
BLACK
6
CONTINUOUS
10
6.1318891338582677
20
-6.2950340551181103
11
6.1327383464566925
21
-6.2927946456692911
0
LINE
8
BLACK
6
CONTINUOUS
10
6.1327383464566925
20
-6.2927946456692911
11
6.1328525590551184
21
-6.2925189370078742
0
LINE
8
BLACK
6
CONTINUOUS
10
6.1328525590551184
20
-6.2925189370078742
11
6.1338353543307083
21
-6.2903353937007873
0
LINE
8
BLACK
6
CONTINUOUS
10
6.1338353543307083
20
-6.2903353937007873
11
6.1339076771653538
21
-6.2899405511811022
0
LINE
8
BLACK
6
CONTINUOUS
10
6.1339076771653538
20
-6.2899405511811022
11
6.1341487795275587
21
-6.2890757874015746
0
LINE
8
BLACK
6
CONTINUOUS
10
6.1341487795275587
20
-6.2890757874015746
11
6.134291141732283
21
-6.2887004330708658
0
LINE
8
BLACK
6
CONTINUOUS
10
6.134291141732283
20
-6.2887004330708658
11
6.1345799606299209
21
-6.2863217322834641
0
LINE
8
BLACK
6
CONTINUOUS
10
6.1345799606299209
20
-6.2863217322834641
11
6.1346246062992122
21
-6.2860283464566926
0
LINE
8
BLACK
6
CONTINUOUS
10
6.1346246062992122
20
-6.2860283464566926
11
6.1350563385826771
21
-6.2836725590551179
0
LINE
8
BLACK
6
CONTINUOUS
10
6.1350563385826771
20
-6.2836725590551179
11
6.1349118110236223
21
-6.2812830708661416
0
LINE
8
BLACK
6
CONTINUOUS
10
6.1349118110236223
20
-6.2812830708661416
11
6.1349027559055118
21
-6.2809835826771652
0
LINE
8
BLACK
6
CONTINUOUS
10
6.1349027559055118
20
-6.2809835826771652
11
6.1349027559055118
21
-5.5380023622047245
0
LINE
8
BLACK
6
CONTINUOUS
10
6.1349027559055118
20
-5.5380023622047245
11
6.1349118110236223
21
-5.5377028740157481
0
LINE
8
BLACK
6
CONTINUOUS
10
6.1349118110236223
20
-5.5377028740157481
11
6.1350563779527558
21
-5.5353128346456693
0
LINE
8
BLACK
6
CONTINUOUS
10
6.1350563779527558
20
-5.5353128346456693
11
6.1346245669291335
21
-5.5329565748031495
0
LINE
8
BLACK
6
CONTINUOUS
10
6.1346245669291335
20
-5.5329565748031495
11
6.1345798425196847
21
-5.5326627952755905
0
LINE
8
BLACK
6
CONTINUOUS
10
6.1345798425196847
20
-5.5326627952755905
11
6.134291141732283
21
-5.5302849212598426
0
LINE
8
BLACK
6
CONTINUOUS
10
6.134291141732283
20
-5.5302849212598426
11
6.1342911023622042
21
-5.5302848425196851
0
LINE
8
BLACK
6
CONTINUOUS
10
6.1342911023622042
20
-5.5302848425196851
11
6.1342911023622042
21
-5.5302847637795276
0
LINE
8
BLACK
6
CONTINUOUS
10
6.1342911023622042
20
-5.5302847637795276
11
6.1341488582677162
21
-5.5299096850393701
0
LINE
8
BLACK
6
CONTINUOUS
10
6.1341488582677162
20
-5.5299096850393701
11
6.1339077559055113
21
-5.5290448818897637
0
LINE
8
BLACK
6
CONTINUOUS
10
6.1339077559055113
20
-5.5290448818897637
11
6.133835393700787
21
-5.5286499606299211
0
LINE
8
BLACK
6
CONTINUOUS
10
6.133835393700787
20
-5.5286499606299211
11
6.1328521259842521
21
-5.5264653543307087
0
LINE
8
BLACK
6
CONTINUOUS
10
6.1328521259842521
20
-5.5264653543307087
11
6.1327381889763775
21
-5.5261901574803147
0
LINE
8
BLACK
6
CONTINUOUS
10
6.1327381889763775
20
-5.5261901574803147
11
6.1318891338582677
21
-5.5239512992125981
0
LINE
8
BLACK
6
CONTINUOUS
10
6.1318891338582677
20
-5.5239512992125981
11
6.1316610629921255
21
-5.5236209055118106
0
LINE
8
BLACK
6
CONTINUOUS
10
6.1316610629921255
20
-5.5236209055118106
11
6.1312199999999999
21
-5.5228388976377953
0
LINE
8
BLACK
6
CONTINUOUS
10
6.1312199999999999
20
-5.5228388976377953
11
6.1310553149606299
21
-5.5224729527559058
0
LINE
8
BLACK
6
CONTINUOUS
10
6.1310553149606299
20
-5.5224729527559058
11
6.1295784645669293
21
-5.5205879133858264
0
LINE
8
BLACK
6
CONTINUOUS
10
6.1295784645669293
20
-5.5205879133858264
11
6.1294020078740159
21
-5.5203481102362204
0
LINE
8
BLACK
6
CONTINUOUS
10
6.1294020078740159
20
-5.5203481102362204
11
6.1280411417322833
21
-5.5183765748031499
0
LINE
8
BLACK
6
CONTINUOUS
10
6.1280411417322833
20
-5.5183765748031499
11
6.1280410236220471
21
-5.5183764566929137
0
LINE
8
BLACK
6
CONTINUOUS
10
6.1280410236220471
20
-5.5183764566929137
11
6.126248503937008
21
-5.5167883858267714
0
LINE
8
BLACK
6
CONTINUOUS
10
6.126248503937008
20
-5.5167883858267714
11
6.1260303543307089
21
-5.5165830314960624
0
LINE
8
BLACK
6
CONTINUOUS
10
6.1260303543307089
20
-5.5165830314960624
11
6.04679779527559
21
-5.4373504724409445
0
LINE
8
BLACK
6
CONTINUOUS
10
6.04679779527559
20
-5.4373504724409445
11
6.0454581889763777
21
-5.434897244094488
0
LINE
8
BLACK
6
CONTINUOUS
10
6.0454581889763777
20
-5.434897244094488
11
6.0453720078740156
21
-5.4343612204724412
0
LINE
8
BLACK
6
CONTINUOUS
10
6.0453720078740156
20
-5.4343612204724412
11
6.0451788188976376
21
-5.4325229527559058
0
LINE
8
BLACK
6
CONTINUOUS
10
6.0451788188976376
20
-5.4325229527559058
11
6.0451787795275589
21
-5.4325227165354333
0
LINE
8
BLACK
6
CONTINUOUS
10
6.0451787795275589
20
-5.4325227165354333
11
6.0428553937007869
21
-5.4253721259842518
0
LINE
8
BLACK
6
CONTINUOUS
10
6.0428553937007869
20
-5.4253721259842518
11
6.039096062992126
21
-5.4188607874015746
0
LINE
8
BLACK
6
CONTINUOUS
10
6.039096062992126
20
-5.4188607874015746
11
6.0390959842519685
21
-5.4188607086614171
0
LINE
8
BLACK
6
CONTINUOUS
10
6.0390959842519685
20
-5.4188607086614171
11
6.0390958267716535
21
-5.4188604724409446
0
LINE
8
BLACK
6
CONTINUOUS
10
6.0390958267716535
20
-5.4188604724409446
11
6.034065157480315
21
-5.4132733464566929
0
LINE
8
BLACK
6
CONTINUOUS
10
6.034065157480315
20
-5.4132733464566929
11
6.0279823622047246
21
-5.4088539370078736
0
LINE
8
BLACK
6
CONTINUOUS
10
6.0279823622047246
20
-5.4088539370078736
11
6.0211137007874012
21
-5.4057958267716533
0
LINE
8
BLACK
6
CONTINUOUS
10
6.0211137007874012
20
-5.4057958267716533
11
6.0137593307086616
21
-5.4042325984251969
0
LINE
8
BLACK
6
CONTINUOUS
10
6.0137593307086616
20
-5.4042325984251969
11
6.011007559055118
21
-5.4042325984251969
0
LINE
8
BLACK
6
CONTINUOUS
10
6.011007559055118
20
-5.4042325984251969
11
6.0092853149606293
21
-5.4038628346456692
0
LINE
8
BLACK
6
CONTINUOUS
10
6.0092853149606293
20
-5.4038628346456692
11
6.0092759842519685
21
-5.4038928346456689
0
LINE
8
BLACK
6
CONTINUOUS
10
6.0092759842519685
20
-5.4038928346456689
11
6.0089894094488185
21
-5.4038035433070863
0
LINE
8
BLACK
6
CONTINUOUS
10
6.0089894094488185
20
-5.4038035433070863
11
6.0089892913385823
21
-5.4038035039370076
0
LINE
8
BLACK
6
CONTINUOUS
10
6.0089892913385823
20
-5.4038035039370076
11
6.0089892519685035
21
-5.4038035039370076
0
LINE
8
BLACK
6
CONTINUOUS
10
6.0089892519685035
20
-5.4038035039370076
11
6.0085938582677167
21
-5.403731023622047
0
LINE
8
BLACK
6
CONTINUOUS
10
6.0085938582677167
20
-5.403731023622047
11
6.0077296850393695
21
-5.4034900787401572
0
LINE
8
BLACK
6
CONTINUOUS
10
6.0077296850393695
20
-5.4034900787401572
11
6.0073542913385829
21
-5.4033477559055116
0
LINE
8
BLACK
6
CONTINUOUS
10
6.0073542913385829
20
-5.4033477559055116
11
6.0073542519685041
21
-5.4033477165354329
0
LINE
8
BLACK
6
CONTINUOUS
10
6.0073542519685041
20
-5.4033477165354329
11
6.0073541732283466
21
-5.4033477165354329
0
LINE
8
BLACK
6
CONTINUOUS
10
6.0073541732283466
20
-5.4033477165354329
11
6.0073540157480316
21
-5.4033476771653541
0
LINE
8
BLACK
6
CONTINUOUS
10
6.0073540157480316
20
-5.4033476771653541
11
6.0049775984251967
21
-5.4030591338582674
0
LINE
8
BLACK
6
CONTINUOUS
10
6.0049775984251967
20
-5.4030591338582674
11
6.0046815748031497
21
-5.4030140551181098
0
LINE
8
BLACK
6
CONTINUOUS
10
6.0046815748031497
20
-5.4030140551181098
11
6.0031190157480312
21
-5.402727755905512
0
LINE
8
BLACK
6
CONTINUOUS
10
6.0031190157480312
20
-5.402727755905512
11
6.0023264566929129
21
-5.4025825196850397
0
LINE
8
BLACK
6
CONTINUOUS
10
6.0023264566929129
20
-5.4025825196850397
11
6.0023264173228341
21
-5.4025825196850397
0
LINE
8
BLACK
6
CONTINUOUS
10
6.0023264173228341
20
-5.4025825196850397
11
6.0003200787401569
21
-5.4027038582677163
0
LINE
8
BLACK
6
CONTINUOUS
10
6.0003200787401569
20
-5.4027038582677163
11
5.9999365354330711
21
-5.4027270866141732
0
LINE
8
BLACK
6
CONTINUOUS
10
5.9999365354330711
20
-5.4027270866141732
11
5.999637007874016
21
-5.4027361417322837
0
LINE
8
BLACK
6
CONTINUOUS
10
5.999637007874016
20
-5.4027361417322837
11
5.7860710629921259
21
-5.4027361417322837
0
LINE
8
BLACK
6
CONTINUOUS
10
5.7860710629921259
20
-5.4027361417322837
11
5.7833891338582673
21
-5.4019486614173227
0
LINE
8
BLACK
6
CONTINUOUS
10
5.7833891338582673
20
-5.4019486614173227
11
5.7831552755905511
21
-5.40178874015748
0
LINE
8
BLACK
6
CONTINUOUS
10
5.7831552755905511
20
-5.40178874015748
11
5.7799823622047244
21
-5.399483464566929
0
LINE
8
BLACK
6
CONTINUOUS
10
5.7799823622047244
20
-5.399483464566929
11
5.7731137007874018
21
-5.3964253543307086
0
LINE
8
BLACK
6
CONTINUOUS
10
5.7731137007874018
20
-5.3964253543307086
11
5.7657593307086614
21
-5.3948621259842522
0
LINE
8
BLACK
6
CONTINUOUS
10
5.7657593307086614
20
-5.3948621259842522
11
5.7582406692913386
21
-5.3948621259842522
0
LINE
8
BLACK
6
CONTINUOUS
10
5.7582406692913386
20
-5.3948621259842522
11
5.7508862598425194
21
-5.3964253543307086
0
LINE
8
BLACK
6
CONTINUOUS
10
5.7508862598425194
20
-5.3964253543307086
11
5.7440175984251969
21
-5.399483464566929
0
LINE
8
BLACK
6
CONTINUOUS
10
5.7440175984251969
20
-5.399483464566929
11
5.7417116141732283
21
-5.4011588976377949
0
LINE
8
BLACK
6
CONTINUOUS
10
5.7417116141732283
20
-5.4011588976377949
11
5.7390790157480316
21
-5.4020982283464569
0
LINE
8
BLACK
6
CONTINUOUS
10
5.7390790157480316
20
-5.4020982283464569
11
5.7387958267716535
21
-5.4021062992125986
0
LINE
8
BLACK
6
CONTINUOUS
10
5.7387958267716535
20
-5.4021062992125986
11
5.5340710629921261
21
-5.4021062992125986
0
LINE
8
BLACK
6
CONTINUOUS
10
5.5340710629921261
20
-5.4021062992125986
11
5.5313891338582675
21
-5.4013188188976375
0
LINE
8
BLACK
6
CONTINUOUS
10
5.5313891338582675
20
-5.4013188188976375
11
5.5311552755905513
21
-5.4011588976377949
0
LINE
8
BLACK
6
CONTINUOUS
10
5.5311552755905513
20
-5.4011588976377949
11
5.5279823622047246
21
-5.3988536220472438
0
LINE
8
BLACK
6
CONTINUOUS
10
5.5279823622047246
20
-5.3988536220472438
11
5.5211137007874012
21
-5.3957955118110235
0
LINE
8
BLACK
6
CONTINUOUS
10
5.5211137007874012
20
-5.3957955118110235
11
5.5137593307086616
21
-5.3942322834645671
0
LINE
8
BLACK
6
CONTINUOUS
10
5.5137593307086616
20
-5.3942322834645671
11
5.5062406692913388
21
-5.3942322834645671
0
LINE
8
BLACK
6
CONTINUOUS
10
5.5062406692913388
20
-5.3942322834645671
11
5.4988862598425197
21
-5.3957955118110235
0
LINE
8
BLACK
6
CONTINUOUS
10
5.4988862598425197
20
-5.3957955118110235
11
5.4920175984251971
21
-5.3988536220472438
0
LINE
8
BLACK
6
CONTINUOUS
10
5.4920175984251971
20
-5.3988536220472438
11
5.4888447244094483
21
-5.4011588976377949
0
LINE
8
BLACK
6
CONTINUOUS
10
5.4888447244094483
20
-5.4011588976377949
11
5.4862121259842516
21
-5.4020981889763782
0
LINE
8
BLACK
6
CONTINUOUS
10
5.4862121259842516
20
-5.4020981889763782
11
5.4859289370078743
21
-5.4021062992125986
0
LINE
8
BLACK
6
CONTINUOUS
10
5.4859289370078743
20
-5.4021062992125986
11
5.2840710629921261
21
-5.4021062992125986
0
LINE
8
BLACK
6
CONTINUOUS
10
5.2840710629921261
20
-5.4021062992125986
11
5.2813891338582675
21
-5.4013188188976375
0
LINE
8
BLACK
6
CONTINUOUS
10
5.2813891338582675
20
-5.4013188188976375
11
5.2811552755905513
21
-5.4011588976377949
0
LINE
8
BLACK
6
CONTINUOUS
10
5.2811552755905513
20
-5.4011588976377949
11
5.2779823622047246
21
-5.3988536220472438
0
LINE
8
BLACK
6
CONTINUOUS
10
5.2779823622047246
20
-5.3988536220472438
11
5.2711137007874012
21
-5.3957955118110235
0
LINE
8
BLACK
6
CONTINUOUS
10
5.2711137007874012
20
-5.3957955118110235
11
5.2637593307086616
21
-5.3942322834645671
0
LINE
8
BLACK
6
CONTINUOUS
10
5.2637593307086616
20
-5.3942322834645671
11
5.2562406692913388
21
-5.3942322834645671
0
LINE
8
BLACK
6
CONTINUOUS
10
5.2562406692913388
20
-5.3942322834645671
11
5.2488862598425197
21
-5.3957955118110235
0
LINE
8
BLACK
6
CONTINUOUS
10
5.2488862598425197
20
-5.3957955118110235
11
5.2420175984251971
21
-5.3988536220472438
0
LINE
8
BLACK
6
CONTINUOUS
10
5.2420175984251971
20
-5.3988536220472438
11
5.2379782283464564
21
-5.40178842519685
0
LINE
8
BLACK
6
CONTINUOUS
10
5.2379782283464564
20
-5.40178842519685
11
5.2353456299212597
21
-5.402727755905512
0
LINE
8
BLACK
6
CONTINUOUS
10
5.2353456299212597
20
-5.402727755905512
11
5.2350624409448816
21
-5.4027358267716536
0
LINE
8
BLACK
6
CONTINUOUS
10
5.2350624409448816
20
-5.4027358267716536
11
5.0330710629921258
21
-5.4027358267716536
0
LINE
8
BLACK
6
CONTINUOUS
10
5.0330710629921258
20
-5.4027358267716536
11
5.030389133858268
21
-5.4019483464566926
0
LINE
8
BLACK
6
CONTINUOUS
10
5.030389133858268
20
-5.4019483464566926
11
5.030155275590551
21
-5.40178842519685
0
LINE
8
BLACK
6
CONTINUOUS
10
5.030155275590551
20
-5.40178842519685
11
5.0269823622047243
21
-5.3994831496062989
0
LINE
8
BLACK
6
CONTINUOUS
10
5.0269823622047243
20
-5.3994831496062989
11
5.0201137007874017
21
-5.3964250393700786
0
LINE
8
BLACK
6
CONTINUOUS
10
5.0201137007874017
20
-5.3964250393700786
11
5.0127593307086613
21
-5.3948618110236222
0
LINE
8
BLACK
6
CONTINUOUS
10
5.0127593307086613
20
-5.3948618110236222
11
5.0052406692913385
21
-5.3948618110236222
0
LINE
8
BLACK
6
CONTINUOUS
10
5.0052406692913385
20
-5.3948618110236222
11
4.9978862598425193
21
-5.3964250393700786
0
LINE
8
BLACK
6
CONTINUOUS
10
4.9978862598425193
20
-5.3964250393700786
11
4.9910175984251968
21
-5.3994831496062989
0
LINE
8
BLACK
6
CONTINUOUS
10
4.9910175984251968
20
-5.3994831496062989
11
4.9887111811023619
21
-5.4011588976377949
0
LINE
8
BLACK
6
CONTINUOUS
10
4.9887111811023619
20
-5.4011588976377949
11
4.9860785826771652
21
-5.4020982283464569
0
LINE
8
BLACK
6
CONTINUOUS
10
4.9860785826771652
20
-5.4020982283464569
11
4.9857953937007871
21
-5.4021062992125986
0
LINE
8
BLACK
6
CONTINUOUS
10
4.9857953937007871
20
-5.4021062992125986
11
4.7840710629921261
21
-5.4021062992125986
0
LINE
8
BLACK
6
CONTINUOUS
10
4.7840710629921261
20
-5.4021062992125986
11
4.7813891338582675
21
-5.4013188188976375
0
LINE
8
BLACK
6
CONTINUOUS
10
4.7813891338582675
20
-5.4013188188976375
11
4.7811552755905513
21
-5.4011588976377949
0
LINE
8
BLACK
6
CONTINUOUS
10
4.7811552755905513
20
-5.4011588976377949
11
4.7779823622047246
21
-5.3988536220472438
0
LINE
8
BLACK
6
CONTINUOUS
10
4.7779823622047246
20
-5.3988536220472438
11
4.7711137007874012
21
-5.3957955118110235
0
LINE
8
BLACK
6
CONTINUOUS
10
4.7711137007874012
20
-5.3957955118110235
11
4.7637593307086616
21
-5.3942322834645671
0
LINE
8
BLACK
6
CONTINUOUS
10
4.7637593307086616
20
-5.3942322834645671
11
4.7562406692913388
21
-5.3942322834645671
0
LINE
8
BLACK
6
CONTINUOUS
10
4.7562406692913388
20
-5.3942322834645671
11
4.7488862598425197
21
-5.3957955118110235
0
LINE
8
BLACK
6
CONTINUOUS
10
4.7488862598425197
20
-5.3957955118110235
11
4.7420175984251971
21
-5.3988536220472438
0
LINE
8
BLACK
6
CONTINUOUS
10
4.7420175984251971
20
-5.3988536220472438
11
4.7388447244094491
21
-5.4011588976377949
0
LINE
8
BLACK
6
CONTINUOUS
10
4.7388447244094491
20
-5.4011588976377949
11
4.7362121259842516
21
-5.4020981889763782
0
LINE
8
BLACK
6
CONTINUOUS
10
4.7362121259842516
20
-5.4020981889763782
11
4.7359289370078743
21
-5.4021062992125986
0
LINE
8
BLACK
6
CONTINUOUS
10
4.7359289370078743
20
-5.4021062992125986
11
4.5440710629921259
21
-5.4021062992125986
0
LINE
8
BLACK
6
CONTINUOUS
10
4.5440710629921259
20
-5.4021062992125986
11
4.5413891338582673
21
-5.4013188188976375
0
LINE
8
BLACK
6
CONTINUOUS
10
4.5413891338582673
20
-5.4013188188976375
11
4.5411552755905511
21
-5.4011588976377949
0
LINE
8
BLACK
6
CONTINUOUS
10
4.5411552755905511
20
-5.4011588976377949
11
4.5379823622047244
21
-5.3988536220472438
0
LINE
8
BLACK
6
CONTINUOUS
10
4.5379823622047244
20
-5.3988536220472438
11
4.5311137007874018
21
-5.3957955118110235
0
LINE
8
BLACK
6
CONTINUOUS
10
4.5311137007874018
20
-5.3957955118110235
11
4.5237593307086614
21
-5.3942322834645671
0
LINE
8
BLACK
6
CONTINUOUS
10
4.5237593307086614
20
-5.3942322834645671
11
4.5162406692913386
21
-5.3942322834645671
0
LINE
8
BLACK
6
CONTINUOUS
10
4.5162406692913386
20
-5.3942322834645671
11
4.5088862598425195
21
-5.3957955118110235
0
LINE
8
BLACK
6
CONTINUOUS
10
4.5088862598425195
20
-5.3957955118110235
11
4.5020175984251969
21
-5.3988536220472438
0
LINE
8
BLACK
6
CONTINUOUS
10
4.5020175984251969
20
-5.3988536220472438
11
4.4959348031496065
21
-5.4032730314960631
0
LINE
8
BLACK
6
CONTINUOUS
10
4.4959348031496065
20
-5.4032730314960631
11
4.490904133858268
21
-5.4088601574803148
0
LINE
8
BLACK
6
CONTINUOUS
10
4.490904133858268
20
-5.4088601574803148
11
4.4909038582677168
21
-5.4088605511811023
0
LINE
8
BLACK
6
CONTINUOUS
10
4.4909038582677168
20
-5.4088605511811023
11
4.4871447244094487
21
-5.4153715748031495
0
LINE
8
BLACK
6
CONTINUOUS
10
4.4871447244094487
20
-5.4153715748031495
11
4.4871446062992124
21
-5.4153718503937007
0
LINE
8
BLACK
6
CONTINUOUS
10
4.4871446062992124
20
-5.4153718503937007
11
4.484821141732283
21
-5.4225225196850388
0
LINE
8
BLACK
6
CONTINUOUS
10
4.484821141732283
20
-5.4225225196850388
11
4.4840352755905508
21
-5.429999960629921
0
LINE
8
BLACK
6
CONTINUOUS
10
4.4840352755905508
20
-5.429999960629921
11
4.4847318110236216
21
-5.4366271653543308
0
LINE
8
BLACK
6
CONTINUOUS
10
4.4847318110236216
20
-5.4366271653543308
11
4.4842289763779526
21
-5.4393766929133855
0
LINE
8
BLACK
6
CONTINUOUS
10
4.4842289763779526
20
-5.4393766929133855
11
4.4823194488188971
21
-5.4414179133858269
0
LINE
8
BLACK
6
CONTINUOUS
10
4.4823194488188971
20
-5.4414179133858269
11
4.4797983464566924
21
-5.4421062992125986
0
LINE
8
BLACK
6
CONTINUOUS
10
4.4797983464566924
20
-5.4421062992125986
11
4.3840716141732283
21
-5.4421062992125986
0
LINE
8
BLACK
6
CONTINUOUS
10
4.3840716141732283
20
-5.4421062992125986
11
4.3813896850393697
21
-5.4413188188976376
0
LINE
8
BLACK
6
CONTINUOUS
10
4.3813896850393697
20
-5.4413188188976376
11
4.3811558267716535
21
-5.4411588976377949
0
LINE
8
BLACK
6
CONTINUOUS
10
4.3811558267716535
20
-5.4411588976377949
11
4.3779823622047243
21
-5.4388532283464563
0
LINE
8
BLACK
6
CONTINUOUS
10
4.3779823622047243
20
-5.4388532283464563
11
4.3711137007874017
21
-5.435795118110236
0
LINE
8
BLACK
6
CONTINUOUS
10
4.3711137007874017
20
-5.435795118110236
11
4.3637593307086613
21
-5.4342318897637796
0
LINE
8
BLACK
6
CONTINUOUS
10
4.3637593307086613
20
-5.4342318897637796
11
4.3562406692913385
21
-5.4342318897637796
0
LINE
8
BLACK
6
CONTINUOUS
10
4.3562406692913385
20
-5.4342318897637796
11
4.3488862598425193
21
-5.435795118110236
0
LINE
8
BLACK
6
CONTINUOUS
10
4.3488862598425193
20
-5.435795118110236
11
4.3420175984251967
21
-5.4388532283464563
0
LINE
8
BLACK
6
CONTINUOUS
10
4.3420175984251967
20
-5.4388532283464563
11
4.3359348031496063
21
-5.4432726377952756
0
LINE
8
BLACK
6
CONTINUOUS
10
4.3359348031496063
20
-5.4432726377952756
11
4.3309041338582679
21
-5.4488597637795273
0
LINE
8
BLACK
6
CONTINUOUS
10
4.3309041338582679
20
-5.4488597637795273
11
4.3309038582677166
21
-5.4488601574803148
0
LINE
8
BLACK
6
CONTINUOUS
10
4.3309038582677166
20
-5.4488601574803148
11
4.3271447244094485
21
-5.455371181102362
0
LINE
8
BLACK
6
CONTINUOUS
10
4.3271447244094485
20
-5.455371181102362
11
4.3271446062992123
21
-5.4553714566929132
0
LINE
8
BLACK
6
CONTINUOUS
10
4.3271446062992123
20
-5.4553714566929132
11
4.3248211417322837
21
-5.4625221259842522
0
LINE
8
BLACK
6
CONTINUOUS
10
4.3248211417322837
20
-5.4625221259842522
11
4.3240352755905507
21
-5.4699996062992122
0
LINE
8
BLACK
6
CONTINUOUS
10
4.3240352755905507
20
-5.4699996062992122
11
4.3248211417322837
21
-5.4774770472440943
0
LINE
8
BLACK
6
CONTINUOUS
10
4.3248211417322837
20
-5.4774770472440943
11
4.3256124015748032
21
-5.4799121653543308
0
LINE
8
BLACK
6
CONTINUOUS
10
4.3256124015748032
20
-5.4799121653543308
11
4.3271446062992123
21
-5.4846277952755909
0
LINE
8
BLACK
6
CONTINUOUS
10
4.3271446062992123
20
-5.4846277952755909
11
4.3271447244094485
21
-5.4846279921259837
0
LINE
8
BLACK
6
CONTINUOUS
10
4.3271447244094485
20
-5.4846279921259837
11
4.3309038582677166
21
-5.4911390157480318
0
LINE
8
BLACK
6
CONTINUOUS
10
4.3309038582677166
20
-5.4911390157480318
11
4.3309041338582679
21
-5.4911394094488184
0
LINE
8
BLACK
6
CONTINUOUS
10
4.3309041338582679
20
-5.4911394094488184
11
4.3359348031496063
21
-5.496726535433071
0
LINE
8
BLACK
6
CONTINUOUS
10
4.3359348031496063
20
-5.496726535433071
11
4.3359349212598426
21
-5.4967266535433073
0
LINE
8
BLACK
6
CONTINUOUS
10
4.3359349212598426
20
-5.4967266535433073
11
4.3366503937007872
21
-5.4972464960629921
0
LINE
8
BLACK
6
CONTINUOUS
10
4.3366503937007872
20
-5.4972464960629921
11
4.3383572047244092
21
-5.49946
0
LINE
8
BLACK
6
CONTINUOUS
10
4.3383572047244092
20
-5.49946
11
4.3385963385826773
21
-5.502244881889764
0
LINE
8
BLACK
6
CONTINUOUS
10
4.3385963385826773
20
-5.502244881889764
11
4.3372918897637796
21
-5.5047169685039368
0
LINE
8
BLACK
6
CONTINUOUS
10
4.3372918897637796
20
-5.5047169685039368
11
4.3372422047244097
21
-5.5047673228346454
0
LINE
8
BLACK
6
CONTINUOUS
10
4.3372422047244097
20
-5.5047673228346454
11
4.2709785826771656
21
-5.5710309448818895
0
LINE
8
BLACK
6
CONTINUOUS
10
4.2709785826771656
20
-5.5710309448818895
11
4.2707604724409451
21
-5.5712362992125986
0
LINE
8
BLACK
6
CONTINUOUS
10
4.2707604724409451
20
-5.5712362992125986
11
4.2689678740157477
21
-5.5728244094488186
0
LINE
8
BLACK
6
CONTINUOUS
10
4.2689678740157477
20
-5.5728244094488186
11
4.2676077559055114
21
-5.5747948031496062
0
LINE
8
BLACK
6
CONTINUOUS
10
4.2676077559055114
20
-5.5747948031496062
11
4.2674303543307088
21
-5.5750359055118111
0
LINE
8
BLACK
6
CONTINUOUS
10
4.2674303543307088
20
-5.5750359055118111
11
4.2659538582677161
21
-5.5769205905511807
0
LINE
8
BLACK
6
CONTINUOUS
10
4.2659538582677161
20
-5.5769205905511807
11
4.2659536220472436
21
-5.5769209842519682
0
LINE
8
BLACK
6
CONTINUOUS
10
4.2659536220472436
20
-5.5769209842519682
11
4.2657887795275586
21
-5.5772871653543303
0
LINE
8
BLACK
6
CONTINUOUS
10
4.2657887795275586
20
-5.5772871653543303
11
4.2653482677165355
21
-5.5780683070866139
0
LINE
8
BLACK
6
CONTINUOUS
10
4.2653482677165355
20
-5.5780683070866139
11
4.2651198818897633
21
-5.5783992125984252
0
LINE
8
BLACK
6
CONTINUOUS
10
4.2651198818897633
20
-5.5783992125984252
11
4.2642709448818898
21
-5.5806376771653543
0
LINE
8
BLACK
6
CONTINUOUS
10
4.2642709448818898
20
-5.5806376771653543
11
4.2641562992125985
21
-5.58091437007874
0
LINE
8
BLACK
6
CONTINUOUS
10
4.2641562992125985
20
-5.58091437007874
11
4.2631737401574803
21
-5.5830975984251969
0
LINE
8
BLACK
6
CONTINUOUS
10
4.2631737401574803
20
-5.5830975984251969
11
4.2631735826771653
21
-5.5830981102362207
0
LINE
8
BLACK
6
CONTINUOUS
10
4.2631735826771653
20
-5.5830981102362207
11
4.2631011811023622
21
-5.58349311023622
0
LINE
8
BLACK
6
CONTINUOUS
10
4.2631011811023622
20
-5.58349311023622
11
4.2628602755905511
21
-5.5843572834645672
0
LINE
8
BLACK
6
CONTINUOUS
10
4.2628602755905511
20
-5.5843572834645672
11
4.2627178740157481
21
-5.5847327952755901
0
LINE
8
BLACK
6
CONTINUOUS
10
4.2627178740157481
20
-5.5847327952755901
11
4.2624293307086614
21
-5.5871089763779525
0
LINE
8
BLACK
6
CONTINUOUS
10
4.2624293307086614
20
-5.5871089763779525
11
4.2623842913385825
21
-5.587404921259842
0
LINE
8
BLACK
6
CONTINUOUS
10
4.2623842913385825
20
-5.587404921259842
11
4.261952677165354
21
-5.5897606299212601
0
LINE
8
BLACK
6
CONTINUOUS
10
4.261952677165354
20
-5.5897606299212601
11
4.2620972440944884
21
-5.5921504724409443
0
LINE
8
BLACK
6
CONTINUOUS
10
4.2620972440944884
20
-5.5921504724409443
11
4.262106299212598
21
-5.5924499999999995
0
LINE
8
BLACK
6
CONTINUOUS
10
4.262106299212598
20
-5.5924499999999995
11
4.262106299212598
21
-6.2990071653543307
0
LINE
8
BLACK
6
CONTINUOUS
10
4.262106299212598
20
-6.2990071653543307
11
4.2620972047244097
21
-6.2993066929133859
0
LINE
8
BLACK
6
CONTINUOUS
10
4.2620972047244097
20
-6.2993066929133859
11
4.261952677165354
21
-6.3016965748031497
0
LINE
8
BLACK
6
CONTINUOUS
10
4.261952677165354
20
-6.3016965748031497
11
4.2620625196850392
21
-6.30229594488189
0
LINE
8
BLACK
6
CONTINUOUS
10
4.3319379527559052
20
-6.810839015748031
11
4.3326222047244096
21
-6.8153787007874014
0
LINE
8
BLACK
6
CONTINUOUS
10
4.3326222047244096
20
-6.8153787007874014
11
4.3356666535433073
21
-6.8252485826771654
0
LINE
8
BLACK
6
CONTINUOUS
10
4.3356666535433073
20
-6.8252485826771654
11
4.335666850393701
21
-6.8252490944881892
0
LINE
8
BLACK
6
CONTINUOUS
10
4.335666850393701
20
-6.8252490944881892
11
4.3401485433070865
21
-6.8345553543307087
0
LINE
8
BLACK
6
CONTINUOUS
10
4.3401485433070865
20
-6.8345553543307087
11
4.3401487007874016
21
-6.83455562992126
0
LINE
8
BLACK
6
CONTINUOUS
10
4.3401487007874016
20
-6.83455562992126
11
4.345967007874016
21
-6.8430894488188976
0
LINE
8
BLACK
6
CONTINUOUS
10
4.345967007874016
20
-6.8430894488188976
11
4.3459672047244098
21
-6.8430897244094488
0
LINE
8
BLACK
6
CONTINUOUS
10
4.3459672047244098
20
-6.8430897244094488
11
4.3529928740157482
21
-6.8506616141732284
0
LINE
8
BLACK
6
CONTINUOUS
10
4.3529928740157482
20
-6.8506616141732284
11
4.3610686220472443
21
-6.8571018110236217
0
LINE
8
BLACK
6
CONTINUOUS
10
4.3610686220472443
20
-6.8571018110236217
11
4.3610687401574806
21
-6.8571018897637792
0
LINE
8
BLACK
6
CONTINUOUS
10
4.3610687401574806
20
-6.8571018897637792
11
4.3700138582677166
21
-6.8622663779527562
0
LINE
8
BLACK
6
CONTINUOUS
10
4.3700138582677166
20
-6.8622663779527562
11
4.3700140157480316
21
-6.8622664173228349
0
LINE
8
BLACK
6
CONTINUOUS
10
4.3700140157480316
20
-6.8622664173228349
11
4.3700140551181104
21
-6.8622664566929128
0
LINE
8
BLACK
6
CONTINUOUS
10
4.3700140551181104
20
-6.8622664566929128
11
4.3796292913385821
21
-6.8660401574803149
0
LINE
8
BLACK
6
CONTINUOUS
10
4.3796292913385821
20
-6.8660401574803149
11
4.3896996062992129
21
-6.8683386614173223
0
LINE
8
BLACK
6
CONTINUOUS
10
4.3896996062992129
20
-6.8683386614173223
11
4.397421496062992
21
-6.8689173228346458
0
LINE
8
BLACK
6
CONTINUOUS
10
4.397421496062992
20
-6.8689173228346458
11
4.3974215354330708
21
-6.8689173228346458
0
LINE
8
BLACK
6
CONTINUOUS
10
4.3974215354330708
20
-6.8689173228346458
11
4.402578464566929
21
-6.8689173228346458
0
LINE
8
BLACK
6
CONTINUOUS
10
4.402578464566929
20
-6.8689173228346458
11
4.4025785039370078
21
-6.8689173228346458
0
LINE
8
BLACK
6
CONTINUOUS
10
4.4025785039370078
20
-6.8689173228346458
11
4.410300393700787
21
-6.8683386614173223
0
LINE
8
BLACK
6
CONTINUOUS
10
4.410300393700787
20
-6.8683386614173223
11
4.4203707086614168
21
-6.8660401574803149
0
LINE
8
BLACK
6
CONTINUOUS
10
4.4203707086614168
20
-6.8660401574803149
11
4.4299859448818895
21
-6.8622664566929128
0
LINE
8
BLACK
6
CONTINUOUS
10
4.4299859448818895
20
-6.8622664566929128
11
4.429986023622047
21
-6.8622663779527562
0
LINE
8
BLACK
6
CONTINUOUS
10
4.429986023622047
20
-6.8622663779527562
11
4.4299861023622045
21
-6.8622663779527562
0
LINE
8
BLACK
6
CONTINUOUS
10
4.4299861023622045
20
-6.8622663779527562
11
4.4344586614173229
21
-6.8596841338582673
0
LINE
8
BLACK
6
CONTINUOUS
10
4.4344586614173229
20
-6.8596841338582673
11
4.4389313779527555
21
-6.8571018110236217
0
LINE
8
BLACK
6
CONTINUOUS
10
4.4389313779527555
20
-6.8571018110236217
11
4.4470071259842516
21
-6.8506616141732284
0
LINE
8
BLACK
6
CONTINUOUS
10
4.4470071259842516
20
-6.8506616141732284
11
4.45403279527559
21
-6.8430897244094488
0
LINE
8
BLACK
6
CONTINUOUS
10
4.45403279527559
20
-6.8430897244094488
11
4.459851496062992
21
-6.8345552755905512
0
LINE
8
BLACK
6
CONTINUOUS
10
4.459851496062992
20
-6.8345552755905512
11
4.4643331889763775
21
-6.8252489370078742
0
LINE
8
BLACK
6
CONTINUOUS
10
4.4643331889763775
20
-6.8252489370078742
11
4.4654083464566927
21
-6.8217633464566925
0
LINE
8
BLACK
6
CONTINUOUS
10
4.4654083464566927
20
-6.8217633464566925
11
4.4673777559055114
21
-6.8153787007874014
0
LINE
8
BLACK
6
CONTINUOUS
10
4.4673777559055114
20
-6.8153787007874014
11
4.4679332677165355
21
-6.8116931889763777
0
LINE
8
BLACK
6
CONTINUOUS
10
4.4679332677165355
20
-6.8116931889763777
11
4.4689173228346455
21
-6.8051646456692909
0
LINE
8
BLACK
6
CONTINUOUS
10
4.4689173228346455
20
-6.8051646456692909
11
4.4689173228346455
21
-6.7948353543307087
0
LINE
8
BLACK
6
CONTINUOUS
10
4.4689173228346455
20
-6.7948353543307087
11
4.4673777952755902
21
-6.7846214566929133
0
LINE
8
BLACK
6
CONTINUOUS
10
4.4673777952755902
20
-6.7846214566929133
11
4.4673777559055114
21
-6.7846213779527558
0
LINE
8
BLACK
6
CONTINUOUS
10
4.4673777559055114
20
-6.7846213779527558
11
4.4673777559055114
21
-6.7846212598425195
0
LINE
8
BLACK
6
CONTINUOUS
10
4.4673777559055114
20
-6.7846212598425195
11
4.4643333070866138
21
-6.7747513779527555
0
LINE
8
BLACK
6
CONTINUOUS
10
4.4643333070866138
20
-6.7747513779527555
11
4.46433311023622
21
-6.7747508661417317
0
LINE
8
BLACK
6
CONTINUOUS
10
4.46433311023622
20
-6.7747508661417317
11
4.4624351968503939
21
-6.770809842519685
0
LINE
8
BLACK
6
CONTINUOUS
10
4.4624351968503939
20
-6.770809842519685
11
4.459851496062992
21
-6.7654447244094484
0
LINE
8
BLACK
6
CONTINUOUS
10
4.459851496062992
20
-6.7654447244094484
11
4.4598514173228345
21
-6.7654446062992122
0
LINE
8
BLACK
6
CONTINUOUS
10
4.4598514173228345
20
-6.7654446062992122
11
4.4598512598425195
21
-6.7654443307086609
0
LINE
8
BLACK
6
CONTINUOUS
10
4.4598512598425195
20
-6.7654443307086609
11
4.4540329527559051
21
-6.7569105118110233
0
LINE
8
BLACK
6
CONTINUOUS
10
4.4540329527559051
20
-6.7569105118110233
11
4.45403279527559
21
-6.7569102755905508
0
LINE
8
BLACK
6
CONTINUOUS
10
4.45403279527559
20
-6.7569102755905508
11
4.4470071259842516
21
-6.7493383858267713
0
LINE
8
BLACK
6
CONTINUOUS
10
4.4470071259842516
20
-6.7493383858267713
11
4.4389313779527555
21
-6.7428981889763779
0
LINE
8
BLACK
6
CONTINUOUS
10
4.4389313779527555
20
-6.7428981889763779
11
4.4389311811023617
21
-6.7428980708661417
0
LINE
8
BLACK
6
CONTINUOUS
10
4.4389311811023617
20
-6.7428980708661417
11
4.4389312204724405
21
-6.7428980708661417
0
LINE
8
BLACK
6
CONTINUOUS
10
4.4389312204724405
20
-6.7428980708661417
11
4.4299861023622045
21
-6.7377335826771656
0
LINE
8
BLACK
6
CONTINUOUS
10
4.4299861023622045
20
-6.7377335826771656
11
4.4299857874015744
21
-6.7377334645669293
0
LINE
8
BLACK
6
CONTINUOUS
10
4.4299857874015744
20
-6.7377334645669293
11
4.4203708267716531
21
-6.7339598818897635
0
LINE
8
BLACK
6
CONTINUOUS
10
4.4203708267716531
20
-6.7339598818897635
11
4.4203707480314955
21
-6.7339598425196847
0
LINE
8
BLACK
6
CONTINUOUS
10
4.4203707480314955
20
-6.7339598425196847
11
4.4103005118110232
21
-6.7316613385826773
0
LINE
8
BLACK
6
CONTINUOUS
10
4.4103005118110232
20
-6.7316613385826773
11
4.4045089763779526
21
-6.7312273228346458
0
LINE
8
BLACK
6
CONTINUOUS
10
4.4045089763779526
20
-6.7312273228346458
11
4.4025785039370078
21
-6.7310826771653538
0
LINE
8
BLACK
6
CONTINUOUS
10
4.4025785039370078
20
-6.7310826771653538
11
4.397421496062992
21
-6.7310826771653538
0
LINE
8
BLACK
6
CONTINUOUS
10
4.397421496062992
20
-6.7310826771653538
11
4.3958770866141732
21
-6.7311983858267714
0
LINE
8
BLACK
6
CONTINUOUS
10
4.3958770866141732
20
-6.7311983858267714
11
4.3896994488188978
21
-6.7316613385826773
0
LINE
8
BLACK
6
CONTINUOUS
10
4.3896994488188978
20
-6.7316613385826773
11
4.3796292125984255
21
-6.7339598425196847
0
LINE
8
BLACK
6
CONTINUOUS
10
4.3796292125984255
20
-6.7339598425196847
11
4.379629133858268
21
-6.7339598818897635
0
LINE
8
BLACK
6
CONTINUOUS
10
4.379629133858268
20
-6.7339598818897635
11
4.3700141732283466
21
-6.7377334645669293
0
LINE
8
BLACK
6
CONTINUOUS
10
4.3700141732283466
20
-6.7377334645669293
11
4.3700138582677166
21
-6.7377335826771656
0
LINE
8
BLACK
6
CONTINUOUS
10
4.3700138582677166
20
-6.7377335826771656
11
4.3610687401574806
21
-6.7428980708661417
0
LINE
8
BLACK
6
CONTINUOUS
10
4.3610687401574806
20
-6.7428980708661417
11
4.3529928346456694
21
-6.7493383858267713
0
LINE
8
BLACK
6
CONTINUOUS
10
4.3529928346456694
20
-6.7493383858267713
11
4.345967165354331
21
-6.7569103149606295
0
LINE
8
BLACK
6
CONTINUOUS
10
4.345967165354331
20
-6.7569103149606295
11
4.345967007874016
21
-6.7569105118110233
0
LINE
8
BLACK
6
CONTINUOUS
10
4.345967007874016
20
-6.7569105118110233
11
4.3401487007874016
21
-6.7654443307086609
0
LINE
8
BLACK
6
CONTINUOUS
10
4.3401487007874016
20
-6.7654443307086609
11
4.3401485433070865
21
-6.7654446062992122
0
LINE
8
BLACK
6
CONTINUOUS
10
4.3401485433070865
20
-6.7654446062992122
11
4.335666850393701
21
-6.7747508661417317
0
LINE
8
BLACK
6
CONTINUOUS
10
4.335666850393701
20
-6.7747508661417317
11
4.3356666535433073
21
-6.7747513779527555
0
LINE
8
BLACK
6
CONTINUOUS
10
4.3356666535433073
20
-6.7747513779527555
11
4.3326222047244096
21
-6.7846212598425195
0
LINE
8
BLACK
6
CONTINUOUS
10
4.3326222047244096
20
-6.7846212598425195
11
4.3317668897637791
21
-6.7902958267716533
0
LINE
8
BLACK
6
CONTINUOUS
10
4.3317668897637791
20
-6.7902958267716533
11
4.3310826771653543
21
-6.7948353543307087
0
LINE
8
BLACK
6
CONTINUOUS
10
4.3310826771653543
20
-6.7948353543307087
11
4.3310826771653543
21
-6.8051646456692909
0
LINE
8
BLACK
6
CONTINUOUS
10
4.3310826771653543
20
-6.8051646456692909
11
4.3319379527559052
21
-6.810839015748031
0
LINE
8
BLACK
6
CONTINUOUS
10
5.9319379527559057
20
-6.810839015748031
11
5.9326222047244093
21
-6.8153787007874014
0
LINE
8
BLACK
6
CONTINUOUS
10
5.9326222047244093
20
-6.8153787007874014
11
5.9356666535433069
21
-6.8252485826771654
0
LINE
8
BLACK
6
CONTINUOUS
10
5.9356666535433069
20
-6.8252485826771654
11
5.9356668503937007
21
-6.8252490944881892
0
LINE
8
BLACK
6
CONTINUOUS
10
5.9356668503937007
20
-6.8252490944881892
11
5.9401485433070862
21
-6.8345553543307087
0
LINE
8
BLACK
6
CONTINUOUS
10
5.9401485433070862
20
-6.8345553543307087
11
5.9401487007874012
21
-6.83455562992126
0
LINE
8
BLACK
6
CONTINUOUS
10
5.9401487007874012
20
-6.83455562992126
11
5.9459670078740157
21
-6.8430894488188976
0
LINE
8
BLACK
6
CONTINUOUS
10
5.9459670078740157
20
-6.8430894488188976
11
5.9459672047244094
21
-6.8430897244094488
0
LINE
8
BLACK
6
CONTINUOUS
10
5.9459672047244094
20
-6.8430897244094488
11
5.9529928740157478
21
-6.8506616141732284
0
LINE
8
BLACK
6
CONTINUOUS
10
5.9529928740157478
20
-6.8506616141732284
11
5.961068622047244
21
-6.8571018110236217
0
LINE
8
BLACK
6
CONTINUOUS
10
5.961068622047244
20
-6.8571018110236217
11
5.9610687401574802
21
-6.8571018897637792
0
LINE
8
BLACK
6
CONTINUOUS
10
5.9610687401574802
20
-6.8571018897637792
11
5.9700138582677162
21
-6.8622663779527562
0
LINE
8
BLACK
6
CONTINUOUS
10
5.9700138582677162
20
-6.8622663779527562
11
5.9700140157480313
21
-6.8622664173228349
0
LINE
8
BLACK
6
CONTINUOUS
10
5.9700140157480313
20
-6.8622664173228349
11
5.97001405511811
21
-6.8622664566929128
0
LINE
8
BLACK
6
CONTINUOUS
10
5.97001405511811
20
-6.8622664566929128
11
5.9796292913385827
21
-6.8660401574803149
0
LINE
8
BLACK
6
CONTINUOUS
10
5.9796292913385827
20
-6.8660401574803149
11
5.9896996062992125
21
-6.8683386614173223
0
LINE
8
BLACK
6
CONTINUOUS
10
5.9896996062992125
20
-6.8683386614173223
11
5.9974214960629917
21
-6.8689173228346458
0
LINE
8
BLACK
6
CONTINUOUS
10
5.9974214960629917
20
-6.8689173228346458
11
5.9974215354330704
21
-6.8689173228346458
0
LINE
8
BLACK
6
CONTINUOUS
10
5.9974215354330704
20
-6.8689173228346458
11
6.0025784645669287
21
-6.8689173228346458
0
LINE
8
BLACK
6
CONTINUOUS
10
6.0025784645669287
20
-6.8689173228346458
11
6.0025785039370074
21
-6.8689173228346458
0
LINE
8
BLACK
6
CONTINUOUS
10
6.0025785039370074
20
-6.8689173228346458
11
6.0103003937007875
21
-6.8683386614173223
0
LINE
8
BLACK
6
CONTINUOUS
10
6.0103003937007875
20
-6.8683386614173223
11
6.0203707086614173
21
-6.8660401574803149
0
LINE
8
BLACK
6
CONTINUOUS
10
6.0203707086614173
20
-6.8660401574803149
11
6.02998594488189
21
-6.8622664566929128
0
LINE
8
BLACK
6
CONTINUOUS
10
6.02998594488189
20
-6.8622664566929128
11
6.0299860236220475
21
-6.8622663779527562
0
LINE
8
BLACK
6
CONTINUOUS
10
6.0299860236220475
20
-6.8622663779527562
11
6.029986102362205
21
-6.8622663779527562
0
LINE
8
BLACK
6
CONTINUOUS
10
6.029986102362205
20
-6.8622663779527562
11
6.0344586614173226
21
-6.8596841338582673
0
LINE
8
BLACK
6
CONTINUOUS
10
6.0344586614173226
20
-6.8596841338582673
11
6.038931377952756
21
-6.8571018110236217
0
LINE
8
BLACK
6
CONTINUOUS
10
6.038931377952756
20
-6.8571018110236217
11
6.0470071259842522
21
-6.8506616141732284
0
LINE
8
BLACK
6
CONTINUOUS
10
6.0470071259842522
20
-6.8506616141732284
11
6.0540327952755906
21
-6.8430897244094488
0
LINE
8
BLACK
6
CONTINUOUS
10
6.0540327952755906
20
-6.8430897244094488
11
6.0598514960629917
21
-6.8345552755905512
0
LINE
8
BLACK
6
CONTINUOUS
10
6.0598514960629917
20
-6.8345552755905512
11
6.0643331889763781
21
-6.8252489370078742
0
LINE
8
BLACK
6
CONTINUOUS
10
6.0643331889763781
20
-6.8252489370078742
11
6.0654083464566924
21
-6.8217633464566925
0
LINE
8
BLACK
6
CONTINUOUS
10
6.0654083464566924
20
-6.8217633464566925
11
6.067377755905512
21
-6.8153787007874014
0
LINE
8
BLACK
6
CONTINUOUS
10
6.067377755905512
20
-6.8153787007874014
11
6.0679332677165352
21
-6.8116931889763777
0
LINE
8
BLACK
6
CONTINUOUS
10
6.0679332677165352
20
-6.8116931889763777
11
6.0689173228346451
21
-6.8051646456692909
0
LINE
8
BLACK
6
CONTINUOUS
10
6.0689173228346451
20
-6.8051646456692909
11
6.0689173228346451
21
-6.7948353543307087
0
LINE
8
BLACK
6
CONTINUOUS
10
6.0689173228346451
20
-6.7948353543307087
11
6.0673777952755907
21
-6.7846214566929133
0
LINE
8
BLACK
6
CONTINUOUS
10
6.0673777952755907
20
-6.7846214566929133
11
6.067377755905512
21
-6.7846213779527558
0
LINE
8
BLACK
6
CONTINUOUS
10
6.067377755905512
20
-6.7846213779527558
11
6.067377755905512
21
-6.7846212598425195
0
LINE
8
BLACK
6
CONTINUOUS
10
6.067377755905512
20
-6.7846212598425195
11
6.0643333070866143
21
-6.7747513779527555
0
LINE
8
BLACK
6
CONTINUOUS
10
6.0643333070866143
20
-6.7747513779527555
11
6.0643331102362206
21
-6.7747508661417317
0
LINE
8
BLACK
6
CONTINUOUS
10
6.0643331102362206
20
-6.7747508661417317
11
6.0624351968503936
21
-6.770809842519685
0
LINE
8
BLACK
6
CONTINUOUS
10
6.0624351968503936
20
-6.770809842519685
11
6.0598514960629917
21
-6.7654447244094484
0
LINE
8
BLACK
6
CONTINUOUS
10
6.0598514960629917
20
-6.7654447244094484
11
6.0598514173228342
21
-6.7654446062992122
0
LINE
8
BLACK
6
CONTINUOUS
10
6.0598514173228342
20
-6.7654446062992122
11
6.0598512598425192
21
-6.7654443307086609
0
LINE
8
BLACK
6
CONTINUOUS
10
6.0598512598425192
20
-6.7654443307086609
11
6.0540329527559056
21
-6.7569105118110233
0
LINE
8
BLACK
6
CONTINUOUS
10
6.0540329527559056
20
-6.7569105118110233
11
6.0540327952755906
21
-6.7569102755905508
0
LINE
8
BLACK
6
CONTINUOUS
10
6.0540327952755906
20
-6.7569102755905508
11
6.0470071259842522
21
-6.7493383858267713
0
LINE
8
BLACK
6
CONTINUOUS
10
6.0470071259842522
20
-6.7493383858267713
11
6.038931377952756
21
-6.7428981889763779
0
LINE
8
BLACK
6
CONTINUOUS
10
6.038931377952756
20
-6.7428981889763779
11
6.0389311811023623
21
-6.7428980708661417
0
LINE
8
BLACK
6
CONTINUOUS
10
6.0389311811023623
20
-6.7428980708661417
11
6.038931220472441
21
-6.7428980708661417
0
LINE
8
BLACK
6
CONTINUOUS
10
6.038931220472441
20
-6.7428980708661417
11
6.029986102362205
21
-6.7377335826771656
0
LINE
8
BLACK
6
CONTINUOUS
10
6.029986102362205
20
-6.7377335826771656
11
6.029985787401575
21
-6.7377334645669293
0
LINE
8
BLACK
6
CONTINUOUS
10
6.029985787401575
20
-6.7377334645669293
11
6.0203708267716536
21
-6.7339598818897635
0
LINE
8
BLACK
6
CONTINUOUS
10
6.0203708267716536
20
-6.7339598818897635
11
6.0203707480314961
21
-6.7339598425196847
0
LINE
8
BLACK
6
CONTINUOUS
10
6.0203707480314961
20
-6.7339598425196847
11
6.0103005118110238
21
-6.7316613385826773
0
LINE
8
BLACK
6
CONTINUOUS
10
6.0103005118110238
20
-6.7316613385826773
11
6.0045089763779522
21
-6.7312273228346458
0
LINE
8
BLACK
6
CONTINUOUS
10
6.0045089763779522
20
-6.7312273228346458
11
6.0025785039370074
21
-6.7310826771653538
0
LINE
8
BLACK
6
CONTINUOUS
10
6.0025785039370074
20
-6.7310826771653538
11
5.9974214960629917
21
-6.7310826771653538
0
LINE
8
BLACK
6
CONTINUOUS
10
5.9974214960629917
20
-6.7310826771653538
11
5.9958770866141728
21
-6.7311983858267714
0
LINE
8
BLACK
6
CONTINUOUS
10
5.9958770866141728
20
-6.7311983858267714
11
5.9896994488188975
21
-6.7316613385826773
0
LINE
8
BLACK
6
CONTINUOUS
10
5.9896994488188975
20
-6.7316613385826773
11
5.9796292125984252
21
-6.7339598425196847
0
LINE
8
BLACK
6
CONTINUOUS
10
5.9796292125984252
20
-6.7339598425196847
11
5.9796291338582677
21
-6.7339598818897635
0
LINE
8
BLACK
6
CONTINUOUS
10
5.9796291338582677
20
-6.7339598818897635
11
5.9700141732283463
21
-6.7377334645669293
0
LINE
8
BLACK
6
CONTINUOUS
10
5.9700141732283463
20
-6.7377334645669293
11
5.9700138582677162
21
-6.7377335826771656
0
LINE
8
BLACK
6
CONTINUOUS
10
5.9700138582677162
20
-6.7377335826771656
11
5.9610687401574802
21
-6.7428980708661417
0
LINE
8
BLACK
6
CONTINUOUS
10
5.9610687401574802
20
-6.7428980708661417
11
5.9529928346456691
21
-6.7493383858267713
0
LINE
8
BLACK
6
CONTINUOUS
10
5.9529928346456691
20
-6.7493383858267713
11
5.9459671653543307
21
-6.7569103149606295
0
LINE
8
BLACK
6
CONTINUOUS
10
5.9459671653543307
20
-6.7569103149606295
11
5.9459670078740157
21
-6.7569105118110233
0
LINE
8
BLACK
6
CONTINUOUS
10
5.9459670078740157
20
-6.7569105118110233
11
5.9401487007874012
21
-6.7654443307086609
0
LINE
8
BLACK
6
CONTINUOUS
10
5.9401487007874012
20
-6.7654443307086609
11
5.9401485433070862
21
-6.7654446062992122
0
LINE
8
BLACK
6
CONTINUOUS
10
5.9401485433070862
20
-6.7654446062992122
11
5.9356668503937007
21
-6.7747508661417317
0
LINE
8
BLACK
6
CONTINUOUS
10
5.9356668503937007
20
-6.7747508661417317
11
5.9356666535433069
21
-6.7747513779527555
0
LINE
8
BLACK
6
CONTINUOUS
10
5.9356666535433069
20
-6.7747513779527555
11
5.9326222047244093
21
-6.7846212598425195
0
LINE
8
BLACK
6
CONTINUOUS
10
5.9326222047244093
20
-6.7846212598425195
11
5.9317668897637796
21
-6.7902958267716533
0
LINE
8
BLACK
6
CONTINUOUS
10
5.9317668897637796
20
-6.7902958267716533
11
5.931082677165354
21
-6.7948353543307087
0
LINE
8
BLACK
6
CONTINUOUS
10
5.931082677165354
20
-6.7948353543307087
11
5.931082677165354
21
-6.8051646456692909
0
LINE
8
BLACK
6
CONTINUOUS
10
5.931082677165354
20
-6.8051646456692909
11
5.9319379527559057
21
-6.810839015748031
0
LINE
8
BLACK
6
CONTINUOUS
10
4.3319379527559052
20
-5.2108390157480313
11
4.3326222047244096
21
-5.2153787007874017
0
LINE
8
BLACK
6
CONTINUOUS
10
4.3326222047244096
20
-5.2153787007874017
11
4.3356666535433073
21
-5.2252485826771649
0
LINE
8
BLACK
6
CONTINUOUS
10
4.3356666535433073
20
-5.2252485826771649
11
4.335666850393701
21
-5.2252490944881886
0
LINE
8
BLACK
6
CONTINUOUS
10
4.335666850393701
20
-5.2252490944881886
11
4.3401485433070865
21
-5.2345553543307082
0
LINE
8
BLACK
6
CONTINUOUS
10
4.3401485433070865
20
-5.2345553543307082
11
4.3401487007874016
21
-5.2345556299212594
0
LINE
8
BLACK
6
CONTINUOUS
10
4.3401487007874016
20
-5.2345556299212594
11
4.345967007874016
21
-5.2430894488188979
0
LINE
8
BLACK
6
CONTINUOUS
10
4.345967007874016
20
-5.2430894488188979
11
4.3459672047244098
21
-5.2430897244094483
0
LINE
8
BLACK
6
CONTINUOUS
10
4.3459672047244098
20
-5.2430897244094483
11
4.3529928740157482
21
-5.2506616141732279
0
LINE
8
BLACK
6
CONTINUOUS
10
4.3529928740157482
20
-5.2506616141732279
11
4.3610686220472443
21
-5.2571018110236221
0
LINE
8
BLACK
6
CONTINUOUS
10
4.3610686220472443
20
-5.2571018110236221
11
4.3610687401574806
21
-5.2571018897637796
0
LINE
8
BLACK
6
CONTINUOUS
10
4.3610687401574806
20
-5.2571018897637796
11
4.3700138582677166
21
-5.2622663779527556
0
LINE
8
BLACK
6
CONTINUOUS
10
4.3700138582677166
20
-5.2622663779527556
11
4.3700140157480316
21
-5.2622664173228344
0
LINE
8
BLACK
6
CONTINUOUS
10
4.3700140157480316
20
-5.2622664173228344
11
4.3700140551181104
21
-5.2622664566929132
0
LINE
8
BLACK
6
CONTINUOUS
10
4.3700140551181104
20
-5.2622664566929132
11
4.3796292913385821
21
-5.2660401574803144
0
LINE
8
BLACK
6
CONTINUOUS
10
4.3796292913385821
20
-5.2660401574803144
11
4.3896996062992129
21
-5.2683386614173227
0
LINE
8
BLACK
6
CONTINUOUS
10
4.3896996062992129
20
-5.2683386614173227
11
4.397421496062992
21
-5.2689173228346453
0
LINE
8
BLACK
6
CONTINUOUS
10
4.397421496062992
20
-5.2689173228346453
11
4.3974215354330708
21
-5.2689173228346453
0
LINE
8
BLACK
6
CONTINUOUS
10
4.3974215354330708
20
-5.2689173228346453
11
4.402578464566929
21
-5.2689173228346453
0
LINE
8
BLACK
6
CONTINUOUS
10
4.402578464566929
20
-5.2689173228346453
11
4.4025785039370078
21
-5.2689173228346453
0
LINE
8
BLACK
6
CONTINUOUS
10
4.4025785039370078
20
-5.2689173228346453
11
4.410300393700787
21
-5.2683386614173227
0
LINE
8
BLACK
6
CONTINUOUS
10
4.410300393700787
20
-5.2683386614173227
11
4.4203707086614168
21
-5.2660401574803144
0
LINE
8
BLACK
6
CONTINUOUS
10
4.4203707086614168
20
-5.2660401574803144
11
4.4299859448818895
21
-5.2622664566929132
0
LINE
8
BLACK
6
CONTINUOUS
10
4.4299859448818895
20
-5.2622664566929132
11
4.429986023622047
21
-5.2622663779527556
0
LINE
8
BLACK
6
CONTINUOUS
10
4.429986023622047
20
-5.2622663779527556
11
4.4299861023622045
21
-5.2622663779527556
0
LINE
8
BLACK
6
CONTINUOUS
10
4.4299861023622045
20
-5.2622663779527556
11
4.4344586614173229
21
-5.2596841338582676
0
LINE
8
BLACK
6
CONTINUOUS
10
4.4344586614173229
20
-5.2596841338582676
11
4.4389313779527555
21
-5.2571018110236221
0
LINE
8
BLACK
6
CONTINUOUS
10
4.4389313779527555
20
-5.2571018110236221
11
4.4470071259842516
21
-5.2506616141732279
0
LINE
8
BLACK
6
CONTINUOUS
10
4.4470071259842516
20
-5.2506616141732279
11
4.45403279527559
21
-5.2430897244094483
0
LINE
8
BLACK
6
CONTINUOUS
10
4.45403279527559
20
-5.2430897244094483
11
4.459851496062992
21
-5.2345552755905507
0
LINE
8
BLACK
6
CONTINUOUS
10
4.459851496062992
20
-5.2345552755905507
11
4.4643331889763775
21
-5.2252489370078736
0
LINE
8
BLACK
6
CONTINUOUS
10
4.4643331889763775
20
-5.2252489370078736
11
4.4673777952755902
21
-5.2153785433070867
0
LINE
8
BLACK
6
CONTINUOUS
10
4.4673777952755902
20
-5.2153785433070867
11
4.4689173228346455
21
-5.2051646456692913
0
LINE
8
BLACK
6
CONTINUOUS
10
4.4689173228346455
20
-5.2051646456692913
11
4.4689173228346455
21
-5.1948353543307082
0
LINE
8
BLACK
6
CONTINUOUS
10
4.4689173228346455
20
-5.1948353543307082
11
4.4673777952755902
21
-5.1846214566929136
0
LINE
8
BLACK
6
CONTINUOUS
10
4.4673777952755902
20
-5.1846214566929136
11
4.4673777559055114
21
-5.1846213779527561
0
LINE
8
BLACK
6
CONTINUOUS
10
4.4673777559055114
20
-5.1846213779527561
11
4.4673777559055114
21
-5.1846212598425199
0
LINE
8
BLACK
6
CONTINUOUS
10
4.4673777559055114
20
-5.1846212598425199
11
4.4643333070866138
21
-5.1747513779527559
0
LINE
8
BLACK
6
CONTINUOUS
10
4.4643333070866138
20
-5.1747513779527559
11
4.46433311023622
21
-5.1747508661417321
0
LINE
8
BLACK
6
CONTINUOUS
10
4.46433311023622
20
-5.1747508661417321
11
4.4624351968503939
21
-5.1708098425196853
0
LINE
8
BLACK
6
CONTINUOUS
10
4.4624351968503939
20
-5.1708098425196853
11
4.459851496062992
21
-5.1654447244094488
0
LINE
8
BLACK
6
CONTINUOUS
10
4.459851496062992
20
-5.1654447244094488
11
4.4598514173228345
21
-5.1654446062992125
0
LINE
8
BLACK
6
CONTINUOUS
10
4.4598514173228345
20
-5.1654446062992125
11
4.4598512598425195
21
-5.1654443307086613
0
LINE
8
BLACK
6
CONTINUOUS
10
4.4598512598425195
20
-5.1654443307086613
11
4.4540329527559051
21
-5.1569105118110237
0
LINE
8
BLACK
6
CONTINUOUS
10
4.4540329527559051
20
-5.1569105118110237
11
4.45403279527559
21
-5.1569102755905512
0
LINE
8
BLACK
6
CONTINUOUS
10
4.45403279527559
20
-5.1569102755905512
11
4.4470071259842516
21
-5.1493383858267716
0
LINE
8
BLACK
6
CONTINUOUS
10
4.4470071259842516
20
-5.1493383858267716
11
4.4389313779527555
21
-5.1428981889763774
0
LINE
8
BLACK
6
CONTINUOUS
10
4.4389313779527555
20
-5.1428981889763774
11
4.4389311811023617
21
-5.142898070866142
0
LINE
8
BLACK
6
CONTINUOUS
10
4.4389311811023617
20
-5.142898070866142
11
4.4389312204724405
21
-5.142898070866142
0
LINE
8
BLACK
6
CONTINUOUS
10
4.4389312204724405
20
-5.142898070866142
11
4.4299861023622045
21
-5.1377335826771651
0
LINE
8
BLACK
6
CONTINUOUS
10
4.4299861023622045
20
-5.1377335826771651
11
4.4299857874015744
21
-5.1377334645669288
0
LINE
8
BLACK
6
CONTINUOUS
10
4.4299857874015744
20
-5.1377334645669288
11
4.4203708267716531
21
-5.1339598818897638
0
LINE
8
BLACK
6
CONTINUOUS
10
4.4203708267716531
20
-5.1339598818897638
11
4.4203707480314955
21
-5.1339598425196851
0
LINE
8
BLACK
6
CONTINUOUS
10
4.4203707480314955
20
-5.1339598425196851
11
4.4103005118110232
21
-5.1316613385826768
0
LINE
8
BLACK
6
CONTINUOUS
10
4.4103005118110232
20
-5.1316613385826768
11
4.4045089763779526
21
-5.1312273228346452
0
LINE
8
BLACK
6
CONTINUOUS
10
4.4045089763779526
20
-5.1312273228346452
11
4.4025785039370078
21
-5.1310826771653542
0
LINE
8
BLACK
6
CONTINUOUS
10
4.4025785039370078
20
-5.1310826771653542
11
4.397421496062992
21
-5.1310826771653542
0
LINE
8
BLACK
6
CONTINUOUS
10
4.397421496062992
20
-5.1310826771653542
11
4.3958770866141732
21
-5.1311983858267718
0
LINE
8
BLACK
6
CONTINUOUS
10
4.3958770866141732
20
-5.1311983858267718
11
4.3896994488188978
21
-5.1316613385826768
0
LINE
8
BLACK
6
CONTINUOUS
10
4.3896994488188978
20
-5.1316613385826768
11
4.3796292125984255
21
-5.1339598425196851
0
LINE
8
BLACK
6
CONTINUOUS
10
4.3796292125984255
20
-5.1339598425196851
11
4.379629133858268
21
-5.1339598818897638
0
LINE
8
BLACK
6
CONTINUOUS
10
4.379629133858268
20
-5.1339598818897638
11
4.3700141732283466
21
-5.1377334645669288
0
LINE
8
BLACK
6
CONTINUOUS
10
4.3700141732283466
20
-5.1377334645669288
11
4.3700138582677166
21
-5.1377335826771651
0
LINE
8
BLACK
6
CONTINUOUS
10
4.3700138582677166
20
-5.1377335826771651
11
4.3610687401574806
21
-5.142898070866142
0
LINE
8
BLACK
6
CONTINUOUS
10
4.3610687401574806
20
-5.142898070866142
11
4.3529928346456694
21
-5.1493383858267716
0
LINE
8
BLACK
6
CONTINUOUS
10
4.3529928346456694
20
-5.1493383858267716
11
4.345967165354331
21
-5.1569103149606299
0
LINE
8
BLACK
6
CONTINUOUS
10
4.345967165354331
20
-5.1569103149606299
11
4.345967007874016
21
-5.1569105118110237
0
LINE
8
BLACK
6
CONTINUOUS
10
4.345967007874016
20
-5.1569105118110237
11
4.3401487007874016
21
-5.1654443307086613
0
LINE
8
BLACK
6
CONTINUOUS
10
4.3401487007874016
20
-5.1654443307086613
11
4.3401485433070865
21
-5.1654446062992125
0
LINE
8
BLACK
6
CONTINUOUS
10
4.3401485433070865
20
-5.1654446062992125
11
4.335666850393701
21
-5.1747508661417321
0
LINE
8
BLACK
6
CONTINUOUS
10
4.335666850393701
20
-5.1747508661417321
11
4.3356666535433073
21
-5.1747513779527559
0
LINE
8
BLACK
6
CONTINUOUS
10
4.3356666535433073
20
-5.1747513779527559
11
4.3326222047244096
21
-5.1846212598425199
0
LINE
8
BLACK
6
CONTINUOUS
10
4.3326222047244096
20
-5.1846212598425199
11
4.3317668897637791
21
-5.1902958267716537
0
LINE
8
BLACK
6
CONTINUOUS
10
4.3317668897637791
20
-5.1902958267716537
11
4.3310826771653543
21
-5.1948353543307082
0
LINE
8
BLACK
6
CONTINUOUS
10
4.3310826771653543
20
-5.1948353543307082
11
4.3310826771653543
21
-5.2051646456692913
0
LINE
8
BLACK
6
CONTINUOUS
10
4.3310826771653543
20
-5.2051646456692913
11
4.3319379527559052
21
-5.2108390157480313
0
LINE
8
BLACK
6
CONTINUOUS
10
5.9319379527559057
20
-5.2108390157480313
11
5.9326222047244093
21
-5.2153787007874017
0
LINE
8
BLACK
6
CONTINUOUS
10
5.9326222047244093
20
-5.2153787007874017
11
5.9356666535433069
21
-5.2252485826771649
0
LINE
8
BLACK
6
CONTINUOUS
10
5.9356666535433069
20
-5.2252485826771649
11
5.9356668503937007
21
-5.2252490944881886
0
LINE
8
BLACK
6
CONTINUOUS
10
5.9356668503937007
20
-5.2252490944881886
11
5.9401485433070862
21
-5.2345553543307082
0
LINE
8
BLACK
6
CONTINUOUS
10
5.9401485433070862
20
-5.2345553543307082
11
5.9401487007874012
21
-5.2345556299212594
0
LINE
8
BLACK
6
CONTINUOUS
10
5.9401487007874012
20
-5.2345556299212594
11
5.9459670078740157
21
-5.2430894488188979
0
LINE
8
BLACK
6
CONTINUOUS
10
5.9459670078740157
20
-5.2430894488188979
11
5.9459672047244094
21
-5.2430897244094483
0
LINE
8
BLACK
6
CONTINUOUS
10
5.9459672047244094
20
-5.2430897244094483
11
5.9529928740157478
21
-5.2506616141732279
0
LINE
8
BLACK
6
CONTINUOUS
10
5.9529928740157478
20
-5.2506616141732279
11
5.961068622047244
21
-5.2571018110236221
0
LINE
8
BLACK
6
CONTINUOUS
10
5.961068622047244
20
-5.2571018110236221
11
5.9610687401574802
21
-5.2571018897637796
0
LINE
8
BLACK
6
CONTINUOUS
10
5.9610687401574802
20
-5.2571018897637796
11
5.9700138582677162
21
-5.2622663779527556
0
LINE
8
BLACK
6
CONTINUOUS
10
5.9700138582677162
20
-5.2622663779527556
11
5.9700140157480313
21
-5.2622664173228344
0
LINE
8
BLACK
6
CONTINUOUS
10
5.9700140157480313
20
-5.2622664173228344
11
5.97001405511811
21
-5.2622664566929132
0
LINE
8
BLACK
6
CONTINUOUS
10
5.97001405511811
20
-5.2622664566929132
11
5.9796292913385827
21
-5.2660401574803144
0
LINE
8
BLACK
6
CONTINUOUS
10
5.9796292913385827
20
-5.2660401574803144
11
5.9896996062992125
21
-5.2683386614173227
0
LINE
8
BLACK
6
CONTINUOUS
10
5.9896996062992125
20
-5.2683386614173227
11
5.9974214960629917
21
-5.2689173228346453
0
LINE
8
BLACK
6
CONTINUOUS
10
5.9974214960629917
20
-5.2689173228346453
11
5.9974215354330704
21
-5.2689173228346453
0
LINE
8
BLACK
6
CONTINUOUS
10
5.9974215354330704
20
-5.2689173228346453
11
6.0025784645669287
21
-5.2689173228346453
0
LINE
8
BLACK
6
CONTINUOUS
10
6.0025784645669287
20
-5.2689173228346453
11
6.0025785039370074
21
-5.2689173228346453
0
LINE
8
BLACK
6
CONTINUOUS
10
6.0025785039370074
20
-5.2689173228346453
11
6.0103003937007875
21
-5.2683386614173227
0
LINE
8
BLACK
6
CONTINUOUS
10
6.0103003937007875
20
-5.2683386614173227
11
6.0203707086614173
21
-5.2660401574803144
0
LINE
8
BLACK
6
CONTINUOUS
10
6.0203707086614173
20
-5.2660401574803144
11
6.02998594488189
21
-5.2622664566929132
0
LINE
8
BLACK
6
CONTINUOUS
10
6.02998594488189
20
-5.2622664566929132
11
6.0299860236220475
21
-5.2622663779527556
0
LINE
8
BLACK
6
CONTINUOUS
10
6.0299860236220475
20
-5.2622663779527556
11
6.029986102362205
21
-5.2622663779527556
0
LINE
8
BLACK
6
CONTINUOUS
10
6.029986102362205
20
-5.2622663779527556
11
6.0344586614173226
21
-5.2596841338582676
0
LINE
8
BLACK
6
CONTINUOUS
10
6.0344586614173226
20
-5.2596841338582676
11
6.038931377952756
21
-5.2571018110236221
0
LINE
8
BLACK
6
CONTINUOUS
10
6.038931377952756
20
-5.2571018110236221
11
6.0470071259842522
21
-5.2506616141732279
0
LINE
8
BLACK
6
CONTINUOUS
10
6.0470071259842522
20
-5.2506616141732279
11
6.0540327952755906
21
-5.2430897244094483
0
LINE
8
BLACK
6
CONTINUOUS
10
6.0540327952755906
20
-5.2430897244094483
11
6.0598514960629917
21
-5.2345552755905507
0
LINE
8
BLACK
6
CONTINUOUS
10
6.0598514960629917
20
-5.2345552755905507
11
6.0643331889763781
21
-5.2252489370078736
0
LINE
8
BLACK
6
CONTINUOUS
10
6.0643331889763781
20
-5.2252489370078736
11
6.0673777952755907
21
-5.2153785433070867
0
LINE
8
BLACK
6
CONTINUOUS
10
6.0673777952755907
20
-5.2153785433070867
11
6.0689173228346451
21
-5.2051646456692913
0
LINE
8
BLACK
6
CONTINUOUS
10
6.0689173228346451
20
-5.2051646456692913
11
6.0689173228346451
21
-5.1948353543307082
0
LINE
8
BLACK
6
CONTINUOUS
10
6.0689173228346451
20
-5.1948353543307082
11
6.0673777952755907
21
-5.1846214566929136
0
LINE
8
BLACK
6
CONTINUOUS
10
6.0673777952755907
20
-5.1846214566929136
11
6.067377755905512
21
-5.1846213779527561
0
LINE
8
BLACK
6
CONTINUOUS
10
6.067377755905512
20
-5.1846213779527561
11
6.067377755905512
21
-5.1846212598425199
0
LINE
8
BLACK
6
CONTINUOUS
10
6.067377755905512
20
-5.1846212598425199
11
6.0643333070866143
21
-5.1747513779527559
0
LINE
8
BLACK
6
CONTINUOUS
10
6.0643333070866143
20
-5.1747513779527559
11
6.0643331102362206
21
-5.1747508661417321
0
LINE
8
BLACK
6
CONTINUOUS
10
6.0643331102362206
20
-5.1747508661417321
11
6.0624351968503936
21
-5.1708098425196853
0
LINE
8
BLACK
6
CONTINUOUS
10
6.0624351968503936
20
-5.1708098425196853
11
6.0598514960629917
21
-5.1654447244094488
0
LINE
8
BLACK
6
CONTINUOUS
10
6.0598514960629917
20
-5.1654447244094488
11
6.0598514173228342
21
-5.1654446062992125
0
LINE
8
BLACK
6
CONTINUOUS
10
6.0598514173228342
20
-5.1654446062992125
11
6.0598512598425192
21
-5.1654443307086613
0
LINE
8
BLACK
6
CONTINUOUS
10
6.0598512598425192
20
-5.1654443307086613
11
6.0540329527559056
21
-5.1569105118110237
0
LINE
8
BLACK
6
CONTINUOUS
10
6.0540329527559056
20
-5.1569105118110237
11
6.0540327952755906
21
-5.1569102755905512
0
LINE
8
BLACK
6
CONTINUOUS
10
6.0540327952755906
20
-5.1569102755905512
11
6.0470071259842522
21
-5.1493383858267716
0
LINE
8
BLACK
6
CONTINUOUS
10
6.0470071259842522
20
-5.1493383858267716
11
6.038931377952756
21
-5.1428981889763774
0
LINE
8
BLACK
6
CONTINUOUS
10
6.038931377952756
20
-5.1428981889763774
11
6.0389311811023623
21
-5.142898070866142
0
LINE
8
BLACK
6
CONTINUOUS
10
6.0389311811023623
20
-5.142898070866142
11
6.038931220472441
21
-5.142898070866142
0
LINE
8
BLACK
6
CONTINUOUS
10
6.038931220472441
20
-5.142898070866142
11
6.029986102362205
21
-5.1377335826771651
0
LINE
8
BLACK
6
CONTINUOUS
10
6.029986102362205
20
-5.1377335826771651
11
6.029985787401575
21
-5.1377334645669288
0
LINE
8
BLACK
6
CONTINUOUS
10
6.029985787401575
20
-5.1377334645669288
11
6.0203708267716536
21
-5.1339598818897638
0
LINE
8
BLACK
6
CONTINUOUS
10
6.0203708267716536
20
-5.1339598818897638
11
6.0203707480314961
21
-5.1339598425196851
0
LINE
8
BLACK
6
CONTINUOUS
10
6.0203707480314961
20
-5.1339598425196851
11
6.0103005118110238
21
-5.1316613385826768
0
LINE
8
BLACK
6
CONTINUOUS
10
6.0103005118110238
20
-5.1316613385826768
11
6.0045089763779522
21
-5.1312273228346452
0
LINE
8
BLACK
6
CONTINUOUS
10
6.0045089763779522
20
-5.1312273228346452
11
6.0025785039370074
21
-5.1310826771653542
0
LINE
8
BLACK
6
CONTINUOUS
10
6.0025785039370074
20
-5.1310826771653542
11
5.9974214960629917
21
-5.1310826771653542
0
LINE
8
BLACK
6
CONTINUOUS
10
5.9974214960629917
20
-5.1310826771653542
11
5.9958770866141728
21
-5.1311983858267718
0
LINE
8
BLACK
6
CONTINUOUS
10
5.9958770866141728
20
-5.1311983858267718
11
5.9896994488188975
21
-5.1316613385826768
0
LINE
8
BLACK
6
CONTINUOUS
10
5.9896994488188975
20
-5.1316613385826768
11
5.9796292125984252
21
-5.1339598425196851
0
LINE
8
BLACK
6
CONTINUOUS
10
5.9796292125984252
20
-5.1339598425196851
11
5.9796291338582677
21
-5.1339598818897638
0
LINE
8
BLACK
6
CONTINUOUS
10
5.9796291338582677
20
-5.1339598818897638
11
5.9700141732283463
21
-5.1377334645669288
0
LINE
8
BLACK
6
CONTINUOUS
10
5.9700141732283463
20
-5.1377334645669288
11
5.9700138582677162
21
-5.1377335826771651
0
LINE
8
BLACK
6
CONTINUOUS
10
5.9700138582677162
20
-5.1377335826771651
11
5.9610687401574802
21
-5.142898070866142
0
LINE
8
BLACK
6
CONTINUOUS
10
5.9610687401574802
20
-5.142898070866142
11
5.9529928346456691
21
-5.1493383858267716
0
LINE
8
BLACK
6
CONTINUOUS
10
5.9529928346456691
20
-5.1493383858267716
11
5.9459671653543307
21
-5.1569103149606299
0
LINE
8
BLACK
6
CONTINUOUS
10
5.9459671653543307
20
-5.1569103149606299
11
5.9459670078740157
21
-5.1569105118110237
0
LINE
8
BLACK
6
CONTINUOUS
10
5.9459670078740157
20
-5.1569105118110237
11
5.9401487007874012
21
-5.1654443307086613
0
LINE
8
BLACK
6
CONTINUOUS
10
5.9401487007874012
20
-5.1654443307086613
11
5.9401485433070862
21
-5.1654446062992125
0
LINE
8
BLACK
6
CONTINUOUS
10
5.9401485433070862
20
-5.1654446062992125
11
5.9356668503937007
21
-5.1747508661417321
0
LINE
8
BLACK
6
CONTINUOUS
10
5.9356668503937007
20
-5.1747508661417321
11
5.9356666535433069
21
-5.1747513779527559
0
LINE
8
BLACK
6
CONTINUOUS
10
5.9356666535433069
20
-5.1747513779527559
11
5.9326222047244093
21
-5.1846212598425199
0
LINE
8
BLACK
6
CONTINUOUS
10
5.9326222047244093
20
-5.1846212598425199
11
5.9317668897637796
21
-5.1902958267716537
0
LINE
8
BLACK
6
CONTINUOUS
10
5.9317668897637796
20
-5.1902958267716537
11
5.931082677165354
21
-5.1948353543307082
0
LINE
8
BLACK
6
CONTINUOUS
10
5.931082677165354
20
-5.1948353543307082
11
5.931082677165354
21
-5.2051646456692913
0
LINE
8
BLACK
6
CONTINUOUS
10
5.931082677165354
20
-5.2051646456692913
11
5.9319379527559057
21
-5.2108390157480313
0
CIRCLE
8
BLACK
10
5.1319999999999997
20
-6.7720000000000002
40
0.0068897637795276
0
CIRCLE
8
BLACK
10
5.1319999999999997
20
-6.6719999999999997
40
0.0068897637795276
0
CIRCLE
8
BLACK
10
5.2320000000000002
20
-6.7720000000000002
40
0.0068897637795276
0
CIRCLE
8
BLACK
10
5.2320000000000002
20
-6.6719999999999997
40
0.0068897637795276
0
CIRCLE
8
BLACK
10
5.3319999999999999
20
-6.7720000000000002
40
0.0068897637795276
0
CIRCLE
8
BLACK
10
5.3319999999999999
20
-6.6719999999999997
40
0.0068897637795276
0
CIRCLE
8
BLACK
10
4.4199999999999999
20
-6.0348511811023622
40
0.0068897637795276
0
CIRCLE
8
BLACK
10
4.5199999999999996
20
-6.0348511811023622
40
0.0068897637795276
0
CIRCLE
8
BLACK
10
4.4199999999999999
20
-6.1348511811023618
40
0.0068897637795276
0
CIRCLE
8
BLACK
10
4.5199999999999996
20
-6.1348511811023618
40
0.0068897637795276
0
CIRCLE
8
BLACK
10
4.4199999999999999
20
-6.2348511811023624
40
0.0068897637795276
0
CIRCLE
8
BLACK
10
4.5199999999999996
20
-6.2348511811023624
40
0.0068897637795276
0
CIRCLE
8
BLACK
10
5.1623622047244098
20
-5.6187094488188976
40
0.0068897637795276
0
CIRCLE
8
BLACK
10
5.2623622047244094
20
-5.6187094488188976
40
0.0068897637795276
0
CIRCLE
8
BLACK
10
5.1623622047244098
20
-5.7187094488188972
40
0.0068897637795276
0
CIRCLE
8
BLACK
10
5.2623622047244094
20
-5.7187094488188972
40
0.0068897637795276
0
CIRCLE
8
BLACK
10
5.1623622047244098
20
-5.8187094488188977
40
0.0068897637795276
0
CIRCLE
8
BLACK
10
5.2623622047244094
20
-5.8187094488188977
40
0.0068897637795276
0
CIRCLE
8
BLACK
10
4.4139370078740159
20
-5.6205992125984254
40
0.0068897637795276
0
CIRCLE
8
BLACK
10
4.5139370078740155
20
-5.6205992125984254
40
0.0068897637795276
0
CIRCLE
8
BLACK
10
4.4139370078740159
20
-5.7205992125984251
40
0.0068897637795276
0
CIRCLE
8
BLACK
10
4.5139370078740155
20
-5.7205992125984251
40
0.0068897637795276
0
CIRCLE
8
BLACK
10
4.4139370078740159
20
-5.8205992125984247
40
0.0068897637795276
0
CIRCLE
8
BLACK
10
4.5139370078740155
20
-5.8205992125984247
40
0.0068897637795276
0
CIRCLE
8
BLACK
10
5.4123622047244098
20
-5.6187094488188976
40
0.0068897637795276
0
CIRCLE
8
BLACK
10
5.5123622047244094
20
-5.6187094488188976
40
0.0068897637795276
0
CIRCLE
8
BLACK
10
5.4123622047244098
20
-5.7187094488188972
40
0.0068897637795276
0
CIRCLE
8
BLACK
10
5.5123622047244094
20
-5.7187094488188972
40
0.0068897637795276
0
CIRCLE
8
BLACK
10
5.4123622047244098
20
-5.8187094488188977
40
0.0068897637795276
0
CIRCLE
8
BLACK
10
5.5123622047244094
20
-5.8187094488188977
40
0.0068897637795276
0
CIRCLE
8
BLACK
10
4.6623622047244098
20
-5.6187094488188976
40
0.0068897637795276
0
CIRCLE
8
BLACK
10
4.7623622047244094
20
-5.6187094488188976
40
0.0068897637795276
0
CIRCLE
8
BLACK
10
4.6623622047244098
20
-5.7187094488188972
40
0.0068897637795276
0
CIRCLE
8
BLACK
10
4.7623622047244094
20
-5.7187094488188972
40
0.0068897637795276
0
CIRCLE
8
BLACK
10
4.6623622047244098
20
-5.8187094488188977
40
0.0068897637795276
0
CIRCLE
8
BLACK
10
4.7623622047244094
20
-5.8187094488188977
40
0.0068897637795276
0
CIRCLE
8
BLACK
10
5.6623622047244089
20
-5.6187094488188976
40
0.0068897637795276
0
CIRCLE
8
BLACK
10
5.7623622047244094
20
-5.6187094488188976
40
0.0068897637795276
0
CIRCLE
8
BLACK
10
5.6623622047244089
20
-5.7187094488188972
40
0.0068897637795276
0
CIRCLE
8
BLACK
10
5.7623622047244094
20
-5.7187094488188972
40
0.0068897637795276
0
CIRCLE
8
BLACK
10
5.6623622047244089
20
-5.8187094488188977
40
0.0068897637795276
0
CIRCLE
8
BLACK
10
5.7623622047244094
20
-5.8187094488188977
40
0.0068897637795276
0
CIRCLE
8
BLACK
10
4.9088188976377953
20
-5.6229614173228342
40
0.0068897637795276
0
CIRCLE
8
BLACK
10
5.008818897637795
20
-5.6229614173228342
40
0.0068897637795276
0
CIRCLE
8
BLACK
10
4.9088188976377953
20
-5.7229614173228347
40
0.0068897637795276
0
CIRCLE
8
BLACK
10
5.008818897637795
20
-5.7229614173228347
40
0.0068897637795276
0
CIRCLE
8
BLACK
10
4.9088188976377953
20
-5.8229614173228343
40
0.0068897637795276
0
CIRCLE
8
BLACK
10
5.008818897637795
20
-5.8229614173228343
40
0.0068897637795276
0
CIRCLE
8
BLACK
10
5.9109999999999996
20
-5.6209999999999996
40
0.0068897637795276
0
CIRCLE
8
BLACK
10
6.0110000000000001
20
-5.6209999999999996
40
0.0068897637795276
0
CIRCLE
8
BLACK
10
5.9109999999999996
20
-5.7210000000000001
40
0.0068897637795276
0
CIRCLE
8
BLACK
10
6.0110000000000001
20
-5.7210000000000001
40
0.0068897637795276
0
CIRCLE
8
BLACK
10
5.9109999999999996
20
-5.8209999999999997
40
0.0068897637795276
0
CIRCLE
8
BLACK
10
6.0110000000000001
20
-5.8209999999999997
40
0.0068897637795276
0
CIRCLE
8
BLACK
10
4.3999999999999995
20
-6.7999999999999998
40
0.0068897637795276
0
CIRCLE
8
BLACK
10
6.
20
-6.7999999999999998
40
0.0068897637795276
0
CIRCLE
8
BLACK
10
4.3999999999999995
20
-5.2000000000000002
40
0.0068897637795276
0
CIRCLE
8
BLACK
10
6.
20
-5.2000000000000002
40
0.0068897637795276
0
CIRCLE
8
BLACK
10
5.2599999999999998
20
-5.4299999999999997
40
0.0078740157480315
0
CIRCLE
8
BLACK
10
4.5199999999999996
20
-5.4299999999999997
40
0.0078740157480315
0
CIRCLE
8
BLACK
10
4.7599999999999998
20
-5.4299999999999997
40
0.0078740157480315
0
CIRCLE
8
BLACK
10
5.8031480708661416
20
-6.2954020472440941
40
0.0078740157480315
0
CIRCLE
8
BLACK
10
5.9573622047244097
20
-6.3337094488188974
40
0.0078740157480315
0
CIRCLE
8
BLACK
10
5.7619999999999996
20
-5.4306298425196848
40
0.0078740157480315
0
CIRCLE
8
BLACK
10
5.5099999999999998
20
-5.4299999999999997
40
0.0078740157480315
0
CIRCLE
8
BLACK
10
4.9500000000000002
20
-6.1399999999999997
40
0.0078740157480315
0
CIRCLE
8
BLACK
10
6.0099999999999998
20
-5.4400003149606295
40
0.0078740157480315
0
CIRCLE
8
BLACK
10
5.0089999999999995
20
-5.4306295275590548
40
0.0078740157480315
0
CIRCLE
8
BLACK
10
4.5199999999999996
20
-6.3399999999999999
40
0.0078740157480315
0
CIRCLE
8
BLACK
10
4.7989999999999995
20
-6.367
40
0.0078740157480315
0
CIRCLE
8
BLACK
10
5.8084251968503935
20
-5.9970559055118109
40
0.0078740157480315
0
CIRCLE
8
BLACK
10
6.0196851181102362
20
-6.2411503937007868
40
0.0078740157480315
0
CIRCLE
8
BLACK
10
5.4816535433070861
20
-6.0994181102362202
40
0.0078740157480315
0
CIRCLE
8
BLACK
10
5.1873622047244092
20
-6.1487094488188978
40
0.0078740157480315
0
CIRCLE
8
BLACK
10
5.4373347637795275
20
-6.2434458267716533
40
0.0078740157480315
0
CIRCLE
8
BLACK
10
5.3156295275590546
20
-5.5107463385826767
40
0.0078740157480315
0
CIRCLE
8
BLACK
10
5.8206295275590554
20
-5.5099999999999998
40
0.0078740157480315
0
CIRCLE
8
BLACK
10
5.5649999999999995
20
-5.5099999999999998
40
0.0078740157480315
0
CIRCLE
8
BLACK
10
4.8149999999999995
20
-5.5099999999999998
40
0.0078740157480315
0
CIRCLE
8
BLACK
10
5.0649999999999995
20
-5.5099999999999998
40
0.0078740157480315
0
CIRCLE
8
BLACK
10
5.6923622047244091
20
-6.2487094488188974
40
0.0078740157480315
0
CIRCLE
8
BLACK
10
4.5700000000000003
20
-5.5099999999999998
40
0.0078740157480315
0
CIRCLE
8
BLACK
10
4.8499998425196846
20
-6.3899999999999997
40
0.0078740157480315
0
CIRCLE
8
BLACK
10
5.3549999999999995
20
-5.4699999999999998
40
0.0078740157480315
0
CIRCLE
8
BLACK
10
5.1049999999999995
20
-5.4699999999999998
40
0.0078740157480315
0
CIRCLE
8
BLACK
10
4.3600000000000003
20
-5.4699996062992122
40
0.0078740157480315
0
CIRCLE
8
BLACK
10
5.6049999999999995
20
-5.4700003149606298
40
0.0078740157480315
0
CIRCLE
8
BLACK
10
4.8549999999999995
20
-5.4699997637795272
40
0.0078740157480315
0
CIRCLE
8
BLACK
10
4.6100000000000003
20
-5.4699999999999998
40
0.0078740157480315
0
CIRCLE
8
BLACK
10
5.8580898425196848
20
-5.476278897637795
40
0.0078740157480315
0
CIRCLE
8
BLACK
10
4.7000000000000002
20
-6.0199999999999996
40
0.0078740157480315
0
CIRCLE
8
BLACK
10
4.8499999999999996
20
-6.1417326771653542
40
0.0078740157480315
  0
ENDSEC
  0
EOF
